Planning_Steps,Algorithm,Seed,Episode,Reward,Steps,Errors,Success
1,SARSA + PS,42,0,-596,200,44,0
1,SARSA + PS,42,1,-731,200,59,0
1,SARSA + PS,42,2,-740,200,60,0
1,SARSA + PS,42,3,-686,200,54,0
1,SARSA + PS,42,4,-731,200,59,0
1,SARSA + PS,42,5,-668,200,52,0
1,SARSA + PS,42,6,-704,200,56,0
1,SARSA + PS,42,7,-515,200,35,0
1,SARSA + PS,42,8,-461,200,29,0
1,SARSA + PS,42,9,-605,200,45,0
1,SARSA + PS,42,10,-677,200,53,0
1,SARSA + PS,42,11,-371,200,19,0
1,SARSA + PS,42,12,-677,200,53,0
1,SARSA + PS,42,13,-740,200,60,0
1,SARSA + PS,42,14,-704,200,56,0
1,SARSA + PS,42,15,-623,200,47,0
1,SARSA + PS,42,16,-272,200,8,0
1,SARSA + PS,42,17,-281,200,9,0
1,SARSA + PS,42,18,-534,150,45,1
1,SARSA + PS,42,19,-533,200,37,0
1,SARSA + PS,42,20,-695,200,55,0
1,SARSA + PS,42,21,-290,200,10,0
1,SARSA + PS,42,22,-533,200,37,0
1,SARSA + PS,42,23,-760,196,65,1
1,SARSA + PS,42,24,-281,200,9,0
1,SARSA + PS,42,25,-281,200,9,0
1,SARSA + PS,42,26,-254,200,6,0
1,SARSA + PS,42,27,-245,200,5,0
1,SARSA + PS,42,28,-236,200,4,0
1,SARSA + PS,42,29,-380,200,20,0
1,SARSA + PS,42,30,-740,200,60,0
1,SARSA + PS,42,31,-227,200,3,0
1,SARSA + PS,42,32,-254,200,6,0
1,SARSA + PS,42,33,-254,200,6,0
1,SARSA + PS,42,34,-126,111,4,1
1,SARSA + PS,42,35,-299,200,11,0
1,SARSA + PS,42,36,-767,200,63,0
1,SARSA + PS,42,37,-416,200,24,0
1,SARSA + PS,42,38,-254,200,6,0
1,SARSA + PS,42,39,-695,200,55,0
1,SARSA + PS,42,40,-263,200,7,0
1,SARSA + PS,42,41,-731,200,59,0
1,SARSA + PS,42,42,-272,200,8,0
1,SARSA + PS,42,43,-12,33,0,1
1,SARSA + PS,42,44,-254,200,6,0
1,SARSA + PS,42,45,-254,200,6,0
1,SARSA + PS,42,46,-45,48,2,1
1,SARSA + PS,42,47,-105,99,3,1
1,SARSA + PS,42,48,-308,200,12,0
1,SARSA + PS,42,49,-254,200,6,0
1,SARSA + PS,42,50,-588,177,48,1
1,SARSA + PS,42,51,-236,200,4,0
1,SARSA + PS,42,52,-308,200,12,0
1,SARSA + PS,42,53,-209,200,1,0
1,SARSA + PS,42,54,-623,200,47,0
1,SARSA + PS,42,55,-272,200,8,0
1,SARSA + PS,42,56,-290,200,10,0
1,SARSA + PS,42,57,-254,200,6,0
1,SARSA + PS,42,58,-254,200,6,0
1,SARSA + PS,42,59,-236,200,4,0
1,SARSA + PS,42,60,-254,200,6,0
1,SARSA + PS,42,61,-452,200,28,0
1,SARSA + PS,42,62,-184,196,1,1
1,SARSA + PS,42,63,-254,200,6,0
1,SARSA + PS,42,64,-263,200,7,0
1,SARSA + PS,42,65,-308,200,12,0
1,SARSA + PS,42,66,-263,200,7,0
1,SARSA + PS,42,67,-326,200,14,0
1,SARSA + PS,42,68,-209,200,1,0
1,SARSA + PS,42,69,-90,84,3,1
1,SARSA + PS,42,70,-47,59,1,1
1,SARSA + PS,42,71,-272,200,8,0
1,SARSA + PS,42,72,-227,200,3,0
1,SARSA + PS,42,73,-225,192,6,1
1,SARSA + PS,42,74,-135,129,3,1
1,SARSA + PS,42,75,-238,196,7,1
1,SARSA + PS,42,76,-227,200,3,0
1,SARSA + PS,42,77,-101,86,4,1
1,SARSA + PS,42,78,-218,200,2,0
1,SARSA + PS,42,79,-227,200,3,0
1,SARSA + PS,42,80,-272,200,8,0
1,SARSA + PS,42,81,-254,200,6,0
1,SARSA + PS,42,82,-236,200,4,0
1,SARSA + PS,42,83,-174,159,4,1
1,SARSA + PS,42,84,15,6,0,1
1,SARSA + PS,42,85,-76,79,2,1
1,SARSA + PS,42,86,-506,200,34,0
1,SARSA + PS,42,87,-281,200,9,0
1,SARSA + PS,42,88,-15,36,0,1
1,SARSA + PS,42,89,-124,82,7,1
1,SARSA + PS,42,90,-245,200,5,0
1,SARSA + PS,42,91,-169,127,7,1
1,SARSA + PS,42,92,-299,200,11,0
1,SARSA + PS,42,93,-254,200,6,0
1,SARSA + PS,42,94,-236,200,4,0
1,SARSA + PS,42,95,-254,200,6,0
1,SARSA + PS,42,96,-189,147,7,1
1,SARSA + PS,42,97,-254,200,6,0
1,SARSA + PS,42,98,-118,112,3,1
1,SARSA + PS,42,99,-254,200,6,0
1,SARSA + PS,42,100,-40,43,2,1
1,SARSA + PS,42,101,-40,52,1,1
1,SARSA + PS,42,102,-272,200,8,0
1,SARSA + PS,42,103,-13,25,1,1
1,SARSA + PS,42,104,-97,82,4,1
1,SARSA + PS,42,105,-317,200,13,0
1,SARSA + PS,42,106,-122,89,6,1
1,SARSA + PS,42,107,-115,91,5,1
1,SARSA + PS,42,108,15,6,0,1
1,SARSA + PS,42,109,-31,43,1,1
1,SARSA + PS,42,110,-326,200,14,0
1,SARSA + PS,42,111,-254,200,6,0
1,SARSA + PS,42,112,-170,173,2,1
1,SARSA + PS,42,113,-34,46,1,1
1,SARSA + PS,42,114,-140,143,2,1
1,SARSA + PS,42,115,-158,143,4,1
1,SARSA + PS,42,116,-281,200,9,0
1,SARSA + PS,42,117,-133,136,2,1
1,SARSA + PS,42,118,-10,22,1,1
1,SARSA + PS,42,119,-6,27,0,1
1,SARSA + PS,42,120,-165,159,3,1
1,SARSA + PS,42,121,-23,35,1,1
1,SARSA + PS,42,122,-209,200,1,0
1,SARSA + PS,42,123,8,13,0,1
1,SARSA + PS,42,124,-73,76,2,1
1,SARSA + PS,42,125,-112,88,5,1
1,SARSA + PS,42,126,-122,125,2,1
1,SARSA + PS,42,127,-6,27,0,1
1,SARSA + PS,42,128,-109,121,1,1
1,SARSA + PS,42,129,-159,162,2,1
1,SARSA + PS,42,130,-17,20,2,1
1,SARSA + PS,42,131,-206,155,8,1
1,SARSA + PS,42,132,-299,200,11,0
1,SARSA + PS,42,133,-67,70,2,1
1,SARSA + PS,42,134,-281,200,9,0
1,SARSA + PS,42,135,-195,153,7,1
1,SARSA + PS,42,136,-159,135,5,1
1,SARSA + PS,42,137,-198,147,8,1
1,SARSA + PS,42,138,-170,146,5,1
1,SARSA + PS,42,139,-254,200,6,0
1,SARSA + PS,42,140,-185,152,6,1
1,SARSA + PS,42,141,-2,14,1,1
1,SARSA + PS,42,142,-64,76,1,1
1,SARSA + PS,42,143,-6,18,1,1
1,SARSA + PS,42,144,-254,200,6,0
1,SARSA + PS,42,145,-263,200,7,0
1,SARSA + PS,42,146,-5,26,0,1
1,SARSA + PS,42,147,-108,120,1,1
1,SARSA + PS,42,148,-31,34,2,1
1,SARSA + PS,42,149,-34,46,1,1
1,SARSA + PS,42,150,-159,126,6,1
1,SARSA + PS,42,151,-45,57,1,1
1,SARSA + PS,42,152,-272,200,8,0
1,SARSA + PS,42,153,-160,163,2,1
1,SARSA + PS,42,154,-192,177,4,1
1,SARSA + PS,42,155,-100,94,3,1
1,SARSA + PS,42,156,-12,24,1,1
1,SARSA + PS,42,157,-13,34,0,1
1,SARSA + PS,42,158,-159,144,4,1
1,SARSA + PS,42,159,-57,78,0,1
1,SARSA + PS,42,160,-105,90,4,1
1,SARSA + PS,42,161,-54,66,1,1
1,SARSA + PS,42,162,-117,93,5,1
1,SARSA + PS,42,163,-90,84,3,1
1,SARSA + PS,42,164,-122,89,6,1
1,SARSA + PS,42,165,5,16,0,1
1,SARSA + PS,42,166,14,7,0,1
1,SARSA + PS,42,167,-53,74,0,1
1,SARSA + PS,42,168,-272,200,8,0
1,SARSA + PS,42,169,-121,106,4,1
1,SARSA + PS,42,170,-24,36,1,1
1,SARSA + PS,42,171,-107,74,6,1
1,SARSA + PS,42,172,4,17,0,1
1,SARSA + PS,42,173,-110,113,2,1
1,SARSA + PS,42,174,-272,200,8,0
1,SARSA + PS,42,175,-112,88,5,1
1,SARSA + PS,42,176,-55,67,1,1
1,SARSA + PS,42,177,-272,200,8,0
1,SARSA + PS,42,178,-93,105,1,1
1,SARSA + PS,42,179,-27,48,0,1
1,SARSA + PS,42,180,13,8,0,1
1,SARSA + PS,42,181,-61,55,3,1
1,SARSA + PS,42,182,-109,76,6,1
1,SARSA + PS,42,183,-29,32,2,1
1,SARSA + PS,42,184,-245,200,5,0
1,SARSA + PS,42,185,-12,33,0,1
1,SARSA + PS,42,186,-13,25,1,1
1,SARSA + PS,42,187,-9,30,0,1
1,SARSA + PS,42,188,-254,200,6,0
1,SARSA + PS,42,189,-224,200,5,1
1,SARSA + PS,42,190,1,11,1,1
1,SARSA + PS,42,191,-3,24,0,1
1,SARSA + PS,42,192,-54,57,2,1
1,SARSA + PS,42,193,-67,79,1,1
1,SARSA + PS,42,194,12,9,0,1
1,SARSA + PS,42,195,-68,71,2,1
1,SARSA + PS,42,196,-254,200,6,0
1,SARSA + PS,42,197,-80,74,3,1
1,SARSA + PS,42,198,-81,84,2,1
1,SARSA + PS,42,199,6,15,0,1
1,SARSA + PS,42,200,-69,90,0,1
1,SARSA + PS,42,201,-34,37,2,1
1,SARSA + PS,42,202,-27,48,0,1
1,SARSA + PS,42,203,-5,26,0,1
1,SARSA + PS,42,204,-231,198,6,1
1,SARSA + PS,42,205,-60,72,1,1
1,SARSA + PS,42,206,-60,72,1,1
1,SARSA + PS,42,207,-263,200,7,0
1,SARSA + PS,42,208,14,7,0,1
1,SARSA + PS,42,209,-22,34,1,1
1,SARSA + PS,42,210,-42,54,1,1
1,SARSA + PS,42,211,-73,76,2,1
1,SARSA + PS,42,212,2,10,1,1
1,SARSA + PS,42,213,-6,18,1,1
1,SARSA + PS,42,214,-203,116,12,1
1,SARSA + PS,42,215,-11,32,0,1
1,SARSA + PS,42,216,-70,73,2,1
1,SARSA + PS,42,217,-19,31,1,1
1,SARSA + PS,42,218,-55,67,1,1
1,SARSA + PS,42,219,-66,69,2,1
1,SARSA + PS,42,220,-38,50,1,1
1,SARSA + PS,42,221,0,12,1,1
1,SARSA + PS,42,222,-7,10,2,1
1,SARSA + PS,42,223,5,16,0,1
1,SARSA + PS,42,224,14,7,0,1
1,SARSA + PS,42,225,-18,39,0,1
1,SARSA + PS,42,226,-56,59,2,1
1,SARSA + PS,42,227,-126,102,5,1
1,SARSA + PS,42,228,-85,79,3,1
1,SARSA + PS,42,229,-146,140,3,1
1,SARSA + PS,42,230,-130,124,3,1
1,SARSA + PS,42,231,-79,64,4,1
1,SARSA + PS,42,232,-70,82,1,1
1,SARSA + PS,42,233,-221,179,7,1
1,SARSA + PS,42,234,15,6,0,1
1,SARSA + PS,42,235,-61,73,1,1
1,SARSA + PS,42,236,4,17,0,1
1,SARSA + PS,42,237,-144,120,5,1
1,SARSA + PS,42,238,-3,24,0,1
1,SARSA + PS,42,239,-101,113,1,1
1,SARSA + PS,42,240,-33,18,4,1
1,SARSA + PS,42,241,-33,54,0,1
1,SARSA + PS,42,242,-229,196,6,1
1,SARSA + PS,42,243,10,11,0,1
1,SARSA + PS,42,244,-263,200,7,0
1,SARSA + PS,42,245,-61,55,3,1
1,SARSA + PS,42,246,-90,93,2,1
1,SARSA + PS,42,247,-18,30,1,1
1,SARSA + PS,42,248,-16,37,0,1
1,SARSA + PS,42,249,-290,200,10,0
1,SARSA + PS,42,250,-89,83,3,1
1,SARSA + PS,42,251,-32,44,1,1
1,SARSA + PS,42,252,-254,200,6,0
1,SARSA + PS,42,253,-9,21,1,1
1,SARSA + PS,42,254,-83,77,3,1
1,SARSA + PS,42,255,-80,74,3,1
1,SARSA + PS,42,256,-112,115,2,1
1,SARSA + PS,42,257,-34,46,1,1
1,SARSA + PS,42,258,-272,200,8,0
1,SARSA + PS,42,259,-12,24,1,1
1,SARSA + PS,42,260,-24,36,1,1
1,SARSA + PS,42,261,-99,93,3,1
1,SARSA + PS,42,262,-27,48,0,1
1,SARSA + PS,42,263,-34,37,2,1
1,SARSA + PS,42,264,-154,139,4,1
1,SARSA + PS,42,265,-48,42,3,1
1,SARSA + PS,42,266,-236,200,4,0
1,SARSA + PS,42,267,-128,113,4,1
1,SARSA + PS,42,268,-149,125,5,1
1,SARSA + PS,42,269,-32,44,1,1
1,SARSA + PS,42,270,-201,177,5,1
1,SARSA + PS,42,271,-73,76,2,1
1,SARSA + PS,42,272,-106,73,6,1
1,SARSA + PS,42,273,-123,108,4,1
1,SARSA + PS,42,274,11,10,0,1
1,SARSA + PS,42,275,-35,47,1,1
1,SARSA + PS,42,276,-2,23,0,1
1,SARSA + PS,42,277,-161,146,4,1
1,SARSA + PS,42,278,-202,187,4,1
1,SARSA + PS,42,279,-41,35,3,1
1,SARSA + PS,42,280,-299,200,11,0
1,SARSA + PS,42,281,-203,143,9,1
1,SARSA + PS,42,282,13,8,0,1
1,SARSA + PS,42,283,-69,81,1,1
1,SARSA + PS,42,284,-10,22,1,1
1,SARSA + PS,42,285,-88,64,5,1
1,SARSA + PS,42,286,-209,200,1,0
1,SARSA + PS,42,287,-85,79,3,1
1,SARSA + PS,42,288,-82,94,1,1
1,SARSA + PS,42,289,12,9,0,1
1,SARSA + PS,42,290,-28,31,2,1
1,SARSA + PS,42,291,-236,200,4,0
1,SARSA + PS,42,292,12,9,0,1
1,SARSA + PS,42,293,-272,200,8,0
1,SARSA + PS,42,294,-233,173,9,1
1,SARSA + PS,42,295,-58,61,2,1
1,SARSA + PS,42,296,9,12,0,1
1,SARSA + PS,42,297,-9,21,1,1
1,SARSA + PS,42,298,0,12,1,1
1,SARSA + PS,42,299,-104,98,3,1
1,SARSA + PS,42,300,-1,22,0,1
1,SARSA + PS,42,301,-182,194,1,1
1,SARSA + PS,42,302,-128,104,5,1
1,SARSA + PS,42,303,-44,47,2,1
1,SARSA + PS,42,304,-263,200,7,0
1,SARSA + PS,42,305,-227,200,3,0
1,SARSA + PS,42,306,-113,89,5,1
1,SARSA + PS,42,307,-247,187,9,1
1,SARSA + PS,42,308,-19,31,1,1
1,SARSA + PS,42,309,11,10,0,1
1,SARSA + PS,42,310,-13,34,0,1
1,SARSA + PS,42,311,-74,68,3,1
1,SARSA + PS,42,312,-104,107,2,1
1,SARSA + PS,42,313,-17,20,2,1
1,SARSA + PS,42,314,-3,24,0,1
1,SARSA + PS,42,315,-30,24,3,1
1,SARSA + PS,42,316,-114,99,4,1
1,SARSA + PS,42,317,12,9,0,1
1,SARSA + PS,42,318,-73,94,0,1
1,SARSA + PS,42,319,-204,180,5,1
1,SARSA + PS,42,320,-42,45,2,1
1,SARSA + PS,42,321,10,11,0,1
1,SARSA + PS,42,322,-134,128,3,1
1,SARSA + PS,42,323,-1,13,1,1
1,SARSA + PS,42,324,-5,26,0,1
1,SARSA + PS,42,325,-38,41,2,1
1,SARSA + PS,42,326,-3,24,0,1
1,SARSA + PS,42,327,10,11,0,1
1,SARSA + PS,42,328,-10,22,1,1
1,SARSA + PS,42,329,-3,15,1,1
1,SARSA + PS,42,330,0,21,0,1
1,SARSA + PS,42,331,-75,69,3,1
1,SARSA + PS,42,332,-281,200,9,0
1,SARSA + PS,42,333,-23,35,1,1
1,SARSA + PS,42,334,10,11,0,1
1,SARSA + PS,42,335,8,13,0,1
1,SARSA + PS,42,336,-15,27,1,1
1,SARSA + PS,42,337,-47,41,3,1
1,SARSA + PS,42,338,-11,23,1,1
1,SARSA + PS,42,339,-90,66,5,1
1,SARSA + PS,42,340,-57,42,4,1
1,SARSA + PS,42,341,-55,58,2,1
1,SARSA + PS,42,342,-5,26,0,1
1,SARSA + PS,42,343,-197,173,5,1
1,SARSA + PS,42,344,-35,47,1,1
1,SARSA + PS,42,345,-1,22,0,1
1,SARSA + PS,42,346,-44,47,2,1
1,SARSA + PS,42,347,11,10,0,1
1,SARSA + PS,42,348,-26,29,2,1
1,SARSA + PS,42,349,15,6,0,1
1,SARSA + PS,42,350,-20,41,0,1
1,SARSA + PS,42,351,-13,34,0,1
1,SARSA + PS,42,352,12,9,0,1
1,SARSA + PS,42,353,-24,36,1,1
1,SARSA + PS,42,354,8,13,0,1
1,SARSA + PS,42,355,-47,59,1,1
1,SARSA + PS,42,356,9,12,0,1
1,SARSA + PS,42,357,-157,115,7,1
1,SARSA + PS,42,358,7,14,0,1
1,SARSA + PS,42,359,-52,64,1,1
1,SARSA + PS,42,360,-281,200,9,0
1,SARSA + PS,42,361,4,8,1,1
1,SARSA + PS,42,362,10,11,0,1
1,SARSA + PS,42,363,-49,52,2,1
1,SARSA + PS,42,364,-118,85,6,1
1,SARSA + PS,42,365,-17,29,1,1
1,SARSA + PS,42,366,-1,13,1,1
1,SARSA + PS,42,367,-46,40,3,1
1,SARSA + PS,42,368,-20,32,1,1
1,SARSA + PS,42,369,0,21,0,1
1,SARSA + PS,42,370,10,11,0,1
1,SARSA + PS,42,371,14,7,0,1
1,SARSA + PS,42,372,9,12,0,1
1,SARSA + PS,42,373,-182,158,5,1
1,SARSA + PS,42,374,11,10,0,1
1,SARSA + PS,42,375,12,9,0,1
1,SARSA + PS,42,376,5,16,0,1
1,SARSA + PS,42,377,-13,34,0,1
1,SARSA + PS,42,378,-20,23,2,1
1,SARSA + PS,42,379,-3,15,1,1
1,SARSA + PS,42,380,-52,55,2,1
1,SARSA + PS,42,381,2,19,0,1
1,SARSA + PS,42,382,-281,200,9,0
1,SARSA + PS,42,383,-101,95,3,1
1,SARSA + PS,42,384,10,11,0,1
1,SARSA + PS,42,385,-148,151,2,1
1,SARSA + PS,42,386,-25,28,2,1
1,SARSA + PS,42,387,-2,14,1,1
1,SARSA + PS,42,388,-57,69,1,1
1,SARSA + PS,42,389,-20,32,1,1
1,SARSA + PS,42,390,-21,33,1,1
1,SARSA + PS,42,391,-132,117,4,1
1,SARSA + PS,42,392,-37,49,1,1
1,SARSA + PS,42,393,8,13,0,1
1,SARSA + PS,42,394,-63,84,0,1
1,SARSA + PS,42,395,-1,13,1,1
1,SARSA + PS,42,396,-48,42,3,1
1,SARSA + PS,42,397,-21,42,0,1
1,SARSA + PS,42,398,-39,42,2,1
1,SARSA + PS,42,399,14,7,0,1
1,SARSA + PS,42,400,1,20,0,1
1,SARSA + PS,42,401,2,19,0,1
1,SARSA + PS,42,402,11,10,0,1
1,SARSA + PS,42,403,-35,29,3,1
1,SARSA + PS,42,404,-175,169,3,1
1,SARSA + PS,42,405,-17,38,0,1
1,SARSA + PS,42,406,-180,156,5,1
1,SARSA + PS,42,407,-89,92,2,1
1,SARSA + PS,42,408,-94,88,3,1
1,SARSA + PS,42,409,9,12,0,1
1,SARSA + PS,42,410,-9,12,2,1
1,SARSA + PS,42,411,-68,62,3,1
1,SARSA + PS,42,412,-1,22,0,1
1,SARSA + PS,42,413,-27,21,3,1
1,SARSA + PS,42,414,-23,35,1,1
1,SARSA + PS,42,415,-6,18,1,1
1,SARSA + PS,42,416,-60,54,3,1
1,SARSA + PS,42,417,-39,42,2,1
1,SARSA + PS,42,418,-4,25,0,1
1,SARSA + PS,42,419,-22,25,2,1
1,SARSA + PS,42,420,-12,33,0,1
1,SARSA + PS,42,421,-35,29,3,1
1,SARSA + PS,42,422,10,11,0,1
1,SARSA + PS,42,423,-9,21,1,1
1,SARSA + PS,42,424,-15,18,2,1
1,SARSA + PS,42,425,-223,163,9,1
1,SARSA + PS,42,426,12,9,0,1
1,SARSA + PS,42,427,-197,173,5,1
1,SARSA + PS,42,428,12,9,0,1
1,SARSA + PS,42,429,-98,92,3,1
1,SARSA + PS,42,430,11,10,0,1
1,SARSA + PS,42,431,0,21,0,1
1,SARSA + PS,42,432,-2,14,1,1
1,SARSA + PS,42,433,-4,16,1,1
1,SARSA + PS,42,434,-67,61,3,1
1,SARSA + PS,42,435,-22,34,1,1
1,SARSA + PS,42,436,-14,26,1,1
1,SARSA + PS,42,437,-18,30,1,1
1,SARSA + PS,42,438,-10,31,0,1
1,SARSA + PS,42,439,-32,35,2,1
1,SARSA + PS,42,440,-21,33,1,1
1,SARSA + PS,42,441,-128,113,4,1
1,SARSA + PS,42,442,-63,75,1,1
1,SARSA + PS,42,443,8,13,0,1
1,SARSA + PS,42,444,-62,38,5,1
1,SARSA + PS,42,445,-4,16,1,1
1,SARSA + PS,42,446,-141,108,6,1
1,SARSA + PS,42,447,-31,43,1,1
1,SARSA + PS,42,448,6,15,0,1
1,SARSA + PS,42,449,-21,33,1,1
1,SARSA + PS,42,450,-84,60,5,1
1,SARSA + PS,42,451,-170,173,2,1
1,SARSA + PS,42,452,-63,66,2,1
1,SARSA + PS,42,453,-24,45,0,1
1,SARSA + PS,42,454,6,15,0,1
1,SARSA + PS,42,455,-2,14,1,1
1,SARSA + PS,42,456,-51,36,4,1
1,SARSA + PS,42,457,-8,29,0,1
1,SARSA + PS,42,458,-25,28,2,1
1,SARSA + PS,42,459,13,8,0,1
1,SARSA + PS,42,460,1,11,1,1
1,SARSA + PS,42,461,-92,86,3,1
1,SARSA + PS,42,462,-23,35,1,1
1,SARSA + PS,42,463,-37,49,1,1
1,SARSA + PS,42,464,10,11,0,1
1,SARSA + PS,42,465,-78,72,3,1
1,SARSA + PS,42,466,-14,26,1,1
1,SARSA + PS,42,467,13,8,0,1
1,SARSA + PS,42,468,-6,27,0,1
1,SARSA + PS,42,469,-89,92,2,1
1,SARSA + PS,42,470,14,7,0,1
1,SARSA + PS,42,471,8,13,0,1
1,SARSA + PS,42,472,-1,22,0,1
1,SARSA + PS,42,473,-75,51,5,1
1,SARSA + PS,42,474,-24,36,1,1
1,SARSA + PS,42,475,-1,22,0,1
1,SARSA + PS,42,476,-65,77,1,1
1,SARSA + PS,42,477,-116,101,4,1
1,SARSA + PS,42,478,2,19,0,1
1,SARSA + PS,42,479,10,11,0,1
1,SARSA + PS,42,480,-76,79,2,1
1,SARSA + PS,42,481,10,11,0,1
1,SARSA + PS,42,482,7,14,0,1
1,SARSA + PS,42,483,-20,32,1,1
1,SARSA + PS,42,484,12,9,0,1
1,SARSA + PS,42,485,9,12,0,1
1,SARSA + PS,42,486,-86,80,3,1
1,SARSA + PS,42,487,-68,71,2,1
1,SARSA + PS,42,488,11,10,0,1
1,SARSA + PS,42,489,-3,24,0,1
1,SARSA + PS,42,490,-46,40,3,1
1,SARSA + PS,42,491,-25,28,2,1
1,SARSA + PS,42,492,7,14,0,1
1,SARSA + PS,42,493,-22,43,0,1
1,SARSA + PS,42,494,14,7,0,1
1,SARSA + PS,42,495,-23,26,2,1
1,SARSA + PS,42,496,-1,13,1,1
1,SARSA + PS,42,497,2,19,0,1
1,SARSA + PS,42,498,-15,18,2,1
1,SARSA + PS,42,499,-16,28,1,1
1,SARSA + PS,123,0,-767,200,63,0
1,SARSA + PS,123,1,-722,200,58,0
1,SARSA + PS,123,2,-713,200,57,0
1,SARSA + PS,123,3,-187,109,11,1
1,SARSA + PS,123,4,-722,200,58,0
1,SARSA + PS,123,5,-731,200,59,0
1,SARSA + PS,123,6,-452,200,28,0
1,SARSA + PS,123,7,-578,200,42,0
1,SARSA + PS,123,8,-677,200,53,0
1,SARSA + PS,123,9,-470,200,30,0
1,SARSA + PS,123,10,-722,200,58,0
1,SARSA + PS,123,11,-704,200,56,0
1,SARSA + PS,123,12,-695,200,55,0
1,SARSA + PS,123,13,-587,200,43,0
1,SARSA + PS,123,14,-524,167,42,1
1,SARSA + PS,123,15,-272,200,8,0
1,SARSA + PS,123,16,-398,200,22,0
1,SARSA + PS,123,17,-668,200,52,0
1,SARSA + PS,123,18,-641,200,49,0
1,SARSA + PS,123,19,-497,200,33,0
1,SARSA + PS,123,20,-785,200,65,0
1,SARSA + PS,123,21,-677,200,53,0
1,SARSA + PS,123,22,-641,200,49,0
1,SARSA + PS,123,23,-713,200,57,0
1,SARSA + PS,123,24,-416,200,24,0
1,SARSA + PS,123,25,-767,200,63,0
1,SARSA + PS,123,26,-310,178,17,1
1,SARSA + PS,123,27,-713,200,57,0
1,SARSA + PS,123,28,-281,200,9,0
1,SARSA + PS,123,29,-272,200,8,0
1,SARSA + PS,123,30,-650,200,50,0
1,SARSA + PS,123,31,-389,200,21,0
1,SARSA + PS,123,32,-506,200,34,0
1,SARSA + PS,123,33,-399,105,35,1
1,SARSA + PS,123,34,-129,123,3,1
1,SARSA + PS,123,35,-254,200,6,0
1,SARSA + PS,123,36,-233,164,10,1
1,SARSA + PS,123,37,-704,200,56,0
1,SARSA + PS,123,38,-236,200,4,0
1,SARSA + PS,123,39,-263,200,7,0
1,SARSA + PS,123,40,-452,200,28,0
1,SARSA + PS,123,41,-236,200,4,0
1,SARSA + PS,123,42,-245,200,5,0
1,SARSA + PS,123,43,-488,200,32,0
1,SARSA + PS,123,44,-245,200,5,0
1,SARSA + PS,123,45,-245,200,5,0
1,SARSA + PS,123,46,-272,200,8,0
1,SARSA + PS,123,47,-245,200,5,0
1,SARSA + PS,123,48,-254,200,6,0
1,SARSA + PS,123,49,-222,189,6,1
1,SARSA + PS,123,50,-272,200,8,0
1,SARSA + PS,123,51,-254,200,6,0
1,SARSA + PS,123,52,-227,200,3,0
1,SARSA + PS,123,53,-254,200,6,0
1,SARSA + PS,123,54,-248,170,11,1
1,SARSA + PS,123,55,-245,200,5,0
1,SARSA + PS,123,56,-317,200,13,0
1,SARSA + PS,123,57,-254,200,6,0
1,SARSA + PS,123,58,-263,200,7,0
1,SARSA + PS,123,59,-91,94,2,1
1,SARSA + PS,123,60,-227,200,3,0
1,SARSA + PS,123,61,-237,195,7,1
1,SARSA + PS,123,62,-162,156,3,1
1,SARSA + PS,123,63,-272,200,8,0
1,SARSA + PS,123,64,-240,180,9,1
1,SARSA + PS,123,65,-308,200,12,0
1,SARSA + PS,123,66,-146,122,5,1
1,SARSA + PS,123,67,-245,200,5,0
1,SARSA + PS,123,68,-290,200,10,0
1,SARSA + PS,123,69,-123,108,4,1
1,SARSA + PS,123,70,-245,200,5,0
1,SARSA + PS,123,71,-85,61,5,1
1,SARSA + PS,123,72,-236,200,4,0
1,SARSA + PS,123,73,-299,200,11,0
1,SARSA + PS,123,74,-272,200,8,0
1,SARSA + PS,123,75,-281,200,9,0
1,SARSA + PS,123,76,-106,82,5,1
1,SARSA + PS,123,77,-245,200,5,0
1,SARSA + PS,123,78,-254,200,6,0
1,SARSA + PS,123,79,-254,200,6,0
1,SARSA + PS,123,80,-272,200,8,0
1,SARSA + PS,123,81,-317,200,13,0
1,SARSA + PS,123,82,-263,200,7,0
1,SARSA + PS,123,83,-272,200,8,0
1,SARSA + PS,123,84,-272,200,8,0
1,SARSA + PS,123,85,-58,70,1,1
1,SARSA + PS,123,86,-204,180,5,1
1,SARSA + PS,123,87,-317,200,13,0
1,SARSA + PS,123,88,-155,113,7,1
1,SARSA + PS,123,89,-236,200,4,0
1,SARSA + PS,123,90,-192,159,6,1
1,SARSA + PS,123,91,-44,56,1,1
1,SARSA + PS,123,92,-236,200,4,0
1,SARSA + PS,123,93,-128,104,5,1
1,SARSA + PS,123,94,-118,94,5,1
1,SARSA + PS,123,95,-157,160,2,1
1,SARSA + PS,123,96,-38,50,1,1
1,SARSA + PS,123,97,-263,200,7,0
1,SARSA + PS,123,98,-272,200,8,0
1,SARSA + PS,123,99,5,16,0,1
1,SARSA + PS,123,100,-121,97,5,1
1,SARSA + PS,123,101,-272,200,8,0
1,SARSA + PS,123,102,-272,200,8,0
1,SARSA + PS,123,103,-272,200,8,0
1,SARSA + PS,123,104,-101,68,6,1
1,SARSA + PS,123,105,-236,200,4,0
1,SARSA + PS,123,106,-254,200,6,0
1,SARSA + PS,123,107,-5,17,1,1
1,SARSA + PS,123,108,-254,200,6,0
1,SARSA + PS,123,109,-79,55,5,1
1,SARSA + PS,123,110,-173,149,5,1
1,SARSA + PS,123,111,-236,200,4,0
1,SARSA + PS,123,112,-15,27,1,1
1,SARSA + PS,123,113,-18,30,1,1
1,SARSA + PS,123,114,-254,200,6,0
1,SARSA + PS,123,115,-299,200,11,0
1,SARSA + PS,123,116,-263,200,7,0
1,SARSA + PS,123,117,-100,85,4,1
1,SARSA + PS,123,118,2,19,0,1
1,SARSA + PS,123,119,-111,114,2,1
1,SARSA + PS,123,120,-245,200,5,0
1,SARSA + PS,123,121,-88,100,1,1
1,SARSA + PS,123,122,-219,186,6,1
1,SARSA + PS,123,123,-236,200,4,0
1,SARSA + PS,123,124,-3,15,1,1
1,SARSA + PS,123,125,-181,157,5,1
1,SARSA + PS,123,126,-245,200,5,0
1,SARSA + PS,123,127,2,10,1,1
1,SARSA + PS,123,128,-299,200,11,0
1,SARSA + PS,123,129,-254,200,6,0
1,SARSA + PS,123,130,-175,124,8,1
1,SARSA + PS,123,131,-136,130,3,1
1,SARSA + PS,123,132,-133,109,5,1
1,SARSA + PS,123,133,-60,63,2,1
1,SARSA + PS,123,134,-231,198,6,1
1,SARSA + PS,123,135,-290,200,10,0
1,SARSA + PS,123,136,-128,140,1,1
1,SARSA + PS,123,137,-22,43,0,1
1,SARSA + PS,123,138,-272,200,8,0
1,SARSA + PS,123,139,-236,200,4,0
1,SARSA + PS,123,140,-16,28,1,1
1,SARSA + PS,123,141,13,8,0,1
1,SARSA + PS,123,142,-75,96,0,1
1,SARSA + PS,123,143,14,7,0,1
1,SARSA + PS,123,144,12,9,0,1
1,SARSA + PS,123,145,-75,78,2,1
1,SARSA + PS,123,146,-272,200,8,0
1,SARSA + PS,123,147,-254,200,6,0
1,SARSA + PS,123,148,-184,160,5,1
1,SARSA + PS,123,149,-166,142,5,1
1,SARSA + PS,123,150,-170,146,5,1
1,SARSA + PS,123,151,-123,117,3,1
1,SARSA + PS,123,152,-173,140,6,1
1,SARSA + PS,123,153,13,8,0,1
1,SARSA + PS,123,154,-131,107,5,1
1,SARSA + PS,123,155,-143,101,7,1
1,SARSA + PS,123,156,-100,94,3,1
1,SARSA + PS,123,157,-263,200,7,0
1,SARSA + PS,123,158,-131,107,5,1
1,SARSA + PS,123,159,-4,25,0,1
1,SARSA + PS,123,160,-299,200,11,0
1,SARSA + PS,123,161,-245,200,5,0
1,SARSA + PS,123,162,-77,71,3,1
1,SARSA + PS,123,163,-60,72,1,1
1,SARSA + PS,123,164,-235,193,7,1
1,SARSA + PS,123,165,-263,200,7,0
1,SARSA + PS,123,166,-254,200,6,0
1,SARSA + PS,123,167,-42,54,1,1
1,SARSA + PS,123,168,-112,97,4,1
1,SARSA + PS,123,169,-61,64,2,1
1,SARSA + PS,123,170,-131,125,3,1
1,SARSA + PS,123,171,-180,138,7,1
1,SARSA + PS,123,172,-102,105,2,1
1,SARSA + PS,123,173,-281,200,9,0
1,SARSA + PS,123,174,-106,82,5,1
1,SARSA + PS,123,175,-190,157,6,1
1,SARSA + PS,123,176,-290,200,10,0
1,SARSA + PS,123,177,-272,200,8,0
1,SARSA + PS,123,178,7,14,0,1
1,SARSA + PS,123,179,-227,200,3,0
1,SARSA + PS,123,180,-263,200,7,0
1,SARSA + PS,123,181,-281,200,9,0
1,SARSA + PS,123,182,-22,34,1,1
1,SARSA + PS,123,183,-34,55,0,1
1,SARSA + PS,123,184,-104,98,3,1
1,SARSA + PS,123,185,-99,84,4,1
1,SARSA + PS,123,186,-11,32,0,1
1,SARSA + PS,123,187,-344,200,16,0
1,SARSA + PS,123,188,-106,73,6,1
1,SARSA + PS,123,189,-157,133,5,1
1,SARSA + PS,123,190,-299,200,11,0
1,SARSA + PS,123,191,-254,200,6,0
1,SARSA + PS,123,192,-272,200,8,0
1,SARSA + PS,123,193,-9,12,2,1
1,SARSA + PS,123,194,-84,78,3,1
1,SARSA + PS,123,195,-2,23,0,1
1,SARSA + PS,123,196,-254,200,6,0
1,SARSA + PS,123,197,-254,200,6,0
1,SARSA + PS,123,198,-122,125,2,1
1,SARSA + PS,123,199,-194,179,4,1
1,SARSA + PS,123,200,-281,200,9,0
1,SARSA + PS,123,201,13,8,0,1
1,SARSA + PS,123,202,-41,44,2,1
1,SARSA + PS,123,203,9,12,0,1
1,SARSA + PS,123,204,-254,200,6,0
1,SARSA + PS,123,205,-112,97,4,1
1,SARSA + PS,123,206,-40,52,1,1
1,SARSA + PS,123,207,-263,200,7,0
1,SARSA + PS,123,208,2,10,1,1
1,SARSA + PS,123,209,4,17,0,1
1,SARSA + PS,123,210,-128,113,4,1
1,SARSA + PS,123,211,-45,57,1,1
1,SARSA + PS,123,212,-167,143,5,1
1,SARSA + PS,123,213,-254,200,6,0
1,SARSA + PS,123,214,-25,37,1,1
1,SARSA + PS,123,215,-105,108,2,1
1,SARSA + PS,123,216,-24,36,1,1
1,SARSA + PS,123,217,8,13,0,1
1,SARSA + PS,123,218,-263,200,7,0
1,SARSA + PS,123,219,-263,200,7,0
1,SARSA + PS,123,220,-187,145,7,1
1,SARSA + PS,123,221,-31,43,1,1
1,SARSA + PS,123,222,-18,39,0,1
1,SARSA + PS,123,223,-29,50,0,1
1,SARSA + PS,123,224,-110,86,5,1
1,SARSA + PS,123,225,-75,69,3,1
1,SARSA + PS,123,226,-89,74,4,1
1,SARSA + PS,123,227,-53,47,3,1
1,SARSA + PS,123,228,-192,150,7,1
1,SARSA + PS,123,229,-254,200,6,0
1,SARSA + PS,123,230,-245,200,5,0
1,SARSA + PS,123,231,-172,130,7,1
1,SARSA + PS,123,232,11,10,0,1
1,SARSA + PS,123,233,-129,96,6,1
1,SARSA + PS,123,234,-290,200,10,0
1,SARSA + PS,123,235,-120,105,4,1
1,SARSA + PS,123,236,11,10,0,1
1,SARSA + PS,123,237,-131,98,6,1
1,SARSA + PS,123,238,-124,118,3,1
1,SARSA + PS,123,239,-151,127,5,1
1,SARSA + PS,123,240,1,20,0,1
1,SARSA + PS,123,241,-70,82,1,1
1,SARSA + PS,123,242,-31,25,3,1
1,SARSA + PS,123,243,-100,85,4,1
1,SARSA + PS,123,244,-117,93,5,1
1,SARSA + PS,123,245,-8,29,0,1
1,SARSA + PS,123,246,-16,28,1,1
1,SARSA + PS,123,247,-57,69,1,1
1,SARSA + PS,123,248,-57,51,3,1
1,SARSA + PS,123,249,-33,36,2,1
1,SARSA + PS,123,250,-58,70,1,1
1,SARSA + PS,123,251,-149,116,6,1
1,SARSA + PS,123,252,-99,93,3,1
1,SARSA + PS,123,253,-53,65,1,1
1,SARSA + PS,123,254,-6,18,1,1
1,SARSA + PS,123,255,-23,44,0,1
1,SARSA + PS,123,256,-104,89,4,1
1,SARSA + PS,123,257,-236,200,4,0
1,SARSA + PS,123,258,4,17,0,1
1,SARSA + PS,123,259,-27,39,1,1
1,SARSA + PS,123,260,-124,118,3,1
1,SARSA + PS,123,261,-15,18,2,1
1,SARSA + PS,123,262,-46,40,3,1
1,SARSA + PS,123,263,-28,31,2,1
1,SARSA + PS,123,264,-13,25,1,1
1,SARSA + PS,123,265,-6,18,1,1
1,SARSA + PS,123,266,6,15,0,1
1,SARSA + PS,123,267,-119,113,3,1
1,SARSA + PS,123,268,15,6,0,1
1,SARSA + PS,123,269,-56,59,2,1
1,SARSA + PS,123,270,-78,81,2,1
1,SARSA + PS,123,271,12,9,0,1
1,SARSA + PS,123,272,-94,88,3,1
1,SARSA + PS,123,273,-21,33,1,1
1,SARSA + PS,123,274,-159,135,5,1
1,SARSA + PS,123,275,3,18,0,1
1,SARSA + PS,123,276,2,19,0,1
1,SARSA + PS,123,277,-41,53,1,1
1,SARSA + PS,123,278,-45,48,2,1
1,SARSA + PS,123,279,-36,30,3,1
1,SARSA + PS,123,280,14,7,0,1
1,SARSA + PS,123,281,-4,16,1,1
1,SARSA + PS,123,282,-33,36,2,1
1,SARSA + PS,123,283,-8,29,0,1
1,SARSA + PS,123,284,-254,200,6,0
1,SARSA + PS,123,285,-47,50,2,1
1,SARSA + PS,123,286,-9,21,1,1
1,SARSA + PS,123,287,-135,111,5,1
1,SARSA + PS,123,288,-30,42,1,1
1,SARSA + PS,123,289,8,13,0,1
1,SARSA + PS,123,290,14,7,0,1
1,SARSA + PS,123,291,11,10,0,1
1,SARSA + PS,123,292,-103,97,3,1
1,SARSA + PS,123,293,11,10,0,1
1,SARSA + PS,123,294,12,9,0,1
1,SARSA + PS,123,295,0,21,0,1
1,SARSA + PS,123,296,-75,78,2,1
1,SARSA + PS,123,297,-27,48,0,1
1,SARSA + PS,123,298,-57,69,1,1
1,SARSA + PS,123,299,-232,190,7,1
1,SARSA + PS,123,300,-5,17,1,1
1,SARSA + PS,123,301,-272,200,8,0
1,SARSA + PS,123,302,-44,47,2,1
1,SARSA + PS,123,303,-20,32,1,1
1,SARSA + PS,123,304,-30,42,1,1
1,SARSA + PS,123,305,-107,101,3,1
1,SARSA + PS,123,306,-12,24,1,1
1,SARSA + PS,123,307,-254,200,6,0
1,SARSA + PS,123,308,-46,58,1,1
1,SARSA + PS,123,309,-5,17,1,1
1,SARSA + PS,123,310,-263,200,7,0
1,SARSA + PS,123,311,-4,25,0,1
1,SARSA + PS,123,312,-6,27,0,1
1,SARSA + PS,123,313,-79,73,3,1
1,SARSA + PS,123,314,8,13,0,1
1,SARSA + PS,123,315,-42,45,2,1
1,SARSA + PS,123,316,-41,53,1,1
1,SARSA + PS,123,317,-29,41,1,1
1,SARSA + PS,123,318,14,7,0,1
1,SARSA + PS,123,319,10,11,0,1
1,SARSA + PS,123,320,-200,194,3,1
1,SARSA + PS,123,321,7,14,0,1
1,SARSA + PS,123,322,-82,85,2,1
1,SARSA + PS,123,323,-137,122,4,1
1,SARSA + PS,123,324,-110,122,1,1
1,SARSA + PS,123,325,-73,85,1,1
1,SARSA + PS,123,326,-1,22,0,1
1,SARSA + PS,123,327,-62,56,3,1
1,SARSA + PS,123,328,-19,31,1,1
1,SARSA + PS,123,329,8,13,0,1
1,SARSA + PS,123,330,-107,92,4,1
1,SARSA + PS,123,331,-28,31,2,1
1,SARSA + PS,123,332,6,15,0,1
1,SARSA + PS,123,333,-31,34,2,1
1,SARSA + PS,123,334,-52,46,3,1
1,SARSA + PS,123,335,-73,76,2,1
1,SARSA + PS,123,336,-22,34,1,1
1,SARSA + PS,123,337,-8,20,1,1
1,SARSA + PS,123,338,-1,22,0,1
1,SARSA + PS,123,339,-111,96,4,1
1,SARSA + PS,123,340,-22,43,0,1
1,SARSA + PS,123,341,-35,29,3,1
1,SARSA + PS,123,342,-78,72,3,1
1,SARSA + PS,123,343,-115,100,4,1
1,SARSA + PS,123,344,-194,170,5,1
1,SARSA + PS,123,345,0,12,1,1
1,SARSA + PS,123,346,-48,69,0,1
1,SARSA + PS,123,347,12,9,0,1
1,SARSA + PS,123,348,8,13,0,1
1,SARSA + PS,123,349,10,11,0,1
1,SARSA + PS,123,350,-8,29,0,1
1,SARSA + PS,123,351,10,11,0,1
1,SARSA + PS,123,352,-7,19,1,1
1,SARSA + PS,123,353,-32,53,0,1
1,SARSA + PS,123,354,-71,74,2,1
1,SARSA + PS,123,355,8,13,0,1
1,SARSA + PS,123,356,4,17,0,1
1,SARSA + PS,123,357,-218,200,2,0
1,SARSA + PS,123,358,-9,21,1,1
1,SARSA + PS,123,359,-52,46,3,1
1,SARSA + PS,123,360,-84,105,0,1
1,SARSA + PS,123,361,-43,55,1,1
1,SARSA + PS,123,362,-254,200,6,0
1,SARSA + PS,123,363,-120,96,5,1
1,SARSA + PS,123,364,-9,30,0,1
1,SARSA + PS,123,365,-97,91,3,1
1,SARSA + PS,123,366,-52,55,2,1
1,SARSA + PS,123,367,-6,18,1,1
1,SARSA + PS,123,368,-17,20,2,1
1,SARSA + PS,123,369,-40,52,1,1
1,SARSA + PS,123,370,-163,148,4,1
1,SARSA + PS,123,371,-12,33,0,1
1,SARSA + PS,123,372,-65,59,3,1
1,SARSA + PS,123,373,-40,52,1,1
1,SARSA + PS,123,374,-100,103,2,1
1,SARSA + PS,123,375,-9,30,0,1
1,SARSA + PS,123,376,-223,190,6,1
1,SARSA + PS,123,377,-78,63,4,1
1,SARSA + PS,123,378,13,8,0,1
1,SARSA + PS,123,379,13,8,0,1
1,SARSA + PS,123,380,-45,39,3,1
1,SARSA + PS,123,381,-26,29,2,1
1,SARSA + PS,123,382,-14,26,1,1
1,SARSA + PS,123,383,-5,17,1,1
1,SARSA + PS,123,384,-28,40,1,1
1,SARSA + PS,123,385,8,13,0,1
1,SARSA + PS,123,386,13,8,0,1
1,SARSA + PS,123,387,0,21,0,1
1,SARSA + PS,123,388,-263,200,7,0
1,SARSA + PS,123,389,3,9,1,1
1,SARSA + PS,123,390,6,15,0,1
1,SARSA + PS,123,391,-61,73,1,1
1,SARSA + PS,123,392,-11,23,1,1
1,SARSA + PS,123,393,-25,46,0,1
1,SARSA + PS,123,394,-6,18,1,1
1,SARSA + PS,123,395,-47,50,2,1
1,SARSA + PS,123,396,-166,151,4,1
1,SARSA + PS,123,397,-59,62,2,1
1,SARSA + PS,123,398,-24,18,3,1
1,SARSA + PS,123,399,-25,37,1,1
1,SARSA + PS,123,400,2,10,1,1
1,SARSA + PS,123,401,-3,15,1,1
1,SARSA + PS,123,402,8,13,0,1
1,SARSA + PS,123,403,2,10,1,1
1,SARSA + PS,123,404,-121,115,3,1
1,SARSA + PS,123,405,-13,34,0,1
1,SARSA + PS,123,406,-47,41,3,1
1,SARSA + PS,123,407,8,13,0,1
1,SARSA + PS,123,408,-63,75,1,1
1,SARSA + PS,123,409,-12,24,1,1
1,SARSA + PS,123,410,7,14,0,1
1,SARSA + PS,123,411,11,10,0,1
1,SARSA + PS,123,412,-126,120,3,1
1,SARSA + PS,123,413,14,7,0,1
1,SARSA + PS,123,414,1,20,0,1
1,SARSA + PS,123,415,10,11,0,1
1,SARSA + PS,123,416,-18,30,1,1
1,SARSA + PS,123,417,-9,21,1,1
1,SARSA + PS,123,418,-112,106,3,1
1,SARSA + PS,123,419,-24,36,1,1
1,SARSA + PS,123,420,-11,32,0,1
1,SARSA + PS,123,421,-24,45,0,1
1,SARSA + PS,123,422,-10,13,2,1
1,SARSA + PS,123,423,-57,60,2,1
1,SARSA + PS,123,424,-15,27,1,1
1,SARSA + PS,123,425,10,11,0,1
1,SARSA + PS,123,426,-50,53,2,1
1,SARSA + PS,123,427,-50,44,3,1
1,SARSA + PS,123,428,-12,24,1,1
1,SARSA + PS,123,429,-22,34,1,1
1,SARSA + PS,123,430,-53,65,1,1
1,SARSA + PS,123,431,-8,20,1,1
1,SARSA + PS,123,432,-142,136,3,1
1,SARSA + PS,123,433,-31,25,3,1
1,SARSA + PS,123,434,-6,27,0,1
1,SARSA + PS,123,435,-28,49,0,1
1,SARSA + PS,123,436,12,9,0,1
1,SARSA + PS,123,437,5,16,0,1
1,SARSA + PS,123,438,9,12,0,1
1,SARSA + PS,123,439,-18,21,2,1
1,SARSA + PS,123,440,0,21,0,1
1,SARSA + PS,123,441,-7,19,1,1
1,SARSA + PS,123,442,2,19,0,1
1,SARSA + PS,123,443,-31,43,1,1
1,SARSA + PS,123,444,-42,54,1,1
1,SARSA + PS,123,445,11,10,0,1
1,SARSA + PS,123,446,-21,33,1,1
1,SARSA + PS,123,447,3,18,0,1
1,SARSA + PS,123,448,-16,37,0,1
1,SARSA + PS,123,449,12,9,0,1
1,SARSA + PS,123,450,-29,41,1,1
1,SARSA + PS,123,451,-48,69,0,1
1,SARSA + PS,123,452,-15,36,0,1
1,SARSA + PS,123,453,-126,138,1,1
1,SARSA + PS,123,454,-17,20,2,1
1,SARSA + PS,123,455,-2,14,1,1
1,SARSA + PS,123,456,-207,165,7,1
1,SARSA + PS,123,457,4,8,1,1
1,SARSA + PS,123,458,-20,32,1,1
1,SARSA + PS,123,459,-92,86,3,1
1,SARSA + PS,123,460,-26,38,1,1
1,SARSA + PS,123,461,-58,61,2,1
1,SARSA + PS,123,462,-1,22,0,1
1,SARSA + PS,123,463,13,8,0,1
1,SARSA + PS,123,464,-34,46,1,1
1,SARSA + PS,123,465,8,13,0,1
1,SARSA + PS,123,466,-6,18,1,1
1,SARSA + PS,123,467,8,13,0,1
1,SARSA + PS,123,468,-22,25,2,1
1,SARSA + PS,123,469,-44,56,1,1
1,SARSA + PS,123,470,-49,52,2,1
1,SARSA + PS,123,471,-14,17,2,1
1,SARSA + PS,123,472,-70,64,3,1
1,SARSA + PS,123,473,-3,24,0,1
1,SARSA + PS,123,474,11,10,0,1
1,SARSA + PS,123,475,-26,29,2,1
1,SARSA + PS,123,476,1,20,0,1
1,SARSA + PS,123,477,-61,73,1,1
1,SARSA + PS,123,478,11,10,0,1
1,SARSA + PS,123,479,-254,200,6,0
1,SARSA + PS,123,480,-1,22,0,1
1,SARSA + PS,123,481,-29,41,1,1
1,SARSA + PS,123,482,-9,21,1,1
1,SARSA + PS,123,483,-74,68,3,1
1,SARSA + PS,123,484,11,10,0,1
1,SARSA + PS,123,485,11,10,0,1
1,SARSA + PS,123,486,-28,49,0,1
1,SARSA + PS,123,487,-107,101,3,1
1,SARSA + PS,123,488,10,11,0,1
1,SARSA + PS,123,489,-41,44,2,1
1,SARSA + PS,123,490,-14,35,0,1
1,SARSA + PS,123,491,-101,68,6,1
1,SARSA + PS,123,492,11,10,0,1
1,SARSA + PS,123,493,-2,23,0,1
1,SARSA + PS,123,494,-169,136,6,1
1,SARSA + PS,123,495,-12,24,1,1
1,SARSA + PS,123,496,0,21,0,1
1,SARSA + PS,123,497,-7,28,0,1
1,SARSA + PS,123,498,9,12,0,1
1,SARSA + PS,123,499,-17,38,0,1
1,SARSA + PS,777,0,-704,200,56,0
1,SARSA + PS,777,1,-632,200,48,0
1,SARSA + PS,777,2,-749,200,61,0
1,SARSA + PS,777,3,-686,200,54,0
1,SARSA + PS,777,4,-551,200,39,0
1,SARSA + PS,777,5,-758,200,62,0
1,SARSA + PS,777,6,-749,200,61,0
1,SARSA + PS,777,7,-686,200,54,0
1,SARSA + PS,777,8,-605,200,45,0
1,SARSA + PS,777,9,-632,200,48,0
1,SARSA + PS,777,10,-497,200,33,0
1,SARSA + PS,777,11,-686,200,54,0
1,SARSA + PS,777,12,-299,200,11,0
1,SARSA + PS,777,13,-704,200,56,0
1,SARSA + PS,777,14,-668,200,52,0
1,SARSA + PS,777,15,-281,200,9,0
1,SARSA + PS,777,16,-614,200,46,0
1,SARSA + PS,777,17,-506,200,34,0
1,SARSA + PS,777,18,-349,136,26,1
1,SARSA + PS,777,19,-542,200,38,0
1,SARSA + PS,777,20,-695,200,55,0
1,SARSA + PS,777,21,-326,200,14,0
1,SARSA + PS,777,22,-731,200,59,0
1,SARSA + PS,777,23,-254,200,6,0
1,SARSA + PS,777,24,-722,200,58,0
1,SARSA + PS,777,25,-281,200,9,0
1,SARSA + PS,777,26,-281,200,9,0
1,SARSA + PS,777,27,-596,200,44,0
1,SARSA + PS,777,28,-686,200,54,0
1,SARSA + PS,777,29,-704,200,56,0
1,SARSA + PS,777,30,-316,130,23,1
1,SARSA + PS,777,31,-686,200,54,0
1,SARSA + PS,777,32,-272,200,8,0
1,SARSA + PS,777,33,-452,200,28,0
1,SARSA + PS,777,34,-515,200,35,0
1,SARSA + PS,777,35,-587,200,43,0
1,SARSA + PS,777,36,-263,200,7,0
1,SARSA + PS,777,37,-256,196,9,1
1,SARSA + PS,777,38,-227,200,3,0
1,SARSA + PS,777,39,-569,200,41,0
1,SARSA + PS,777,40,-272,200,8,0
1,SARSA + PS,777,41,-290,200,10,0
1,SARSA + PS,777,42,-171,156,4,1
1,SARSA + PS,777,43,-371,200,19,0
1,SARSA + PS,777,44,-272,200,8,0
1,SARSA + PS,777,45,-272,200,8,0
1,SARSA + PS,777,46,-211,115,13,1
1,SARSA + PS,777,47,-41,53,1,1
1,SARSA + PS,777,48,-272,200,8,0
1,SARSA + PS,777,49,-335,200,15,0
1,SARSA + PS,777,50,-263,200,7,0
1,SARSA + PS,777,51,-67,70,2,1
1,SARSA + PS,777,52,-258,81,22,1
1,SARSA + PS,777,53,-115,118,2,1
1,SARSA + PS,777,54,-69,54,4,1
1,SARSA + PS,777,55,-254,200,6,0
1,SARSA + PS,777,56,-254,200,6,0
1,SARSA + PS,777,57,-272,200,8,0
1,SARSA + PS,777,58,-255,177,11,1
1,SARSA + PS,777,59,-236,200,4,0
1,SARSA + PS,777,60,-263,200,7,0
1,SARSA + PS,777,61,-218,200,2,0
1,SARSA + PS,777,62,-290,200,10,0
1,SARSA + PS,777,63,-272,200,8,0
1,SARSA + PS,777,64,-9,30,0,1
1,SARSA + PS,777,65,-236,200,4,0
1,SARSA + PS,777,66,-236,200,4,0
1,SARSA + PS,777,67,-254,200,6,0
1,SARSA + PS,777,68,-236,200,4,0
1,SARSA + PS,777,69,-236,200,4,0
1,SARSA + PS,777,70,-254,200,6,0
1,SARSA + PS,777,71,-263,200,7,0
1,SARSA + PS,777,72,-112,97,4,1
1,SARSA + PS,777,73,-254,200,6,0
1,SARSA + PS,777,74,-234,165,10,1
1,SARSA + PS,777,75,-245,200,5,0
1,SARSA + PS,777,76,-254,200,6,0
1,SARSA + PS,777,77,-245,200,5,0
1,SARSA + PS,777,78,-272,200,8,0
1,SARSA + PS,777,79,-38,50,1,1
1,SARSA + PS,777,80,-236,200,4,0
1,SARSA + PS,777,81,-263,200,7,0
1,SARSA + PS,777,82,-281,200,9,0
1,SARSA + PS,777,83,-245,200,5,0
1,SARSA + PS,777,84,-125,128,2,1
1,SARSA + PS,777,85,-272,200,8,0
1,SARSA + PS,777,86,-281,200,9,0
1,SARSA + PS,777,87,-236,200,4,0
1,SARSA + PS,777,88,-147,150,2,1
1,SARSA + PS,777,89,-290,200,10,0
1,SARSA + PS,777,90,-254,200,6,0
1,SARSA + PS,777,91,-272,200,8,0
1,SARSA + PS,777,92,-108,129,0,1
1,SARSA + PS,777,93,-131,125,3,1
1,SARSA + PS,777,94,-36,30,3,1
1,SARSA + PS,777,95,-245,200,5,0
1,SARSA + PS,777,96,-263,200,7,0
1,SARSA + PS,777,97,-175,133,7,1
1,SARSA + PS,777,98,-22,43,0,1
1,SARSA + PS,777,99,-51,54,2,1
1,SARSA + PS,777,100,-254,200,6,0
1,SARSA + PS,777,101,-52,64,1,1
1,SARSA + PS,777,102,-225,192,6,1
1,SARSA + PS,777,103,-92,95,2,1
1,SARSA + PS,777,104,-236,200,4,0
1,SARSA + PS,777,105,-272,200,8,0
1,SARSA + PS,777,106,-281,200,9,0
1,SARSA + PS,777,107,-218,200,2,0
1,SARSA + PS,777,108,-218,185,6,1
1,SARSA + PS,777,109,-176,152,5,1
1,SARSA + PS,777,110,-272,200,8,0
1,SARSA + PS,777,111,-68,71,2,1
1,SARSA + PS,777,112,10,11,0,1
1,SARSA + PS,777,113,-299,200,11,0
1,SARSA + PS,777,114,-154,121,6,1
1,SARSA + PS,777,115,14,7,0,1
1,SARSA + PS,777,116,-63,75,1,1
1,SARSA + PS,777,117,-245,200,5,0
1,SARSA + PS,777,118,-103,97,3,1
1,SARSA + PS,777,119,-251,182,10,1
1,SARSA + PS,777,120,-109,121,1,1
1,SARSA + PS,777,121,-152,137,4,1
1,SARSA + PS,777,122,-236,200,4,0
1,SARSA + PS,777,123,15,6,0,1
1,SARSA + PS,777,124,-230,197,6,1
1,SARSA + PS,777,125,-67,52,4,1
1,SARSA + PS,777,126,-173,149,5,1
1,SARSA + PS,777,127,-141,126,4,1
1,SARSA + PS,777,128,-80,74,3,1
1,SARSA + PS,777,129,-65,68,2,1
1,SARSA + PS,777,130,-39,51,1,1
1,SARSA + PS,777,131,-75,69,3,1
1,SARSA + PS,777,132,-44,65,0,1
1,SARSA + PS,777,133,-30,42,1,1
1,SARSA + PS,777,134,-146,131,4,1
1,SARSA + PS,777,135,-99,102,2,1
1,SARSA + PS,777,136,-226,175,8,1
1,SARSA + PS,777,137,-155,131,5,1
1,SARSA + PS,777,138,11,10,0,1
1,SARSA + PS,777,139,-150,144,3,1
1,SARSA + PS,777,140,-183,168,4,1
1,SARSA + PS,777,141,-154,130,5,1
1,SARSA + PS,777,142,-7,19,1,1
1,SARSA + PS,777,143,-113,116,2,1
1,SARSA + PS,777,144,-2,23,0,1
1,SARSA + PS,777,145,-48,51,2,1
1,SARSA + PS,777,146,-299,200,11,0
1,SARSA + PS,777,147,-40,34,3,1
1,SARSA + PS,777,148,-236,200,4,0
1,SARSA + PS,777,149,-72,75,2,1
1,SARSA + PS,777,150,-222,180,7,1
1,SARSA + PS,777,151,-118,103,4,1
1,SARSA + PS,777,152,-146,104,7,1
1,SARSA + PS,777,153,-103,106,2,1
1,SARSA + PS,777,154,-254,200,6,0
1,SARSA + PS,777,155,-73,49,5,1
1,SARSA + PS,777,156,-158,125,6,1
1,SARSA + PS,777,157,-263,200,7,0
1,SARSA + PS,777,158,-152,92,9,1
1,SARSA + PS,777,159,-236,200,4,0
1,SARSA + PS,777,160,-39,51,1,1
1,SARSA + PS,777,161,-161,146,4,1
1,SARSA + PS,777,162,14,7,0,1
1,SARSA + PS,777,163,-254,200,6,0
1,SARSA + PS,777,164,-10,13,2,1
1,SARSA + PS,777,165,-51,54,2,1
1,SARSA + PS,777,166,-227,200,3,0
1,SARSA + PS,777,167,-197,182,4,1
1,SARSA + PS,777,168,-22,43,0,1
1,SARSA + PS,777,169,-254,200,6,0
1,SARSA + PS,777,170,7,14,0,1
1,SARSA + PS,777,171,-131,143,1,1
1,SARSA + PS,777,172,1,11,1,1
1,SARSA + PS,777,173,-172,130,7,1
1,SARSA + PS,777,174,-48,69,0,1
1,SARSA + PS,777,175,-48,51,2,1
1,SARSA + PS,777,176,-7,19,1,1
1,SARSA + PS,777,177,-22,25,2,1
1,SARSA + PS,777,178,14,7,0,1
1,SARSA + PS,777,179,-48,69,0,1
1,SARSA + PS,777,180,-263,200,7,0
1,SARSA + PS,777,181,-188,182,3,1
1,SARSA + PS,777,182,-73,76,2,1
1,SARSA + PS,777,183,-263,200,7,0
1,SARSA + PS,777,184,-131,116,4,1
1,SARSA + PS,777,185,-245,200,5,0
1,SARSA + PS,777,186,-83,104,0,1
1,SARSA + PS,777,187,-1,13,1,1
1,SARSA + PS,777,188,-77,89,1,1
1,SARSA + PS,777,189,-46,49,2,1
1,SARSA + PS,777,190,-90,102,1,1
1,SARSA + PS,777,191,-17,29,1,1
1,SARSA + PS,777,192,-171,111,9,1
1,SARSA + PS,777,193,-131,134,2,1
1,SARSA + PS,777,194,-290,200,10,0
1,SARSA + PS,777,195,-59,62,2,1
1,SARSA + PS,777,196,13,8,0,1
1,SARSA + PS,777,197,-63,84,0,1
1,SARSA + PS,777,198,-40,43,2,1
1,SARSA + PS,777,199,-193,160,6,1
1,SARSA + PS,777,200,-299,200,11,0
1,SARSA + PS,777,201,-2,14,1,1
1,SARSA + PS,777,202,-245,200,5,0
1,SARSA + PS,777,203,-203,170,6,1
1,SARSA + PS,777,204,-281,200,9,0
1,SARSA + PS,777,205,-74,77,2,1
1,SARSA + PS,777,206,-281,200,9,0
1,SARSA + PS,777,207,-23,44,0,1
1,SARSA + PS,777,208,-236,200,4,0
1,SARSA + PS,777,209,-3,15,1,1
1,SARSA + PS,777,210,-15,18,2,1
1,SARSA + PS,777,211,-90,84,3,1
1,SARSA + PS,777,212,-44,56,1,1
1,SARSA + PS,777,213,-54,66,1,1
1,SARSA + PS,777,214,-23,35,1,1
1,SARSA + PS,777,215,-90,84,3,1
1,SARSA + PS,777,216,-29,41,1,1
1,SARSA + PS,777,217,-49,43,3,1
1,SARSA + PS,777,218,-272,200,8,0
1,SARSA + PS,777,219,-281,200,9,0
1,SARSA + PS,777,220,-2,23,0,1
1,SARSA + PS,777,221,-25,28,2,1
1,SARSA + PS,777,222,-245,200,5,0
1,SARSA + PS,777,223,-20,41,0,1
1,SARSA + PS,777,224,-82,76,3,1
1,SARSA + PS,777,225,-67,70,2,1
1,SARSA + PS,777,226,-84,69,4,1
1,SARSA + PS,777,227,0,12,1,1
1,SARSA + PS,777,228,-36,39,2,1
1,SARSA + PS,777,229,10,11,0,1
1,SARSA + PS,777,230,-76,79,2,1
1,SARSA + PS,777,231,-207,192,4,1
1,SARSA + PS,777,232,-290,200,10,0
1,SARSA + PS,777,233,-218,200,2,0
1,SARSA + PS,777,234,-47,50,2,1
1,SARSA + PS,777,235,-29,50,0,1
1,SARSA + PS,777,236,12,9,0,1
1,SARSA + PS,777,237,-79,73,3,1
1,SARSA + PS,777,238,-37,49,1,1
1,SARSA + PS,777,239,-12,24,1,1
1,SARSA + PS,777,240,-85,88,2,1
1,SARSA + PS,777,241,-6,18,1,1
1,SARSA + PS,777,242,-78,81,2,1
1,SARSA + PS,777,243,-153,147,3,1
1,SARSA + PS,777,244,-58,61,2,1
1,SARSA + PS,777,245,-4,16,1,1
1,SARSA + PS,777,246,11,10,0,1
1,SARSA + PS,777,247,-63,75,1,1
1,SARSA + PS,777,248,15,6,0,1
1,SARSA + PS,777,249,7,14,0,1
1,SARSA + PS,777,250,-272,200,8,0
1,SARSA + PS,777,251,-151,136,4,1
1,SARSA + PS,777,252,-171,120,8,1
1,SARSA + PS,777,253,-91,103,1,1
1,SARSA + PS,777,254,-117,84,6,1
1,SARSA + PS,777,255,-95,80,4,1
1,SARSA + PS,777,256,12,9,0,1
1,SARSA + PS,777,257,-113,107,3,1
1,SARSA + PS,777,258,-68,71,2,1
1,SARSA + PS,777,259,-63,66,2,1
1,SARSA + PS,777,260,-120,114,3,1
1,SARSA + PS,777,261,-88,91,2,1
1,SARSA + PS,777,262,-175,151,5,1
1,SARSA + PS,777,263,-126,93,6,1
1,SARSA + PS,777,264,1,20,0,1
1,SARSA + PS,777,265,-35,47,1,1
1,SARSA + PS,777,266,-245,200,5,0
1,SARSA + PS,777,267,-254,200,6,0
1,SARSA + PS,777,268,-23,44,0,1
1,SARSA + PS,777,269,-92,95,2,1
1,SARSA + PS,777,270,12,9,0,1
1,SARSA + PS,777,271,-168,144,5,1
1,SARSA + PS,777,272,-99,84,4,1
1,SARSA + PS,777,273,-8,20,1,1
1,SARSA + PS,777,274,-263,200,7,0
1,SARSA + PS,777,275,-290,200,10,0
1,SARSA + PS,777,276,6,15,0,1
1,SARSA + PS,777,277,-187,136,8,1
1,SARSA + PS,777,278,-93,96,2,1
1,SARSA + PS,777,279,-236,200,4,0
1,SARSA + PS,777,280,-70,55,4,1
1,SARSA + PS,777,281,14,7,0,1
1,SARSA + PS,777,282,-139,97,7,1
1,SARSA + PS,777,283,-145,121,5,1
1,SARSA + PS,777,284,-40,43,2,1
1,SARSA + PS,777,285,-221,197,5,1
1,SARSA + PS,777,286,-69,72,2,1
1,SARSA + PS,777,287,-105,90,4,1
1,SARSA + PS,777,288,-1,13,1,1
1,SARSA + PS,777,289,-175,151,5,1
1,SARSA + PS,777,290,-44,38,3,1
1,SARSA + PS,777,291,-107,101,3,1
1,SARSA + PS,777,292,13,8,0,1
1,SARSA + PS,777,293,-195,153,7,1
1,SARSA + PS,777,294,-28,40,1,1
1,SARSA + PS,777,295,-263,200,7,0
1,SARSA + PS,777,296,-26,47,0,1
1,SARSA + PS,777,297,11,10,0,1
1,SARSA + PS,777,298,-236,200,4,0
1,SARSA + PS,777,299,-151,109,7,1
1,SARSA + PS,777,300,-72,93,0,1
1,SARSA + PS,777,301,-85,79,3,1
1,SARSA + PS,777,302,-23,44,0,1
1,SARSA + PS,777,303,-161,155,3,1
1,SARSA + PS,777,304,12,9,0,1
1,SARSA + PS,777,305,-174,132,7,1
1,SARSA + PS,777,306,13,8,0,1
1,SARSA + PS,777,307,-96,108,1,1
1,SARSA + PS,777,308,-4,25,0,1
1,SARSA + PS,777,309,-245,200,5,0
1,SARSA + PS,777,310,9,12,0,1
1,SARSA + PS,777,311,-50,53,2,1
1,SARSA + PS,777,312,8,13,0,1
1,SARSA + PS,777,313,-14,35,0,1
1,SARSA + PS,777,314,-56,68,1,1
1,SARSA + PS,777,315,4,17,0,1
1,SARSA + PS,777,316,-79,91,1,1
1,SARSA + PS,777,317,-6,27,0,1
1,SARSA + PS,777,318,11,10,0,1
1,SARSA + PS,777,319,-202,151,8,1
1,SARSA + PS,777,320,12,9,0,1
1,SARSA + PS,777,321,6,15,0,1
1,SARSA + PS,777,322,-38,50,1,1
1,SARSA + PS,777,323,-10,31,0,1
1,SARSA + PS,777,324,-37,49,1,1
1,SARSA + PS,777,325,-236,200,4,0
1,SARSA + PS,777,326,-141,117,5,1
1,SARSA + PS,777,327,-66,69,2,1
1,SARSA + PS,777,328,-55,67,1,1
1,SARSA + PS,777,329,-106,91,4,1
1,SARSA + PS,777,330,1,20,0,1
1,SARSA + PS,777,331,-7,19,1,1
1,SARSA + PS,777,332,-86,80,3,1
1,SARSA + PS,777,333,8,13,0,1
1,SARSA + PS,777,334,-1,22,0,1
1,SARSA + PS,777,335,-46,40,3,1
1,SARSA + PS,777,336,-34,46,1,1
1,SARSA + PS,777,337,-128,95,6,1
1,SARSA + PS,777,338,-240,180,9,1
1,SARSA + PS,777,339,-36,48,1,1
1,SARSA + PS,777,340,8,13,0,1
1,SARSA + PS,777,341,3,9,1,1
1,SARSA + PS,777,342,-254,200,6,0
1,SARSA + PS,777,343,-172,130,7,1
1,SARSA + PS,777,344,-5,26,0,1
1,SARSA + PS,777,345,10,11,0,1
1,SARSA + PS,777,346,-48,33,4,1
1,SARSA + PS,777,347,-85,79,3,1
1,SARSA + PS,777,348,-7,28,0,1
1,SARSA + PS,777,349,1,11,1,1
1,SARSA + PS,777,350,11,10,0,1
1,SARSA + PS,777,351,-245,200,5,0
1,SARSA + PS,777,352,10,11,0,1
1,SARSA + PS,777,353,2,19,0,1
1,SARSA + PS,777,354,11,10,0,1
1,SARSA + PS,777,355,-111,87,5,1
1,SARSA + PS,777,356,-12,15,2,1
1,SARSA + PS,777,357,-99,120,0,1
1,SARSA + PS,777,358,-193,169,5,1
1,SARSA + PS,777,359,2,19,0,1
1,SARSA + PS,777,360,-32,44,1,1
1,SARSA + PS,777,361,-22,25,2,1
1,SARSA + PS,777,362,-1,13,1,1
1,SARSA + PS,777,363,8,13,0,1
1,SARSA + PS,777,364,14,7,0,1
1,SARSA + PS,777,365,7,14,0,1
1,SARSA + PS,777,366,-42,54,1,1
1,SARSA + PS,777,367,-164,158,3,1
1,SARSA + PS,777,368,-71,65,3,1
1,SARSA + PS,777,369,-97,100,2,1
1,SARSA + PS,777,370,-90,93,2,1
1,SARSA + PS,777,371,3,9,1,1
1,SARSA + PS,777,372,7,14,0,1
1,SARSA + PS,777,373,-39,51,1,1
1,SARSA + PS,777,374,-2,14,1,1
1,SARSA + PS,777,375,-36,39,2,1
1,SARSA + PS,777,376,14,7,0,1
1,SARSA + PS,777,377,-19,22,2,1
1,SARSA + PS,777,378,3,9,1,1
1,SARSA + PS,777,379,-9,30,0,1
1,SARSA + PS,777,380,-106,100,3,1
1,SARSA + PS,777,381,-113,125,1,1
1,SARSA + PS,777,382,-32,44,1,1
1,SARSA + PS,777,383,-68,53,4,1
1,SARSA + PS,777,384,-9,30,0,1
1,SARSA + PS,777,385,4,17,0,1
1,SARSA + PS,777,386,-32,44,1,1
1,SARSA + PS,777,387,-40,34,3,1
1,SARSA + PS,777,388,-20,32,1,1
1,SARSA + PS,777,389,-97,91,3,1
1,SARSA + PS,777,390,-20,32,1,1
1,SARSA + PS,777,391,-36,39,2,1
1,SARSA + PS,777,392,11,10,0,1
1,SARSA + PS,777,393,-14,26,1,1
1,SARSA + PS,777,394,-15,36,0,1
1,SARSA + PS,777,395,-23,35,1,1
1,SARSA + PS,777,396,12,9,0,1
1,SARSA + PS,777,397,-31,34,2,1
1,SARSA + PS,777,398,2,19,0,1
1,SARSA + PS,777,399,-9,21,1,1
1,SARSA + PS,777,400,-196,145,8,1
1,SARSA + PS,777,401,-54,75,0,1
1,SARSA + PS,777,402,1,11,1,1
1,SARSA + PS,777,403,12,9,0,1
1,SARSA + PS,777,404,-32,26,3,1
1,SARSA + PS,777,405,11,10,0,1
1,SARSA + PS,777,406,9,12,0,1
1,SARSA + PS,777,407,9,12,0,1
1,SARSA + PS,777,408,-290,200,10,0
1,SARSA + PS,777,409,10,11,0,1
1,SARSA + PS,777,410,10,11,0,1
1,SARSA + PS,777,411,8,13,0,1
1,SARSA + PS,777,412,-73,85,1,1
1,SARSA + PS,777,413,-57,69,1,1
1,SARSA + PS,777,414,-71,83,1,1
1,SARSA + PS,777,415,-74,68,3,1
1,SARSA + PS,777,416,-53,47,3,1
1,SARSA + PS,777,417,-70,55,4,1
1,SARSA + PS,777,418,8,13,0,1
1,SARSA + PS,777,419,-10,22,1,1
1,SARSA + PS,777,420,-72,75,2,1
1,SARSA + PS,777,421,6,15,0,1
1,SARSA + PS,777,422,-3,24,0,1
1,SARSA + PS,777,423,12,9,0,1
1,SARSA + PS,777,424,10,11,0,1
1,SARSA + PS,777,425,3,9,1,1
1,SARSA + PS,777,426,9,12,0,1
1,SARSA + PS,777,427,8,13,0,1
1,SARSA + PS,777,428,-51,63,1,1
1,SARSA + PS,777,429,11,10,0,1
1,SARSA + PS,777,430,14,7,0,1
1,SARSA + PS,777,431,-29,32,2,1
1,SARSA + PS,777,432,-4,16,1,1
1,SARSA + PS,777,433,1,20,0,1
1,SARSA + PS,777,434,10,11,0,1
1,SARSA + PS,777,435,8,13,0,1
1,SARSA + PS,777,436,-29,41,1,1
1,SARSA + PS,777,437,-119,86,6,1
1,SARSA + PS,777,438,-32,44,1,1
1,SARSA + PS,777,439,3,18,0,1
1,SARSA + PS,777,440,-236,200,4,0
1,SARSA + PS,777,441,9,12,0,1
1,SARSA + PS,777,442,0,12,1,1
1,SARSA + PS,777,443,7,14,0,1
1,SARSA + PS,777,444,-2,23,0,1
1,SARSA + PS,777,445,8,13,0,1
1,SARSA + PS,777,446,-11,14,2,1
1,SARSA + PS,777,447,-1,13,1,1
1,SARSA + PS,777,448,-133,109,5,1
1,SARSA + PS,777,449,8,13,0,1
1,SARSA + PS,777,450,-3,15,1,1
1,SARSA + PS,777,451,-23,35,1,1
1,SARSA + PS,777,452,-69,81,1,1
1,SARSA + PS,777,453,7,14,0,1
1,SARSA + PS,777,454,10,11,0,1
1,SARSA + PS,777,455,-72,75,2,1
1,SARSA + PS,777,456,12,9,0,1
1,SARSA + PS,777,457,-15,36,0,1
1,SARSA + PS,777,458,14,7,0,1
1,SARSA + PS,777,459,4,8,1,1
1,SARSA + PS,777,460,-25,37,1,1
1,SARSA + PS,777,461,5,16,0,1
1,SARSA + PS,777,462,-8,20,1,1
1,SARSA + PS,777,463,5,16,0,1
1,SARSA + PS,777,464,-45,48,2,1
1,SARSA + PS,777,465,14,7,0,1
1,SARSA + PS,777,466,7,14,0,1
1,SARSA + PS,777,467,-41,35,3,1
1,SARSA + PS,777,468,-13,34,0,1
1,SARSA + PS,777,469,12,9,0,1
1,SARSA + PS,777,470,-8,29,0,1
1,SARSA + PS,777,471,-4,16,1,1
1,SARSA + PS,777,472,-13,16,2,1
1,SARSA + PS,777,473,7,14,0,1
1,SARSA + PS,777,474,8,13,0,1
1,SARSA + PS,777,475,-85,79,3,1
1,SARSA + PS,777,476,5,16,0,1
1,SARSA + PS,777,477,9,12,0,1
1,SARSA + PS,777,478,12,9,0,1
1,SARSA + PS,777,479,-21,33,1,1
1,SARSA + PS,777,480,0,21,0,1
1,SARSA + PS,777,481,-2,23,0,1
1,SARSA + PS,777,482,13,8,0,1
1,SARSA + PS,777,483,-142,127,4,1
1,SARSA + PS,777,484,-153,138,4,1
1,SARSA + PS,777,485,-78,99,0,1
1,SARSA + PS,777,486,7,14,0,1
1,SARSA + PS,777,487,1,20,0,1
1,SARSA + PS,777,488,-8,20,1,1
1,SARSA + PS,777,489,-8,20,1,1
1,SARSA + PS,777,490,-51,54,2,1
1,SARSA + PS,777,491,-27,48,0,1
1,SARSA + PS,777,492,2,19,0,1
1,SARSA + PS,777,493,14,7,0,1
1,SARSA + PS,777,494,-137,131,3,1
1,SARSA + PS,777,495,-94,88,3,1
1,SARSA + PS,777,496,-8,29,0,1
1,SARSA + PS,777,497,7,14,0,1
1,SARSA + PS,777,498,9,12,0,1
1,SARSA + PS,777,499,11,10,0,1
1,SARSA + PS,999,0,-641,200,49,0
1,SARSA + PS,999,1,-740,200,60,0
1,SARSA + PS,999,2,-659,200,51,0
1,SARSA + PS,999,3,-704,200,56,0
1,SARSA + PS,999,4,-722,200,58,0
1,SARSA + PS,999,5,-677,200,53,0
1,SARSA + PS,999,6,-245,200,5,0
1,SARSA + PS,999,7,-623,200,47,0
1,SARSA + PS,999,8,-641,200,49,0
1,SARSA + PS,999,9,-740,200,60,0
1,SARSA + PS,999,10,-677,200,53,0
1,SARSA + PS,999,11,-695,200,55,0
1,SARSA + PS,999,12,-713,200,57,0
1,SARSA + PS,999,13,-731,200,59,0
1,SARSA + PS,999,14,-650,200,50,0
1,SARSA + PS,999,15,-731,200,59,0
1,SARSA + PS,999,16,-704,200,56,0
1,SARSA + PS,999,17,-632,200,48,0
1,SARSA + PS,999,18,-641,200,49,0
1,SARSA + PS,999,19,-587,200,43,0
1,SARSA + PS,999,20,-254,200,6,0
1,SARSA + PS,999,21,-578,158,49,1
1,SARSA + PS,999,22,-281,200,9,0
1,SARSA + PS,999,23,-214,127,12,1
1,SARSA + PS,999,24,-596,200,44,0
1,SARSA + PS,999,25,-281,200,9,0
1,SARSA + PS,999,26,-533,200,37,0
1,SARSA + PS,999,27,-740,200,60,0
1,SARSA + PS,999,28,-281,200,9,0
1,SARSA + PS,999,29,-326,200,14,0
1,SARSA + PS,999,30,-407,200,23,0
1,SARSA + PS,999,31,-236,200,4,0
1,SARSA + PS,999,32,-488,200,32,0
1,SARSA + PS,999,33,-380,200,20,0
1,SARSA + PS,999,34,-281,200,9,0
1,SARSA + PS,999,35,-290,200,10,0
1,SARSA + PS,999,36,-227,200,3,0
1,SARSA + PS,999,37,-398,200,22,0
1,SARSA + PS,999,38,-281,200,9,0
1,SARSA + PS,999,39,-271,184,12,1
1,SARSA + PS,999,40,-254,200,6,0
1,SARSA + PS,999,41,-704,200,56,0
1,SARSA + PS,999,42,-226,121,14,1
1,SARSA + PS,999,43,-245,200,5,0
1,SARSA + PS,999,44,-263,200,7,0
1,SARSA + PS,999,45,-245,200,5,0
1,SARSA + PS,999,46,-290,200,10,0
1,SARSA + PS,999,47,-236,200,4,0
1,SARSA + PS,999,48,-245,200,5,0
1,SARSA + PS,999,49,-281,200,9,0
1,SARSA + PS,999,50,-272,200,8,0
1,SARSA + PS,999,51,-263,200,7,0
1,SARSA + PS,999,52,-227,200,3,0
1,SARSA + PS,999,53,-263,200,7,0
1,SARSA + PS,999,54,-605,200,45,0
1,SARSA + PS,999,55,-542,200,38,0
1,SARSA + PS,999,56,-227,200,3,0
1,SARSA + PS,999,57,-290,200,10,0
1,SARSA + PS,999,58,-254,200,6,0
1,SARSA + PS,999,59,-218,200,2,0
1,SARSA + PS,999,60,-362,200,18,0
1,SARSA + PS,999,61,-227,200,3,0
1,SARSA + PS,999,62,-241,181,9,1
1,SARSA + PS,999,63,-281,200,9,0
1,SARSA + PS,999,64,-281,200,9,0
1,SARSA + PS,999,65,-193,169,5,1
1,SARSA + PS,999,66,-263,200,7,0
1,SARSA + PS,999,67,-254,200,6,0
1,SARSA + PS,999,68,-281,200,9,0
1,SARSA + PS,999,69,-185,170,4,1
1,SARSA + PS,999,70,-9,30,0,1
1,SARSA + PS,999,71,-281,200,9,0
1,SARSA + PS,999,72,-281,200,9,0
1,SARSA + PS,999,73,-218,200,2,0
1,SARSA + PS,999,74,-299,200,11,0
1,SARSA + PS,999,75,-236,200,4,0
1,SARSA + PS,999,76,-263,200,7,0
1,SARSA + PS,999,77,-254,200,6,0
1,SARSA + PS,999,78,-38,50,1,1
1,SARSA + PS,999,79,-263,200,7,0
1,SARSA + PS,999,80,-239,170,10,1
1,SARSA + PS,999,81,-232,190,7,1
1,SARSA + PS,999,82,-161,137,5,1
1,SARSA + PS,999,83,-227,200,3,0
1,SARSA + PS,999,84,-228,195,6,1
1,SARSA + PS,999,85,-263,200,7,0
1,SARSA + PS,999,86,-281,200,9,0
1,SARSA + PS,999,87,-272,200,8,0
1,SARSA + PS,999,88,-134,146,1,1
1,SARSA + PS,999,89,-290,200,10,0
1,SARSA + PS,999,90,-126,111,4,1
1,SARSA + PS,999,91,-263,200,7,0
1,SARSA + PS,999,92,-245,200,5,0
1,SARSA + PS,999,93,-290,200,10,0
1,SARSA + PS,999,94,-281,200,9,0
1,SARSA + PS,999,95,-290,200,10,0
1,SARSA + PS,999,96,-281,200,9,0
1,SARSA + PS,999,97,-34,55,0,1
1,SARSA + PS,999,98,-98,110,1,1
1,SARSA + PS,999,99,-145,112,6,1
1,SARSA + PS,999,100,-68,80,1,1
1,SARSA + PS,999,101,-81,75,3,1
1,SARSA + PS,999,102,-109,103,3,1
1,SARSA + PS,999,103,-245,200,5,0
1,SARSA + PS,999,104,-28,49,0,1
1,SARSA + PS,999,105,-236,200,4,0
1,SARSA + PS,999,106,-236,200,4,0
1,SARSA + PS,999,107,-227,200,3,0
1,SARSA + PS,999,108,-139,115,5,1
1,SARSA + PS,999,109,-214,172,7,1
1,SARSA + PS,999,110,-299,200,11,0
1,SARSA + PS,999,111,-172,139,6,1
1,SARSA + PS,999,112,-77,71,3,1
1,SARSA + PS,999,113,-254,200,6,0
1,SARSA + PS,999,114,-82,85,2,1
1,SARSA + PS,999,115,-281,200,9,0
1,SARSA + PS,999,116,-245,200,5,0
1,SARSA + PS,999,117,-268,199,10,1
1,SARSA + PS,999,118,-290,200,10,0
1,SARSA + PS,999,119,13,8,0,1
1,SARSA + PS,999,120,-67,79,1,1
1,SARSA + PS,999,121,-317,200,13,0
1,SARSA + PS,999,122,-263,200,7,0
1,SARSA + PS,999,123,-54,66,1,1
1,SARSA + PS,999,124,-104,98,3,1
1,SARSA + PS,999,125,-179,146,6,1
1,SARSA + PS,999,126,-254,200,6,0
1,SARSA + PS,999,127,-254,200,6,0
1,SARSA + PS,999,128,-272,200,8,0
1,SARSA + PS,999,129,-172,148,5,1
1,SARSA + PS,999,130,-45,39,3,1
1,SARSA + PS,999,131,-95,107,1,1
1,SARSA + PS,999,132,-223,190,6,1
1,SARSA + PS,999,133,-147,132,4,1
1,SARSA + PS,999,134,-63,66,2,1
1,SARSA + PS,999,135,-205,172,6,1
1,SARSA + PS,999,136,-187,172,4,1
1,SARSA + PS,999,137,-4,25,0,1
1,SARSA + PS,999,138,-236,200,4,0
1,SARSA + PS,999,139,-80,101,0,1
1,SARSA + PS,999,140,-281,200,9,0
1,SARSA + PS,999,141,-161,128,6,1
1,SARSA + PS,999,142,14,7,0,1
1,SARSA + PS,999,143,5,16,0,1
1,SARSA + PS,999,144,-122,134,1,1
1,SARSA + PS,999,145,-254,200,6,0
1,SARSA + PS,999,146,-102,105,2,1
1,SARSA + PS,999,147,-272,200,8,0
1,SARSA + PS,999,148,-236,200,4,0
1,SARSA + PS,999,149,13,8,0,1
1,SARSA + PS,999,150,-245,200,5,0
1,SARSA + PS,999,151,-134,128,3,1
1,SARSA + PS,999,152,-6,18,1,1
1,SARSA + PS,999,153,-179,164,4,1
1,SARSA + PS,999,154,14,7,0,1
1,SARSA + PS,999,155,-13,25,1,1
1,SARSA + PS,999,156,-99,111,1,1
1,SARSA + PS,999,157,-218,176,7,1
1,SARSA + PS,999,158,-254,200,6,0
1,SARSA + PS,999,159,-96,90,3,1
1,SARSA + PS,999,160,-245,200,5,0
1,SARSA + PS,999,161,-134,119,4,1
1,SARSA + PS,999,162,-117,129,1,1
1,SARSA + PS,999,163,-36,48,1,1
1,SARSA + PS,999,164,-24,36,1,1
1,SARSA + PS,999,165,-272,200,8,0
1,SARSA + PS,999,166,-254,200,6,0
1,SARSA + PS,999,167,-191,167,5,1
1,SARSA + PS,999,168,-102,96,3,1
1,SARSA + PS,999,169,-46,58,1,1
1,SARSA + PS,999,170,1,20,0,1
1,SARSA + PS,999,171,-136,121,4,1
1,SARSA + PS,999,172,-192,141,8,1
1,SARSA + PS,999,173,-299,200,11,0
1,SARSA + PS,999,174,14,7,0,1
1,SARSA + PS,999,175,-36,39,2,1
1,SARSA + PS,999,176,-107,92,4,1
1,SARSA + PS,999,177,5,16,0,1
1,SARSA + PS,999,178,-272,200,8,0
1,SARSA + PS,999,179,-42,45,2,1
1,SARSA + PS,999,180,-18,21,2,1
1,SARSA + PS,999,181,-16,28,1,1
1,SARSA + PS,999,182,-133,118,4,1
1,SARSA + PS,999,183,-69,63,3,1
1,SARSA + PS,999,184,-13,25,1,1
1,SARSA + PS,999,185,-172,139,6,1
1,SARSA + PS,999,186,-159,108,8,1
1,SARSA + PS,999,187,-59,80,0,1
1,SARSA + PS,999,188,-72,57,4,1
1,SARSA + PS,999,189,-45,48,2,1
1,SARSA + PS,999,190,-254,200,6,0
1,SARSA + PS,999,191,-20,41,0,1
1,SARSA + PS,999,192,-7,28,0,1
1,SARSA + PS,999,193,-281,200,9,0
1,SARSA + PS,999,194,0,21,0,1
1,SARSA + PS,999,195,-10,22,1,1
1,SARSA + PS,999,196,-166,151,4,1
1,SARSA + PS,999,197,-44,56,1,1
1,SARSA + PS,999,198,-56,68,1,1
1,SARSA + PS,999,199,-47,50,2,1
1,SARSA + PS,999,200,-73,85,1,1
1,SARSA + PS,999,201,-63,66,2,1
1,SARSA + PS,999,202,10,11,0,1
1,SARSA + PS,999,203,4,8,1,1
1,SARSA + PS,999,204,-91,94,2,1
1,SARSA + PS,999,205,-66,51,4,1
1,SARSA + PS,999,206,-18,30,1,1
1,SARSA + PS,999,207,11,10,0,1
1,SARSA + PS,999,208,14,7,0,1
1,SARSA + PS,999,209,-69,63,3,1
1,SARSA + PS,999,210,-152,110,7,1
1,SARSA + PS,999,211,-1,22,0,1
1,SARSA + PS,999,212,-128,104,5,1
1,SARSA + PS,999,213,-85,61,5,1
1,SARSA + PS,999,214,-128,104,5,1
1,SARSA + PS,999,215,-299,200,11,0
1,SARSA + PS,999,216,-18,39,0,1
1,SARSA + PS,999,217,-107,110,2,1
1,SARSA + PS,999,218,-236,200,4,0
1,SARSA + PS,999,219,-41,53,1,1
1,SARSA + PS,999,220,4,17,0,1
1,SARSA + PS,999,221,9,12,0,1
1,SARSA + PS,999,222,-86,89,2,1
1,SARSA + PS,999,223,-8,20,1,1
1,SARSA + PS,999,224,-5,17,1,1
1,SARSA + PS,999,225,-65,68,2,1
1,SARSA + PS,999,226,-53,56,2,1
1,SARSA + PS,999,227,-44,56,1,1
1,SARSA + PS,999,228,-16,19,2,1
1,SARSA + PS,999,229,-39,51,1,1
1,SARSA + PS,999,230,-189,165,5,1
1,SARSA + PS,999,231,-16,28,1,1
1,SARSA + PS,999,232,9,12,0,1
1,SARSA + PS,999,233,-29,50,0,1
1,SARSA + PS,999,234,-74,59,4,1
1,SARSA + PS,999,235,-203,188,4,1
1,SARSA + PS,999,236,4,8,1,1
1,SARSA + PS,999,237,14,7,0,1
1,SARSA + PS,999,238,-65,86,0,1
1,SARSA + PS,999,239,-10,31,0,1
1,SARSA + PS,999,240,-66,69,2,1
1,SARSA + PS,999,241,-63,48,4,1
1,SARSA + PS,999,242,-97,91,3,1
1,SARSA + PS,999,243,14,7,0,1
1,SARSA + PS,999,244,-4,16,1,1
1,SARSA + PS,999,245,1,20,0,1
1,SARSA + PS,999,246,-101,77,5,1
1,SARSA + PS,999,247,14,7,0,1
1,SARSA + PS,999,248,-164,131,6,1
1,SARSA + PS,999,249,-87,99,1,1
1,SARSA + PS,999,250,-3,24,0,1
1,SARSA + PS,999,251,-64,76,1,1
1,SARSA + PS,999,252,0,21,0,1
1,SARSA + PS,999,253,-58,61,2,1
1,SARSA + PS,999,254,-11,32,0,1
1,SARSA + PS,999,255,-61,64,2,1
1,SARSA + PS,999,256,14,7,0,1
1,SARSA + PS,999,257,-8,29,0,1
1,SARSA + PS,999,258,-79,82,2,1
1,SARSA + PS,999,259,-84,78,3,1
1,SARSA + PS,999,260,14,7,0,1
1,SARSA + PS,999,261,-93,105,1,1
1,SARSA + PS,999,262,-299,200,11,0
1,SARSA + PS,999,263,-109,103,3,1
1,SARSA + PS,999,264,-169,154,4,1
1,SARSA + PS,999,265,6,15,0,1
1,SARSA + PS,999,266,-68,71,2,1
1,SARSA + PS,999,267,-50,44,3,1
1,SARSA + PS,999,268,-15,27,1,1
1,SARSA + PS,999,269,-39,51,1,1
1,SARSA + PS,999,270,-25,37,1,1
1,SARSA + PS,999,271,14,7,0,1
1,SARSA + PS,999,272,-72,66,3,1
1,SARSA + PS,999,273,-131,107,5,1
1,SARSA + PS,999,274,-14,35,0,1
1,SARSA + PS,999,275,-3,24,0,1
1,SARSA + PS,999,276,-33,45,1,1
1,SARSA + PS,999,277,2,10,1,1
1,SARSA + PS,999,278,1,11,1,1
1,SARSA + PS,999,279,-93,78,4,1
1,SARSA + PS,999,280,-6,27,0,1
1,SARSA + PS,999,281,4,8,1,1
1,SARSA + PS,999,282,-39,51,1,1
1,SARSA + PS,999,283,-16,37,0,1
1,SARSA + PS,999,284,8,13,0,1
1,SARSA + PS,999,285,-76,70,3,1
1,SARSA + PS,999,286,-31,34,2,1
1,SARSA + PS,999,287,10,11,0,1
1,SARSA + PS,999,288,-183,177,3,1
1,SARSA + PS,999,289,-30,42,1,1
1,SARSA + PS,999,290,-68,80,1,1
1,SARSA + PS,999,291,-254,200,6,0
1,SARSA + PS,999,292,-263,185,11,1
1,SARSA + PS,999,293,-4,25,0,1
1,SARSA + PS,999,294,9,12,0,1
1,SARSA + PS,999,295,15,6,0,1
1,SARSA + PS,999,296,-36,48,1,1
1,SARSA + PS,999,297,-61,46,4,1
1,SARSA + PS,999,298,0,21,0,1
1,SARSA + PS,999,299,-11,32,0,1
1,SARSA + PS,999,300,-183,168,4,1
1,SARSA + PS,999,301,-141,135,3,1
1,SARSA + PS,999,302,-93,96,2,1
1,SARSA + PS,999,303,-199,148,8,1
1,SARSA + PS,999,304,-1,22,0,1
1,SARSA + PS,999,305,-272,200,8,0
1,SARSA + PS,999,306,11,10,0,1
1,SARSA + PS,999,307,-11,32,0,1
1,SARSA + PS,999,308,-11,23,1,1
1,SARSA + PS,999,309,-66,69,2,1
1,SARSA + PS,999,310,-70,73,2,1
1,SARSA + PS,999,311,-3,24,0,1
1,SARSA + PS,999,312,-4,25,0,1
1,SARSA + PS,999,313,-241,190,8,1
1,SARSA + PS,999,314,-1,22,0,1
1,SARSA + PS,999,315,-94,97,2,1
1,SARSA + PS,999,316,-30,33,2,1
1,SARSA + PS,999,317,-19,31,1,1
1,SARSA + PS,999,318,-210,159,8,1
1,SARSA + PS,999,319,-6,27,0,1
1,SARSA + PS,999,320,-105,99,3,1
1,SARSA + PS,999,321,-29,32,2,1
1,SARSA + PS,999,322,-45,57,1,1
1,SARSA + PS,999,323,-66,69,2,1
1,SARSA + PS,999,324,-42,54,1,1
1,SARSA + PS,999,325,-4,16,1,1
1,SARSA + PS,999,326,2,10,1,1
1,SARSA + PS,999,327,-4,25,0,1
1,SARSA + PS,999,328,-29,41,1,1
1,SARSA + PS,999,329,13,8,0,1
1,SARSA + PS,999,330,-5,17,1,1
1,SARSA + PS,999,331,10,11,0,1
1,SARSA + PS,999,332,-24,36,1,1
1,SARSA + PS,999,333,-263,200,7,0
1,SARSA + PS,999,334,8,13,0,1
1,SARSA + PS,999,335,-24,36,1,1
1,SARSA + PS,999,336,-119,113,3,1
1,SARSA + PS,999,337,3,18,0,1
1,SARSA + PS,999,338,-20,32,1,1
1,SARSA + PS,999,339,-10,31,0,1
1,SARSA + PS,999,340,-81,75,3,1
1,SARSA + PS,999,341,-106,100,3,1
1,SARSA + PS,999,342,-3,15,1,1
1,SARSA + PS,999,343,9,12,0,1
1,SARSA + PS,999,344,-136,121,4,1
1,SARSA + PS,999,345,-22,34,1,1
1,SARSA + PS,999,346,-119,95,5,1
1,SARSA + PS,999,347,-21,33,1,1
1,SARSA + PS,999,348,9,12,0,1
1,SARSA + PS,999,349,-48,42,3,1
1,SARSA + PS,999,350,-7,28,0,1
1,SARSA + PS,999,351,-110,122,1,1
1,SARSA + PS,999,352,6,15,0,1
1,SARSA + PS,999,353,-162,138,5,1
1,SARSA + PS,999,354,12,9,0,1
1,SARSA + PS,999,355,1,20,0,1
1,SARSA + PS,999,356,-131,134,2,1
1,SARSA + PS,999,357,-4,25,0,1
1,SARSA + PS,999,358,-42,63,0,1
1,SARSA + PS,999,359,-17,29,1,1
1,SARSA + PS,999,360,-5,17,1,1
1,SARSA + PS,999,361,-7,19,1,1
1,SARSA + PS,999,362,-151,118,6,1
1,SARSA + PS,999,363,-72,75,2,1
1,SARSA + PS,999,364,3,18,0,1
1,SARSA + PS,999,365,-63,48,4,1
1,SARSA + PS,999,366,4,8,1,1
1,SARSA + PS,999,367,-51,63,1,1
1,SARSA + PS,999,368,10,11,0,1
1,SARSA + PS,999,369,-159,135,5,1
1,SARSA + PS,999,370,-169,136,6,1
1,SARSA + PS,999,371,1,11,1,1
1,SARSA + PS,999,372,9,12,0,1
1,SARSA + PS,999,373,-215,164,8,1
1,SARSA + PS,999,374,13,8,0,1
1,SARSA + PS,999,375,-29,32,2,1
1,SARSA + PS,999,376,10,11,0,1
1,SARSA + PS,999,377,-19,40,0,1
1,SARSA + PS,999,378,-9,12,2,1
1,SARSA + PS,999,379,-15,27,1,1
1,SARSA + PS,999,380,12,9,0,1
1,SARSA + PS,999,381,-47,50,2,1
1,SARSA + PS,999,382,-55,58,2,1
1,SARSA + PS,999,383,-11,32,0,1
1,SARSA + PS,999,384,-6,18,1,1
1,SARSA + PS,999,385,12,9,0,1
1,SARSA + PS,999,386,-34,46,1,1
1,SARSA + PS,999,387,-16,28,1,1
1,SARSA + PS,999,388,-101,95,3,1
1,SARSA + PS,999,389,-38,32,3,1
1,SARSA + PS,999,390,-3,24,0,1
1,SARSA + PS,999,391,3,18,0,1
1,SARSA + PS,999,392,-63,66,2,1
1,SARSA + PS,999,393,-58,61,2,1
1,SARSA + PS,999,394,-15,36,0,1
1,SARSA + PS,999,395,-9,30,0,1
1,SARSA + PS,999,396,-42,63,0,1
1,SARSA + PS,999,397,-8,20,1,1
1,SARSA + PS,999,398,-66,60,3,1
1,SARSA + PS,999,399,-56,59,2,1
1,SARSA + PS,999,400,10,11,0,1
1,SARSA + PS,999,401,-13,34,0,1
1,SARSA + PS,999,402,11,10,0,1
1,SARSA + PS,999,403,-37,58,0,1
1,SARSA + PS,999,404,-52,64,1,1
1,SARSA + PS,999,405,-59,80,0,1
1,SARSA + PS,999,406,-10,22,1,1
1,SARSA + PS,999,407,11,10,0,1
1,SARSA + PS,999,408,12,9,0,1
1,SARSA + PS,999,409,-5,17,1,1
1,SARSA + PS,999,410,-18,39,0,1
1,SARSA + PS,999,411,-3,24,0,1
1,SARSA + PS,999,412,-118,130,1,1
1,SARSA + PS,999,413,12,9,0,1
1,SARSA + PS,999,414,-52,46,3,1
1,SARSA + PS,999,415,7,14,0,1
1,SARSA + PS,999,416,-17,29,1,1
1,SARSA + PS,999,417,8,13,0,1
1,SARSA + PS,999,418,-34,28,3,1
1,SARSA + PS,999,419,11,10,0,1
1,SARSA + PS,999,420,-39,42,2,1
1,SARSA + PS,999,421,12,9,0,1
1,SARSA + PS,999,422,-30,42,1,1
1,SARSA + PS,999,423,-28,40,1,1
1,SARSA + PS,999,424,3,18,0,1
1,SARSA + PS,999,425,-37,49,1,1
1,SARSA + PS,999,426,-281,200,9,0
1,SARSA + PS,999,427,-36,48,1,1
1,SARSA + PS,999,428,12,9,0,1
1,SARSA + PS,999,429,-3,24,0,1
1,SARSA + PS,999,430,-31,34,2,1
1,SARSA + PS,999,431,-108,102,3,1
1,SARSA + PS,999,432,-17,20,2,1
1,SARSA + PS,999,433,-8,29,0,1
1,SARSA + PS,999,434,-8,20,1,1
1,SARSA + PS,999,435,14,7,0,1
1,SARSA + PS,999,436,-6,27,0,1
1,SARSA + PS,999,437,-41,44,2,1
1,SARSA + PS,999,438,12,9,0,1
1,SARSA + PS,999,439,9,12,0,1
1,SARSA + PS,999,440,0,12,1,1
1,SARSA + PS,999,441,11,10,0,1
1,SARSA + PS,999,442,9,12,0,1
1,SARSA + PS,999,443,14,7,0,1
1,SARSA + PS,999,444,-66,78,1,1
1,SARSA + PS,999,445,-29,14,4,1
1,SARSA + PS,999,446,9,12,0,1
1,SARSA + PS,999,447,10,11,0,1
1,SARSA + PS,999,448,-38,41,2,1
1,SARSA + PS,999,449,-19,31,1,1
1,SARSA + PS,999,450,-5,17,1,1
1,SARSA + PS,999,451,3,18,0,1
1,SARSA + PS,999,452,13,8,0,1
1,SARSA + PS,999,453,-46,49,2,1
1,SARSA + PS,999,454,-49,61,1,1
1,SARSA + PS,999,455,3,18,0,1
1,SARSA + PS,999,456,-4,16,1,1
1,SARSA + PS,999,457,-128,68,9,1
1,SARSA + PS,999,458,-35,38,2,1
1,SARSA + PS,999,459,-33,45,1,1
1,SARSA + PS,999,460,1,11,1,1
1,SARSA + PS,999,461,-6,18,1,1
1,SARSA + PS,999,462,-95,89,3,1
1,SARSA + PS,999,463,-103,97,3,1
1,SARSA + PS,999,464,-53,38,4,1
1,SARSA + PS,999,465,-2,14,1,1
1,SARSA + PS,999,466,-18,39,0,1
1,SARSA + PS,999,467,8,13,0,1
1,SARSA + PS,999,468,-88,82,3,1
1,SARSA + PS,999,469,-19,31,1,1
1,SARSA + PS,999,470,-87,99,1,1
1,SARSA + PS,999,471,-41,53,1,1
1,SARSA + PS,999,472,-147,132,4,1
1,SARSA + PS,999,473,-51,36,4,1
1,SARSA + PS,999,474,-245,200,5,0
1,SARSA + PS,999,475,9,12,0,1
1,SARSA + PS,999,476,-245,200,5,0
1,SARSA + PS,999,477,-11,32,0,1
1,SARSA + PS,999,478,-7,19,1,1
1,SARSA + PS,999,479,-5,17,1,1
1,SARSA + PS,999,480,10,11,0,1
1,SARSA + PS,999,481,-145,130,4,1
1,SARSA + PS,999,482,14,7,0,1
1,SARSA + PS,999,483,-155,140,4,1
1,SARSA + PS,999,484,-2,14,1,1
1,SARSA + PS,999,485,-50,62,1,1
1,SARSA + PS,999,486,-36,48,1,1
1,SARSA + PS,999,487,-12,33,0,1
1,SARSA + PS,999,488,13,8,0,1
1,SARSA + PS,999,489,5,16,0,1
1,SARSA + PS,999,490,10,11,0,1
1,SARSA + PS,999,491,-59,71,1,1
1,SARSA + PS,999,492,10,11,0,1
1,SARSA + PS,999,493,-8,29,0,1
1,SARSA + PS,999,494,-84,78,3,1
1,SARSA + PS,999,495,10,11,0,1
1,SARSA + PS,999,496,12,9,0,1
1,SARSA + PS,999,497,-47,59,1,1
1,SARSA + PS,999,498,2,19,0,1
1,SARSA + PS,999,499,0,21,0,1
1,SARSA + PS,2024,0,-740,200,60,0
1,SARSA + PS,2024,1,-605,200,45,0
1,SARSA + PS,2024,2,-17,38,0,1
1,SARSA + PS,2024,3,-659,200,51,0
1,SARSA + PS,2024,4,-695,200,55,0
1,SARSA + PS,2024,5,-722,200,58,0
1,SARSA + PS,2024,6,-231,135,13,1
1,SARSA + PS,2024,7,-668,200,52,0
1,SARSA + PS,2024,8,-512,164,41,1
1,SARSA + PS,2024,9,-686,200,54,0
1,SARSA + PS,2024,10,-668,200,52,0
1,SARSA + PS,2024,11,-578,200,42,0
1,SARSA + PS,2024,12,-650,200,50,0
1,SARSA + PS,2024,13,-740,200,60,0
1,SARSA + PS,2024,14,-543,159,45,1
1,SARSA + PS,2024,15,-398,200,22,0
1,SARSA + PS,2024,16,-650,200,50,0
1,SARSA + PS,2024,17,-227,200,3,0
1,SARSA + PS,2024,18,-245,200,5,0
1,SARSA + PS,2024,19,-524,200,36,0
1,SARSA + PS,2024,20,-236,200,4,0
1,SARSA + PS,2024,21,-362,200,18,0
1,SARSA + PS,2024,22,-623,200,47,0
1,SARSA + PS,2024,23,-542,200,38,0
1,SARSA + PS,2024,24,-122,116,3,1
1,SARSA + PS,2024,25,-785,200,65,0
1,SARSA + PS,2024,26,-578,200,42,0
1,SARSA + PS,2024,27,-515,200,35,0
1,SARSA + PS,2024,28,-290,200,10,0
1,SARSA + PS,2024,29,-272,200,8,0
1,SARSA + PS,2024,30,-668,200,52,0
1,SARSA + PS,2024,31,-371,200,19,0
1,SARSA + PS,2024,32,-326,200,14,0
1,SARSA + PS,2024,33,-216,57,20,1
1,SARSA + PS,2024,34,-524,200,36,0
1,SARSA + PS,2024,35,-263,200,7,0
1,SARSA + PS,2024,36,-650,200,50,0
1,SARSA + PS,2024,37,-290,200,10,0
1,SARSA + PS,2024,38,-245,200,5,0
1,SARSA + PS,2024,39,-254,200,6,0
1,SARSA + PS,2024,40,-740,200,60,0
1,SARSA + PS,2024,41,-236,200,4,0
1,SARSA + PS,2024,42,-227,200,3,0
1,SARSA + PS,2024,43,-272,200,8,0
1,SARSA + PS,2024,44,-34,55,0,1
1,SARSA + PS,2024,45,-551,200,39,0
1,SARSA + PS,2024,46,-380,200,20,0
1,SARSA + PS,2024,47,-254,200,6,0
1,SARSA + PS,2024,48,-236,200,4,0
1,SARSA + PS,2024,49,-272,200,8,0
1,SARSA + PS,2024,50,-254,200,6,0
1,SARSA + PS,2024,51,-488,200,32,0
1,SARSA + PS,2024,52,-281,200,9,0
1,SARSA + PS,2024,53,-389,200,21,0
1,SARSA + PS,2024,54,-227,200,3,0
1,SARSA + PS,2024,55,-281,200,9,0
1,SARSA + PS,2024,56,-362,200,18,0
1,SARSA + PS,2024,57,-245,200,5,0
1,SARSA + PS,2024,58,-245,200,5,0
1,SARSA + PS,2024,59,-236,200,4,0
1,SARSA + PS,2024,60,-641,200,49,0
1,SARSA + PS,2024,61,-109,94,4,1
1,SARSA + PS,2024,62,-605,200,45,0
1,SARSA + PS,2024,63,-199,166,6,1
1,SARSA + PS,2024,64,-236,200,4,0
1,SARSA + PS,2024,65,-254,200,6,0
1,SARSA + PS,2024,66,-155,131,5,1
1,SARSA + PS,2024,67,-281,200,9,0
1,SARSA + PS,2024,68,-317,200,13,0
1,SARSA + PS,2024,69,-245,200,5,0
1,SARSA + PS,2024,70,-245,200,5,0
1,SARSA + PS,2024,71,-135,102,6,1
1,SARSA + PS,2024,72,-281,200,9,0
1,SARSA + PS,2024,73,-234,120,15,1
1,SARSA + PS,2024,74,-308,200,12,0
1,SARSA + PS,2024,75,-140,125,4,1
1,SARSA + PS,2024,76,-35,47,1,1
1,SARSA + PS,2024,77,-254,200,6,0
1,SARSA + PS,2024,78,-263,200,7,0
1,SARSA + PS,2024,79,-263,200,7,0
1,SARSA + PS,2024,80,-99,75,5,1
1,SARSA + PS,2024,81,-236,200,4,0
1,SARSA + PS,2024,82,-263,200,7,0
1,SARSA + PS,2024,83,-317,200,13,0
1,SARSA + PS,2024,84,-125,92,6,1
1,SARSA + PS,2024,85,-143,146,2,1
1,SARSA + PS,2024,86,-192,150,7,1
1,SARSA + PS,2024,87,-236,200,4,0
1,SARSA + PS,2024,88,-254,200,6,0
1,SARSA + PS,2024,89,-49,61,1,1
1,SARSA + PS,2024,90,-77,80,2,1
1,SARSA + PS,2024,91,-209,200,1,0
1,SARSA + PS,2024,92,-222,171,8,1
1,SARSA + PS,2024,93,-10,22,1,1
1,SARSA + PS,2024,94,-209,200,1,0
1,SARSA + PS,2024,95,-227,200,3,0
1,SARSA + PS,2024,96,-254,200,6,0
1,SARSA + PS,2024,97,-227,200,3,0
1,SARSA + PS,2024,98,-39,42,2,1
1,SARSA + PS,2024,99,-227,200,3,0
1,SARSA + PS,2024,100,-69,72,2,1
1,SARSA + PS,2024,101,-14,26,1,1
1,SARSA + PS,2024,102,-218,200,2,0
1,SARSA + PS,2024,103,-263,200,7,0
1,SARSA + PS,2024,104,-25,28,2,1
1,SARSA + PS,2024,105,-103,97,3,1
1,SARSA + PS,2024,106,-157,151,3,1
1,SARSA + PS,2024,107,-33,45,1,1
1,SARSA + PS,2024,108,-129,114,4,1
1,SARSA + PS,2024,109,-245,200,5,0
1,SARSA + PS,2024,110,-112,133,0,1
1,SARSA + PS,2024,111,-244,193,8,1
1,SARSA + PS,2024,112,-245,200,5,0
1,SARSA + PS,2024,113,-233,182,8,1
1,SARSA + PS,2024,114,-134,137,2,1
1,SARSA + PS,2024,115,-200,176,5,1
1,SARSA + PS,2024,116,-254,200,6,0
1,SARSA + PS,2024,117,-4,25,0,1
1,SARSA + PS,2024,118,-11,14,2,1
1,SARSA + PS,2024,119,-263,200,7,0
1,SARSA + PS,2024,120,-91,85,3,1
1,SARSA + PS,2024,121,-64,76,1,1
1,SARSA + PS,2024,122,-281,200,9,0
1,SARSA + PS,2024,123,-109,121,1,1
1,SARSA + PS,2024,124,-236,200,4,0
1,SARSA + PS,2024,125,-87,90,2,1
1,SARSA + PS,2024,126,-24,36,1,1
1,SARSA + PS,2024,127,-254,200,6,0
1,SARSA + PS,2024,128,2,19,0,1
1,SARSA + PS,2024,129,-254,200,6,0
1,SARSA + PS,2024,130,-141,99,7,1
1,SARSA + PS,2024,131,-281,200,9,0
1,SARSA + PS,2024,132,-281,200,9,0
1,SARSA + PS,2024,133,-272,200,8,0
1,SARSA + PS,2024,134,-236,200,4,0
1,SARSA + PS,2024,135,-263,200,7,0
1,SARSA + PS,2024,136,-245,200,5,0
1,SARSA + PS,2024,137,-204,198,3,1
1,SARSA + PS,2024,138,-281,200,9,0
1,SARSA + PS,2024,139,-118,121,2,1
1,SARSA + PS,2024,140,-299,200,11,0
1,SARSA + PS,2024,141,-254,200,6,0
1,SARSA + PS,2024,142,-58,61,2,1
1,SARSA + PS,2024,143,-229,196,6,1
1,SARSA + PS,2024,144,-27,48,0,1
1,SARSA + PS,2024,145,-14,35,0,1
1,SARSA + PS,2024,146,-105,108,2,1
1,SARSA + PS,2024,147,-168,135,6,1
1,SARSA + PS,2024,148,-236,200,4,0
1,SARSA + PS,2024,149,-272,200,8,0
1,SARSA + PS,2024,150,-290,200,10,0
1,SARSA + PS,2024,151,-95,80,4,1
1,SARSA + PS,2024,152,-281,200,9,0
1,SARSA + PS,2024,153,-12,24,1,1
1,SARSA + PS,2024,154,11,10,0,1
1,SARSA + PS,2024,155,-7,19,1,1
1,SARSA + PS,2024,156,-176,179,2,1
1,SARSA + PS,2024,157,-159,153,3,1
1,SARSA + PS,2024,158,-62,74,1,1
1,SARSA + PS,2024,159,-245,200,5,0
1,SARSA + PS,2024,160,-123,99,5,1
1,SARSA + PS,2024,161,-71,65,3,1
1,SARSA + PS,2024,162,-134,137,2,1
1,SARSA + PS,2024,163,-120,114,3,1
1,SARSA + PS,2024,164,12,9,0,1
1,SARSA + PS,2024,165,-22,25,2,1
1,SARSA + PS,2024,166,-254,200,6,0
1,SARSA + PS,2024,167,-263,200,7,0
1,SARSA + PS,2024,168,-164,122,7,1
1,SARSA + PS,2024,169,-197,173,5,1
1,SARSA + PS,2024,170,-204,180,5,1
1,SARSA + PS,2024,171,-17,38,0,1
1,SARSA + PS,2024,172,-245,200,5,0
1,SARSA + PS,2024,173,-254,200,6,0
1,SARSA + PS,2024,174,-263,200,7,0
1,SARSA + PS,2024,175,-86,98,1,1
1,SARSA + PS,2024,176,-225,174,8,1
1,SARSA + PS,2024,177,-125,74,8,1
1,SARSA + PS,2024,178,-254,200,6,0
1,SARSA + PS,2024,179,-166,133,6,1
1,SARSA + PS,2024,180,-263,200,7,0
1,SARSA + PS,2024,181,-68,80,1,1
1,SARSA + PS,2024,182,5,16,0,1
1,SARSA + PS,2024,183,-213,189,5,1
1,SARSA + PS,2024,184,15,6,0,1
1,SARSA + PS,2024,185,-60,63,2,1
1,SARSA + PS,2024,186,-147,150,2,1
1,SARSA + PS,2024,187,-22,34,1,1
1,SARSA + PS,2024,188,-11,32,0,1
1,SARSA + PS,2024,189,-203,152,8,1
1,SARSA + PS,2024,190,-87,90,2,1
1,SARSA + PS,2024,191,-109,112,2,1
1,SARSA + PS,2024,192,-12,33,0,1
1,SARSA + PS,2024,193,-101,68,6,1
1,SARSA + PS,2024,194,-139,142,2,1
1,SARSA + PS,2024,195,-81,93,1,1
1,SARSA + PS,2024,196,-31,34,2,1
1,SARSA + PS,2024,197,-54,75,0,1
1,SARSA + PS,2024,198,-46,58,1,1
1,SARSA + PS,2024,199,-14,35,0,1
1,SARSA + PS,2024,200,-116,83,6,1
1,SARSA + PS,2024,201,0,12,1,1
1,SARSA + PS,2024,202,-152,137,4,1
1,SARSA + PS,2024,203,13,8,0,1
1,SARSA + PS,2024,204,-87,81,3,1
1,SARSA + PS,2024,205,1,20,0,1
1,SARSA + PS,2024,206,-3,24,0,1
1,SARSA + PS,2024,207,-263,200,7,0
1,SARSA + PS,2024,208,-218,200,2,0
1,SARSA + PS,2024,209,-272,200,8,0
1,SARSA + PS,2024,210,-281,200,9,0
1,SARSA + PS,2024,211,-130,106,5,1
1,SARSA + PS,2024,212,6,15,0,1
1,SARSA + PS,2024,213,-272,200,8,0
1,SARSA + PS,2024,214,0,21,0,1
1,SARSA + PS,2024,215,-126,102,5,1
1,SARSA + PS,2024,216,-263,200,7,0
1,SARSA + PS,2024,217,-55,67,1,1
1,SARSA + PS,2024,218,-104,98,3,1
1,SARSA + PS,2024,219,-118,103,4,1
1,SARSA + PS,2024,220,-245,200,5,0
1,SARSA + PS,2024,221,-51,63,1,1
1,SARSA + PS,2024,222,-140,125,4,1
1,SARSA + PS,2024,223,-18,30,1,1
1,SARSA + PS,2024,224,-150,117,6,1
1,SARSA + PS,2024,225,-7,28,0,1
1,SARSA + PS,2024,226,-149,134,4,1
1,SARSA + PS,2024,227,-28,40,1,1
1,SARSA + PS,2024,228,-77,80,2,1
1,SARSA + PS,2024,229,8,13,0,1
1,SARSA + PS,2024,230,-32,53,0,1
1,SARSA + PS,2024,231,-136,130,3,1
1,SARSA + PS,2024,232,-158,125,6,1
1,SARSA + PS,2024,233,-12,33,0,1
1,SARSA + PS,2024,234,-116,119,2,1
1,SARSA + PS,2024,235,-236,200,4,0
1,SARSA + PS,2024,236,-10,22,1,1
1,SARSA + PS,2024,237,-6,27,0,1
1,SARSA + PS,2024,238,-308,200,12,0
1,SARSA + PS,2024,239,-254,200,6,0
1,SARSA + PS,2024,240,-17,20,2,1
1,SARSA + PS,2024,241,-103,97,3,1
1,SARSA + PS,2024,242,15,6,0,1
1,SARSA + PS,2024,243,-254,200,6,0
1,SARSA + PS,2024,244,-29,41,1,1
1,SARSA + PS,2024,245,-149,116,6,1
1,SARSA + PS,2024,246,-50,53,2,1
1,SARSA + PS,2024,247,-4,25,0,1
1,SARSA + PS,2024,248,-92,86,3,1
1,SARSA + PS,2024,249,-245,200,5,0
1,SARSA + PS,2024,250,-32,35,2,1
1,SARSA + PS,2024,251,-78,81,2,1
1,SARSA + PS,2024,252,-218,200,2,0
1,SARSA + PS,2024,253,-86,98,1,1
1,SARSA + PS,2024,254,-272,200,8,0
1,SARSA + PS,2024,255,12,9,0,1
1,SARSA + PS,2024,256,-5,17,1,1
1,SARSA + PS,2024,257,-254,200,6,0
1,SARSA + PS,2024,258,-281,200,9,0
1,SARSA + PS,2024,259,-138,141,2,1
1,SARSA + PS,2024,260,-245,200,5,0
1,SARSA + PS,2024,261,-254,200,6,0
1,SARSA + PS,2024,262,0,21,0,1
1,SARSA + PS,2024,263,-254,200,6,0
1,SARSA + PS,2024,264,-79,82,2,1
1,SARSA + PS,2024,265,-28,31,2,1
1,SARSA + PS,2024,266,-281,200,9,0
1,SARSA + PS,2024,267,-137,113,5,1
1,SARSA + PS,2024,268,-308,200,12,0
1,SARSA + PS,2024,269,12,9,0,1
1,SARSA + PS,2024,270,-77,62,4,1
1,SARSA + PS,2024,271,-51,54,2,1
1,SARSA + PS,2024,272,-21,42,0,1
1,SARSA + PS,2024,273,-14,26,1,1
1,SARSA + PS,2024,274,9,12,0,1
1,SARSA + PS,2024,275,-220,187,6,1
1,SARSA + PS,2024,276,-11,32,0,1
1,SARSA + PS,2024,277,-85,61,5,1
1,SARSA + PS,2024,278,-16,28,1,1
1,SARSA + PS,2024,279,-29,41,1,1
1,SARSA + PS,2024,280,-19,40,0,1
1,SARSA + PS,2024,281,-227,200,3,0
1,SARSA + PS,2024,282,-136,112,5,1
1,SARSA + PS,2024,283,-119,95,5,1
1,SARSA + PS,2024,284,6,15,0,1
1,SARSA + PS,2024,285,-48,51,2,1
1,SARSA + PS,2024,286,-10,22,1,1
1,SARSA + PS,2024,287,-58,70,1,1
1,SARSA + PS,2024,288,-51,72,0,1
1,SARSA + PS,2024,289,-5,26,0,1
1,SARSA + PS,2024,290,-299,200,11,0
1,SARSA + PS,2024,291,-281,200,9,0
1,SARSA + PS,2024,292,-6,27,0,1
1,SARSA + PS,2024,293,-14,35,0,1
1,SARSA + PS,2024,294,-78,54,5,1
1,SARSA + PS,2024,295,-65,68,2,1
1,SARSA + PS,2024,296,-46,49,2,1
1,SARSA + PS,2024,297,-82,76,3,1
1,SARSA + PS,2024,298,-236,200,4,0
1,SARSA + PS,2024,299,-15,27,1,1
1,SARSA + PS,2024,300,-103,97,3,1
1,SARSA + PS,2024,301,-10,22,1,1
1,SARSA + PS,2024,302,-19,22,2,1
1,SARSA + PS,2024,303,2,19,0,1
1,SARSA + PS,2024,304,8,13,0,1
1,SARSA + PS,2024,305,5,16,0,1
1,SARSA + PS,2024,306,-85,97,1,1
1,SARSA + PS,2024,307,-158,143,4,1
1,SARSA + PS,2024,308,-30,42,1,1
1,SARSA + PS,2024,309,-23,44,0,1
1,SARSA + PS,2024,310,-18,30,1,1
1,SARSA + PS,2024,311,-18,30,1,1
1,SARSA + PS,2024,312,-132,135,2,1
1,SARSA + PS,2024,313,1,20,0,1
1,SARSA + PS,2024,314,-198,138,9,1
1,SARSA + PS,2024,315,-245,200,5,0
1,SARSA + PS,2024,316,-120,105,4,1
1,SARSA + PS,2024,317,-91,76,4,1
1,SARSA + PS,2024,318,-36,57,0,1
1,SARSA + PS,2024,319,-263,200,7,0
1,SARSA + PS,2024,320,-93,96,2,1
1,SARSA + PS,2024,321,-30,51,0,1
1,SARSA + PS,2024,322,2,19,0,1
1,SARSA + PS,2024,323,-20,32,1,1
1,SARSA + PS,2024,324,-3,24,0,1
1,SARSA + PS,2024,325,-12,24,1,1
1,SARSA + PS,2024,326,-50,44,3,1
1,SARSA + PS,2024,327,0,21,0,1
1,SARSA + PS,2024,328,-32,53,0,1
1,SARSA + PS,2024,329,0,12,1,1
1,SARSA + PS,2024,330,-91,85,3,1
1,SARSA + PS,2024,331,-191,158,6,1
1,SARSA + PS,2024,332,5,16,0,1
1,SARSA + PS,2024,333,-51,63,1,1
1,SARSA + PS,2024,334,-32,35,2,1
1,SARSA + PS,2024,335,-43,55,1,1
1,SARSA + PS,2024,336,-15,27,1,1
1,SARSA + PS,2024,337,10,11,0,1
1,SARSA + PS,2024,338,13,8,0,1
1,SARSA + PS,2024,339,-130,115,4,1
1,SARSA + PS,2024,340,12,9,0,1
1,SARSA + PS,2024,341,-12,24,1,1
1,SARSA + PS,2024,342,-81,75,3,1
1,SARSA + PS,2024,343,12,9,0,1
1,SARSA + PS,2024,344,-71,74,2,1
1,SARSA + PS,2024,345,-4,25,0,1
1,SARSA + PS,2024,346,-58,61,2,1
1,SARSA + PS,2024,347,10,11,0,1
1,SARSA + PS,2024,348,-35,38,2,1
1,SARSA + PS,2024,349,8,13,0,1
1,SARSA + PS,2024,350,-44,47,2,1
1,SARSA + PS,2024,351,11,10,0,1
1,SARSA + PS,2024,352,-96,81,4,1
1,SARSA + PS,2024,353,-195,162,6,1
1,SARSA + PS,2024,354,10,11,0,1
1,SARSA + PS,2024,355,-22,34,1,1
1,SARSA + PS,2024,356,-14,35,0,1
1,SARSA + PS,2024,357,14,7,0,1
1,SARSA + PS,2024,358,-4,25,0,1
1,SARSA + PS,2024,359,13,8,0,1
1,SARSA + PS,2024,360,-16,28,1,1
1,SARSA + PS,2024,361,-61,82,0,1
1,SARSA + PS,2024,362,-38,41,2,1
1,SARSA + PS,2024,363,-38,50,1,1
1,SARSA + PS,2024,364,-131,116,4,1
1,SARSA + PS,2024,365,9,12,0,1
1,SARSA + PS,2024,366,-100,67,6,1
1,SARSA + PS,2024,367,-174,141,6,1
1,SARSA + PS,2024,368,-12,24,1,1
1,SARSA + PS,2024,369,-148,115,6,1
1,SARSA + PS,2024,370,-18,30,1,1
1,SARSA + PS,2024,371,-15,18,2,1
1,SARSA + PS,2024,372,-22,43,0,1
1,SARSA + PS,2024,373,3,9,1,1
1,SARSA + PS,2024,374,-40,43,2,1
1,SARSA + PS,2024,375,-11,32,0,1
1,SARSA + PS,2024,376,-66,60,3,1
1,SARSA + PS,2024,377,-70,64,3,1
1,SARSA + PS,2024,378,-31,52,0,1
1,SARSA + PS,2024,379,-46,49,2,1
1,SARSA + PS,2024,380,11,10,0,1
1,SARSA + PS,2024,381,-81,75,3,1
1,SARSA + PS,2024,382,9,12,0,1
1,SARSA + PS,2024,383,-93,87,3,1
1,SARSA + PS,2024,384,-13,34,0,1
1,SARSA + PS,2024,385,-151,118,6,1
1,SARSA + PS,2024,386,-55,67,1,1
1,SARSA + PS,2024,387,-90,75,4,1
1,SARSA + PS,2024,388,-22,43,0,1
1,SARSA + PS,2024,389,-7,28,0,1
1,SARSA + PS,2024,390,-67,61,3,1
1,SARSA + PS,2024,391,-69,63,3,1
1,SARSA + PS,2024,392,1,11,1,1
1,SARSA + PS,2024,393,-87,90,2,1
1,SARSA + PS,2024,394,10,11,0,1
1,SARSA + PS,2024,395,-18,30,1,1
1,SARSA + PS,2024,396,11,10,0,1
1,SARSA + PS,2024,397,-64,67,2,1
1,SARSA + PS,2024,398,-107,92,4,1
1,SARSA + PS,2024,399,-40,34,3,1
1,SARSA + PS,2024,400,-3,24,0,1
1,SARSA + PS,2024,401,-11,14,2,1
1,SARSA + PS,2024,402,4,17,0,1
1,SARSA + PS,2024,403,1,11,1,1
1,SARSA + PS,2024,404,-202,160,7,1
1,SARSA + PS,2024,405,11,10,0,1
1,SARSA + PS,2024,406,-13,16,2,1
1,SARSA + PS,2024,407,14,7,0,1
1,SARSA + PS,2024,408,-56,50,3,1
1,SARSA + PS,2024,409,-1,22,0,1
1,SARSA + PS,2024,410,-42,36,3,1
1,SARSA + PS,2024,411,4,17,0,1
1,SARSA + PS,2024,412,6,15,0,1
1,SARSA + PS,2024,413,-7,19,1,1
1,SARSA + PS,2024,414,-83,77,3,1
1,SARSA + PS,2024,415,-8,29,0,1
1,SARSA + PS,2024,416,-203,170,6,1
1,SARSA + PS,2024,417,-37,40,2,1
1,SARSA + PS,2024,418,-94,70,5,1
1,SARSA + PS,2024,419,-7,28,0,1
1,SARSA + PS,2024,420,7,14,0,1
1,SARSA + PS,2024,421,3,18,0,1
1,SARSA + PS,2024,422,-27,39,1,1
1,SARSA + PS,2024,423,1,11,1,1
1,SARSA + PS,2024,424,-37,31,3,1
1,SARSA + PS,2024,425,11,10,0,1
1,SARSA + PS,2024,426,10,11,0,1
1,SARSA + PS,2024,427,5,16,0,1
1,SARSA + PS,2024,428,-200,176,5,1
1,SARSA + PS,2024,429,15,6,0,1
1,SARSA + PS,2024,430,11,10,0,1
1,SARSA + PS,2024,431,-27,39,1,1
1,SARSA + PS,2024,432,-5,17,1,1
1,SARSA + PS,2024,433,-109,94,4,1
1,SARSA + PS,2024,434,-86,89,2,1
1,SARSA + PS,2024,435,-16,37,0,1
1,SARSA + PS,2024,436,7,14,0,1
1,SARSA + PS,2024,437,-3,24,0,1
1,SARSA + PS,2024,438,-35,47,1,1
1,SARSA + PS,2024,439,-254,200,6,0
1,SARSA + PS,2024,440,10,11,0,1
1,SARSA + PS,2024,441,6,15,0,1
1,SARSA + PS,2024,442,-11,23,1,1
1,SARSA + PS,2024,443,-71,74,2,1
1,SARSA + PS,2024,444,-52,64,1,1
1,SARSA + PS,2024,445,-82,76,3,1
1,SARSA + PS,2024,446,-3,15,1,1
1,SARSA + PS,2024,447,-14,35,0,1
1,SARSA + PS,2024,448,12,9,0,1
1,SARSA + PS,2024,449,-51,54,2,1
1,SARSA + PS,2024,450,-6,27,0,1
1,SARSA + PS,2024,451,-24,36,1,1
1,SARSA + PS,2024,452,-18,30,1,1
1,SARSA + PS,2024,453,-124,91,6,1
1,SARSA + PS,2024,454,-56,59,2,1
1,SARSA + PS,2024,455,6,15,0,1
1,SARSA + PS,2024,456,-27,39,1,1
1,SARSA + PS,2024,457,4,17,0,1
1,SARSA + PS,2024,458,-93,87,3,1
1,SARSA + PS,2024,459,-11,32,0,1
1,SARSA + PS,2024,460,7,14,0,1
1,SARSA + PS,2024,461,-81,66,4,1
1,SARSA + PS,2024,462,-92,68,5,1
1,SARSA + PS,2024,463,-108,111,2,1
1,SARSA + PS,2024,464,-32,44,1,1
1,SARSA + PS,2024,465,9,12,0,1
1,SARSA + PS,2024,466,4,17,0,1
1,SARSA + PS,2024,467,-27,30,2,1
1,SARSA + PS,2024,468,9,12,0,1
1,SARSA + PS,2024,469,-75,87,1,1
1,SARSA + PS,2024,470,9,12,0,1
1,SARSA + PS,2024,471,-7,19,1,1
1,SARSA + PS,2024,472,-8,20,1,1
1,SARSA + PS,2024,473,11,10,0,1
1,SARSA + PS,2024,474,-105,108,2,1
1,SARSA + PS,2024,475,-2,23,0,1
1,SARSA + PS,2024,476,5,16,0,1
1,SARSA + PS,2024,477,-126,102,5,1
1,SARSA + PS,2024,478,7,14,0,1
1,SARSA + PS,2024,479,-38,50,1,1
1,SARSA + PS,2024,480,2,19,0,1
1,SARSA + PS,2024,481,9,12,0,1
1,SARSA + PS,2024,482,-65,77,1,1
1,SARSA + PS,2024,483,-32,44,1,1
1,SARSA + PS,2024,484,2,10,1,1
1,SARSA + PS,2024,485,-11,14,2,1
1,SARSA + PS,2024,486,9,12,0,1
1,SARSA + PS,2024,487,1,11,1,1
1,SARSA + PS,2024,488,10,11,0,1
1,SARSA + PS,2024,489,-115,91,5,1
1,SARSA + PS,2024,490,11,10,0,1
1,SARSA + PS,2024,491,-38,50,1,1
1,SARSA + PS,2024,492,6,15,0,1
1,SARSA + PS,2024,493,-24,45,0,1
1,SARSA + PS,2024,494,-4,16,1,1
1,SARSA + PS,2024,495,-10,31,0,1
1,SARSA + PS,2024,496,-67,61,3,1
1,SARSA + PS,2024,497,-13,16,2,1
1,SARSA + PS,2024,498,-13,25,1,1
1,SARSA + PS,2024,499,10,11,0,1
1,SARSA + PS + Kernel,42,0,-569,200,41,0
1,SARSA + PS + Kernel,42,1,-578,200,42,0
1,SARSA + PS + Kernel,42,2,-533,200,37,0
1,SARSA + PS + Kernel,42,3,-533,200,37,0
1,SARSA + PS + Kernel,42,4,-578,200,42,0
1,SARSA + PS + Kernel,42,5,-596,200,44,0
1,SARSA + PS + Kernel,42,6,-560,200,40,0
1,SARSA + PS + Kernel,42,7,-479,200,31,0
1,SARSA + PS + Kernel,42,8,-371,200,19,0
1,SARSA + PS + Kernel,42,9,-299,200,11,0
1,SARSA + PS + Kernel,42,10,-362,200,18,0
1,SARSA + PS + Kernel,42,11,-389,200,21,0
1,SARSA + PS + Kernel,42,12,-206,155,8,1
1,SARSA + PS + Kernel,42,13,-524,200,36,0
1,SARSA + PS + Kernel,42,14,-551,200,39,0
1,SARSA + PS + Kernel,42,15,-416,200,24,0
1,SARSA + PS + Kernel,42,16,-398,200,22,0
1,SARSA + PS + Kernel,42,17,-407,200,23,0
1,SARSA + PS + Kernel,42,18,-434,200,26,0
1,SARSA + PS + Kernel,42,19,-414,174,29,1
1,SARSA + PS + Kernel,42,20,-587,200,43,0
1,SARSA + PS + Kernel,42,21,-434,200,26,0
1,SARSA + PS + Kernel,42,22,-488,200,32,0
1,SARSA + PS + Kernel,42,23,-569,200,41,0
1,SARSA + PS + Kernel,42,24,-353,200,17,0
1,SARSA + PS + Kernel,42,25,-488,200,32,0
1,SARSA + PS + Kernel,42,26,-236,200,4,0
1,SARSA + PS + Kernel,42,27,-416,200,24,0
1,SARSA + PS + Kernel,42,28,-389,200,21,0
1,SARSA + PS + Kernel,42,29,-452,200,28,0
1,SARSA + PS + Kernel,42,30,-479,200,31,0
1,SARSA + PS + Kernel,42,31,-434,200,26,0
1,SARSA + PS + Kernel,42,32,-389,200,21,0
1,SARSA + PS + Kernel,42,33,-398,200,22,0
1,SARSA + PS + Kernel,42,34,-353,200,17,0
1,SARSA + PS + Kernel,42,35,-308,200,12,0
1,SARSA + PS + Kernel,42,36,-515,200,35,0
1,SARSA + PS + Kernel,42,37,-389,200,21,0
1,SARSA + PS + Kernel,42,38,-61,64,2,1
1,SARSA + PS + Kernel,42,39,-524,200,36,0
1,SARSA + PS + Kernel,42,40,-407,200,23,0
1,SARSA + PS + Kernel,42,41,-371,200,19,0
1,SARSA + PS + Kernel,42,42,-308,200,12,0
1,SARSA + PS + Kernel,42,43,-15,27,1,1
1,SARSA + PS + Kernel,42,44,-141,108,6,1
1,SARSA + PS + Kernel,42,45,-290,200,10,0
1,SARSA + PS + Kernel,42,46,-34,37,2,1
1,SARSA + PS + Kernel,42,47,-146,122,5,1
1,SARSA + PS + Kernel,42,48,-326,200,14,0
1,SARSA + PS + Kernel,42,49,-317,200,13,0
1,SARSA + PS + Kernel,42,50,-452,200,28,0
1,SARSA + PS + Kernel,42,51,-308,200,12,0
1,SARSA + PS + Kernel,42,52,-299,200,11,0
1,SARSA + PS + Kernel,42,53,-187,154,6,1
1,SARSA + PS + Kernel,42,54,-317,200,13,0
1,SARSA + PS + Kernel,42,55,-380,200,20,0
1,SARSA + PS + Kernel,42,56,-245,200,5,0
1,SARSA + PS + Kernel,42,57,-245,200,5,0
1,SARSA + PS + Kernel,42,58,-298,184,15,1
1,SARSA + PS + Kernel,42,59,-227,200,3,0
1,SARSA + PS + Kernel,42,60,-206,110,13,1
1,SARSA + PS + Kernel,42,61,-425,200,25,0
1,SARSA + PS + Kernel,42,62,-281,200,9,0
1,SARSA + PS + Kernel,42,63,-136,139,2,1
1,SARSA + PS + Kernel,42,64,-263,200,7,0
1,SARSA + PS + Kernel,42,65,-407,200,23,0
1,SARSA + PS + Kernel,42,66,-184,178,3,1
1,SARSA + PS + Kernel,42,67,-254,200,6,0
1,SARSA + PS + Kernel,42,68,-299,200,11,0
1,SARSA + PS + Kernel,42,69,-317,200,13,0
1,SARSA + PS + Kernel,42,70,-188,83,14,1
1,SARSA + PS + Kernel,42,71,-452,200,28,0
1,SARSA + PS + Kernel,42,72,-362,200,18,0
1,SARSA + PS + Kernel,42,73,-78,81,2,1
1,SARSA + PS + Kernel,42,74,-326,200,14,0
1,SARSA + PS + Kernel,42,75,-168,135,6,1
1,SARSA + PS + Kernel,42,76,-326,200,14,0
1,SARSA + PS + Kernel,42,77,6,15,0,1
1,SARSA + PS + Kernel,42,78,-263,200,7,0
1,SARSA + PS + Kernel,42,79,-272,200,8,0
1,SARSA + PS + Kernel,42,80,-97,91,3,1
1,SARSA + PS + Kernel,42,81,-290,200,10,0
1,SARSA + PS + Kernel,42,82,-237,177,9,1
1,SARSA + PS + Kernel,42,83,-227,200,3,0
1,SARSA + PS + Kernel,42,84,-236,200,4,0
1,SARSA + PS + Kernel,42,85,-67,70,2,1
1,SARSA + PS + Kernel,42,86,-326,200,14,0
1,SARSA + PS + Kernel,42,87,-299,200,11,0
1,SARSA + PS + Kernel,42,88,-263,200,7,0
1,SARSA + PS + Kernel,42,89,-317,200,13,0
1,SARSA + PS + Kernel,42,90,-134,146,1,1
1,SARSA + PS + Kernel,42,91,-215,182,6,1
1,SARSA + PS + Kernel,42,92,-407,200,23,0
1,SARSA + PS + Kernel,42,93,-308,200,12,0
1,SARSA + PS + Kernel,42,94,-227,200,3,0
1,SARSA + PS + Kernel,42,95,-335,200,15,0
1,SARSA + PS + Kernel,42,96,-167,152,4,1
1,SARSA + PS + Kernel,42,97,-373,160,26,1
1,SARSA + PS + Kernel,42,98,-254,200,6,0
1,SARSA + PS + Kernel,42,99,-142,118,5,1
1,SARSA + PS + Kernel,42,100,-188,173,4,1
1,SARSA + PS + Kernel,42,101,-263,200,7,0
1,SARSA + PS + Kernel,42,102,-156,132,5,1
1,SARSA + PS + Kernel,42,103,-278,200,11,1
1,SARSA + PS + Kernel,42,104,-119,122,2,1
1,SARSA + PS + Kernel,42,105,-281,200,9,0
1,SARSA + PS + Kernel,42,106,-184,196,1,1
1,SARSA + PS + Kernel,42,107,-163,157,3,1
1,SARSA + PS + Kernel,42,108,15,6,0,1
1,SARSA + PS + Kernel,42,109,-281,194,12,1
1,SARSA + PS + Kernel,42,110,-339,198,18,1
1,SARSA + PS + Kernel,42,111,-1,22,0,1
1,SARSA + PS + Kernel,42,112,-308,200,12,0
1,SARSA + PS + Kernel,42,113,-263,200,7,0
1,SARSA + PS + Kernel,42,114,-62,65,2,1
1,SARSA + PS + Kernel,42,115,-16,37,0,1
1,SARSA + PS + Kernel,42,116,-254,200,6,0
1,SARSA + PS + Kernel,42,117,-16,37,0,1
1,SARSA + PS + Kernel,42,118,-50,53,2,1
1,SARSA + PS + Kernel,42,119,-125,101,5,1
1,SARSA + PS + Kernel,42,120,-133,109,5,1
1,SARSA + PS + Kernel,42,121,2,19,0,1
1,SARSA + PS + Kernel,42,122,-63,75,1,1
1,SARSA + PS + Kernel,42,123,-113,98,4,1
1,SARSA + PS + Kernel,42,124,-35,56,0,1
1,SARSA + PS + Kernel,42,125,-130,124,3,1
1,SARSA + PS + Kernel,42,126,-236,185,8,1
1,SARSA + PS + Kernel,42,127,-14,35,0,1
1,SARSA + PS + Kernel,42,128,-263,200,7,0
1,SARSA + PS + Kernel,42,129,-87,90,2,1
1,SARSA + PS + Kernel,42,130,-7,19,1,1
1,SARSA + PS + Kernel,42,131,-78,72,3,1
1,SARSA + PS + Kernel,42,132,-141,108,6,1
1,SARSA + PS + Kernel,42,133,-27,48,0,1
1,SARSA + PS + Kernel,42,134,-39,60,0,1
1,SARSA + PS + Kernel,42,135,-77,80,2,1
1,SARSA + PS + Kernel,42,136,-170,164,3,1
1,SARSA + PS + Kernel,42,137,-145,130,4,1
1,SARSA + PS + Kernel,42,138,-126,111,4,1
1,SARSA + PS + Kernel,42,139,-206,182,5,1
1,SARSA + PS + Kernel,42,140,-58,61,2,1
1,SARSA + PS + Kernel,42,141,-12,24,1,1
1,SARSA + PS + Kernel,42,142,-299,200,11,0
1,SARSA + PS + Kernel,42,143,-204,171,6,1
1,SARSA + PS + Kernel,42,144,-187,163,5,1
1,SARSA + PS + Kernel,42,145,-112,88,5,1
1,SARSA + PS + Kernel,42,146,-39,51,1,1
1,SARSA + PS + Kernel,42,147,-169,136,6,1
1,SARSA + PS + Kernel,42,148,-113,89,5,1
1,SARSA + PS + Kernel,42,149,-183,141,7,1
1,SARSA + PS + Kernel,42,150,-40,43,2,1
1,SARSA + PS + Kernel,42,151,-49,34,4,1
1,SARSA + PS + Kernel,42,152,-174,177,2,1
1,SARSA + PS + Kernel,42,153,-123,117,3,1
1,SARSA + PS + Kernel,42,154,-15,36,0,1
1,SARSA + PS + Kernel,42,155,-87,90,2,1
1,SARSA + PS + Kernel,42,156,-179,137,7,1
1,SARSA + PS + Kernel,42,157,-7,28,0,1
1,SARSA + PS + Kernel,42,158,-33,45,1,1
1,SARSA + PS + Kernel,42,159,-6,18,1,1
1,SARSA + PS + Kernel,42,160,-86,89,2,1
1,SARSA + PS + Kernel,42,161,-18,39,0,1
1,SARSA + PS + Kernel,42,162,0,21,0,1
1,SARSA + PS + Kernel,42,163,-13,34,0,1
1,SARSA + PS + Kernel,42,164,-146,131,4,1
1,SARSA + PS + Kernel,42,165,-85,70,4,1
1,SARSA + PS + Kernel,42,166,4,8,1,1
1,SARSA + PS + Kernel,42,167,-108,93,4,1
1,SARSA + PS + Kernel,42,168,-146,131,4,1
1,SARSA + PS + Kernel,42,169,-14,35,0,1
1,SARSA + PS + Kernel,42,170,-60,54,3,1
1,SARSA + PS + Kernel,42,171,-57,60,2,1
1,SARSA + PS + Kernel,42,172,-75,87,1,1
1,SARSA + PS + Kernel,42,173,-106,91,4,1
1,SARSA + PS + Kernel,42,174,-247,196,8,1
1,SARSA + PS + Kernel,42,175,-202,142,9,1
1,SARSA + PS + Kernel,42,176,-44,56,1,1
1,SARSA + PS + Kernel,42,177,-180,165,4,1
1,SARSA + PS + Kernel,42,178,-14,26,1,1
1,SARSA + PS + Kernel,42,179,-276,198,11,1
1,SARSA + PS + Kernel,42,180,13,8,0,1
1,SARSA + PS + Kernel,42,181,-194,170,5,1
1,SARSA + PS + Kernel,42,182,-10,22,1,1
1,SARSA + PS + Kernel,42,183,-4,25,0,1
1,SARSA + PS + Kernel,42,184,-138,123,4,1
1,SARSA + PS + Kernel,42,185,-3,15,1,1
1,SARSA + PS + Kernel,42,186,-54,57,2,1
1,SARSA + PS + Kernel,42,187,-145,103,7,1
1,SARSA + PS + Kernel,42,188,12,9,0,1
1,SARSA + PS + Kernel,42,189,-70,73,2,1
1,SARSA + PS + Kernel,42,190,-89,83,3,1
1,SARSA + PS + Kernel,42,191,-196,154,7,1
1,SARSA + PS + Kernel,42,192,-1,22,0,1
1,SARSA + PS + Kernel,42,193,-61,55,3,1
1,SARSA + PS + Kernel,42,194,8,13,0,1
1,SARSA + PS + Kernel,42,195,-159,144,4,1
1,SARSA + PS + Kernel,42,196,-65,59,3,1
1,SARSA + PS + Kernel,42,197,-181,121,9,1
1,SARSA + PS + Kernel,42,198,-53,74,0,1
1,SARSA + PS + Kernel,42,199,0,12,1,1
1,SARSA + PS + Kernel,42,200,-44,65,0,1
1,SARSA + PS + Kernel,42,201,-112,124,1,1
1,SARSA + PS + Kernel,42,202,1,20,0,1
1,SARSA + PS + Kernel,42,203,-1,22,0,1
1,SARSA + PS + Kernel,42,204,-200,149,8,1
1,SARSA + PS + Kernel,42,205,-32,44,1,1
1,SARSA + PS + Kernel,42,206,-60,54,3,1
1,SARSA + PS + Kernel,42,207,-75,69,3,1
1,SARSA + PS + Kernel,42,208,12,9,0,1
1,SARSA + PS + Kernel,42,209,-61,55,3,1
1,SARSA + PS + Kernel,42,210,-47,41,3,1
1,SARSA + PS + Kernel,42,211,1,20,0,1
1,SARSA + PS + Kernel,42,212,12,9,0,1
1,SARSA + PS + Kernel,42,213,-24,36,1,1
1,SARSA + PS + Kernel,42,214,-14,17,2,1
1,SARSA + PS + Kernel,42,215,-54,66,1,1
1,SARSA + PS + Kernel,42,216,-110,122,1,1
1,SARSA + PS + Kernel,42,217,-14,35,0,1
1,SARSA + PS + Kernel,42,218,-57,42,4,1
1,SARSA + PS + Kernel,42,219,-129,114,4,1
1,SARSA + PS + Kernel,42,220,-65,86,0,1
1,SARSA + PS + Kernel,42,221,10,11,0,1
1,SARSA + PS + Kernel,42,222,13,8,0,1
1,SARSA + PS + Kernel,42,223,-25,46,0,1
1,SARSA + PS + Kernel,42,224,14,7,0,1
1,SARSA + PS + Kernel,42,225,-27,39,1,1
1,SARSA + PS + Kernel,42,226,-96,99,2,1
1,SARSA + PS + Kernel,42,227,-214,199,4,1
1,SARSA + PS + Kernel,42,228,-127,103,5,1
1,SARSA + PS + Kernel,42,229,-35,47,1,1
1,SARSA + PS + Kernel,42,230,-103,106,2,1
1,SARSA + PS + Kernel,42,231,-129,114,4,1
1,SARSA + PS + Kernel,42,232,-71,74,2,1
1,SARSA + PS + Kernel,42,233,-33,36,2,1
1,SARSA + PS + Kernel,42,234,12,9,0,1
1,SARSA + PS + Kernel,42,235,-75,69,3,1
1,SARSA + PS + Kernel,42,236,-61,64,2,1
1,SARSA + PS + Kernel,42,237,-23,35,1,1
1,SARSA + PS + Kernel,42,238,-148,106,7,1
1,SARSA + PS + Kernel,42,239,12,9,0,1
1,SARSA + PS + Kernel,42,240,9,12,0,1
1,SARSA + PS + Kernel,42,241,-65,68,2,1
1,SARSA + PS + Kernel,42,242,-254,200,6,0
1,SARSA + PS + Kernel,42,243,6,15,0,1
1,SARSA + PS + Kernel,42,244,-4,25,0,1
1,SARSA + PS + Kernel,42,245,-42,63,0,1
1,SARSA + PS + Kernel,42,246,-24,27,2,1
1,SARSA + PS + Kernel,42,247,-68,71,2,1
1,SARSA + PS + Kernel,42,248,-73,67,3,1
1,SARSA + PS + Kernel,42,249,-47,68,0,1
1,SARSA + PS + Kernel,42,250,-40,52,1,1
1,SARSA + PS + Kernel,42,251,-9,21,1,1
1,SARSA + PS + Kernel,42,252,-22,25,2,1
1,SARSA + PS + Kernel,42,253,-37,49,1,1
1,SARSA + PS + Kernel,42,254,-40,61,0,1
1,SARSA + PS + Kernel,42,255,-27,39,1,1
1,SARSA + PS + Kernel,42,256,-41,53,1,1
1,SARSA + PS + Kernel,42,257,-58,70,1,1
1,SARSA + PS + Kernel,42,258,-272,200,8,0
1,SARSA + PS + Kernel,42,259,-3,24,0,1
1,SARSA + PS + Kernel,42,260,-1,13,1,1
1,SARSA + PS + Kernel,42,261,-68,71,2,1
1,SARSA + PS + Kernel,42,262,-69,72,2,1
1,SARSA + PS + Kernel,42,263,-31,52,0,1
1,SARSA + PS + Kernel,42,264,-86,80,3,1
1,SARSA + PS + Kernel,42,265,-83,86,2,1
1,SARSA + PS + Kernel,42,266,-45,57,1,1
1,SARSA + PS + Kernel,42,267,-36,48,1,1
1,SARSA + PS + Kernel,42,268,-65,59,3,1
1,SARSA + PS + Kernel,42,269,-110,95,4,1
1,SARSA + PS + Kernel,42,270,-227,200,3,0
1,SARSA + PS + Kernel,42,271,-254,200,6,0
1,SARSA + PS + Kernel,42,272,-59,62,2,1
1,SARSA + PS + Kernel,42,273,-34,55,0,1
1,SARSA + PS + Kernel,42,274,3,9,1,1
1,SARSA + PS + Kernel,42,275,-10,22,1,1
1,SARSA + PS + Kernel,42,276,2,10,1,1
1,SARSA + PS + Kernel,42,277,-281,200,9,0
1,SARSA + PS + Kernel,42,278,-227,200,3,0
1,SARSA + PS + Kernel,42,279,-4,25,0,1
1,SARSA + PS + Kernel,42,280,-83,68,4,1
1,SARSA + PS + Kernel,42,281,-160,118,7,1
1,SARSA + PS + Kernel,42,282,11,10,0,1
1,SARSA + PS + Kernel,42,283,-7,28,0,1
1,SARSA + PS + Kernel,42,284,9,12,0,1
1,SARSA + PS + Kernel,42,285,-214,190,5,1
1,SARSA + PS + Kernel,42,286,-245,200,5,0
1,SARSA + PS + Kernel,42,287,-103,88,4,1
1,SARSA + PS + Kernel,42,288,-57,78,0,1
1,SARSA + PS + Kernel,42,289,12,9,0,1
1,SARSA + PS + Kernel,42,290,4,17,0,1
1,SARSA + PS + Kernel,42,291,-59,53,3,1
1,SARSA + PS + Kernel,42,292,12,9,0,1
1,SARSA + PS + Kernel,42,293,-200,194,3,1
1,SARSA + PS + Kernel,42,294,-257,179,11,1
1,SARSA + PS + Kernel,42,295,-17,29,1,1
1,SARSA + PS + Kernel,42,296,9,12,0,1
1,SARSA + PS + Kernel,42,297,-2,23,0,1
1,SARSA + PS + Kernel,42,298,12,9,0,1
1,SARSA + PS + Kernel,42,299,-139,115,5,1
1,SARSA + PS + Kernel,42,300,-119,68,8,1
1,SARSA + PS + Kernel,42,301,-14,35,0,1
1,SARSA + PS + Kernel,42,302,-6,18,1,1
1,SARSA + PS + Kernel,42,303,4,17,0,1
1,SARSA + PS + Kernel,42,304,-182,140,7,1
1,SARSA + PS + Kernel,42,305,-228,186,7,1
1,SARSA + PS + Kernel,42,306,-80,83,2,1
1,SARSA + PS + Kernel,42,307,9,12,0,1
1,SARSA + PS + Kernel,42,308,-38,50,1,1
1,SARSA + PS + Kernel,42,309,-47,59,1,1
1,SARSA + PS + Kernel,42,310,-24,45,0,1
1,SARSA + PS + Kernel,42,311,-133,91,7,1
1,SARSA + PS + Kernel,42,312,-140,134,3,1
1,SARSA + PS + Kernel,42,313,11,10,0,1
1,SARSA + PS + Kernel,42,314,3,18,0,1
1,SARSA + PS + Kernel,42,315,-14,17,2,1
1,SARSA + PS + Kernel,42,316,3,18,0,1
1,SARSA + PS + Kernel,42,317,11,10,0,1
1,SARSA + PS + Kernel,42,318,-43,55,1,1
1,SARSA + PS + Kernel,42,319,-51,63,1,1
1,SARSA + PS + Kernel,42,320,-21,42,0,1
1,SARSA + PS + Kernel,42,321,12,9,0,1
1,SARSA + PS + Kernel,42,322,-36,57,0,1
1,SARSA + PS + Kernel,42,323,10,11,0,1
1,SARSA + PS + Kernel,42,324,4,17,0,1
1,SARSA + PS + Kernel,42,325,-200,167,6,1
1,SARSA + PS + Kernel,42,326,-43,46,2,1
1,SARSA + PS + Kernel,42,327,8,13,0,1
1,SARSA + PS + Kernel,42,328,-114,99,4,1
1,SARSA + PS + Kernel,42,329,-9,30,0,1
1,SARSA + PS + Kernel,42,330,-3,24,0,1
1,SARSA + PS + Kernel,42,331,-8,20,1,1
1,SARSA + PS + Kernel,42,332,-245,200,5,0
1,SARSA + PS + Kernel,42,333,-22,34,1,1
1,SARSA + PS + Kernel,42,334,-22,43,0,1
1,SARSA + PS + Kernel,42,335,-5,26,0,1
1,SARSA + PS + Kernel,42,336,-9,30,0,1
1,SARSA + PS + Kernel,42,337,-14,26,1,1
1,SARSA + PS + Kernel,42,338,-67,61,3,1
1,SARSA + PS + Kernel,42,339,-14,26,1,1
1,SARSA + PS + Kernel,42,340,-82,85,2,1
1,SARSA + PS + Kernel,42,341,-43,55,1,1
1,SARSA + PS + Kernel,42,342,-1,13,1,1
1,SARSA + PS + Kernel,42,343,-126,111,4,1
1,SARSA + PS + Kernel,42,344,6,15,0,1
1,SARSA + PS + Kernel,42,345,10,11,0,1
1,SARSA + PS + Kernel,42,346,-9,21,1,1
1,SARSA + PS + Kernel,42,347,0,12,1,1
1,SARSA + PS + Kernel,42,348,-124,100,5,1
1,SARSA + PS + Kernel,42,349,5,7,1,1
1,SARSA + PS + Kernel,42,350,-57,51,3,1
1,SARSA + PS + Kernel,42,351,-56,59,2,1
1,SARSA + PS + Kernel,42,352,12,9,0,1
1,SARSA + PS + Kernel,42,353,-39,33,3,1
1,SARSA + PS + Kernel,42,354,-29,32,2,1
1,SARSA + PS + Kernel,42,355,-92,86,3,1
1,SARSA + PS + Kernel,42,356,10,11,0,1
1,SARSA + PS + Kernel,42,357,-2,23,0,1
1,SARSA + PS + Kernel,42,358,-5,26,0,1
1,SARSA + PS + Kernel,42,359,-118,112,3,1
1,SARSA + PS + Kernel,42,360,-14,26,1,1
1,SARSA + PS + Kernel,42,361,14,7,0,1
1,SARSA + PS + Kernel,42,362,-122,107,4,1
1,SARSA + PS + Kernel,42,363,-30,33,2,1
1,SARSA + PS + Kernel,42,364,-130,106,5,1
1,SARSA + PS + Kernel,42,365,8,13,0,1
1,SARSA + PS + Kernel,42,366,-15,18,2,1
1,SARSA + PS + Kernel,42,367,-14,26,1,1
1,SARSA + PS + Kernel,42,368,-34,46,1,1
1,SARSA + PS + Kernel,42,369,7,14,0,1
1,SARSA + PS + Kernel,42,370,-9,30,0,1
1,SARSA + PS + Kernel,42,371,14,7,0,1
1,SARSA + PS + Kernel,42,372,12,9,0,1
1,SARSA + PS + Kernel,42,373,-72,84,1,1
1,SARSA + PS + Kernel,42,374,-11,14,2,1
1,SARSA + PS + Kernel,42,375,-1,13,1,1
1,SARSA + PS + Kernel,42,376,-16,28,1,1
1,SARSA + PS + Kernel,42,377,-97,73,5,1
1,SARSA + PS + Kernel,42,378,-7,28,0,1
1,SARSA + PS + Kernel,42,379,-45,48,2,1
1,SARSA + PS + Kernel,42,380,-120,114,3,1
1,SARSA + PS + Kernel,42,381,7,14,0,1
1,SARSA + PS + Kernel,42,382,-94,79,4,1
1,SARSA + PS + Kernel,42,383,-105,63,7,1
1,SARSA + PS + Kernel,42,384,-38,32,3,1
1,SARSA + PS + Kernel,42,385,-216,183,6,1
1,SARSA + PS + Kernel,42,386,-29,41,1,1
1,SARSA + PS + Kernel,42,387,10,11,0,1
1,SARSA + PS + Kernel,42,388,-115,91,5,1
1,SARSA + PS + Kernel,42,389,-27,39,1,1
1,SARSA + PS + Kernel,42,390,-3,15,1,1
1,SARSA + PS + Kernel,42,391,-144,129,4,1
1,SARSA + PS + Kernel,42,392,-86,80,3,1
1,SARSA + PS + Kernel,42,393,-40,43,2,1
1,SARSA + PS + Kernel,42,394,-52,46,3,1
1,SARSA + PS + Kernel,42,395,-3,24,0,1
1,SARSA + PS + Kernel,42,396,-31,34,2,1
1,SARSA + PS + Kernel,42,397,-50,53,2,1
1,SARSA + PS + Kernel,42,398,-75,69,3,1
1,SARSA + PS + Kernel,42,399,14,7,0,1
1,SARSA + PS + Kernel,42,400,10,11,0,1
1,SARSA + PS + Kernel,42,401,6,15,0,1
1,SARSA + PS + Kernel,42,402,9,12,0,1
1,SARSA + PS + Kernel,42,403,-37,40,2,1
1,SARSA + PS + Kernel,42,404,-32,35,2,1
1,SARSA + PS + Kernel,42,405,-56,59,2,1
1,SARSA + PS + Kernel,42,406,-41,44,2,1
1,SARSA + PS + Kernel,42,407,-17,29,1,1
1,SARSA + PS + Kernel,42,408,-5,26,0,1
1,SARSA + PS + Kernel,42,409,5,16,0,1
1,SARSA + PS + Kernel,42,410,10,11,0,1
1,SARSA + PS + Kernel,42,411,-299,200,11,0
1,SARSA + PS + Kernel,42,412,-3,15,1,1
1,SARSA + PS + Kernel,42,413,8,13,0,1
1,SARSA + PS + Kernel,42,414,-224,182,7,1
1,SARSA + PS + Kernel,42,415,-31,43,1,1
1,SARSA + PS + Kernel,42,416,-31,52,0,1
1,SARSA + PS + Kernel,42,417,-4,25,0,1
1,SARSA + PS + Kernel,42,418,-18,30,1,1
1,SARSA + PS + Kernel,42,419,-37,40,2,1
1,SARSA + PS + Kernel,42,420,-14,35,0,1
1,SARSA + PS + Kernel,42,421,7,14,0,1
1,SARSA + PS + Kernel,42,422,10,11,0,1
1,SARSA + PS + Kernel,42,423,-5,26,0,1
1,SARSA + PS + Kernel,42,424,-8,29,0,1
1,SARSA + PS + Kernel,42,425,-7,28,0,1
1,SARSA + PS + Kernel,42,426,12,9,0,1
1,SARSA + PS + Kernel,42,427,-62,47,4,1
1,SARSA + PS + Kernel,42,428,12,9,0,1
1,SARSA + PS + Kernel,42,429,-12,33,0,1
1,SARSA + PS + Kernel,42,430,11,10,0,1
1,SARSA + PS + Kernel,42,431,0,21,0,1
1,SARSA + PS + Kernel,42,432,10,11,0,1
1,SARSA + PS + Kernel,42,433,-7,28,0,1
1,SARSA + PS + Kernel,42,434,-25,28,2,1
1,SARSA + PS + Kernel,42,435,-24,27,2,1
1,SARSA + PS + Kernel,42,436,-12,24,1,1
1,SARSA + PS + Kernel,42,437,-4,25,0,1
1,SARSA + PS + Kernel,42,438,-7,28,0,1
1,SARSA + PS + Kernel,42,439,-225,183,7,1
1,SARSA + PS + Kernel,42,440,-105,99,3,1
1,SARSA + PS + Kernel,42,441,-174,159,4,1
1,SARSA + PS + Kernel,42,442,-57,69,1,1
1,SARSA + PS + Kernel,42,443,10,11,0,1
1,SARSA + PS + Kernel,42,444,4,17,0,1
1,SARSA + PS + Kernel,42,445,9,12,0,1
1,SARSA + PS + Kernel,42,446,-43,55,1,1
1,SARSA + PS + Kernel,42,447,-24,27,2,1
1,SARSA + PS + Kernel,42,448,3,18,0,1
1,SARSA + PS + Kernel,42,449,8,13,0,1
1,SARSA + PS + Kernel,42,450,-139,133,3,1
1,SARSA + PS + Kernel,42,451,-263,200,7,0
1,SARSA + PS + Kernel,42,452,-43,55,1,1
1,SARSA + PS + Kernel,42,453,-7,28,0,1
1,SARSA + PS + Kernel,42,454,-20,41,0,1
1,SARSA + PS + Kernel,42,455,4,17,0,1
1,SARSA + PS + Kernel,42,456,-44,38,3,1
1,SARSA + PS + Kernel,42,457,1,20,0,1
1,SARSA + PS + Kernel,42,458,-38,32,3,1
1,SARSA + PS + Kernel,42,459,12,9,0,1
1,SARSA + PS + Kernel,42,460,1,11,1,1
1,SARSA + PS + Kernel,42,461,-46,40,3,1
1,SARSA + PS + Kernel,42,462,-28,40,1,1
1,SARSA + PS + Kernel,42,463,-42,36,3,1
1,SARSA + PS + Kernel,42,464,6,15,0,1
1,SARSA + PS + Kernel,42,465,-290,200,10,0
1,SARSA + PS + Kernel,42,466,-4,16,1,1
1,SARSA + PS + Kernel,42,467,12,9,0,1
1,SARSA + PS + Kernel,42,468,7,14,0,1
1,SARSA + PS + Kernel,42,469,-22,34,1,1
1,SARSA + PS + Kernel,42,470,14,7,0,1
1,SARSA + PS + Kernel,42,471,5,16,0,1
1,SARSA + PS + Kernel,42,472,-16,37,0,1
1,SARSA + PS + Kernel,42,473,-2,14,1,1
1,SARSA + PS + Kernel,42,474,-40,43,2,1
1,SARSA + PS + Kernel,42,475,-10,22,1,1
1,SARSA + PS + Kernel,42,476,-24,45,0,1
1,SARSA + PS + Kernel,42,477,-10,31,0,1
1,SARSA + PS + Kernel,42,478,-151,109,7,1
1,SARSA + PS + Kernel,42,479,10,11,0,1
1,SARSA + PS + Kernel,42,480,-9,30,0,1
1,SARSA + PS + Kernel,42,481,12,9,0,1
1,SARSA + PS + Kernel,42,482,8,13,0,1
1,SARSA + PS + Kernel,42,483,-5,26,0,1
1,SARSA + PS + Kernel,42,484,10,11,0,1
1,SARSA + PS + Kernel,42,485,7,14,0,1
1,SARSA + PS + Kernel,42,486,-24,27,2,1
1,SARSA + PS + Kernel,42,487,-49,52,2,1
1,SARSA + PS + Kernel,42,488,9,12,0,1
1,SARSA + PS + Kernel,42,489,-12,24,1,1
1,SARSA + PS + Kernel,42,490,-27,39,1,1
1,SARSA + PS + Kernel,42,491,-10,31,0,1
1,SARSA + PS + Kernel,42,492,10,11,0,1
1,SARSA + PS + Kernel,42,493,-6,27,0,1
1,SARSA + PS + Kernel,42,494,14,7,0,1
1,SARSA + PS + Kernel,42,495,-10,22,1,1
1,SARSA + PS + Kernel,42,496,10,11,0,1
1,SARSA + PS + Kernel,42,497,4,17,0,1
1,SARSA + PS + Kernel,42,498,-5,26,0,1
1,SARSA + PS + Kernel,42,499,5,16,0,1
1,SARSA + PS + Kernel,123,0,-542,200,38,0
1,SARSA + PS + Kernel,123,1,-515,200,35,0
1,SARSA + PS + Kernel,123,2,-578,200,42,0
1,SARSA + PS + Kernel,123,3,-623,200,47,0
1,SARSA + PS + Kernel,123,4,-578,200,42,0
1,SARSA + PS + Kernel,123,5,-623,200,47,0
1,SARSA + PS + Kernel,123,6,-560,200,40,0
1,SARSA + PS + Kernel,123,7,-308,200,12,0
1,SARSA + PS + Kernel,123,8,-542,200,38,0
1,SARSA + PS + Kernel,123,9,-434,200,26,0
1,SARSA + PS + Kernel,123,10,-443,200,27,0
1,SARSA + PS + Kernel,123,11,-614,200,46,0
1,SARSA + PS + Kernel,123,12,-542,200,38,0
1,SARSA + PS + Kernel,123,13,-407,200,23,0
1,SARSA + PS + Kernel,123,14,-398,200,22,0
1,SARSA + PS + Kernel,123,15,-641,200,49,0
1,SARSA + PS + Kernel,123,16,-308,200,12,0
1,SARSA + PS + Kernel,123,17,-416,200,24,0
1,SARSA + PS + Kernel,123,18,-369,183,23,1
1,SARSA + PS + Kernel,123,19,-353,200,17,0
1,SARSA + PS + Kernel,123,20,-389,200,21,0
1,SARSA + PS + Kernel,123,21,-425,200,25,0
1,SARSA + PS + Kernel,123,22,-398,200,22,0
1,SARSA + PS + Kernel,123,23,-389,200,21,0
1,SARSA + PS + Kernel,123,24,-362,200,18,0
1,SARSA + PS + Kernel,123,25,-605,200,45,0
1,SARSA + PS + Kernel,123,26,-524,200,36,0
1,SARSA + PS + Kernel,123,27,-335,200,15,0
1,SARSA + PS + Kernel,123,28,-407,200,23,0
1,SARSA + PS + Kernel,123,29,-326,200,14,0
1,SARSA + PS + Kernel,123,30,-317,200,13,0
1,SARSA + PS + Kernel,123,31,-335,200,15,0
1,SARSA + PS + Kernel,123,32,-389,200,21,0
1,SARSA + PS + Kernel,123,33,-207,75,17,1
1,SARSA + PS + Kernel,123,34,-335,200,15,0
1,SARSA + PS + Kernel,123,35,-389,200,21,0
1,SARSA + PS + Kernel,123,36,-371,200,19,0
1,SARSA + PS + Kernel,123,37,-515,200,35,0
1,SARSA + PS + Kernel,123,38,-335,200,15,0
1,SARSA + PS + Kernel,123,39,-260,155,14,1
1,SARSA + PS + Kernel,123,40,-362,200,18,0
1,SARSA + PS + Kernel,123,41,-335,200,15,0
1,SARSA + PS + Kernel,123,42,-344,200,16,0
1,SARSA + PS + Kernel,123,43,-371,200,19,0
1,SARSA + PS + Kernel,123,44,-398,200,22,0
1,SARSA + PS + Kernel,123,45,-389,200,21,0
1,SARSA + PS + Kernel,123,46,-326,200,14,0
1,SARSA + PS + Kernel,123,47,-354,195,20,1
1,SARSA + PS + Kernel,123,48,-272,200,8,0
1,SARSA + PS + Kernel,123,49,-108,84,5,1
1,SARSA + PS + Kernel,123,50,-195,117,11,1
1,SARSA + PS + Kernel,123,51,-308,200,12,0
1,SARSA + PS + Kernel,123,52,-254,200,6,0
1,SARSA + PS + Kernel,123,53,-263,200,7,0
1,SARSA + PS + Kernel,123,54,-49,43,3,1
1,SARSA + PS + Kernel,123,55,-281,200,9,0
1,SARSA + PS + Kernel,123,56,-389,200,21,0
1,SARSA + PS + Kernel,123,57,-299,200,11,0
1,SARSA + PS + Kernel,123,58,-389,200,21,0
1,SARSA + PS + Kernel,123,59,-281,200,9,0
1,SARSA + PS + Kernel,123,60,-158,107,8,1
1,SARSA + PS + Kernel,123,61,-88,64,5,1
1,SARSA + PS + Kernel,123,62,-87,90,2,1
1,SARSA + PS + Kernel,123,63,-272,200,8,0
1,SARSA + PS + Kernel,123,64,-407,200,23,0
1,SARSA + PS + Kernel,123,65,-380,200,20,0
1,SARSA + PS + Kernel,123,66,-407,200,23,0
1,SARSA + PS + Kernel,123,67,-127,94,6,1
1,SARSA + PS + Kernel,123,68,-263,200,7,0
1,SARSA + PS + Kernel,123,69,-73,76,2,1
1,SARSA + PS + Kernel,123,70,-371,200,19,0
1,SARSA + PS + Kernel,123,71,-254,200,6,0
1,SARSA + PS + Kernel,123,72,-245,200,5,0
1,SARSA + PS + Kernel,123,73,-202,115,12,1
1,SARSA + PS + Kernel,123,74,-263,200,7,0
1,SARSA + PS + Kernel,123,75,-344,200,16,0
1,SARSA + PS + Kernel,123,76,-154,148,3,1
1,SARSA + PS + Kernel,123,77,-263,200,7,0
1,SARSA + PS + Kernel,123,78,-189,165,5,1
1,SARSA + PS + Kernel,123,79,-263,200,7,0
1,SARSA + PS + Kernel,123,80,-272,200,8,0
1,SARSA + PS + Kernel,123,81,-421,199,27,1
1,SARSA + PS + Kernel,123,82,-254,200,6,0
1,SARSA + PS + Kernel,123,83,-308,200,12,0
1,SARSA + PS + Kernel,123,84,-101,77,5,1
1,SARSA + PS + Kernel,123,85,-290,200,10,0
1,SARSA + PS + Kernel,123,86,-344,200,16,0
1,SARSA + PS + Kernel,123,87,-236,200,4,0
1,SARSA + PS + Kernel,123,88,-254,200,6,0
1,SARSA + PS + Kernel,123,89,-213,171,7,1
1,SARSA + PS + Kernel,123,90,-191,167,5,1
1,SARSA + PS + Kernel,123,91,-103,97,3,1
1,SARSA + PS + Kernel,123,92,-121,106,4,1
1,SARSA + PS + Kernel,123,93,-371,200,19,0
1,SARSA + PS + Kernel,123,94,-76,97,0,1
1,SARSA + PS + Kernel,123,95,-272,200,8,0
1,SARSA + PS + Kernel,123,96,-37,40,2,1
1,SARSA + PS + Kernel,123,97,-175,151,5,1
1,SARSA + PS + Kernel,123,98,-142,136,3,1
1,SARSA + PS + Kernel,123,99,13,8,0,1
1,SARSA + PS + Kernel,123,100,-263,200,7,0
1,SARSA + PS + Kernel,123,101,-254,200,6,0
1,SARSA + PS + Kernel,123,102,-236,200,4,0
1,SARSA + PS + Kernel,123,103,-52,73,0,1
1,SARSA + PS + Kernel,123,104,-272,200,8,0
1,SARSA + PS + Kernel,123,105,-218,200,2,0
1,SARSA + PS + Kernel,123,106,-263,200,7,0
1,SARSA + PS + Kernel,123,107,11,10,0,1
1,SARSA + PS + Kernel,123,108,-272,200,8,0
1,SARSA + PS + Kernel,123,109,-137,95,7,1
1,SARSA + PS + Kernel,123,110,-20,41,0,1
1,SARSA + PS + Kernel,123,111,-263,200,7,0
1,SARSA + PS + Kernel,123,112,-155,140,4,1
1,SARSA + PS + Kernel,123,113,8,13,0,1
1,SARSA + PS + Kernel,123,114,-272,200,8,0
1,SARSA + PS + Kernel,123,115,-131,125,3,1
1,SARSA + PS + Kernel,123,116,-172,157,4,1
1,SARSA + PS + Kernel,123,117,-199,175,5,1
1,SARSA + PS + Kernel,123,118,-236,200,4,0
1,SARSA + PS + Kernel,123,119,-177,135,7,1
1,SARSA + PS + Kernel,123,120,-196,181,4,1
1,SARSA + PS + Kernel,123,121,-90,111,0,1
1,SARSA + PS + Kernel,123,122,-44,56,1,1
1,SARSA + PS + Kernel,123,123,-78,72,3,1
1,SARSA + PS + Kernel,123,124,-245,200,5,0
1,SARSA + PS + Kernel,123,125,-245,200,5,0
1,SARSA + PS + Kernel,123,126,-126,129,2,1
1,SARSA + PS + Kernel,123,127,13,8,0,1
1,SARSA + PS + Kernel,123,128,-240,189,8,1
1,SARSA + PS + Kernel,123,129,-299,200,11,0
1,SARSA + PS + Kernel,123,130,-76,79,2,1
1,SARSA + PS + Kernel,123,131,-142,82,9,1
1,SARSA + PS + Kernel,123,132,-97,55,7,1
1,SARSA + PS + Kernel,123,133,-272,200,8,0
1,SARSA + PS + Kernel,123,134,-182,149,6,1
1,SARSA + PS + Kernel,123,135,-272,200,8,0
1,SARSA + PS + Kernel,123,136,-9,30,0,1
1,SARSA + PS + Kernel,123,137,-55,67,1,1
1,SARSA + PS + Kernel,123,138,-236,200,4,0
1,SARSA + PS + Kernel,123,139,-35,47,1,1
1,SARSA + PS + Kernel,123,140,-40,43,2,1
1,SARSA + PS + Kernel,123,141,-272,200,8,0
1,SARSA + PS + Kernel,123,142,-42,45,2,1
1,SARSA + PS + Kernel,123,143,4,8,1,1
1,SARSA + PS + Kernel,123,144,9,12,0,1
1,SARSA + PS + Kernel,123,145,-221,188,6,1
1,SARSA + PS + Kernel,123,146,-30,42,1,1
1,SARSA + PS + Kernel,123,147,-93,96,2,1
1,SARSA + PS + Kernel,123,148,-209,176,6,1
1,SARSA + PS + Kernel,123,149,-169,154,4,1
1,SARSA + PS + Kernel,123,150,-263,200,7,0
1,SARSA + PS + Kernel,123,151,-236,200,4,0
1,SARSA + PS + Kernel,123,152,-67,70,2,1
1,SARSA + PS + Kernel,123,153,15,6,0,1
1,SARSA + PS + Kernel,123,154,-107,110,2,1
1,SARSA + PS + Kernel,123,155,-43,37,3,1
1,SARSA + PS + Kernel,123,156,-254,200,6,0
1,SARSA + PS + Kernel,123,157,9,12,0,1
1,SARSA + PS + Kernel,123,158,12,9,0,1
1,SARSA + PS + Kernel,123,159,-227,200,3,0
1,SARSA + PS + Kernel,123,160,-101,86,4,1
1,SARSA + PS + Kernel,123,161,-225,183,7,1
1,SARSA + PS + Kernel,123,162,-8,20,1,1
1,SARSA + PS + Kernel,123,163,-4,25,0,1
1,SARSA + PS + Kernel,123,164,-135,129,3,1
1,SARSA + PS + Kernel,123,165,-9,21,1,1
1,SARSA + PS + Kernel,123,166,-100,85,4,1
1,SARSA + PS + Kernel,123,167,-2,23,0,1
1,SARSA + PS + Kernel,123,168,-55,49,3,1
1,SARSA + PS + Kernel,123,169,-17,29,1,1
1,SARSA + PS + Kernel,123,170,-218,200,2,0
1,SARSA + PS + Kernel,123,171,-41,44,2,1
1,SARSA + PS + Kernel,123,172,-122,125,2,1
1,SARSA + PS + Kernel,123,173,-254,200,6,0
1,SARSA + PS + Kernel,123,174,-83,86,2,1
1,SARSA + PS + Kernel,123,175,-54,66,1,1
1,SARSA + PS + Kernel,123,176,-254,200,6,0
1,SARSA + PS + Kernel,123,177,-18,30,1,1
1,SARSA + PS + Kernel,123,178,-3,24,0,1
1,SARSA + PS + Kernel,123,179,-7,19,1,1
1,SARSA + PS + Kernel,123,180,-169,154,4,1
1,SARSA + PS + Kernel,123,181,-156,132,5,1
1,SARSA + PS + Kernel,123,182,-56,59,2,1
1,SARSA + PS + Kernel,123,183,-98,92,3,1
1,SARSA + PS + Kernel,123,184,-184,187,2,1
1,SARSA + PS + Kernel,123,185,-16,37,0,1
1,SARSA + PS + Kernel,123,186,-35,47,1,1
1,SARSA + PS + Kernel,123,187,-181,130,8,1
1,SARSA + PS + Kernel,123,188,-27,48,0,1
1,SARSA + PS + Kernel,123,189,-155,131,5,1
1,SARSA + PS + Kernel,123,190,-87,63,5,1
1,SARSA + PS + Kernel,123,191,-145,130,4,1
1,SARSA + PS + Kernel,123,192,-254,200,6,0
1,SARSA + PS + Kernel,123,193,9,12,0,1
1,SARSA + PS + Kernel,123,194,-10,31,0,1
1,SARSA + PS + Kernel,123,195,12,9,0,1
1,SARSA + PS + Kernel,123,196,-30,42,1,1
1,SARSA + PS + Kernel,123,197,-101,104,2,1
1,SARSA + PS + Kernel,123,198,-112,106,3,1
1,SARSA + PS + Kernel,123,199,-281,200,9,0
1,SARSA + PS + Kernel,123,200,-3,24,0,1
1,SARSA + PS + Kernel,123,201,13,8,0,1
1,SARSA + PS + Kernel,123,202,-41,44,2,1
1,SARSA + PS + Kernel,123,203,-162,147,4,1
1,SARSA + PS + Kernel,123,204,-281,200,9,0
1,SARSA + PS + Kernel,123,205,-88,91,2,1
1,SARSA + PS + Kernel,123,206,-187,127,9,1
1,SARSA + PS + Kernel,123,207,-227,200,3,0
1,SARSA + PS + Kernel,123,208,-1,13,1,1
1,SARSA + PS + Kernel,123,209,1,20,0,1
1,SARSA + PS + Kernel,123,210,-263,200,7,0
1,SARSA + PS + Kernel,123,211,10,11,0,1
1,SARSA + PS + Kernel,123,212,-196,181,4,1
1,SARSA + PS + Kernel,123,213,-202,160,7,1
1,SARSA + PS + Kernel,123,214,-236,200,4,0
1,SARSA + PS + Kernel,123,215,1,11,1,1
1,SARSA + PS + Kernel,123,216,-4,25,0,1
1,SARSA + PS + Kernel,123,217,2,10,1,1
1,SARSA + PS + Kernel,123,218,-57,69,1,1
1,SARSA + PS + Kernel,123,219,-5,26,0,1
1,SARSA + PS + Kernel,123,220,-245,200,5,0
1,SARSA + PS + Kernel,123,221,-2,14,1,1
1,SARSA + PS + Kernel,123,222,-113,98,4,1
1,SARSA + PS + Kernel,123,223,-98,83,4,1
1,SARSA + PS + Kernel,123,224,-62,65,2,1
1,SARSA + PS + Kernel,123,225,-27,30,2,1
1,SARSA + PS + Kernel,123,226,-61,46,4,1
1,SARSA + PS + Kernel,123,227,-41,62,0,1
1,SARSA + PS + Kernel,123,228,-5,26,0,1
1,SARSA + PS + Kernel,123,229,-71,74,2,1
1,SARSA + PS + Kernel,123,230,-196,154,7,1
1,SARSA + PS + Kernel,123,231,-23,35,1,1
1,SARSA + PS + Kernel,123,232,-6,18,1,1
1,SARSA + PS + Kernel,123,233,-26,47,0,1
1,SARSA + PS + Kernel,123,234,-93,96,2,1
1,SARSA + PS + Kernel,123,235,-11,23,1,1
1,SARSA + PS + Kernel,123,236,12,9,0,1
1,SARSA + PS + Kernel,123,237,-110,77,6,1
1,SARSA + PS + Kernel,123,238,-158,125,6,1
1,SARSA + PS + Kernel,123,239,-121,115,3,1
1,SARSA + PS + Kernel,123,240,0,12,1,1
1,SARSA + PS + Kernel,123,241,-123,108,4,1
1,SARSA + PS + Kernel,123,242,-2,23,0,1
1,SARSA + PS + Kernel,123,243,-52,55,2,1
1,SARSA + PS + Kernel,123,244,2,19,0,1
1,SARSA + PS + Kernel,123,245,7,14,0,1
1,SARSA + PS + Kernel,123,246,-20,23,2,1
1,SARSA + PS + Kernel,123,247,-20,41,0,1
1,SARSA + PS + Kernel,123,248,-6,27,0,1
1,SARSA + PS + Kernel,123,249,-11,14,2,1
1,SARSA + PS + Kernel,123,250,-60,45,4,1
1,SARSA + PS + Kernel,123,251,-81,75,3,1
1,SARSA + PS + Kernel,123,252,-107,74,6,1
1,SARSA + PS + Kernel,123,253,-30,33,2,1
1,SARSA + PS + Kernel,123,254,-41,26,4,1
1,SARSA + PS + Kernel,123,255,-11,32,0,1
1,SARSA + PS + Kernel,123,256,-156,141,4,1
1,SARSA + PS + Kernel,123,257,-42,54,1,1
1,SARSA + PS + Kernel,123,258,-27,39,1,1
1,SARSA + PS + Kernel,123,259,-217,193,5,1
1,SARSA + PS + Kernel,123,260,-77,71,3,1
1,SARSA + PS + Kernel,123,261,-9,21,1,1
1,SARSA + PS + Kernel,123,262,-67,61,3,1
1,SARSA + PS + Kernel,123,263,-79,73,3,1
1,SARSA + PS + Kernel,123,264,-100,94,3,1
1,SARSA + PS + Kernel,123,265,-11,23,1,1
1,SARSA + PS + Kernel,123,266,11,10,0,1
1,SARSA + PS + Kernel,123,267,-54,66,1,1
1,SARSA + PS + Kernel,123,268,15,6,0,1
1,SARSA + PS + Kernel,123,269,-222,189,6,1
1,SARSA + PS + Kernel,123,270,-88,82,3,1
1,SARSA + PS + Kernel,123,271,2,10,1,1
1,SARSA + PS + Kernel,123,272,-66,69,2,1
1,SARSA + PS + Kernel,123,273,-8,20,1,1
1,SARSA + PS + Kernel,123,274,-5,26,0,1
1,SARSA + PS + Kernel,123,275,3,18,0,1
1,SARSA + PS + Kernel,123,276,-31,34,2,1
1,SARSA + PS + Kernel,123,277,-21,33,1,1
1,SARSA + PS + Kernel,123,278,-45,39,3,1
1,SARSA + PS + Kernel,123,279,-33,54,0,1
1,SARSA + PS + Kernel,123,280,12,9,0,1
1,SARSA + PS + Kernel,123,281,3,18,0,1
1,SARSA + PS + Kernel,123,282,-19,22,2,1
1,SARSA + PS + Kernel,123,283,-17,38,0,1
1,SARSA + PS + Kernel,123,284,-122,89,6,1
1,SARSA + PS + Kernel,123,285,-69,72,2,1
1,SARSA + PS + Kernel,123,286,-38,50,1,1
1,SARSA + PS + Kernel,123,287,-13,25,1,1
1,SARSA + PS + Kernel,123,288,-30,42,1,1
1,SARSA + PS + Kernel,123,289,-10,22,1,1
1,SARSA + PS + Kernel,123,290,13,8,0,1
1,SARSA + PS + Kernel,123,291,12,9,0,1
1,SARSA + PS + Kernel,123,292,-152,119,6,1
1,SARSA + PS + Kernel,123,293,11,10,0,1
1,SARSA + PS + Kernel,123,294,12,9,0,1
1,SARSA + PS + Kernel,123,295,6,15,0,1
1,SARSA + PS + Kernel,123,296,-15,36,0,1
1,SARSA + PS + Kernel,123,297,11,10,0,1
1,SARSA + PS + Kernel,123,298,-17,29,1,1
1,SARSA + PS + Kernel,123,299,-11,23,1,1
1,SARSA + PS + Kernel,123,300,4,17,0,1
1,SARSA + PS + Kernel,123,301,-165,159,3,1
1,SARSA + PS + Kernel,123,302,-281,200,9,0
1,SARSA + PS + Kernel,123,303,9,12,0,1
1,SARSA + PS + Kernel,123,304,-36,48,1,1
1,SARSA + PS + Kernel,123,305,-42,54,1,1
1,SARSA + PS + Kernel,123,306,10,11,0,1
1,SARSA + PS + Kernel,123,307,-10,31,0,1
1,SARSA + PS + Kernel,123,308,-6,27,0,1
1,SARSA + PS + Kernel,123,309,-65,68,2,1
1,SARSA + PS + Kernel,123,310,-290,200,10,0
1,SARSA + PS + Kernel,123,311,-39,60,0,1
1,SARSA + PS + Kernel,123,312,-5,26,0,1
1,SARSA + PS + Kernel,123,313,-69,72,2,1
1,SARSA + PS + Kernel,123,314,5,16,0,1
1,SARSA + PS + Kernel,123,315,-49,34,4,1
1,SARSA + PS + Kernel,123,316,-18,39,0,1
1,SARSA + PS + Kernel,123,317,-9,21,1,1
1,SARSA + PS + Kernel,123,318,14,7,0,1
1,SARSA + PS + Kernel,123,319,-10,13,2,1
1,SARSA + PS + Kernel,123,320,-150,126,5,1
1,SARSA + PS + Kernel,123,321,11,10,0,1
1,SARSA + PS + Kernel,123,322,-35,38,2,1
1,SARSA + PS + Kernel,123,323,-109,103,3,1
1,SARSA + PS + Kernel,123,324,-28,31,2,1
1,SARSA + PS + Kernel,123,325,-80,83,2,1
1,SARSA + PS + Kernel,123,326,0,21,0,1
1,SARSA + PS + Kernel,123,327,-15,27,1,1
1,SARSA + PS + Kernel,123,328,-40,52,1,1
1,SARSA + PS + Kernel,123,329,2,10,1,1
1,SARSA + PS + Kernel,123,330,-40,61,0,1
1,SARSA + PS + Kernel,123,331,-9,21,1,1
1,SARSA + PS + Kernel,123,332,0,21,0,1
1,SARSA + PS + Kernel,123,333,-144,120,5,1
1,SARSA + PS + Kernel,123,334,6,15,0,1
1,SARSA + PS + Kernel,123,335,-100,121,0,1
1,SARSA + PS + Kernel,123,336,-22,43,0,1
1,SARSA + PS + Kernel,123,337,-30,51,0,1
1,SARSA + PS + Kernel,123,338,-40,52,1,1
1,SARSA + PS + Kernel,123,339,-1,22,0,1
1,SARSA + PS + Kernel,123,340,-24,45,0,1
1,SARSA + PS + Kernel,123,341,10,11,0,1
1,SARSA + PS + Kernel,123,342,-81,66,4,1
1,SARSA + PS + Kernel,123,343,3,18,0,1
1,SARSA + PS + Kernel,123,344,-96,90,3,1
1,SARSA + PS + Kernel,123,345,12,9,0,1
1,SARSA + PS + Kernel,123,346,-41,53,1,1
1,SARSA + PS + Kernel,123,347,12,9,0,1
1,SARSA + PS + Kernel,123,348,-21,24,2,1
1,SARSA + PS + Kernel,123,349,11,10,0,1
1,SARSA + PS + Kernel,123,350,0,21,0,1
1,SARSA + PS + Kernel,123,351,10,11,0,1
1,SARSA + PS + Kernel,123,352,-5,26,0,1
1,SARSA + PS + Kernel,123,353,-54,66,1,1
1,SARSA + PS + Kernel,123,354,-33,45,1,1
1,SARSA + PS + Kernel,123,355,-2,23,0,1
1,SARSA + PS + Kernel,123,356,2,19,0,1
1,SARSA + PS + Kernel,123,357,4,17,0,1
1,SARSA + PS + Kernel,123,358,-54,57,2,1
1,SARSA + PS + Kernel,123,359,9,12,0,1
1,SARSA + PS + Kernel,123,360,-166,124,7,1
1,SARSA + PS + Kernel,123,361,-59,80,0,1
1,SARSA + PS + Kernel,123,362,10,11,0,1
1,SARSA + PS + Kernel,123,363,2,19,0,1
1,SARSA + PS + Kernel,123,364,-11,32,0,1
1,SARSA + PS + Kernel,123,365,-50,53,2,1
1,SARSA + PS + Kernel,123,366,-110,95,4,1
1,SARSA + PS + Kernel,123,367,8,13,0,1
1,SARSA + PS + Kernel,123,368,6,15,0,1
1,SARSA + PS + Kernel,123,369,-173,149,5,1
1,SARSA + PS + Kernel,123,370,-14,35,0,1
1,SARSA + PS + Kernel,123,371,-32,44,1,1
1,SARSA + PS + Kernel,123,372,-140,125,4,1
1,SARSA + PS + Kernel,123,373,-2,23,0,1
1,SARSA + PS + Kernel,123,374,-33,45,1,1
1,SARSA + PS + Kernel,123,375,11,10,0,1
1,SARSA + PS + Kernel,123,376,2,19,0,1
1,SARSA + PS + Kernel,123,377,-115,82,6,1
1,SARSA + PS + Kernel,123,378,13,8,0,1
1,SARSA + PS + Kernel,123,379,13,8,0,1
1,SARSA + PS + Kernel,123,380,-16,37,0,1
1,SARSA + PS + Kernel,123,381,-72,66,3,1
1,SARSA + PS + Kernel,123,382,-12,24,1,1
1,SARSA + PS + Kernel,123,383,-16,28,1,1
1,SARSA + PS + Kernel,123,384,-13,25,1,1
1,SARSA + PS + Kernel,123,385,4,17,0,1
1,SARSA + PS + Kernel,123,386,13,8,0,1
1,SARSA + PS + Kernel,123,387,7,14,0,1
1,SARSA + PS + Kernel,123,388,-45,66,0,1
1,SARSA + PS + Kernel,123,389,14,7,0,1
1,SARSA + PS + Kernel,123,390,-19,31,1,1
1,SARSA + PS + Kernel,123,391,-22,34,1,1
1,SARSA + PS + Kernel,123,392,-6,18,1,1
1,SARSA + PS + Kernel,123,393,-49,43,3,1
1,SARSA + PS + Kernel,123,394,3,18,0,1
1,SARSA + PS + Kernel,123,395,-120,114,3,1
1,SARSA + PS + Kernel,123,396,-26,47,0,1
1,SARSA + PS + Kernel,123,397,-17,20,2,1
1,SARSA + PS + Kernel,123,398,6,15,0,1
1,SARSA + PS + Kernel,123,399,-5,26,0,1
1,SARSA + PS + Kernel,123,400,12,9,0,1
1,SARSA + PS + Kernel,123,401,-12,15,2,1
1,SARSA + PS + Kernel,123,402,-12,15,2,1
1,SARSA + PS + Kernel,123,403,0,12,1,1
1,SARSA + PS + Kernel,123,404,9,12,0,1
1,SARSA + PS + Kernel,123,405,-17,38,0,1
1,SARSA + PS + Kernel,123,406,-35,56,0,1
1,SARSA + PS + Kernel,123,407,9,12,0,1
1,SARSA + PS + Kernel,123,408,-75,78,2,1
1,SARSA + PS + Kernel,123,409,-15,27,1,1
1,SARSA + PS + Kernel,123,410,-7,19,1,1
1,SARSA + PS + Kernel,123,411,10,11,0,1
1,SARSA + PS + Kernel,123,412,-49,52,2,1
1,SARSA + PS + Kernel,123,413,14,7,0,1
1,SARSA + PS + Kernel,123,414,-23,17,3,1
1,SARSA + PS + Kernel,123,415,10,11,0,1
1,SARSA + PS + Kernel,123,416,-6,27,0,1
1,SARSA + PS + Kernel,123,417,-15,27,1,1
1,SARSA + PS + Kernel,123,418,5,16,0,1
1,SARSA + PS + Kernel,123,419,-9,21,1,1
1,SARSA + PS + Kernel,123,420,-4,16,1,1
1,SARSA + PS + Kernel,123,421,-254,200,6,0
1,SARSA + PS + Kernel,123,422,8,13,0,1
1,SARSA + PS + Kernel,123,423,-28,40,1,1
1,SARSA + PS + Kernel,123,424,-6,27,0,1
1,SARSA + PS + Kernel,123,425,10,11,0,1
1,SARSA + PS + Kernel,123,426,-8,20,1,1
1,SARSA + PS + Kernel,123,427,-46,58,1,1
1,SARSA + PS + Kernel,123,428,-25,28,2,1
1,SARSA + PS + Kernel,123,429,-67,52,4,1
1,SARSA + PS + Kernel,123,430,3,18,0,1
1,SARSA + PS + Kernel,123,431,11,10,0,1
1,SARSA + PS + Kernel,123,432,-119,104,4,1
1,SARSA + PS + Kernel,123,433,6,15,0,1
1,SARSA + PS + Kernel,123,434,-16,19,2,1
1,SARSA + PS + Kernel,123,435,-10,31,0,1
1,SARSA + PS + Kernel,123,436,12,9,0,1
1,SARSA + PS + Kernel,123,437,0,12,1,1
1,SARSA + PS + Kernel,123,438,9,12,0,1
1,SARSA + PS + Kernel,123,439,-54,66,1,1
1,SARSA + PS + Kernel,123,440,7,14,0,1
1,SARSA + PS + Kernel,123,441,-8,20,1,1
1,SARSA + PS + Kernel,123,442,-1,22,0,1
1,SARSA + PS + Kernel,123,443,-26,38,1,1
1,SARSA + PS + Kernel,123,444,-21,24,2,1
1,SARSA + PS + Kernel,123,445,11,10,0,1
1,SARSA + PS + Kernel,123,446,7,14,0,1
1,SARSA + PS + Kernel,123,447,-158,125,6,1
1,SARSA + PS + Kernel,123,448,-7,28,0,1
1,SARSA + PS + Kernel,123,449,12,9,0,1
1,SARSA + PS + Kernel,123,450,-245,200,5,0
1,SARSA + PS + Kernel,123,451,8,13,0,1
1,SARSA + PS + Kernel,123,452,-18,30,1,1
1,SARSA + PS + Kernel,123,453,-141,126,4,1
1,SARSA + PS + Kernel,123,454,-10,31,0,1
1,SARSA + PS + Kernel,123,455,-14,35,0,1
1,SARSA + PS + Kernel,123,456,-22,34,1,1
1,SARSA + PS + Kernel,123,457,4,8,1,1
1,SARSA + PS + Kernel,123,458,-192,168,5,1
1,SARSA + PS + Kernel,123,459,-5,26,0,1
1,SARSA + PS + Kernel,123,460,-44,65,0,1
1,SARSA + PS + Kernel,123,461,-50,62,1,1
1,SARSA + PS + Kernel,123,462,-17,29,1,1
1,SARSA + PS + Kernel,123,463,13,8,0,1
1,SARSA + PS + Kernel,123,464,10,11,0,1
1,SARSA + PS + Kernel,123,465,11,10,0,1
1,SARSA + PS + Kernel,123,466,6,15,0,1
1,SARSA + PS + Kernel,123,467,10,11,0,1
1,SARSA + PS + Kernel,123,468,-3,15,1,1
1,SARSA + PS + Kernel,123,469,-23,44,0,1
1,SARSA + PS + Kernel,123,470,5,16,0,1
1,SARSA + PS + Kernel,123,471,3,18,0,1
1,SARSA + PS + Kernel,123,472,-42,54,1,1
1,SARSA + PS + Kernel,123,473,3,18,0,1
1,SARSA + PS + Kernel,123,474,13,8,0,1
1,SARSA + PS + Kernel,123,475,-2,23,0,1
1,SARSA + PS + Kernel,123,476,-22,34,1,1
1,SARSA + PS + Kernel,123,477,-55,58,2,1
1,SARSA + PS + Kernel,123,478,11,10,0,1
1,SARSA + PS + Kernel,123,479,4,17,0,1
1,SARSA + PS + Kernel,123,480,-5,26,0,1
1,SARSA + PS + Kernel,123,481,-15,27,1,1
1,SARSA + PS + Kernel,123,482,-9,30,0,1
1,SARSA + PS + Kernel,123,483,-32,53,0,1
1,SARSA + PS + Kernel,123,484,11,10,0,1
1,SARSA + PS + Kernel,123,485,11,10,0,1
1,SARSA + PS + Kernel,123,486,0,21,0,1
1,SARSA + PS + Kernel,123,487,-50,44,3,1
1,SARSA + PS + Kernel,123,488,-12,33,0,1
1,SARSA + PS + Kernel,123,489,6,15,0,1
1,SARSA + PS + Kernel,123,490,-149,107,7,1
1,SARSA + PS + Kernel,123,491,-61,73,1,1
1,SARSA + PS + Kernel,123,492,11,10,0,1
1,SARSA + PS + Kernel,123,493,-11,23,1,1
1,SARSA + PS + Kernel,123,494,-23,26,2,1
1,SARSA + PS + Kernel,123,495,-2,14,1,1
1,SARSA + PS + Kernel,123,496,-7,19,1,1
1,SARSA + PS + Kernel,123,497,-25,28,2,1
1,SARSA + PS + Kernel,123,498,7,14,0,1
1,SARSA + PS + Kernel,123,499,-71,65,3,1
1,SARSA + PS + Kernel,777,0,-587,200,43,0
1,SARSA + PS + Kernel,777,1,-605,200,45,0
1,SARSA + PS + Kernel,777,2,-560,200,40,0
1,SARSA + PS + Kernel,777,3,-551,200,39,0
1,SARSA + PS + Kernel,777,4,-560,200,40,0
1,SARSA + PS + Kernel,777,5,-524,200,36,0
1,SARSA + PS + Kernel,777,6,-704,200,56,0
1,SARSA + PS + Kernel,777,7,-344,200,16,0
1,SARSA + PS + Kernel,777,8,-445,160,34,1
1,SARSA + PS + Kernel,777,9,-380,200,20,0
1,SARSA + PS + Kernel,777,10,-596,200,44,0
1,SARSA + PS + Kernel,777,11,-488,200,32,0
1,SARSA + PS + Kernel,777,12,-416,200,24,0
1,SARSA + PS + Kernel,777,13,-452,200,28,0
1,SARSA + PS + Kernel,777,14,-587,200,43,0
1,SARSA + PS + Kernel,777,15,-398,200,22,0
1,SARSA + PS + Kernel,777,16,-497,200,33,0
1,SARSA + PS + Kernel,777,17,-434,200,26,0
1,SARSA + PS + Kernel,777,18,-344,200,16,0
1,SARSA + PS + Kernel,777,19,-371,200,19,0
1,SARSA + PS + Kernel,777,20,-596,200,44,0
1,SARSA + PS + Kernel,777,21,-326,200,14,0
1,SARSA + PS + Kernel,777,22,-497,200,33,0
1,SARSA + PS + Kernel,777,23,-380,200,20,0
1,SARSA + PS + Kernel,777,24,-371,200,19,0
1,SARSA + PS + Kernel,777,25,-398,200,22,0
1,SARSA + PS + Kernel,777,26,-371,200,19,0
1,SARSA + PS + Kernel,777,27,-371,200,19,0
1,SARSA + PS + Kernel,777,28,-425,200,25,0
1,SARSA + PS + Kernel,777,29,-371,200,19,0
1,SARSA + PS + Kernel,777,30,-317,200,13,0
1,SARSA + PS + Kernel,777,31,-578,200,42,0
1,SARSA + PS + Kernel,777,32,-344,200,16,0
1,SARSA + PS + Kernel,777,33,-344,200,16,0
1,SARSA + PS + Kernel,777,34,-452,200,28,0
1,SARSA + PS + Kernel,777,35,-353,200,17,0
1,SARSA + PS + Kernel,777,36,-371,200,19,0
1,SARSA + PS + Kernel,777,37,-254,200,6,0
1,SARSA + PS + Kernel,777,38,-380,200,20,0
1,SARSA + PS + Kernel,777,39,-362,200,18,0
1,SARSA + PS + Kernel,777,40,-344,200,16,0
1,SARSA + PS + Kernel,777,41,-380,200,20,0
1,SARSA + PS + Kernel,777,42,-27,30,2,1
1,SARSA + PS + Kernel,777,43,-317,200,13,0
1,SARSA + PS + Kernel,777,44,-295,199,13,1
1,SARSA + PS + Kernel,777,45,-443,200,27,0
1,SARSA + PS + Kernel,777,46,-434,200,26,0
1,SARSA + PS + Kernel,777,47,-470,200,30,0
1,SARSA + PS + Kernel,777,48,-241,163,11,1
1,SARSA + PS + Kernel,777,49,-416,200,24,0
1,SARSA + PS + Kernel,777,50,-236,200,4,0
1,SARSA + PS + Kernel,777,51,-317,200,13,0
1,SARSA + PS + Kernel,777,52,-335,200,15,0
1,SARSA + PS + Kernel,777,53,-281,200,9,0
1,SARSA + PS + Kernel,777,54,-218,200,2,0
1,SARSA + PS + Kernel,777,55,-335,200,15,0
1,SARSA + PS + Kernel,777,56,-416,200,24,0
1,SARSA + PS + Kernel,777,57,-353,200,17,0
1,SARSA + PS + Kernel,777,58,-299,200,11,0
1,SARSA + PS + Kernel,777,59,-245,200,5,0
1,SARSA + PS + Kernel,777,60,-101,77,5,1
1,SARSA + PS + Kernel,777,61,-281,200,9,0
1,SARSA + PS + Kernel,777,62,-362,200,18,0
1,SARSA + PS + Kernel,777,63,-272,200,8,0
1,SARSA + PS + Kernel,777,64,-245,200,5,0
1,SARSA + PS + Kernel,777,65,-290,200,10,0
1,SARSA + PS + Kernel,777,66,-317,200,13,0
1,SARSA + PS + Kernel,777,67,-218,200,2,0
1,SARSA + PS + Kernel,777,68,-220,133,12,1
1,SARSA + PS + Kernel,777,69,-155,104,8,1
1,SARSA + PS + Kernel,777,70,-236,200,4,0
1,SARSA + PS + Kernel,777,71,-434,200,26,0
1,SARSA + PS + Kernel,777,72,-178,136,7,1
1,SARSA + PS + Kernel,777,73,-317,200,13,0
1,SARSA + PS + Kernel,777,74,-308,200,12,0
1,SARSA + PS + Kernel,777,75,-230,161,10,1
1,SARSA + PS + Kernel,777,76,-245,200,5,0
1,SARSA + PS + Kernel,777,77,-308,200,12,0
1,SARSA + PS + Kernel,777,78,-151,100,8,1
1,SARSA + PS + Kernel,777,79,-299,200,11,0
1,SARSA + PS + Kernel,777,80,-245,200,5,0
1,SARSA + PS + Kernel,777,81,-281,200,9,0
1,SARSA + PS + Kernel,777,82,-254,176,11,1
1,SARSA + PS + Kernel,777,83,-272,200,8,0
1,SARSA + PS + Kernel,777,84,-245,167,11,1
1,SARSA + PS + Kernel,777,85,-263,200,7,0
1,SARSA + PS + Kernel,777,86,-281,200,9,0
1,SARSA + PS + Kernel,777,87,-254,200,6,0
1,SARSA + PS + Kernel,777,88,-76,70,3,1
1,SARSA + PS + Kernel,777,89,-263,200,7,0
1,SARSA + PS + Kernel,777,90,-213,153,9,1
1,SARSA + PS + Kernel,777,91,-254,200,6,0
1,SARSA + PS + Kernel,777,92,-263,200,7,0
1,SARSA + PS + Kernel,777,93,-216,165,8,1
1,SARSA + PS + Kernel,777,94,-142,145,2,1
1,SARSA + PS + Kernel,777,95,-67,52,4,1
1,SARSA + PS + Kernel,777,96,-254,200,6,0
1,SARSA + PS + Kernel,777,97,-200,167,6,1
1,SARSA + PS + Kernel,777,98,-227,200,3,0
1,SARSA + PS + Kernel,777,99,7,14,0,1
1,SARSA + PS + Kernel,777,100,-227,200,3,0
1,SARSA + PS + Kernel,777,101,-34,46,1,1
1,SARSA + PS + Kernel,777,102,-281,200,9,0
1,SARSA + PS + Kernel,777,103,-254,200,6,0
1,SARSA + PS + Kernel,777,104,-308,200,12,0
1,SARSA + PS + Kernel,777,105,-181,157,5,1
1,SARSA + PS + Kernel,777,106,-78,81,2,1
1,SARSA + PS + Kernel,777,107,-236,200,4,0
1,SARSA + PS + Kernel,777,108,-105,72,6,1
1,SARSA + PS + Kernel,777,109,-185,143,7,1
1,SARSA + PS + Kernel,777,110,-139,133,3,1
1,SARSA + PS + Kernel,777,111,-236,200,4,0
1,SARSA + PS + Kernel,777,112,-67,70,2,1
1,SARSA + PS + Kernel,777,113,-2,23,0,1
1,SARSA + PS + Kernel,777,114,-272,200,8,0
1,SARSA + PS + Kernel,777,115,4,8,1,1
1,SARSA + PS + Kernel,777,116,-245,200,5,0
1,SARSA + PS + Kernel,777,117,-290,200,10,0
1,SARSA + PS + Kernel,777,118,-227,200,3,0
1,SARSA + PS + Kernel,777,119,-290,200,10,0
1,SARSA + PS + Kernel,777,120,-81,75,3,1
1,SARSA + PS + Kernel,777,121,-290,200,10,0
1,SARSA + PS + Kernel,777,122,-100,103,2,1
1,SARSA + PS + Kernel,777,123,-36,39,2,1
1,SARSA + PS + Kernel,777,124,-33,45,1,1
1,SARSA + PS + Kernel,777,125,-188,155,6,1
1,SARSA + PS + Kernel,777,126,-263,200,7,0
1,SARSA + PS + Kernel,777,127,-138,132,3,1
1,SARSA + PS + Kernel,777,128,-16,37,0,1
1,SARSA + PS + Kernel,777,129,-245,200,5,0
1,SARSA + PS + Kernel,777,130,-272,200,8,0
1,SARSA + PS + Kernel,777,131,-120,123,2,1
1,SARSA + PS + Kernel,777,132,-113,89,5,1
1,SARSA + PS + Kernel,777,133,-155,131,5,1
1,SARSA + PS + Kernel,777,134,-47,50,2,1
1,SARSA + PS + Kernel,777,135,-74,77,2,1
1,SARSA + PS + Kernel,777,136,-35,38,2,1
1,SARSA + PS + Kernel,777,137,-122,116,3,1
1,SARSA + PS + Kernel,777,138,-15,27,1,1
1,SARSA + PS + Kernel,777,139,-227,200,3,0
1,SARSA + PS + Kernel,777,140,-50,53,2,1
1,SARSA + PS + Kernel,777,141,-263,200,7,0
1,SARSA + PS + Kernel,777,142,-10,22,1,1
1,SARSA + PS + Kernel,777,143,-186,180,3,1
1,SARSA + PS + Kernel,777,144,-192,141,8,1
1,SARSA + PS + Kernel,777,145,-132,108,5,1
1,SARSA + PS + Kernel,777,146,-56,50,3,1
1,SARSA + PS + Kernel,777,147,-1,22,0,1
1,SARSA + PS + Kernel,777,148,-138,123,4,1
1,SARSA + PS + Kernel,777,149,-85,79,3,1
1,SARSA + PS + Kernel,777,150,-59,71,1,1
1,SARSA + PS + Kernel,777,151,-64,67,2,1
1,SARSA + PS + Kernel,777,152,-141,144,2,1
1,SARSA + PS + Kernel,777,153,-128,131,2,1
1,SARSA + PS + Kernel,777,154,-96,90,3,1
1,SARSA + PS + Kernel,777,155,-71,56,4,1
1,SARSA + PS + Kernel,777,156,-272,200,8,0
1,SARSA + PS + Kernel,777,157,-263,200,7,0
1,SARSA + PS + Kernel,777,158,-162,138,5,1
1,SARSA + PS + Kernel,777,159,-263,200,7,0
1,SARSA + PS + Kernel,777,160,-2,23,0,1
1,SARSA + PS + Kernel,777,161,-166,151,4,1
1,SARSA + PS + Kernel,777,162,-62,56,3,1
1,SARSA + PS + Kernel,777,163,-263,200,7,0
1,SARSA + PS + Kernel,777,164,-72,66,3,1
1,SARSA + PS + Kernel,777,165,-75,78,2,1
1,SARSA + PS + Kernel,777,166,-227,200,3,0
1,SARSA + PS + Kernel,777,167,-43,55,1,1
1,SARSA + PS + Kernel,777,168,-254,200,6,0
1,SARSA + PS + Kernel,777,169,-192,168,5,1
1,SARSA + PS + Kernel,777,170,-76,70,3,1
1,SARSA + PS + Kernel,777,171,-254,200,6,0
1,SARSA + PS + Kernel,777,172,-281,200,9,0
1,SARSA + PS + Kernel,777,173,-281,200,9,0
1,SARSA + PS + Kernel,777,174,-48,51,2,1
1,SARSA + PS + Kernel,777,175,-13,25,1,1
1,SARSA + PS + Kernel,777,176,-7,28,0,1
1,SARSA + PS + Kernel,777,177,7,14,0,1
1,SARSA + PS + Kernel,777,178,14,7,0,1
1,SARSA + PS + Kernel,777,179,-22,25,2,1
1,SARSA + PS + Kernel,777,180,-263,200,7,0
1,SARSA + PS + Kernel,777,181,-80,83,2,1
1,SARSA + PS + Kernel,777,182,-34,46,1,1
1,SARSA + PS + Kernel,777,183,-272,200,8,0
1,SARSA + PS + Kernel,777,184,-5,26,0,1
1,SARSA + PS + Kernel,777,185,-13,25,1,1
1,SARSA + PS + Kernel,777,186,-89,65,5,1
1,SARSA + PS + Kernel,777,187,12,9,0,1
1,SARSA + PS + Kernel,777,188,-60,54,3,1
1,SARSA + PS + Kernel,777,189,-35,38,2,1
1,SARSA + PS + Kernel,777,190,-15,36,0,1
1,SARSA + PS + Kernel,777,191,-30,33,2,1
1,SARSA + PS + Kernel,777,192,-70,55,4,1
1,SARSA + PS + Kernel,777,193,-133,118,4,1
1,SARSA + PS + Kernel,777,194,-47,59,1,1
1,SARSA + PS + Kernel,777,195,-143,110,6,1
1,SARSA + PS + Kernel,777,196,-2,14,1,1
1,SARSA + PS + Kernel,777,197,-100,85,4,1
1,SARSA + PS + Kernel,777,198,-15,36,0,1
1,SARSA + PS + Kernel,777,199,-25,28,2,1
1,SARSA + PS + Kernel,777,200,-75,78,2,1
1,SARSA + PS + Kernel,777,201,-133,127,3,1
1,SARSA + PS + Kernel,777,202,-69,72,2,1
1,SARSA + PS + Kernel,777,203,-99,102,2,1
1,SARSA + PS + Kernel,777,204,-46,49,2,1
1,SARSA + PS + Kernel,777,205,-78,63,4,1
1,SARSA + PS + Kernel,777,206,-53,56,2,1
1,SARSA + PS + Kernel,777,207,-45,48,2,1
1,SARSA + PS + Kernel,777,208,-3,15,1,1
1,SARSA + PS + Kernel,777,209,-1,13,1,1
1,SARSA + PS + Kernel,777,210,12,9,0,1
1,SARSA + PS + Kernel,777,211,-217,184,6,1
1,SARSA + PS + Kernel,777,212,-177,144,6,1
1,SARSA + PS + Kernel,777,213,-18,39,0,1
1,SARSA + PS + Kernel,777,214,-49,70,0,1
1,SARSA + PS + Kernel,777,215,-56,68,1,1
1,SARSA + PS + Kernel,777,216,1,20,0,1
1,SARSA + PS + Kernel,777,217,-254,200,6,0
1,SARSA + PS + Kernel,777,218,5,16,0,1
1,SARSA + PS + Kernel,777,219,-254,200,6,0
1,SARSA + PS + Kernel,777,220,-206,191,4,1
1,SARSA + PS + Kernel,777,221,3,18,0,1
1,SARSA + PS + Kernel,777,222,-18,30,1,1
1,SARSA + PS + Kernel,777,223,-22,34,1,1
1,SARSA + PS + Kernel,777,224,-105,117,1,1
1,SARSA + PS + Kernel,777,225,-49,52,2,1
1,SARSA + PS + Kernel,777,226,-53,56,2,1
1,SARSA + PS + Kernel,777,227,8,13,0,1
1,SARSA + PS + Kernel,777,228,-21,33,1,1
1,SARSA + PS + Kernel,777,229,10,11,0,1
1,SARSA + PS + Kernel,777,230,-18,39,0,1
1,SARSA + PS + Kernel,777,231,-245,200,5,0
1,SARSA + PS + Kernel,777,232,-245,200,5,0
1,SARSA + PS + Kernel,777,233,5,16,0,1
1,SARSA + PS + Kernel,777,234,-132,117,4,1
1,SARSA + PS + Kernel,777,235,-192,150,7,1
1,SARSA + PS + Kernel,777,236,12,9,0,1
1,SARSA + PS + Kernel,777,237,-114,108,3,1
1,SARSA + PS + Kernel,777,238,-102,87,4,1
1,SARSA + PS + Kernel,777,239,-15,27,1,1
1,SARSA + PS + Kernel,777,240,-77,98,0,1
1,SARSA + PS + Kernel,777,241,9,12,0,1
1,SARSA + PS + Kernel,777,242,-27,39,1,1
1,SARSA + PS + Kernel,777,243,11,10,0,1
1,SARSA + PS + Kernel,777,244,9,12,0,1
1,SARSA + PS + Kernel,777,245,9,12,0,1
1,SARSA + PS + Kernel,777,246,12,9,0,1
1,SARSA + PS + Kernel,777,247,-108,102,3,1
1,SARSA + PS + Kernel,777,248,15,6,0,1
1,SARSA + PS + Kernel,777,249,9,12,0,1
1,SARSA + PS + Kernel,777,250,-33,45,1,1
1,SARSA + PS + Kernel,777,251,-74,77,2,1
1,SARSA + PS + Kernel,777,252,-191,149,7,1
1,SARSA + PS + Kernel,777,253,-78,81,2,1
1,SARSA + PS + Kernel,777,254,-53,65,1,1
1,SARSA + PS + Kernel,777,255,-48,51,2,1
1,SARSA + PS + Kernel,777,256,11,10,0,1
1,SARSA + PS + Kernel,777,257,-49,61,1,1
1,SARSA + PS + Kernel,777,258,2,19,0,1
1,SARSA + PS + Kernel,777,259,-254,200,6,0
1,SARSA + PS + Kernel,777,260,-23,44,0,1
1,SARSA + PS + Kernel,777,261,-59,71,1,1
1,SARSA + PS + Kernel,777,262,-30,51,0,1
1,SARSA + PS + Kernel,777,263,-66,78,1,1
1,SARSA + PS + Kernel,777,264,-8,29,0,1
1,SARSA + PS + Kernel,777,265,-15,27,1,1
1,SARSA + PS + Kernel,777,266,-14,26,1,1
1,SARSA + PS + Kernel,777,267,-165,114,8,1
1,SARSA + PS + Kernel,777,268,-111,87,5,1
1,SARSA + PS + Kernel,777,269,-39,51,1,1
1,SARSA + PS + Kernel,777,270,-26,38,1,1
1,SARSA + PS + Kernel,777,271,-92,113,0,1
1,SARSA + PS + Kernel,777,272,-14,35,0,1
1,SARSA + PS + Kernel,777,273,7,14,0,1
1,SARSA + PS + Kernel,777,274,-23,26,2,1
1,SARSA + PS + Kernel,777,275,-23,35,1,1
1,SARSA + PS + Kernel,777,276,-19,22,2,1
1,SARSA + PS + Kernel,777,277,-23,44,0,1
1,SARSA + PS + Kernel,777,278,8,13,0,1
1,SARSA + PS + Kernel,777,279,-59,53,3,1
1,SARSA + PS + Kernel,777,280,8,13,0,1
1,SARSA + PS + Kernel,777,281,14,7,0,1
1,SARSA + PS + Kernel,777,282,-50,62,1,1
1,SARSA + PS + Kernel,777,283,-100,85,4,1
1,SARSA + PS + Kernel,777,284,-77,80,2,1
1,SARSA + PS + Kernel,777,285,-82,85,2,1
1,SARSA + PS + Kernel,777,286,-166,115,8,1
1,SARSA + PS + Kernel,777,287,-46,49,2,1
1,SARSA + PS + Kernel,777,288,11,10,0,1
1,SARSA + PS + Kernel,777,289,-65,59,3,1
1,SARSA + PS + Kernel,777,290,-136,121,4,1
1,SARSA + PS + Kernel,777,291,-255,195,9,1
1,SARSA + PS + Kernel,777,292,7,14,0,1
1,SARSA + PS + Kernel,777,293,5,16,0,1
1,SARSA + PS + Kernel,777,294,5,16,0,1
1,SARSA + PS + Kernel,777,295,-1,22,0,1
1,SARSA + PS + Kernel,777,296,-49,52,2,1
1,SARSA + PS + Kernel,777,297,-13,16,2,1
1,SARSA + PS + Kernel,777,298,-68,62,3,1
1,SARSA + PS + Kernel,777,299,-75,69,3,1
1,SARSA + PS + Kernel,777,300,-22,43,0,1
1,SARSA + PS + Kernel,777,301,-63,66,2,1
1,SARSA + PS + Kernel,777,302,-29,32,2,1
1,SARSA + PS + Kernel,777,303,-22,34,1,1
1,SARSA + PS + Kernel,777,304,10,11,0,1
1,SARSA + PS + Kernel,777,305,-106,82,5,1
1,SARSA + PS + Kernel,777,306,11,10,0,1
1,SARSA + PS + Kernel,777,307,-21,42,0,1
1,SARSA + PS + Kernel,777,308,-63,57,3,1
1,SARSA + PS + Kernel,777,309,-36,57,0,1
1,SARSA + PS + Kernel,777,310,9,12,0,1
1,SARSA + PS + Kernel,777,311,-170,155,4,1
1,SARSA + PS + Kernel,777,312,9,12,0,1
1,SARSA + PS + Kernel,777,313,-43,46,2,1
1,SARSA + PS + Kernel,777,314,-154,121,6,1
1,SARSA + PS + Kernel,777,315,4,17,0,1
1,SARSA + PS + Kernel,777,316,-147,132,4,1
1,SARSA + PS + Kernel,777,317,-12,33,0,1
1,SARSA + PS + Kernel,777,318,12,9,0,1
1,SARSA + PS + Kernel,777,319,-37,49,1,1
1,SARSA + PS + Kernel,777,320,-8,20,1,1
1,SARSA + PS + Kernel,777,321,5,16,0,1
1,SARSA + PS + Kernel,777,322,-9,30,0,1
1,SARSA + PS + Kernel,777,323,3,18,0,1
1,SARSA + PS + Kernel,777,324,-13,25,1,1
1,SARSA + PS + Kernel,777,325,-177,135,7,1
1,SARSA + PS + Kernel,777,326,-10,22,1,1
1,SARSA + PS + Kernel,777,327,-130,106,5,1
1,SARSA + PS + Kernel,777,328,-85,79,3,1
1,SARSA + PS + Kernel,777,329,-145,139,3,1
1,SARSA + PS + Kernel,777,330,-16,28,1,1
1,SARSA + PS + Kernel,777,331,-272,200,8,0
1,SARSA + PS + Kernel,777,332,-33,54,0,1
1,SARSA + PS + Kernel,777,333,-95,98,2,1
1,SARSA + PS + Kernel,777,334,-15,27,1,1
1,SARSA + PS + Kernel,777,335,-76,79,2,1
1,SARSA + PS + Kernel,777,336,-43,64,0,1
1,SARSA + PS + Kernel,777,337,-95,89,3,1
1,SARSA + PS + Kernel,777,338,-45,57,1,1
1,SARSA + PS + Kernel,777,339,-8,20,1,1
1,SARSA + PS + Kernel,777,340,-14,26,1,1
1,SARSA + PS + Kernel,777,341,11,10,0,1
1,SARSA + PS + Kernel,777,342,-41,53,1,1
1,SARSA + PS + Kernel,777,343,-87,90,2,1
1,SARSA + PS + Kernel,777,344,-60,45,4,1
1,SARSA + PS + Kernel,777,345,11,10,0,1
1,SARSA + PS + Kernel,777,346,-8,20,1,1
1,SARSA + PS + Kernel,777,347,2,19,0,1
1,SARSA + PS + Kernel,777,348,4,17,0,1
1,SARSA + PS + Kernel,777,349,11,10,0,1
1,SARSA + PS + Kernel,777,350,11,10,0,1
1,SARSA + PS + Kernel,777,351,-40,43,2,1
1,SARSA + PS + Kernel,777,352,11,10,0,1
1,SARSA + PS + Kernel,777,353,0,21,0,1
1,SARSA + PS + Kernel,777,354,11,10,0,1
1,SARSA + PS + Kernel,777,355,0,21,0,1
1,SARSA + PS + Kernel,777,356,-1,13,1,1
1,SARSA + PS + Kernel,777,357,-19,40,0,1
1,SARSA + PS + Kernel,777,358,-21,33,1,1
1,SARSA + PS + Kernel,777,359,-7,28,0,1
1,SARSA + PS + Kernel,777,360,-34,46,1,1
1,SARSA + PS + Kernel,777,361,9,12,0,1
1,SARSA + PS + Kernel,777,362,-19,22,2,1
1,SARSA + PS + Kernel,777,363,10,11,0,1
1,SARSA + PS + Kernel,777,364,4,8,1,1
1,SARSA + PS + Kernel,777,365,9,12,0,1
1,SARSA + PS + Kernel,777,366,-15,27,1,1
1,SARSA + PS + Kernel,777,367,-62,65,2,1
1,SARSA + PS + Kernel,777,368,-7,28,0,1
1,SARSA + PS + Kernel,777,369,-27,39,1,1
1,SARSA + PS + Kernel,777,370,-25,46,0,1
1,SARSA + PS + Kernel,777,371,4,8,1,1
1,SARSA + PS + Kernel,777,372,5,16,0,1
1,SARSA + PS + Kernel,777,373,5,16,0,1
1,SARSA + PS + Kernel,777,374,11,10,0,1
1,SARSA + PS + Kernel,777,375,-45,48,2,1
1,SARSA + PS + Kernel,777,376,2,10,1,1
1,SARSA + PS + Kernel,777,377,-97,91,3,1
1,SARSA + PS + Kernel,777,378,11,10,0,1
1,SARSA + PS + Kernel,777,379,-62,74,1,1
1,SARSA + PS + Kernel,777,380,-20,32,1,1
1,SARSA + PS + Kernel,777,381,-7,19,1,1
1,SARSA + PS + Kernel,777,382,-135,129,3,1
1,SARSA + PS + Kernel,777,383,8,13,0,1
1,SARSA + PS + Kernel,777,384,-32,44,1,1
1,SARSA + PS + Kernel,777,385,-23,26,2,1
1,SARSA + PS + Kernel,777,386,-8,20,1,1
1,SARSA + PS + Kernel,777,387,5,16,0,1
1,SARSA + PS + Kernel,777,388,-18,30,1,1
1,SARSA + PS + Kernel,777,389,-20,41,0,1
1,SARSA + PS + Kernel,777,390,2,19,0,1
1,SARSA + PS + Kernel,777,391,-5,26,0,1
1,SARSA + PS + Kernel,777,392,11,10,0,1
1,SARSA + PS + Kernel,777,393,-20,32,1,1
1,SARSA + PS + Kernel,777,394,-3,24,0,1
1,SARSA + PS + Kernel,777,395,-139,124,4,1
1,SARSA + PS + Kernel,777,396,-7,10,2,1
1,SARSA + PS + Kernel,777,397,9,12,0,1
1,SARSA + PS + Kernel,777,398,10,11,0,1
1,SARSA + PS + Kernel,777,399,11,10,0,1
1,SARSA + PS + Kernel,777,400,-73,76,2,1
1,SARSA + PS + Kernel,777,401,-32,44,1,1
1,SARSA + PS + Kernel,777,402,11,10,0,1
1,SARSA + PS + Kernel,777,403,0,12,1,1
1,SARSA + PS + Kernel,777,404,-11,32,0,1
1,SARSA + PS + Kernel,777,405,-9,12,2,1
1,SARSA + PS + Kernel,777,406,11,10,0,1
1,SARSA + PS + Kernel,777,407,1,11,1,1
1,SARSA + PS + Kernel,777,408,-10,31,0,1
1,SARSA + PS + Kernel,777,409,-1,13,1,1
1,SARSA + PS + Kernel,777,410,7,14,0,1
1,SARSA + PS + Kernel,777,411,2,19,0,1
1,SARSA + PS + Kernel,777,412,-21,33,1,1
1,SARSA + PS + Kernel,777,413,-98,83,4,1
1,SARSA + PS + Kernel,777,414,-47,59,1,1
1,SARSA + PS + Kernel,777,415,-1,22,0,1
1,SARSA + PS + Kernel,777,416,6,15,0,1
1,SARSA + PS + Kernel,777,417,10,11,0,1
1,SARSA + PS + Kernel,777,418,12,9,0,1
1,SARSA + PS + Kernel,777,419,9,12,0,1
1,SARSA + PS + Kernel,777,420,-22,43,0,1
1,SARSA + PS + Kernel,777,421,-2,14,1,1
1,SARSA + PS + Kernel,777,422,7,14,0,1
1,SARSA + PS + Kernel,777,423,12,9,0,1
1,SARSA + PS + Kernel,777,424,2,10,1,1
1,SARSA + PS + Kernel,777,425,12,9,0,1
1,SARSA + PS + Kernel,777,426,-6,18,1,1
1,SARSA + PS + Kernel,777,427,7,14,0,1
1,SARSA + PS + Kernel,777,428,-4,25,0,1
1,SARSA + PS + Kernel,777,429,9,12,0,1
1,SARSA + PS + Kernel,777,430,14,7,0,1
1,SARSA + PS + Kernel,777,431,5,16,0,1
1,SARSA + PS + Kernel,777,432,-12,24,1,1
1,SARSA + PS + Kernel,777,433,-3,15,1,1
1,SARSA + PS + Kernel,777,434,-15,18,2,1
1,SARSA + PS + Kernel,777,435,0,12,1,1
1,SARSA + PS + Kernel,777,436,-118,121,2,1
1,SARSA + PS + Kernel,777,437,-26,29,2,1
1,SARSA + PS + Kernel,777,438,-31,34,2,1
1,SARSA + PS + Kernel,777,439,5,16,0,1
1,SARSA + PS + Kernel,777,440,-2,23,0,1
1,SARSA + PS + Kernel,777,441,9,12,0,1
1,SARSA + PS + Kernel,777,442,8,13,0,1
1,SARSA + PS + Kernel,777,443,11,10,0,1
1,SARSA + PS + Kernel,777,444,-26,47,0,1
1,SARSA + PS + Kernel,777,445,8,13,0,1
1,SARSA + PS + Kernel,777,446,8,13,0,1
1,SARSA + PS + Kernel,777,447,9,12,0,1
1,SARSA + PS + Kernel,777,448,2,19,0,1
1,SARSA + PS + Kernel,777,449,2,19,0,1
1,SARSA + PS + Kernel,777,450,9,12,0,1
1,SARSA + PS + Kernel,777,451,5,16,0,1
1,SARSA + PS + Kernel,777,452,-67,61,3,1
1,SARSA + PS + Kernel,777,453,-1,13,1,1
1,SARSA + PS + Kernel,777,454,11,10,0,1
1,SARSA + PS + Kernel,777,455,-1,22,0,1
1,SARSA + PS + Kernel,777,456,10,11,0,1
1,SARSA + PS + Kernel,777,457,8,13,0,1
1,SARSA + PS + Kernel,777,458,14,7,0,1
1,SARSA + PS + Kernel,777,459,14,7,0,1
1,SARSA + PS + Kernel,777,460,11,10,0,1
1,SARSA + PS + Kernel,777,461,-4,25,0,1
1,SARSA + PS + Kernel,777,462,6,15,0,1
1,SARSA + PS + Kernel,777,463,-37,49,1,1
1,SARSA + PS + Kernel,777,464,-13,25,1,1
1,SARSA + PS + Kernel,777,465,13,8,0,1
1,SARSA + PS + Kernel,777,466,8,13,0,1
1,SARSA + PS + Kernel,777,467,-20,23,2,1
1,SARSA + PS + Kernel,777,468,-29,32,2,1
1,SARSA + PS + Kernel,777,469,13,8,0,1
1,SARSA + PS + Kernel,777,470,-35,47,1,1
1,SARSA + PS + Kernel,777,471,-8,20,1,1
1,SARSA + PS + Kernel,777,472,-15,18,2,1
1,SARSA + PS + Kernel,777,473,-1,13,1,1
1,SARSA + PS + Kernel,777,474,4,17,0,1
1,SARSA + PS + Kernel,777,475,-13,25,1,1
1,SARSA + PS + Kernel,777,476,-1,13,1,1
1,SARSA + PS + Kernel,777,477,-5,17,1,1
1,SARSA + PS + Kernel,777,478,14,7,0,1
1,SARSA + PS + Kernel,777,479,6,15,0,1
1,SARSA + PS + Kernel,777,480,-17,29,1,1
1,SARSA + PS + Kernel,777,481,8,13,0,1
1,SARSA + PS + Kernel,777,482,15,6,0,1
1,SARSA + PS + Kernel,777,483,-26,29,2,1
1,SARSA + PS + Kernel,777,484,-88,91,2,1
1,SARSA + PS + Kernel,777,485,-138,105,6,1
1,SARSA + PS + Kernel,777,486,-6,18,1,1
1,SARSA + PS + Kernel,777,487,9,12,0,1
1,SARSA + PS + Kernel,777,488,8,13,0,1
1,SARSA + PS + Kernel,777,489,7,14,0,1
1,SARSA + PS + Kernel,777,490,-93,96,2,1
1,SARSA + PS + Kernel,777,491,-82,94,1,1
1,SARSA + PS + Kernel,777,492,5,16,0,1
1,SARSA + PS + Kernel,777,493,14,7,0,1
1,SARSA + PS + Kernel,777,494,-24,36,1,1
1,SARSA + PS + Kernel,777,495,3,18,0,1
1,SARSA + PS + Kernel,777,496,-5,17,1,1
1,SARSA + PS + Kernel,777,497,8,13,0,1
1,SARSA + PS + Kernel,777,498,-11,23,1,1
1,SARSA + PS + Kernel,777,499,0,12,1,1
1,SARSA + PS + Kernel,999,0,-560,200,40,0
1,SARSA + PS + Kernel,999,1,-542,200,38,0
1,SARSA + PS + Kernel,999,2,-596,200,44,0
1,SARSA + PS + Kernel,999,3,-569,200,41,0
1,SARSA + PS + Kernel,999,4,-560,200,40,0
1,SARSA + PS + Kernel,999,5,-596,200,44,0
1,SARSA + PS + Kernel,999,6,-335,200,15,0
1,SARSA + PS + Kernel,999,7,-425,200,25,0
1,SARSA + PS + Kernel,999,8,-569,200,41,0
1,SARSA + PS + Kernel,999,9,-569,200,41,0
1,SARSA + PS + Kernel,999,10,-641,200,49,0
1,SARSA + PS + Kernel,999,11,-461,200,29,0
1,SARSA + PS + Kernel,999,12,-614,200,46,0
1,SARSA + PS + Kernel,999,13,-587,200,43,0
1,SARSA + PS + Kernel,999,14,-434,200,26,0
1,SARSA + PS + Kernel,999,15,-398,200,22,0
1,SARSA + PS + Kernel,999,16,-407,200,23,0
1,SARSA + PS + Kernel,999,17,-344,200,16,0
1,SARSA + PS + Kernel,999,18,-497,200,33,0
1,SARSA + PS + Kernel,999,19,-407,200,23,0
1,SARSA + PS + Kernel,999,20,-461,200,29,0
1,SARSA + PS + Kernel,999,21,-353,200,17,0
1,SARSA + PS + Kernel,999,22,-443,200,27,0
1,SARSA + PS + Kernel,999,23,-156,96,9,1
1,SARSA + PS + Kernel,999,24,-344,200,16,0
1,SARSA + PS + Kernel,999,25,-443,200,27,0
1,SARSA + PS + Kernel,999,26,-371,200,19,0
1,SARSA + PS + Kernel,999,27,-389,200,21,0
1,SARSA + PS + Kernel,999,28,-452,200,28,0
1,SARSA + PS + Kernel,999,29,-389,200,21,0
1,SARSA + PS + Kernel,999,30,-326,200,14,0
1,SARSA + PS + Kernel,999,31,-416,200,24,0
1,SARSA + PS + Kernel,999,32,-497,200,33,0
1,SARSA + PS + Kernel,999,33,-362,200,18,0
1,SARSA + PS + Kernel,999,34,-59,53,3,1
1,SARSA + PS + Kernel,999,35,-380,200,20,0
1,SARSA + PS + Kernel,999,36,-326,200,14,0
1,SARSA + PS + Kernel,999,37,-362,200,18,0
1,SARSA + PS + Kernel,999,38,-380,200,20,0
1,SARSA + PS + Kernel,999,39,-281,200,9,0
1,SARSA + PS + Kernel,999,40,-425,200,25,0
1,SARSA + PS + Kernel,999,41,-380,200,20,0
1,SARSA + PS + Kernel,999,42,-353,200,17,0
1,SARSA + PS + Kernel,999,43,-299,200,11,0
1,SARSA + PS + Kernel,999,44,-425,200,25,0
1,SARSA + PS + Kernel,999,45,-362,200,18,0
1,SARSA + PS + Kernel,999,46,-416,200,24,0
1,SARSA + PS + Kernel,999,47,-317,200,13,0
1,SARSA + PS + Kernel,999,48,-407,200,23,0
1,SARSA + PS + Kernel,999,49,-245,200,5,0
1,SARSA + PS + Kernel,999,50,-56,32,5,1
1,SARSA + PS + Kernel,999,51,-71,65,3,1
1,SARSA + PS + Kernel,999,52,-308,200,12,0
1,SARSA + PS + Kernel,999,53,-272,200,8,0
1,SARSA + PS + Kernel,999,54,-389,200,21,0
1,SARSA + PS + Kernel,999,55,-380,200,20,0
1,SARSA + PS + Kernel,999,56,-272,200,8,0
1,SARSA + PS + Kernel,999,57,-236,200,4,0
1,SARSA + PS + Kernel,999,58,-245,200,5,0
1,SARSA + PS + Kernel,999,59,-317,200,13,0
1,SARSA + PS + Kernel,999,60,-227,113,15,1
1,SARSA + PS + Kernel,999,61,-357,189,21,1
1,SARSA + PS + Kernel,999,62,-263,200,7,0
1,SARSA + PS + Kernel,999,63,-273,177,13,1
1,SARSA + PS + Kernel,999,64,-109,94,4,1
1,SARSA + PS + Kernel,999,65,-71,65,3,1
1,SARSA + PS + Kernel,999,66,-254,200,6,0
1,SARSA + PS + Kernel,999,67,-166,160,3,1
1,SARSA + PS + Kernel,999,68,-254,200,6,0
1,SARSA + PS + Kernel,999,69,-290,200,10,0
1,SARSA + PS + Kernel,999,70,1,20,0,1
1,SARSA + PS + Kernel,999,71,-416,200,24,0
1,SARSA + PS + Kernel,999,72,-89,74,4,1
1,SARSA + PS + Kernel,999,73,-254,200,6,0
1,SARSA + PS + Kernel,999,74,-326,200,14,0
1,SARSA + PS + Kernel,999,75,-88,73,4,1
1,SARSA + PS + Kernel,999,76,-380,200,20,0
1,SARSA + PS + Kernel,999,77,-227,200,3,0
1,SARSA + PS + Kernel,999,78,-126,129,2,1
1,SARSA + PS + Kernel,999,79,-245,200,5,0
1,SARSA + PS + Kernel,999,80,-214,136,11,1
1,SARSA + PS + Kernel,999,81,-263,200,7,0
1,SARSA + PS + Kernel,999,82,-425,200,25,0
1,SARSA + PS + Kernel,999,83,-236,200,4,0
1,SARSA + PS + Kernel,999,84,1,20,0,1
1,SARSA + PS + Kernel,999,85,-137,122,4,1
1,SARSA + PS + Kernel,999,86,-347,188,20,1
1,SARSA + PS + Kernel,999,87,-64,49,4,1
1,SARSA + PS + Kernel,999,88,-140,116,5,1
1,SARSA + PS + Kernel,999,89,-281,200,9,0
1,SARSA + PS + Kernel,999,90,-125,128,2,1
1,SARSA + PS + Kernel,999,91,-218,185,6,1
1,SARSA + PS + Kernel,999,92,-281,200,9,0
1,SARSA + PS + Kernel,999,93,-232,199,6,1
1,SARSA + PS + Kernel,999,94,-236,200,4,0
1,SARSA + PS + Kernel,999,95,-353,200,17,0
1,SARSA + PS + Kernel,999,96,-28,40,1,1
1,SARSA + PS + Kernel,999,97,-141,144,2,1
1,SARSA + PS + Kernel,999,98,-227,200,3,0
1,SARSA + PS + Kernel,999,99,-272,200,8,0
1,SARSA + PS + Kernel,999,100,-92,104,1,1
1,SARSA + PS + Kernel,999,101,-28,40,1,1
1,SARSA + PS + Kernel,999,102,-189,165,5,1
1,SARSA + PS + Kernel,999,103,-254,200,6,0
1,SARSA + PS + Kernel,999,104,-66,69,2,1
1,SARSA + PS + Kernel,999,105,-308,200,12,0
1,SARSA + PS + Kernel,999,106,-272,200,8,0
1,SARSA + PS + Kernel,999,107,-171,129,7,1
1,SARSA + PS + Kernel,999,108,-216,165,8,1
1,SARSA + PS + Kernel,999,109,-199,166,6,1
1,SARSA + PS + Kernel,999,110,-116,128,1,1
1,SARSA + PS + Kernel,999,111,-62,56,3,1
1,SARSA + PS + Kernel,999,112,-214,163,8,1
1,SARSA + PS + Kernel,999,113,-250,199,8,1
1,SARSA + PS + Kernel,999,114,-146,122,5,1
1,SARSA + PS + Kernel,999,115,-254,200,6,0
1,SARSA + PS + Kernel,999,116,-281,200,9,0
1,SARSA + PS + Kernel,999,117,-43,55,1,1
1,SARSA + PS + Kernel,999,118,-281,200,9,0
1,SARSA + PS + Kernel,999,119,-144,111,6,1
1,SARSA + PS + Kernel,999,120,-245,200,5,0
1,SARSA + PS + Kernel,999,121,-236,200,4,0
1,SARSA + PS + Kernel,999,122,-48,51,2,1
1,SARSA + PS + Kernel,999,123,-7,19,1,1
1,SARSA + PS + Kernel,999,124,-227,200,3,0
1,SARSA + PS + Kernel,999,125,-168,171,2,1
1,SARSA + PS + Kernel,999,126,-92,77,4,1
1,SARSA + PS + Kernel,999,127,-1,22,0,1
1,SARSA + PS + Kernel,999,128,-45,48,2,1
1,SARSA + PS + Kernel,999,129,-189,138,8,1
1,SARSA + PS + Kernel,999,130,-45,48,2,1
1,SARSA + PS + Kernel,999,131,-263,200,7,0
1,SARSA + PS + Kernel,999,132,-18,30,1,1
1,SARSA + PS + Kernel,999,133,-83,59,5,1
1,SARSA + PS + Kernel,999,134,-200,200,0,0
1,SARSA + PS + Kernel,999,135,-39,60,0,1
1,SARSA + PS + Kernel,999,136,-263,200,7,0
1,SARSA + PS + Kernel,999,137,-155,131,5,1
1,SARSA + PS + Kernel,999,138,-288,192,13,1
1,SARSA + PS + Kernel,999,139,-263,200,7,0
1,SARSA + PS + Kernel,999,140,-263,200,7,0
1,SARSA + PS + Kernel,999,141,-157,133,5,1
1,SARSA + PS + Kernel,999,142,14,7,0,1
1,SARSA + PS + Kernel,999,143,6,15,0,1
1,SARSA + PS + Kernel,999,144,-74,86,1,1
1,SARSA + PS + Kernel,999,145,-193,169,5,1
1,SARSA + PS + Kernel,999,146,-49,61,1,1
1,SARSA + PS + Kernel,999,147,-209,194,4,1
1,SARSA + PS + Kernel,999,148,-281,200,9,0
1,SARSA + PS + Kernel,999,149,4,8,1,1
1,SARSA + PS + Kernel,999,150,-263,200,7,0
1,SARSA + PS + Kernel,999,151,-85,79,3,1
1,SARSA + PS + Kernel,999,152,-281,200,9,0
1,SARSA + PS + Kernel,999,153,-263,200,7,0
1,SARSA + PS + Kernel,999,154,13,8,0,1
1,SARSA + PS + Kernel,999,155,-12,33,0,1
1,SARSA + PS + Kernel,999,156,-5,17,1,1
1,SARSA + PS + Kernel,999,157,-202,178,5,1
1,SARSA + PS + Kernel,999,158,-84,78,3,1
1,SARSA + PS + Kernel,999,159,-36,57,0,1
1,SARSA + PS + Kernel,999,160,-110,113,2,1
1,SARSA + PS + Kernel,999,161,-52,64,1,1
1,SARSA + PS + Kernel,999,162,-90,84,3,1
1,SARSA + PS + Kernel,999,163,-290,200,10,0
1,SARSA + PS + Kernel,999,164,-145,112,6,1
1,SARSA + PS + Kernel,999,165,-49,70,0,1
1,SARSA + PS + Kernel,999,166,-254,200,6,0
1,SARSA + PS + Kernel,999,167,-245,200,5,0
1,SARSA + PS + Kernel,999,168,-141,126,4,1
1,SARSA + PS + Kernel,999,169,-119,113,3,1
1,SARSA + PS + Kernel,999,170,11,10,0,1
1,SARSA + PS + Kernel,999,171,-87,99,1,1
1,SARSA + PS + Kernel,999,172,-99,84,4,1
1,SARSA + PS + Kernel,999,173,-114,81,6,1
1,SARSA + PS + Kernel,999,174,-1,13,1,1
1,SARSA + PS + Kernel,999,175,-58,61,2,1
1,SARSA + PS + Kernel,999,176,-92,95,2,1
1,SARSA + PS + Kernel,999,177,0,21,0,1
1,SARSA + PS + Kernel,999,178,-160,163,2,1
1,SARSA + PS + Kernel,999,179,-115,109,3,1
1,SARSA + PS + Kernel,999,180,-14,17,2,1
1,SARSA + PS + Kernel,999,181,11,10,0,1
1,SARSA + PS + Kernel,999,182,-170,155,4,1
1,SARSA + PS + Kernel,999,183,-5,17,1,1
1,SARSA + PS + Kernel,999,184,9,12,0,1
1,SARSA + PS + Kernel,999,185,-254,200,6,0
1,SARSA + PS + Kernel,999,186,-223,163,9,1
1,SARSA + PS + Kernel,999,187,-90,102,1,1
1,SARSA + PS + Kernel,999,188,-45,66,0,1
1,SARSA + PS + Kernel,999,189,0,21,0,1
1,SARSA + PS + Kernel,999,190,-46,58,1,1
1,SARSA + PS + Kernel,999,191,-290,200,10,0
1,SARSA + PS + Kernel,999,192,-106,100,3,1
1,SARSA + PS + Kernel,999,193,-47,68,0,1
1,SARSA + PS + Kernel,999,194,-32,53,0,1
1,SARSA + PS + Kernel,999,195,6,15,0,1
1,SARSA + PS + Kernel,999,196,12,9,0,1
1,SARSA + PS + Kernel,999,197,-63,75,1,1
1,SARSA + PS + Kernel,999,198,-162,156,3,1
1,SARSA + PS + Kernel,999,199,-51,72,0,1
1,SARSA + PS + Kernel,999,200,-179,137,7,1
1,SARSA + PS + Kernel,999,201,10,11,0,1
1,SARSA + PS + Kernel,999,202,-4,16,1,1
1,SARSA + PS + Kernel,999,203,14,7,0,1
1,SARSA + PS + Kernel,999,204,-54,57,2,1
1,SARSA + PS + Kernel,999,205,-2,14,1,1
1,SARSA + PS + Kernel,999,206,-101,104,2,1
1,SARSA + PS + Kernel,999,207,11,10,0,1
1,SARSA + PS + Kernel,999,208,14,7,0,1
1,SARSA + PS + Kernel,999,209,-58,43,4,1
1,SARSA + PS + Kernel,999,210,-138,132,3,1
1,SARSA + PS + Kernel,999,211,-263,200,7,0
1,SARSA + PS + Kernel,999,212,10,11,0,1
1,SARSA + PS + Kernel,999,213,-236,200,4,0
1,SARSA + PS + Kernel,999,214,-290,200,10,0
1,SARSA + PS + Kernel,999,215,-177,126,8,1
1,SARSA + PS + Kernel,999,216,-61,73,1,1
1,SARSA + PS + Kernel,999,217,-28,31,2,1
1,SARSA + PS + Kernel,999,218,-99,102,2,1
1,SARSA + PS + Kernel,999,219,-53,65,1,1
1,SARSA + PS + Kernel,999,220,-3,15,1,1
1,SARSA + PS + Kernel,999,221,-6,18,1,1
1,SARSA + PS + Kernel,999,222,-70,73,2,1
1,SARSA + PS + Kernel,999,223,-22,25,2,1
1,SARSA + PS + Kernel,999,224,10,11,0,1
1,SARSA + PS + Kernel,999,225,-9,21,1,1
1,SARSA + PS + Kernel,999,226,-11,32,0,1
1,SARSA + PS + Kernel,999,227,-1,22,0,1
1,SARSA + PS + Kernel,999,228,9,12,0,1
1,SARSA + PS + Kernel,999,229,-47,59,1,1
1,SARSA + PS + Kernel,999,230,-11,32,0,1
1,SARSA + PS + Kernel,999,231,4,17,0,1
1,SARSA + PS + Kernel,999,232,9,12,0,1
1,SARSA + PS + Kernel,999,233,-36,48,1,1
1,SARSA + PS + Kernel,999,234,-54,48,3,1
1,SARSA + PS + Kernel,999,235,5,16,0,1
1,SARSA + PS + Kernel,999,236,2,10,1,1
1,SARSA + PS + Kernel,999,237,2,10,1,1
1,SARSA + PS + Kernel,999,238,-98,101,2,1
1,SARSA + PS + Kernel,999,239,-21,24,2,1
1,SARSA + PS + Kernel,999,240,-111,105,3,1
1,SARSA + PS + Kernel,999,241,-150,117,6,1
1,SARSA + PS + Kernel,999,242,-127,94,6,1
1,SARSA + PS + Kernel,999,243,11,10,0,1
1,SARSA + PS + Kernel,999,244,10,11,0,1
1,SARSA + PS + Kernel,999,245,-19,31,1,1
1,SARSA + PS + Kernel,999,246,-227,200,3,0
1,SARSA + PS + Kernel,999,247,2,10,1,1
1,SARSA + PS + Kernel,999,248,-25,37,1,1
1,SARSA + PS + Kernel,999,249,-154,130,5,1
1,SARSA + PS + Kernel,999,250,1,11,1,1
1,SARSA + PS + Kernel,999,251,-60,63,2,1
1,SARSA + PS + Kernel,999,252,8,13,0,1
1,SARSA + PS + Kernel,999,253,-58,61,2,1
1,SARSA + PS + Kernel,999,254,-57,69,1,1
1,SARSA + PS + Kernel,999,255,-109,94,4,1
1,SARSA + PS + Kernel,999,256,2,10,1,1
1,SARSA + PS + Kernel,999,257,-18,39,0,1
1,SARSA + PS + Kernel,999,258,-152,119,6,1
1,SARSA + PS + Kernel,999,259,-2,23,0,1
1,SARSA + PS + Kernel,999,260,15,6,0,1
1,SARSA + PS + Kernel,999,261,-206,191,4,1
1,SARSA + PS + Kernel,999,262,-263,200,7,0
1,SARSA + PS + Kernel,999,263,-299,200,11,0
1,SARSA + PS + Kernel,999,264,2,19,0,1
1,SARSA + PS + Kernel,999,265,-1,13,1,1
1,SARSA + PS + Kernel,999,266,-48,51,2,1
1,SARSA + PS + Kernel,999,267,-219,159,9,1
1,SARSA + PS + Kernel,999,268,-152,101,8,1
1,SARSA + PS + Kernel,999,269,-68,80,1,1
1,SARSA + PS + Kernel,999,270,-37,40,2,1
1,SARSA + PS + Kernel,999,271,14,7,0,1
1,SARSA + PS + Kernel,999,272,-194,143,8,1
1,SARSA + PS + Kernel,999,273,-7,19,1,1
1,SARSA + PS + Kernel,999,274,-91,94,2,1
1,SARSA + PS + Kernel,999,275,3,18,0,1
1,SARSA + PS + Kernel,999,276,-32,53,0,1
1,SARSA + PS + Kernel,999,277,10,11,0,1
1,SARSA + PS + Kernel,999,278,3,9,1,1
1,SARSA + PS + Kernel,999,279,-145,130,4,1
1,SARSA + PS + Kernel,999,280,-54,48,3,1
1,SARSA + PS + Kernel,999,281,12,9,0,1
1,SARSA + PS + Kernel,999,282,-72,66,3,1
1,SARSA + PS + Kernel,999,283,-40,43,2,1
1,SARSA + PS + Kernel,999,284,-21,33,1,1
1,SARSA + PS + Kernel,999,285,-26,38,1,1
1,SARSA + PS + Kernel,999,286,-36,39,2,1
1,SARSA + PS + Kernel,999,287,8,13,0,1
1,SARSA + PS + Kernel,999,288,-188,155,6,1
1,SARSA + PS + Kernel,999,289,9,12,0,1
1,SARSA + PS + Kernel,999,290,-116,110,3,1
1,SARSA + PS + Kernel,999,291,-6,27,0,1
1,SARSA + PS + Kernel,999,292,-290,200,10,0
1,SARSA + PS + Kernel,999,293,-87,90,2,1
1,SARSA + PS + Kernel,999,294,-1,13,1,1
1,SARSA + PS + Kernel,999,295,15,6,0,1
1,SARSA + PS + Kernel,999,296,-21,33,1,1
1,SARSA + PS + Kernel,999,297,-14,26,1,1
1,SARSA + PS + Kernel,999,298,-93,69,5,1
1,SARSA + PS + Kernel,999,299,-16,28,1,1
1,SARSA + PS + Kernel,999,300,-63,48,4,1
1,SARSA + PS + Kernel,999,301,-16,19,2,1
1,SARSA + PS + Kernel,999,302,-45,48,2,1
1,SARSA + PS + Kernel,999,303,6,15,0,1
1,SARSA + PS + Kernel,999,304,-6,18,1,1
1,SARSA + PS + Kernel,999,305,-200,200,0,0
1,SARSA + PS + Kernel,999,306,3,9,1,1
1,SARSA + PS + Kernel,999,307,-68,80,1,1
1,SARSA + PS + Kernel,999,308,-72,66,3,1
1,SARSA + PS + Kernel,999,309,-51,54,2,1
1,SARSA + PS + Kernel,999,310,-66,60,3,1
1,SARSA + PS + Kernel,999,311,1,11,1,1
1,SARSA + PS + Kernel,999,312,-43,55,1,1
1,SARSA + PS + Kernel,999,313,-143,119,5,1
1,SARSA + PS + Kernel,999,314,-14,17,2,1
1,SARSA + PS + Kernel,999,315,-11,32,0,1
1,SARSA + PS + Kernel,999,316,-38,50,1,1
1,SARSA + PS + Kernel,999,317,-183,150,6,1
1,SARSA + PS + Kernel,999,318,-299,200,11,0
1,SARSA + PS + Kernel,999,319,2,19,0,1
1,SARSA + PS + Kernel,999,320,-176,143,6,1
1,SARSA + PS + Kernel,999,321,7,14,0,1
1,SARSA + PS + Kernel,999,322,-4,25,0,1
1,SARSA + PS + Kernel,999,323,-5,17,1,1
1,SARSA + PS + Kernel,999,324,-29,41,1,1
1,SARSA + PS + Kernel,999,325,-17,38,0,1
1,SARSA + PS + Kernel,999,326,3,9,1,1
1,SARSA + PS + Kernel,999,327,-12,15,2,1
1,SARSA + PS + Kernel,999,328,-6,27,0,1
1,SARSA + PS + Kernel,999,329,13,8,0,1
1,SARSA + PS + Kernel,999,330,-1,13,1,1
1,SARSA + PS + Kernel,999,331,-14,26,1,1
1,SARSA + PS + Kernel,999,332,-16,28,1,1
1,SARSA + PS + Kernel,999,333,-129,114,4,1
1,SARSA + PS + Kernel,999,334,7,14,0,1
1,SARSA + PS + Kernel,999,335,5,16,0,1
1,SARSA + PS + Kernel,999,336,0,12,1,1
1,SARSA + PS + Kernel,999,337,-5,26,0,1
1,SARSA + PS + Kernel,999,338,-8,29,0,1
1,SARSA + PS + Kernel,999,339,-8,29,0,1
1,SARSA + PS + Kernel,999,340,-32,26,3,1
1,SARSA + PS + Kernel,999,341,7,14,0,1
1,SARSA + PS + Kernel,999,342,9,12,0,1
1,SARSA + PS + Kernel,999,343,10,11,0,1
1,SARSA + PS + Kernel,999,344,-317,200,13,0
1,SARSA + PS + Kernel,999,345,-17,38,0,1
1,SARSA + PS + Kernel,999,346,-19,40,0,1
1,SARSA + PS + Kernel,999,347,-29,32,2,1
1,SARSA + PS + Kernel,999,348,7,14,0,1
1,SARSA + PS + Kernel,999,349,-39,51,1,1
1,SARSA + PS + Kernel,999,350,1,20,0,1
1,SARSA + PS + Kernel,999,351,-85,79,3,1
1,SARSA + PS + Kernel,999,352,8,13,0,1
1,SARSA + PS + Kernel,999,353,-88,73,4,1
1,SARSA + PS + Kernel,999,354,10,11,0,1
1,SARSA + PS + Kernel,999,355,-11,23,1,1
1,SARSA + PS + Kernel,999,356,-254,200,6,0
1,SARSA + PS + Kernel,999,357,8,13,0,1
1,SARSA + PS + Kernel,999,358,-83,77,3,1
1,SARSA + PS + Kernel,999,359,-23,26,2,1
1,SARSA + PS + Kernel,999,360,-11,23,1,1
1,SARSA + PS + Kernel,999,361,8,13,0,1
1,SARSA + PS + Kernel,999,362,-4,25,0,1
1,SARSA + PS + Kernel,999,363,-59,62,2,1
1,SARSA + PS + Kernel,999,364,3,18,0,1
1,SARSA + PS + Kernel,999,365,-14,17,2,1
1,SARSA + PS + Kernel,999,366,14,7,0,1
1,SARSA + PS + Kernel,999,367,-119,104,4,1
1,SARSA + PS + Kernel,999,368,3,9,1,1
1,SARSA + PS + Kernel,999,369,-44,47,2,1
1,SARSA + PS + Kernel,999,370,-75,69,3,1
1,SARSA + PS + Kernel,999,371,11,10,0,1
1,SARSA + PS + Kernel,999,372,-9,21,1,1
1,SARSA + PS + Kernel,999,373,-308,200,12,0
1,SARSA + PS + Kernel,999,374,13,8,0,1
1,SARSA + PS + Kernel,999,375,-33,27,3,1
1,SARSA + PS + Kernel,999,376,10,11,0,1
1,SARSA + PS + Kernel,999,377,1,11,1,1
1,SARSA + PS + Kernel,999,378,2,19,0,1
1,SARSA + PS + Kernel,999,379,-6,27,0,1
1,SARSA + PS + Kernel,999,380,12,9,0,1
1,SARSA + PS + Kernel,999,381,-17,29,1,1
1,SARSA + PS + Kernel,999,382,-114,90,5,1
1,SARSA + PS + Kernel,999,383,-14,17,2,1
1,SARSA + PS + Kernel,999,384,-24,36,1,1
1,SARSA + PS + Kernel,999,385,12,9,0,1
1,SARSA + PS + Kernel,999,386,-122,107,4,1
1,SARSA + PS + Kernel,999,387,0,12,1,1
1,SARSA + PS + Kernel,999,388,-55,67,1,1
1,SARSA + PS + Kernel,999,389,5,16,0,1
1,SARSA + PS + Kernel,999,390,-24,27,2,1
1,SARSA + PS + Kernel,999,391,0,21,0,1
1,SARSA + PS + Kernel,999,392,-20,41,0,1
1,SARSA + PS + Kernel,999,393,1,20,0,1
1,SARSA + PS + Kernel,999,394,5,16,0,1
1,SARSA + PS + Kernel,999,395,7,14,0,1
1,SARSA + PS + Kernel,999,396,-272,200,8,0
1,SARSA + PS + Kernel,999,397,0,12,1,1
1,SARSA + PS + Kernel,999,398,-267,189,11,1
1,SARSA + PS + Kernel,999,399,-4,16,1,1
1,SARSA + PS + Kernel,999,400,10,11,0,1
1,SARSA + PS + Kernel,999,401,-2,14,1,1
1,SARSA + PS + Kernel,999,402,11,10,0,1
1,SARSA + PS + Kernel,999,403,-156,159,2,1
1,SARSA + PS + Kernel,999,404,1,20,0,1
1,SARSA + PS + Kernel,999,405,-90,102,1,1
1,SARSA + PS + Kernel,999,406,-24,36,1,1
1,SARSA + PS + Kernel,999,407,9,12,0,1
1,SARSA + PS + Kernel,999,408,12,9,0,1
1,SARSA + PS + Kernel,999,409,-23,26,2,1
1,SARSA + PS + Kernel,999,410,-32,35,2,1
1,SARSA + PS + Kernel,999,411,3,18,0,1
1,SARSA + PS + Kernel,999,412,-14,26,1,1
1,SARSA + PS + Kernel,999,413,9,12,0,1
1,SARSA + PS + Kernel,999,414,-56,68,1,1
1,SARSA + PS + Kernel,999,415,11,10,0,1
1,SARSA + PS + Kernel,999,416,-1,13,1,1
1,SARSA + PS + Kernel,999,417,-24,27,2,1
1,SARSA + PS + Kernel,999,418,-81,75,3,1
1,SARSA + PS + Kernel,999,419,-2,14,1,1
1,SARSA + PS + Kernel,999,420,-22,25,2,1
1,SARSA + PS + Kernel,999,421,10,11,0,1
1,SARSA + PS + Kernel,999,422,-14,26,1,1
1,SARSA + PS + Kernel,999,423,8,13,0,1
1,SARSA + PS + Kernel,999,424,-133,100,6,1
1,SARSA + PS + Kernel,999,425,-26,38,1,1
1,SARSA + PS + Kernel,999,426,-136,139,2,1
1,SARSA + PS + Kernel,999,427,-61,55,3,1
1,SARSA + PS + Kernel,999,428,10,11,0,1
1,SARSA + PS + Kernel,999,429,-98,83,4,1
1,SARSA + PS + Kernel,999,430,5,16,0,1
1,SARSA + PS + Kernel,999,431,-56,68,1,1
1,SARSA + PS + Kernel,999,432,-10,13,2,1
1,SARSA + PS + Kernel,999,433,1,20,0,1
1,SARSA + PS + Kernel,999,434,4,17,0,1
1,SARSA + PS + Kernel,999,435,11,10,0,1
1,SARSA + PS + Kernel,999,436,10,11,0,1
1,SARSA + PS + Kernel,999,437,-37,31,3,1
1,SARSA + PS + Kernel,999,438,10,11,0,1
1,SARSA + PS + Kernel,999,439,-10,31,0,1
1,SARSA + PS + Kernel,999,440,12,9,0,1
1,SARSA + PS + Kernel,999,441,12,9,0,1
1,SARSA + PS + Kernel,999,442,10,11,0,1
1,SARSA + PS + Kernel,999,443,12,9,0,1
1,SARSA + PS + Kernel,999,444,-27,39,1,1
1,SARSA + PS + Kernel,999,445,11,10,0,1
1,SARSA + PS + Kernel,999,446,10,11,0,1
1,SARSA + PS + Kernel,999,447,11,10,0,1
1,SARSA + PS + Kernel,999,448,-10,22,1,1
1,SARSA + PS + Kernel,999,449,9,12,0,1
1,SARSA + PS + Kernel,999,450,7,14,0,1
1,SARSA + PS + Kernel,999,451,8,13,0,1
1,SARSA + PS + Kernel,999,452,3,9,1,1
1,SARSA + PS + Kernel,999,453,-7,19,1,1
1,SARSA + PS + Kernel,999,454,-103,88,4,1
1,SARSA + PS + Kernel,999,455,-3,15,1,1
1,SARSA + PS + Kernel,999,456,0,12,1,1
1,SARSA + PS + Kernel,999,457,-51,63,1,1
1,SARSA + PS + Kernel,999,458,-56,59,2,1
1,SARSA + PS + Kernel,999,459,-4,16,1,1
1,SARSA + PS + Kernel,999,460,9,12,0,1
1,SARSA + PS + Kernel,999,461,-26,20,3,1
1,SARSA + PS + Kernel,999,462,-9,30,0,1
1,SARSA + PS + Kernel,999,463,-92,68,5,1
1,SARSA + PS + Kernel,999,464,1,20,0,1
1,SARSA + PS + Kernel,999,465,10,11,0,1
1,SARSA + PS + Kernel,999,466,-17,29,1,1
1,SARSA + PS + Kernel,999,467,-4,16,1,1
1,SARSA + PS + Kernel,999,468,2,19,0,1
1,SARSA + PS + Kernel,999,469,-20,41,0,1
1,SARSA + PS + Kernel,999,470,-17,29,1,1
1,SARSA + PS + Kernel,999,471,-3,15,1,1
1,SARSA + PS + Kernel,999,472,-75,87,1,1
1,SARSA + PS + Kernel,999,473,-11,23,1,1
1,SARSA + PS + Kernel,999,474,-23,26,2,1
1,SARSA + PS + Kernel,999,475,-3,15,1,1
1,SARSA + PS + Kernel,999,476,-39,33,3,1
1,SARSA + PS + Kernel,999,477,-5,26,0,1
1,SARSA + PS + Kernel,999,478,-26,29,2,1
1,SARSA + PS + Kernel,999,479,-28,49,0,1
1,SARSA + PS + Kernel,999,480,6,15,0,1
1,SARSA + PS + Kernel,999,481,-67,70,2,1
1,SARSA + PS + Kernel,999,482,12,9,0,1
1,SARSA + PS + Kernel,999,483,-92,77,4,1
1,SARSA + PS + Kernel,999,484,-23,44,0,1
1,SARSA + PS + Kernel,999,485,-21,33,1,1
1,SARSA + PS + Kernel,999,486,-13,25,1,1
1,SARSA + PS + Kernel,999,487,-30,33,2,1
1,SARSA + PS + Kernel,999,488,11,10,0,1
1,SARSA + PS + Kernel,999,489,-3,24,0,1
1,SARSA + PS + Kernel,999,490,8,13,0,1
1,SARSA + PS + Kernel,999,491,-3,24,0,1
1,SARSA + PS + Kernel,999,492,5,16,0,1
1,SARSA + PS + Kernel,999,493,8,13,0,1
1,SARSA + PS + Kernel,999,494,-3,24,0,1
1,SARSA + PS + Kernel,999,495,-5,26,0,1
1,SARSA + PS + Kernel,999,496,3,9,1,1
1,SARSA + PS + Kernel,999,497,-41,62,0,1
1,SARSA + PS + Kernel,999,498,-17,20,2,1
1,SARSA + PS + Kernel,999,499,-51,54,2,1
1,SARSA + PS + Kernel,2024,0,-533,200,37,0
1,SARSA + PS + Kernel,2024,1,-194,80,15,1
1,SARSA + PS + Kernel,2024,2,-605,200,45,0
1,SARSA + PS + Kernel,2024,3,-569,200,41,0
1,SARSA + PS + Kernel,2024,4,-578,200,42,0
1,SARSA + PS + Kernel,2024,5,-542,200,38,0
1,SARSA + PS + Kernel,2024,6,-384,171,26,1
1,SARSA + PS + Kernel,2024,7,-542,200,38,0
1,SARSA + PS + Kernel,2024,8,-461,200,29,0
1,SARSA + PS + Kernel,2024,9,-551,200,39,0
1,SARSA + PS + Kernel,2024,10,-614,200,46,0
1,SARSA + PS + Kernel,2024,11,-542,200,38,0
1,SARSA + PS + Kernel,2024,12,-407,200,23,0
1,SARSA + PS + Kernel,2024,13,-344,200,16,0
1,SARSA + PS + Kernel,2024,14,-506,200,34,0
1,SARSA + PS + Kernel,2024,15,-362,200,18,0
1,SARSA + PS + Kernel,2024,16,-416,200,24,0
1,SARSA + PS + Kernel,2024,17,-362,200,18,0
1,SARSA + PS + Kernel,2024,18,-371,200,19,0
1,SARSA + PS + Kernel,2024,19,-371,200,19,0
1,SARSA + PS + Kernel,2024,20,-335,200,15,0
1,SARSA + PS + Kernel,2024,21,-362,200,18,0
1,SARSA + PS + Kernel,2024,22,-596,200,44,0
1,SARSA + PS + Kernel,2024,23,-335,200,15,0
1,SARSA + PS + Kernel,2024,24,-335,200,15,0
1,SARSA + PS + Kernel,2024,25,-542,200,38,0
1,SARSA + PS + Kernel,2024,26,-425,200,25,0
1,SARSA + PS + Kernel,2024,27,-470,200,30,0
1,SARSA + PS + Kernel,2024,28,-299,200,11,0
1,SARSA + PS + Kernel,2024,29,-301,142,20,1
1,SARSA + PS + Kernel,2024,30,-371,200,19,0
1,SARSA + PS + Kernel,2024,31,-416,200,24,0
1,SARSA + PS + Kernel,2024,32,-245,200,5,0
1,SARSA + PS + Kernel,2024,33,-434,200,26,0
1,SARSA + PS + Kernel,2024,34,-496,193,36,1
1,SARSA + PS + Kernel,2024,35,-389,200,21,0
1,SARSA + PS + Kernel,2024,36,-380,200,20,0
1,SARSA + PS + Kernel,2024,37,-434,200,26,0
1,SARSA + PS + Kernel,2024,38,-143,110,6,1
1,SARSA + PS + Kernel,2024,39,-389,200,21,0
1,SARSA + PS + Kernel,2024,40,-434,200,26,0
1,SARSA + PS + Kernel,2024,41,-407,200,23,0
1,SARSA + PS + Kernel,2024,42,-339,171,21,1
1,SARSA + PS + Kernel,2024,43,-335,200,15,0
1,SARSA + PS + Kernel,2024,44,-184,115,10,1
1,SARSA + PS + Kernel,2024,45,-443,200,27,0
1,SARSA + PS + Kernel,2024,46,-443,200,27,0
1,SARSA + PS + Kernel,2024,47,-263,200,7,0
1,SARSA + PS + Kernel,2024,48,-452,200,28,0
1,SARSA + PS + Kernel,2024,49,-344,200,16,0
1,SARSA + PS + Kernel,2024,50,-236,200,4,0
1,SARSA + PS + Kernel,2024,51,-113,107,3,1
1,SARSA + PS + Kernel,2024,52,-258,180,11,1
1,SARSA + PS + Kernel,2024,53,-344,200,16,0
1,SARSA + PS + Kernel,2024,54,-281,200,9,0
1,SARSA + PS + Kernel,2024,55,-263,200,7,0
1,SARSA + PS + Kernel,2024,56,-353,200,17,0
1,SARSA + PS + Kernel,2024,57,-290,200,10,0
1,SARSA + PS + Kernel,2024,58,-326,200,14,0
1,SARSA + PS + Kernel,2024,59,-317,200,13,0
1,SARSA + PS + Kernel,2024,60,-452,200,28,0
1,SARSA + PS + Kernel,2024,61,-95,107,1,1
1,SARSA + PS + Kernel,2024,62,-605,200,45,0
1,SARSA + PS + Kernel,2024,63,-281,200,9,0
1,SARSA + PS + Kernel,2024,64,-267,171,13,1
1,SARSA + PS + Kernel,2024,65,-290,200,10,0
1,SARSA + PS + Kernel,2024,66,-254,200,6,0
1,SARSA + PS + Kernel,2024,67,-158,143,4,1
1,SARSA + PS + Kernel,2024,68,-299,200,11,0
1,SARSA + PS + Kernel,2024,69,-263,200,7,0
1,SARSA + PS + Kernel,2024,70,12,9,0,1
1,SARSA + PS + Kernel,2024,71,-281,200,9,0
1,SARSA + PS + Kernel,2024,72,-308,200,12,0
1,SARSA + PS + Kernel,2024,73,-94,88,3,1
1,SARSA + PS + Kernel,2024,74,-180,138,7,1
1,SARSA + PS + Kernel,2024,75,-178,136,7,1
1,SARSA + PS + Kernel,2024,76,-43,46,2,1
1,SARSA + PS + Kernel,2024,77,-299,200,11,0
1,SARSA + PS + Kernel,2024,78,-353,200,17,0
1,SARSA + PS + Kernel,2024,79,-317,200,13,0
1,SARSA + PS + Kernel,2024,80,-88,55,6,1
1,SARSA + PS + Kernel,2024,81,-76,79,2,1
1,SARSA + PS + Kernel,2024,82,-104,89,4,1
1,SARSA + PS + Kernel,2024,83,-263,200,7,0
1,SARSA + PS + Kernel,2024,84,-55,58,2,1
1,SARSA + PS + Kernel,2024,85,-263,200,7,0
1,SARSA + PS + Kernel,2024,86,-36,57,0,1
1,SARSA + PS + Kernel,2024,87,-272,200,8,0
1,SARSA + PS + Kernel,2024,88,-263,200,7,0
1,SARSA + PS + Kernel,2024,89,-10,22,1,1
1,SARSA + PS + Kernel,2024,90,-204,162,7,1
1,SARSA + PS + Kernel,2024,91,-94,88,3,1
1,SARSA + PS + Kernel,2024,92,-308,200,12,0
1,SARSA + PS + Kernel,2024,93,-24,36,1,1
1,SARSA + PS + Kernel,2024,94,-114,108,3,1
1,SARSA + PS + Kernel,2024,95,-123,117,3,1
1,SARSA + PS + Kernel,2024,96,-115,100,4,1
1,SARSA + PS + Kernel,2024,97,-210,186,5,1
1,SARSA + PS + Kernel,2024,98,-79,82,2,1
1,SARSA + PS + Kernel,2024,99,-136,130,3,1
1,SARSA + PS + Kernel,2024,100,-5,17,1,1
1,SARSA + PS + Kernel,2024,101,-64,58,3,1
1,SARSA + PS + Kernel,2024,102,-239,188,8,1
1,SARSA + PS + Kernel,2024,103,-272,200,8,0
1,SARSA + PS + Kernel,2024,104,-151,154,2,1
1,SARSA + PS + Kernel,2024,105,4,17,0,1
1,SARSA + PS + Kernel,2024,106,-64,58,3,1
1,SARSA + PS + Kernel,2024,107,12,9,0,1
1,SARSA + PS + Kernel,2024,108,-43,46,2,1
1,SARSA + PS + Kernel,2024,109,-122,125,2,1
1,SARSA + PS + Kernel,2024,110,-32,53,0,1
1,SARSA + PS + Kernel,2024,111,-106,100,3,1
1,SARSA + PS + Kernel,2024,112,-344,200,16,0
1,SARSA + PS + Kernel,2024,113,-91,85,3,1
1,SARSA + PS + Kernel,2024,114,-17,29,1,1
1,SARSA + PS + Kernel,2024,115,-129,141,1,1
1,SARSA + PS + Kernel,2024,116,-143,137,3,1
1,SARSA + PS + Kernel,2024,117,7,14,0,1
1,SARSA + PS + Kernel,2024,118,-12,24,1,1
1,SARSA + PS + Kernel,2024,119,-168,117,8,1
1,SARSA + PS + Kernel,2024,120,-281,200,9,0
1,SARSA + PS + Kernel,2024,121,-19,31,1,1
1,SARSA + PS + Kernel,2024,122,-254,200,6,0
1,SARSA + PS + Kernel,2024,123,-28,40,1,1
1,SARSA + PS + Kernel,2024,124,-214,190,5,1
1,SARSA + PS + Kernel,2024,125,6,15,0,1
1,SARSA + PS + Kernel,2024,126,-281,200,9,0
1,SARSA + PS + Kernel,2024,127,-290,200,10,0
1,SARSA + PS + Kernel,2024,128,-8,20,1,1
1,SARSA + PS + Kernel,2024,129,-245,200,5,0
1,SARSA + PS + Kernel,2024,130,-121,106,4,1
1,SARSA + PS + Kernel,2024,131,-72,75,2,1
1,SARSA + PS + Kernel,2024,132,-263,200,7,0
1,SARSA + PS + Kernel,2024,133,12,9,0,1
1,SARSA + PS + Kernel,2024,134,-236,200,4,0
1,SARSA + PS + Kernel,2024,135,-5,26,0,1
1,SARSA + PS + Kernel,2024,136,-39,42,2,1
1,SARSA + PS + Kernel,2024,137,-99,84,4,1
1,SARSA + PS + Kernel,2024,138,-227,200,3,0
1,SARSA + PS + Kernel,2024,139,-28,31,2,1
1,SARSA + PS + Kernel,2024,140,-180,174,3,1
1,SARSA + PS + Kernel,2024,141,-272,200,8,0
1,SARSA + PS + Kernel,2024,142,-263,200,7,0
1,SARSA + PS + Kernel,2024,143,-41,44,2,1
1,SARSA + PS + Kernel,2024,144,-45,39,3,1
1,SARSA + PS + Kernel,2024,145,-9,12,2,1
1,SARSA + PS + Kernel,2024,146,-140,125,4,1
1,SARSA + PS + Kernel,2024,147,-82,85,2,1
1,SARSA + PS + Kernel,2024,148,-371,200,19,0
1,SARSA + PS + Kernel,2024,149,-166,169,2,1
1,SARSA + PS + Kernel,2024,150,-26,38,1,1
1,SARSA + PS + Kernel,2024,151,-35,47,1,1
1,SARSA + PS + Kernel,2024,152,-92,86,3,1
1,SARSA + PS + Kernel,2024,153,-7,19,1,1
1,SARSA + PS + Kernel,2024,154,1,11,1,1
1,SARSA + PS + Kernel,2024,155,11,10,0,1
1,SARSA + PS + Kernel,2024,156,-61,73,1,1
1,SARSA + PS + Kernel,2024,157,-162,138,5,1
1,SARSA + PS + Kernel,2024,158,-10,22,1,1
1,SARSA + PS + Kernel,2024,159,-48,60,1,1
1,SARSA + PS + Kernel,2024,160,-263,200,7,0
1,SARSA + PS + Kernel,2024,161,-182,194,1,1
1,SARSA + PS + Kernel,2024,162,-130,124,3,1
1,SARSA + PS + Kernel,2024,163,8,13,0,1
1,SARSA + PS + Kernel,2024,164,13,8,0,1
1,SARSA + PS + Kernel,2024,165,5,16,0,1
1,SARSA + PS + Kernel,2024,166,-108,75,6,1
1,SARSA + PS + Kernel,2024,167,-144,102,7,1
1,SARSA + PS + Kernel,2024,168,-41,53,1,1
1,SARSA + PS + Kernel,2024,169,-263,200,7,0
1,SARSA + PS + Kernel,2024,170,-130,97,6,1
1,SARSA + PS + Kernel,2024,171,8,13,0,1
1,SARSA + PS + Kernel,2024,172,-232,145,12,1
1,SARSA + PS + Kernel,2024,173,-171,165,3,1
1,SARSA + PS + Kernel,2024,174,-117,129,1,1
1,SARSA + PS + Kernel,2024,175,-176,143,6,1
1,SARSA + PS + Kernel,2024,176,-91,85,3,1
1,SARSA + PS + Kernel,2024,177,-44,56,1,1
1,SARSA + PS + Kernel,2024,178,-74,59,4,1
1,SARSA + PS + Kernel,2024,179,-47,68,0,1
1,SARSA + PS + Kernel,2024,180,-144,102,7,1
1,SARSA + PS + Kernel,2024,181,-87,81,3,1
1,SARSA + PS + Kernel,2024,182,-13,16,2,1
1,SARSA + PS + Kernel,2024,183,-72,57,4,1
1,SARSA + PS + Kernel,2024,184,15,6,0,1
1,SARSA + PS + Kernel,2024,185,-227,200,3,0
1,SARSA + PS + Kernel,2024,186,-47,59,1,1
1,SARSA + PS + Kernel,2024,187,-39,42,2,1
1,SARSA + PS + Kernel,2024,188,-36,48,1,1
1,SARSA + PS + Kernel,2024,189,-163,148,4,1
1,SARSA + PS + Kernel,2024,190,-170,128,7,1
1,SARSA + PS + Kernel,2024,191,-425,200,25,0
1,SARSA + PS + Kernel,2024,192,-163,157,3,1
1,SARSA + PS + Kernel,2024,193,-61,64,2,1
1,SARSA + PS + Kernel,2024,194,-33,45,1,1
1,SARSA + PS + Kernel,2024,195,-64,67,2,1
1,SARSA + PS + Kernel,2024,196,2,19,0,1
1,SARSA + PS + Kernel,2024,197,-15,27,1,1
1,SARSA + PS + Kernel,2024,198,-134,119,4,1
1,SARSA + PS + Kernel,2024,199,11,10,0,1
1,SARSA + PS + Kernel,2024,200,-142,118,5,1
1,SARSA + PS + Kernel,2024,201,10,11,0,1
1,SARSA + PS + Kernel,2024,202,-82,94,1,1
1,SARSA + PS + Kernel,2024,203,12,9,0,1
1,SARSA + PS + Kernel,2024,204,-101,95,3,1
1,SARSA + PS + Kernel,2024,205,-2,14,1,1
1,SARSA + PS + Kernel,2024,206,0,12,1,1
1,SARSA + PS + Kernel,2024,207,-30,42,1,1
1,SARSA + PS + Kernel,2024,208,-8,20,1,1
1,SARSA + PS + Kernel,2024,209,-134,119,4,1
1,SARSA + PS + Kernel,2024,210,-236,200,4,0
1,SARSA + PS + Kernel,2024,211,1,20,0,1
1,SARSA + PS + Kernel,2024,212,10,11,0,1
1,SARSA + PS + Kernel,2024,213,-95,107,1,1
1,SARSA + PS + Kernel,2024,214,-2,14,1,1
1,SARSA + PS + Kernel,2024,215,7,14,0,1
1,SARSA + PS + Kernel,2024,216,-82,76,3,1
1,SARSA + PS + Kernel,2024,217,-227,200,3,0
1,SARSA + PS + Kernel,2024,218,-64,76,1,1
1,SARSA + PS + Kernel,2024,219,-91,67,5,1
1,SARSA + PS + Kernel,2024,220,-120,105,4,1
1,SARSA + PS + Kernel,2024,221,-44,47,2,1
1,SARSA + PS + Kernel,2024,222,-130,79,8,1
1,SARSA + PS + Kernel,2024,223,-46,49,2,1
1,SARSA + PS + Kernel,2024,224,-124,109,4,1
1,SARSA + PS + Kernel,2024,225,-26,29,2,1
1,SARSA + PS + Kernel,2024,226,-41,44,2,1
1,SARSA + PS + Kernel,2024,227,3,18,0,1
1,SARSA + PS + Kernel,2024,228,-48,60,1,1
1,SARSA + PS + Kernel,2024,229,-9,30,0,1
1,SARSA + PS + Kernel,2024,230,-40,52,1,1
1,SARSA + PS + Kernel,2024,231,-87,99,1,1
1,SARSA + PS + Kernel,2024,232,-141,126,4,1
1,SARSA + PS + Kernel,2024,233,-16,19,2,1
1,SARSA + PS + Kernel,2024,234,-61,55,3,1
1,SARSA + PS + Kernel,2024,235,-90,57,6,1
1,SARSA + PS + Kernel,2024,236,-5,26,0,1
1,SARSA + PS + Kernel,2024,237,-48,51,2,1
1,SARSA + PS + Kernel,2024,238,-75,69,3,1
1,SARSA + PS + Kernel,2024,239,5,16,0,1
1,SARSA + PS + Kernel,2024,240,11,10,0,1
1,SARSA + PS + Kernel,2024,241,-69,72,2,1
1,SARSA + PS + Kernel,2024,242,15,6,0,1
1,SARSA + PS + Kernel,2024,243,-65,59,3,1
1,SARSA + PS + Kernel,2024,244,-139,124,4,1
1,SARSA + PS + Kernel,2024,245,-71,83,1,1
1,SARSA + PS + Kernel,2024,246,-136,112,5,1
1,SARSA + PS + Kernel,2024,247,-47,50,2,1
1,SARSA + PS + Kernel,2024,248,-229,160,10,1
1,SARSA + PS + Kernel,2024,249,-12,33,0,1
1,SARSA + PS + Kernel,2024,250,-32,44,1,1
1,SARSA + PS + Kernel,2024,251,-43,37,3,1
1,SARSA + PS + Kernel,2024,252,-20,32,1,1
1,SARSA + PS + Kernel,2024,253,-112,106,3,1
1,SARSA + PS + Kernel,2024,254,-146,131,4,1
1,SARSA + PS + Kernel,2024,255,12,9,0,1
1,SARSA + PS + Kernel,2024,256,11,10,0,1
1,SARSA + PS + Kernel,2024,257,7,14,0,1
1,SARSA + PS + Kernel,2024,258,-16,37,0,1
1,SARSA + PS + Kernel,2024,259,-21,33,1,1
1,SARSA + PS + Kernel,2024,260,-37,49,1,1
1,SARSA + PS + Kernel,2024,261,-57,51,3,1
1,SARSA + PS + Kernel,2024,262,-8,20,1,1
1,SARSA + PS + Kernel,2024,263,-205,163,7,1
1,SARSA + PS + Kernel,2024,264,-62,74,1,1
1,SARSA + PS + Kernel,2024,265,-65,68,2,1
1,SARSA + PS + Kernel,2024,266,-73,76,2,1
1,SARSA + PS + Kernel,2024,267,-17,29,1,1
1,SARSA + PS + Kernel,2024,268,-89,83,3,1
1,SARSA + PS + Kernel,2024,269,14,7,0,1
1,SARSA + PS + Kernel,2024,270,-63,75,1,1
1,SARSA + PS + Kernel,2024,271,-23,35,1,1
1,SARSA + PS + Kernel,2024,272,-49,43,3,1
1,SARSA + PS + Kernel,2024,273,-11,14,2,1
1,SARSA + PS + Kernel,2024,274,-10,31,0,1
1,SARSA + PS + Kernel,2024,275,-42,54,1,1
1,SARSA + PS + Kernel,2024,276,-101,95,3,1
1,SARSA + PS + Kernel,2024,277,4,17,0,1
1,SARSA + PS + Kernel,2024,278,5,16,0,1
1,SARSA + PS + Kernel,2024,279,-10,31,0,1
1,SARSA + PS + Kernel,2024,280,-40,52,1,1
1,SARSA + PS + Kernel,2024,281,-167,134,6,1
1,SARSA + PS + Kernel,2024,282,-36,48,1,1
1,SARSA + PS + Kernel,2024,283,-97,109,1,1
1,SARSA + PS + Kernel,2024,284,5,16,0,1
1,SARSA + PS + Kernel,2024,285,-10,31,0,1
1,SARSA + PS + Kernel,2024,286,-54,57,2,1
1,SARSA + PS + Kernel,2024,287,-139,124,4,1
1,SARSA + PS + Kernel,2024,288,-254,200,6,0
1,SARSA + PS + Kernel,2024,289,-11,32,0,1
1,SARSA + PS + Kernel,2024,290,-91,85,3,1
1,SARSA + PS + Kernel,2024,291,8,13,0,1
1,SARSA + PS + Kernel,2024,292,-30,33,2,1
1,SARSA + PS + Kernel,2024,293,-41,62,0,1
1,SARSA + PS + Kernel,2024,294,-9,30,0,1
1,SARSA + PS + Kernel,2024,295,-82,94,1,1
1,SARSA + PS + Kernel,2024,296,-108,102,3,1
1,SARSA + PS + Kernel,2024,297,-80,74,3,1
1,SARSA + PS + Kernel,2024,298,-18,30,1,1
1,SARSA + PS + Kernel,2024,299,10,11,0,1
1,SARSA + PS + Kernel,2024,300,-1,22,0,1
1,SARSA + PS + Kernel,2024,301,-14,26,1,1
1,SARSA + PS + Kernel,2024,302,-13,25,1,1
1,SARSA + PS + Kernel,2024,303,5,16,0,1
1,SARSA + PS + Kernel,2024,304,2,10,1,1
1,SARSA + PS + Kernel,2024,305,-36,48,1,1
1,SARSA + PS + Kernel,2024,306,-54,57,2,1
1,SARSA + PS + Kernel,2024,307,-53,56,2,1
1,SARSA + PS + Kernel,2024,308,-254,200,6,0
1,SARSA + PS + Kernel,2024,309,-116,137,0,1
1,SARSA + PS + Kernel,2024,310,-34,55,0,1
1,SARSA + PS + Kernel,2024,311,-82,76,3,1
1,SARSA + PS + Kernel,2024,312,-7,19,1,1
1,SARSA + PS + Kernel,2024,313,-118,121,2,1
1,SARSA + PS + Kernel,2024,314,-117,102,4,1
1,SARSA + PS + Kernel,2024,315,-80,74,3,1
1,SARSA + PS + Kernel,2024,316,-32,44,1,1
1,SARSA + PS + Kernel,2024,317,-30,33,2,1
1,SARSA + PS + Kernel,2024,318,-5,26,0,1
1,SARSA + PS + Kernel,2024,319,-88,82,3,1
1,SARSA + PS + Kernel,2024,320,-236,200,4,0
1,SARSA + PS + Kernel,2024,321,-15,36,0,1
1,SARSA + PS + Kernel,2024,322,-30,51,0,1
1,SARSA + PS + Kernel,2024,323,-236,200,4,0
1,SARSA + PS + Kernel,2024,324,-2,23,0,1
1,SARSA + PS + Kernel,2024,325,-33,54,0,1
1,SARSA + PS + Kernel,2024,326,-45,48,2,1
1,SARSA + PS + Kernel,2024,327,4,17,0,1
1,SARSA + PS + Kernel,2024,328,-74,86,1,1
1,SARSA + PS + Kernel,2024,329,12,9,0,1
1,SARSA + PS + Kernel,2024,330,-39,42,2,1
1,SARSA + PS + Kernel,2024,331,-51,72,0,1
1,SARSA + PS + Kernel,2024,332,-79,73,3,1
1,SARSA + PS + Kernel,2024,333,-263,200,7,0
1,SARSA + PS + Kernel,2024,334,-3,24,0,1
1,SARSA + PS + Kernel,2024,335,-2,14,1,1
1,SARSA + PS + Kernel,2024,336,-36,30,3,1
1,SARSA + PS + Kernel,2024,337,-6,18,1,1
1,SARSA + PS + Kernel,2024,338,1,11,1,1
1,SARSA + PS + Kernel,2024,339,-104,107,2,1
1,SARSA + PS + Kernel,2024,340,11,10,0,1
1,SARSA + PS + Kernel,2024,341,-35,38,2,1
1,SARSA + PS + Kernel,2024,342,-33,27,3,1
1,SARSA + PS + Kernel,2024,343,10,11,0,1
1,SARSA + PS + Kernel,2024,344,-35,38,2,1
1,SARSA + PS + Kernel,2024,345,-31,34,2,1
1,SARSA + PS + Kernel,2024,346,-269,173,13,1
1,SARSA + PS + Kernel,2024,347,10,11,0,1
1,SARSA + PS + Kernel,2024,348,-228,177,8,1
1,SARSA + PS + Kernel,2024,349,-10,22,1,1
1,SARSA + PS + Kernel,2024,350,-49,52,2,1
1,SARSA + PS + Kernel,2024,351,9,12,0,1
1,SARSA + PS + Kernel,2024,352,-13,25,1,1
1,SARSA + PS + Kernel,2024,353,-290,200,10,0
1,SARSA + PS + Kernel,2024,354,10,11,0,1
1,SARSA + PS + Kernel,2024,355,-12,15,2,1
1,SARSA + PS + Kernel,2024,356,-23,44,0,1
1,SARSA + PS + Kernel,2024,357,14,7,0,1
1,SARSA + PS + Kernel,2024,358,-20,32,1,1
1,SARSA + PS + Kernel,2024,359,11,10,0,1
1,SARSA + PS + Kernel,2024,360,5,16,0,1
1,SARSA + PS + Kernel,2024,361,-254,200,6,0
1,SARSA + PS + Kernel,2024,362,8,13,0,1
1,SARSA + PS + Kernel,2024,363,-26,29,2,1
1,SARSA + PS + Kernel,2024,364,-254,200,6,0
1,SARSA + PS + Kernel,2024,365,9,12,0,1
1,SARSA + PS + Kernel,2024,366,-74,77,2,1
1,SARSA + PS + Kernel,2024,367,-8,29,0,1
1,SARSA + PS + Kernel,2024,368,0,12,1,1
1,SARSA + PS + Kernel,2024,369,-91,85,3,1
1,SARSA + PS + Kernel,2024,370,-290,200,10,0
1,SARSA + PS + Kernel,2024,371,-98,101,2,1
1,SARSA + PS + Kernel,2024,372,-45,48,2,1
1,SARSA + PS + Kernel,2024,373,0,12,1,1
1,SARSA + PS + Kernel,2024,374,-55,58,2,1
1,SARSA + PS + Kernel,2024,375,-1,22,0,1
1,SARSA + PS + Kernel,2024,376,-57,42,4,1
1,SARSA + PS + Kernel,2024,377,-4,25,0,1
1,SARSA + PS + Kernel,2024,378,-254,200,6,0
1,SARSA + PS + Kernel,2024,379,-5,26,0,1
1,SARSA + PS + Kernel,2024,380,11,10,0,1
1,SARSA + PS + Kernel,2024,381,-47,50,2,1
1,SARSA + PS + Kernel,2024,382,10,11,0,1
1,SARSA + PS + Kernel,2024,383,-132,108,5,1
1,SARSA + PS + Kernel,2024,384,-9,21,1,1
1,SARSA + PS + Kernel,2024,385,-149,143,3,1
1,SARSA + PS + Kernel,2024,386,-108,102,3,1
1,SARSA + PS + Kernel,2024,387,-35,47,1,1
1,SARSA + PS + Kernel,2024,388,-7,28,0,1
1,SARSA + PS + Kernel,2024,389,-17,29,1,1
1,SARSA + PS + Kernel,2024,390,-117,93,5,1
1,SARSA + PS + Kernel,2024,391,5,16,0,1
1,SARSA + PS + Kernel,2024,392,-2,14,1,1
1,SARSA + PS + Kernel,2024,393,-65,50,4,1
1,SARSA + PS + Kernel,2024,394,10,11,0,1
1,SARSA + PS + Kernel,2024,395,-203,152,8,1
1,SARSA + PS + Kernel,2024,396,9,12,0,1
1,SARSA + PS + Kernel,2024,397,-66,60,3,1
1,SARSA + PS + Kernel,2024,398,-138,114,5,1
1,SARSA + PS + Kernel,2024,399,7,14,0,1
1,SARSA + PS + Kernel,2024,400,-5,17,1,1
1,SARSA + PS + Kernel,2024,401,10,11,0,1
1,SARSA + PS + Kernel,2024,402,-8,29,0,1
1,SARSA + PS + Kernel,2024,403,10,11,0,1
1,SARSA + PS + Kernel,2024,404,-317,200,13,0
1,SARSA + PS + Kernel,2024,405,10,11,0,1
1,SARSA + PS + Kernel,2024,406,1,11,1,1
1,SARSA + PS + Kernel,2024,407,13,8,0,1
1,SARSA + PS + Kernel,2024,408,-66,51,4,1
1,SARSA + PS + Kernel,2024,409,1,20,0,1
1,SARSA + PS + Kernel,2024,410,-3,24,0,1
1,SARSA + PS + Kernel,2024,411,-17,38,0,1
1,SARSA + PS + Kernel,2024,412,-8,20,1,1
1,SARSA + PS + Kernel,2024,413,-5,17,1,1
1,SARSA + PS + Kernel,2024,414,-36,48,1,1
1,SARSA + PS + Kernel,2024,415,-60,63,2,1
1,SARSA + PS + Kernel,2024,416,-272,200,8,0
1,SARSA + PS + Kernel,2024,417,1,20,0,1
1,SARSA + PS + Kernel,2024,418,-16,28,1,1
1,SARSA + PS + Kernel,2024,419,-20,32,1,1
1,SARSA + PS + Kernel,2024,420,2,10,1,1
1,SARSA + PS + Kernel,2024,421,-14,26,1,1
1,SARSA + PS + Kernel,2024,422,-18,30,1,1
1,SARSA + PS + Kernel,2024,423,11,10,0,1
1,SARSA + PS + Kernel,2024,424,5,16,0,1
1,SARSA + PS + Kernel,2024,425,11,10,0,1
1,SARSA + PS + Kernel,2024,426,8,13,0,1
1,SARSA + PS + Kernel,2024,427,6,15,0,1
1,SARSA + PS + Kernel,2024,428,6,15,0,1
1,SARSA + PS + Kernel,2024,429,15,6,0,1
1,SARSA + PS + Kernel,2024,430,9,12,0,1
1,SARSA + PS + Kernel,2024,431,-95,98,2,1
1,SARSA + PS + Kernel,2024,432,8,13,0,1
1,SARSA + PS + Kernel,2024,433,-95,89,3,1
1,SARSA + PS + Kernel,2024,434,-114,99,4,1
1,SARSA + PS + Kernel,2024,435,-49,52,2,1
1,SARSA + PS + Kernel,2024,436,-107,101,3,1
1,SARSA + PS + Kernel,2024,437,-11,32,0,1
1,SARSA + PS + Kernel,2024,438,-35,47,1,1
1,SARSA + PS + Kernel,2024,439,-8,20,1,1
1,SARSA + PS + Kernel,2024,440,-27,30,2,1
1,SARSA + PS + Kernel,2024,441,1,11,1,1
1,SARSA + PS + Kernel,2024,442,-83,50,6,1
1,SARSA + PS + Kernel,2024,443,-101,104,2,1
1,SARSA + PS + Kernel,2024,444,-48,51,2,1
1,SARSA + PS + Kernel,2024,445,-53,47,3,1
1,SARSA + PS + Kernel,2024,446,-9,21,1,1
1,SARSA + PS + Kernel,2024,447,-13,25,1,1
1,SARSA + PS + Kernel,2024,448,2,10,1,1
1,SARSA + PS + Kernel,2024,449,-79,73,3,1
1,SARSA + PS + Kernel,2024,450,-12,33,0,1
1,SARSA + PS + Kernel,2024,451,-11,23,1,1
1,SARSA + PS + Kernel,2024,452,8,13,0,1
1,SARSA + PS + Kernel,2024,453,4,17,0,1
1,SARSA + PS + Kernel,2024,454,-7,28,0,1
1,SARSA + PS + Kernel,2024,455,-2,14,1,1
1,SARSA + PS + Kernel,2024,456,-91,76,4,1
1,SARSA + PS + Kernel,2024,457,0,12,1,1
1,SARSA + PS + Kernel,2024,458,-4,25,0,1
1,SARSA + PS + Kernel,2024,459,-6,18,1,1
1,SARSA + PS + Kernel,2024,460,10,11,0,1
1,SARSA + PS + Kernel,2024,461,-10,31,0,1
1,SARSA + PS + Kernel,2024,462,-6,27,0,1
1,SARSA + PS + Kernel,2024,463,-9,21,1,1
1,SARSA + PS + Kernel,2024,464,4,17,0,1
1,SARSA + PS + Kernel,2024,465,-2,14,1,1
1,SARSA + PS + Kernel,2024,466,10,11,0,1
1,SARSA + PS + Kernel,2024,467,-9,21,1,1
1,SARSA + PS + Kernel,2024,468,11,10,0,1
1,SARSA + PS + Kernel,2024,469,-79,91,1,1
1,SARSA + PS + Kernel,2024,470,9,12,0,1
1,SARSA + PS + Kernel,2024,471,-10,22,1,1
1,SARSA + PS + Kernel,2024,472,8,13,0,1
1,SARSA + PS + Kernel,2024,473,11,10,0,1
1,SARSA + PS + Kernel,2024,474,-106,91,4,1
1,SARSA + PS + Kernel,2024,475,-51,45,3,1
1,SARSA + PS + Kernel,2024,476,3,18,0,1
1,SARSA + PS + Kernel,2024,477,7,14,0,1
1,SARSA + PS + Kernel,2024,478,10,11,0,1
1,SARSA + PS + Kernel,2024,479,-31,52,0,1
1,SARSA + PS + Kernel,2024,480,8,13,0,1
1,SARSA + PS + Kernel,2024,481,9,12,0,1
1,SARSA + PS + Kernel,2024,482,-48,60,1,1
1,SARSA + PS + Kernel,2024,483,-42,63,0,1
1,SARSA + PS + Kernel,2024,484,11,10,0,1
1,SARSA + PS + Kernel,2024,485,8,13,0,1
1,SARSA + PS + Kernel,2024,486,-1,13,1,1
1,SARSA + PS + Kernel,2024,487,11,10,0,1
1,SARSA + PS + Kernel,2024,488,8,13,0,1
1,SARSA + PS + Kernel,2024,489,-51,54,2,1
1,SARSA + PS + Kernel,2024,490,2,10,1,1
1,SARSA + PS + Kernel,2024,491,-43,46,2,1
1,SARSA + PS + Kernel,2024,492,-16,19,2,1
1,SARSA + PS + Kernel,2024,493,-6,27,0,1
1,SARSA + PS + Kernel,2024,494,7,14,0,1
1,SARSA + PS + Kernel,2024,495,6,15,0,1
1,SARSA + PS + Kernel,2024,496,-34,55,0,1
1,SARSA + PS + Kernel,2024,497,0,12,1,1
1,SARSA + PS + Kernel,2024,498,-8,20,1,1
1,SARSA + PS + Kernel,2024,499,-11,14,2,1
3,SARSA + PS,42,0,-677,200,53,0
3,SARSA + PS,42,1,-632,200,48,0
3,SARSA + PS,42,2,-767,200,63,0
3,SARSA + PS,42,3,-641,200,49,0
3,SARSA + PS,42,4,-668,200,52,0
3,SARSA + PS,42,5,-677,200,53,0
3,SARSA + PS,42,6,-677,200,53,0
3,SARSA + PS,42,7,-578,200,42,0
3,SARSA + PS,42,8,-632,200,48,0
3,SARSA + PS,42,9,-605,200,45,0
3,SARSA + PS,42,10,-686,200,54,0
3,SARSA + PS,42,11,-542,200,38,0
3,SARSA + PS,42,12,-245,200,5,0
3,SARSA + PS,42,13,-713,200,57,0
3,SARSA + PS,42,14,-758,200,62,0
3,SARSA + PS,42,15,-302,98,25,1
3,SARSA + PS,42,16,-245,200,5,0
3,SARSA + PS,42,17,-263,200,7,0
3,SARSA + PS,42,18,-371,200,19,0
3,SARSA + PS,42,19,-425,200,25,0
3,SARSA + PS,42,20,-713,200,57,0
3,SARSA + PS,42,21,-743,197,63,1
3,SARSA + PS,42,22,-515,200,35,0
3,SARSA + PS,42,23,-395,146,30,1
3,SARSA + PS,42,24,-317,200,13,0
3,SARSA + PS,42,25,-290,200,10,0
3,SARSA + PS,42,26,-236,200,4,0
3,SARSA + PS,42,27,-234,138,13,1
3,SARSA + PS,42,28,-290,200,10,0
3,SARSA + PS,42,29,-254,200,6,0
3,SARSA + PS,42,30,-767,200,63,0
3,SARSA + PS,42,31,-461,200,29,0
3,SARSA + PS,42,32,-353,200,17,0
3,SARSA + PS,42,33,-227,200,3,0
3,SARSA + PS,42,34,-236,200,4,0
3,SARSA + PS,42,35,-272,200,8,0
3,SARSA + PS,42,36,-695,200,55,0
3,SARSA + PS,42,37,-533,200,37,0
3,SARSA + PS,42,38,-344,200,16,0
3,SARSA + PS,42,39,-740,200,60,0
3,SARSA + PS,42,40,-228,78,19,1
3,SARSA + PS,42,41,-560,200,40,0
3,SARSA + PS,42,42,-425,200,25,0
3,SARSA + PS,42,43,-272,200,8,0
3,SARSA + PS,42,44,-236,200,4,0
3,SARSA + PS,42,45,-236,200,4,0
3,SARSA + PS,42,46,-218,200,2,0
3,SARSA + PS,42,47,-34,46,1,1
3,SARSA + PS,42,48,-416,200,24,0
3,SARSA + PS,42,49,-272,200,8,0
3,SARSA + PS,42,50,-236,200,4,0
3,SARSA + PS,42,51,-335,200,15,0
3,SARSA + PS,42,52,-299,200,11,0
3,SARSA + PS,42,53,-236,200,4,0
3,SARSA + PS,42,54,-434,200,26,0
3,SARSA + PS,42,55,-272,194,11,1
3,SARSA + PS,42,56,-290,200,10,0
3,SARSA + PS,42,57,-209,200,1,0
3,SARSA + PS,42,58,-85,79,3,1
3,SARSA + PS,42,59,-94,106,1,1
3,SARSA + PS,42,60,-245,200,5,0
3,SARSA + PS,42,61,-299,200,11,0
3,SARSA + PS,42,62,-254,200,6,0
3,SARSA + PS,42,63,-227,200,3,0
3,SARSA + PS,42,64,-290,200,10,0
3,SARSA + PS,42,65,-461,200,29,0
3,SARSA + PS,42,66,-254,200,6,0
3,SARSA + PS,42,67,-245,200,5,0
3,SARSA + PS,42,68,-254,200,6,0
3,SARSA + PS,42,69,-22,25,2,1
3,SARSA + PS,42,70,-39,51,1,1
3,SARSA + PS,42,71,-227,194,6,1
3,SARSA + PS,42,72,-263,200,7,0
3,SARSA + PS,42,73,-245,200,5,0
3,SARSA + PS,42,74,-15,27,1,1
3,SARSA + PS,42,75,-42,45,2,1
3,SARSA + PS,42,76,-38,50,1,1
3,SARSA + PS,42,77,12,9,0,1
3,SARSA + PS,42,78,-122,98,5,1
3,SARSA + PS,42,79,-272,200,8,0
3,SARSA + PS,42,80,-68,62,3,1
3,SARSA + PS,42,81,-69,72,2,1
3,SARSA + PS,42,82,-263,200,7,0
3,SARSA + PS,42,83,-105,90,4,1
3,SARSA + PS,42,84,14,7,0,1
3,SARSA + PS,42,85,-41,44,2,1
3,SARSA + PS,42,86,-495,138,42,1
3,SARSA + PS,42,87,-227,200,3,0
3,SARSA + PS,42,88,-130,124,3,1
3,SARSA + PS,42,89,-39,42,2,1
3,SARSA + PS,42,90,-236,200,4,0
3,SARSA + PS,42,91,-192,141,8,1
3,SARSA + PS,42,92,-272,200,8,0
3,SARSA + PS,42,93,-254,200,6,0
3,SARSA + PS,42,94,-236,200,4,0
3,SARSA + PS,42,95,-384,180,25,1
3,SARSA + PS,42,96,-12,33,0,1
3,SARSA + PS,42,97,-177,117,9,1
3,SARSA + PS,42,98,-263,200,7,0
3,SARSA + PS,42,99,-159,126,6,1
3,SARSA + PS,42,100,-16,19,2,1
3,SARSA + PS,42,101,-53,65,1,1
3,SARSA + PS,42,102,-69,81,1,1
3,SARSA + PS,42,103,-129,123,3,1
3,SARSA + PS,42,104,-35,47,1,1
3,SARSA + PS,42,105,-92,95,2,1
3,SARSA + PS,42,106,-263,200,7,0
3,SARSA + PS,42,107,-204,153,8,1
3,SARSA + PS,42,108,15,6,0,1
3,SARSA + PS,42,109,-49,52,2,1
3,SARSA + PS,42,110,-148,142,3,1
3,SARSA + PS,42,111,-281,200,9,0
3,SARSA + PS,42,112,-245,200,5,0
3,SARSA + PS,42,113,-39,51,1,1
3,SARSA + PS,42,114,-1,13,1,1
3,SARSA + PS,42,115,-3,15,1,1
3,SARSA + PS,42,116,-254,200,6,0
3,SARSA + PS,42,117,-33,36,2,1
3,SARSA + PS,42,118,12,9,0,1
3,SARSA + PS,42,119,-50,44,3,1
3,SARSA + PS,42,120,-159,153,3,1
3,SARSA + PS,42,121,2,19,0,1
3,SARSA + PS,42,122,-117,84,6,1
3,SARSA + PS,42,123,1,11,1,1
3,SARSA + PS,42,124,-1,22,0,1
3,SARSA + PS,42,125,3,18,0,1
3,SARSA + PS,42,126,-79,73,3,1
3,SARSA + PS,42,127,-8,20,1,1
3,SARSA + PS,42,128,-263,200,7,0
3,SARSA + PS,42,129,-299,200,11,0
3,SARSA + PS,42,130,11,10,0,1
3,SARSA + PS,42,131,-99,84,4,1
3,SARSA + PS,42,132,-206,173,6,1
3,SARSA + PS,42,133,-247,187,9,1
3,SARSA + PS,42,134,-263,200,7,0
3,SARSA + PS,42,135,11,10,0,1
3,SARSA + PS,42,136,-117,120,2,1
3,SARSA + PS,42,137,-290,200,10,0
3,SARSA + PS,42,138,-146,104,7,1
3,SARSA + PS,42,139,-38,32,3,1
3,SARSA + PS,42,140,-51,72,0,1
3,SARSA + PS,42,141,12,9,0,1
3,SARSA + PS,42,142,-114,90,5,1
3,SARSA + PS,42,143,-69,72,2,1
3,SARSA + PS,42,144,-88,91,2,1
3,SARSA + PS,42,145,-95,98,2,1
3,SARSA + PS,42,146,-5,17,1,1
3,SARSA + PS,42,147,-1,22,0,1
3,SARSA + PS,42,148,-28,31,2,1
3,SARSA + PS,42,149,-23,35,1,1
3,SARSA + PS,42,150,-60,54,3,1
3,SARSA + PS,42,151,-8,29,0,1
3,SARSA + PS,42,152,-65,59,3,1
3,SARSA + PS,42,153,-24,36,1,1
3,SARSA + PS,42,154,-15,36,0,1
3,SARSA + PS,42,155,-78,54,5,1
3,SARSA + PS,42,156,-97,100,2,1
3,SARSA + PS,42,157,-9,21,1,1
3,SARSA + PS,42,158,-248,197,8,1
3,SARSA + PS,42,159,11,10,0,1
3,SARSA + PS,42,160,-263,200,7,0
3,SARSA + PS,42,161,5,16,0,1
3,SARSA + PS,42,162,-9,21,1,1
3,SARSA + PS,42,163,-130,124,3,1
3,SARSA + PS,42,164,8,13,0,1
3,SARSA + PS,42,165,4,17,0,1
3,SARSA + PS,42,166,14,7,0,1
3,SARSA + PS,42,167,-64,67,2,1
3,SARSA + PS,42,168,-15,36,0,1
3,SARSA + PS,42,169,0,21,0,1
3,SARSA + PS,42,170,-18,30,1,1
3,SARSA + PS,42,171,-137,113,5,1
3,SARSA + PS,42,172,-6,18,1,1
3,SARSA + PS,42,173,-97,91,3,1
3,SARSA + PS,42,174,-86,98,1,1
3,SARSA + PS,42,175,-29,41,1,1
3,SARSA + PS,42,176,-42,54,1,1
3,SARSA + PS,42,177,-34,46,1,1
3,SARSA + PS,42,178,-219,177,7,1
3,SARSA + PS,42,179,0,21,0,1
3,SARSA + PS,42,180,13,8,0,1
3,SARSA + PS,42,181,-160,127,6,1
3,SARSA + PS,42,182,7,14,0,1
3,SARSA + PS,42,183,-8,29,0,1
3,SARSA + PS,42,184,-37,49,1,1
3,SARSA + PS,42,185,2,19,0,1
3,SARSA + PS,42,186,10,11,0,1
3,SARSA + PS,42,187,-29,32,2,1
3,SARSA + PS,42,188,1,11,1,1
3,SARSA + PS,42,189,-218,200,2,0
3,SARSA + PS,42,190,8,13,0,1
3,SARSA + PS,42,191,4,17,0,1
3,SARSA + PS,42,192,-36,39,2,1
3,SARSA + PS,42,193,6,15,0,1
3,SARSA + PS,42,194,12,9,0,1
3,SARSA + PS,42,195,-263,200,7,0
3,SARSA + PS,42,196,-67,52,4,1
3,SARSA + PS,42,197,-243,192,8,1
3,SARSA + PS,42,198,-16,37,0,1
3,SARSA + PS,42,199,10,11,0,1
3,SARSA + PS,42,200,-38,41,2,1
3,SARSA + PS,42,201,-78,63,4,1
3,SARSA + PS,42,202,-7,19,1,1
3,SARSA + PS,42,203,-308,200,12,0
3,SARSA + PS,42,204,-64,58,3,1
3,SARSA + PS,42,205,-5,17,1,1
3,SARSA + PS,42,206,-121,88,6,1
3,SARSA + PS,42,207,-164,140,5,1
3,SARSA + PS,42,208,14,7,0,1
3,SARSA + PS,42,209,8,13,0,1
3,SARSA + PS,42,210,-26,29,2,1
3,SARSA + PS,42,211,-189,174,4,1
3,SARSA + PS,42,212,-11,14,2,1
3,SARSA + PS,42,213,-2,23,0,1
3,SARSA + PS,42,214,10,11,0,1
3,SARSA + PS,42,215,-57,60,2,1
3,SARSA + PS,42,216,4,17,0,1
3,SARSA + PS,42,217,-19,22,2,1
3,SARSA + PS,42,218,-13,34,0,1
3,SARSA + PS,42,219,-157,169,1,1
3,SARSA + PS,42,220,-6,27,0,1
3,SARSA + PS,42,221,10,11,0,1
3,SARSA + PS,42,222,3,9,1,1
3,SARSA + PS,42,223,-5,17,1,1
3,SARSA + PS,42,224,14,7,0,1
3,SARSA + PS,42,225,10,11,0,1
3,SARSA + PS,42,226,-75,60,4,1
3,SARSA + PS,42,227,-6,18,1,1
3,SARSA + PS,42,228,-216,156,9,1
3,SARSA + PS,42,229,-16,19,2,1
3,SARSA + PS,42,230,9,12,0,1
3,SARSA + PS,42,231,-7,19,1,1
3,SARSA + PS,42,232,-9,21,1,1
3,SARSA + PS,42,233,-95,80,4,1
3,SARSA + PS,42,234,13,8,0,1
3,SARSA + PS,42,235,11,10,0,1
3,SARSA + PS,42,236,-7,19,1,1
3,SARSA + PS,42,237,-272,200,8,0
3,SARSA + PS,42,238,11,10,0,1
3,SARSA + PS,42,239,12,9,0,1
3,SARSA + PS,42,240,9,12,0,1
3,SARSA + PS,42,241,-98,101,2,1
3,SARSA + PS,42,242,-68,62,3,1
3,SARSA + PS,42,243,8,13,0,1
3,SARSA + PS,42,244,-111,105,3,1
3,SARSA + PS,42,245,-140,107,6,1
3,SARSA + PS,42,246,-16,37,0,1
3,SARSA + PS,42,247,-32,44,1,1
3,SARSA + PS,42,248,5,16,0,1
3,SARSA + PS,42,249,-9,30,0,1
3,SARSA + PS,42,250,-18,21,2,1
3,SARSA + PS,42,251,-29,41,1,1
3,SARSA + PS,42,252,-131,143,1,1
3,SARSA + PS,42,253,-48,60,1,1
3,SARSA + PS,42,254,-80,101,0,1
3,SARSA + PS,42,255,-18,30,1,1
3,SARSA + PS,42,256,-39,42,2,1
3,SARSA + PS,42,257,-76,79,2,1
3,SARSA + PS,42,258,-39,42,2,1
3,SARSA + PS,42,259,-22,34,1,1
3,SARSA + PS,42,260,8,13,0,1
3,SARSA + PS,42,261,-43,55,1,1
3,SARSA + PS,42,262,-89,83,3,1
3,SARSA + PS,42,263,-12,24,1,1
3,SARSA + PS,42,264,-49,61,1,1
3,SARSA + PS,42,265,-272,200,8,0
3,SARSA + PS,42,266,-20,32,1,1
3,SARSA + PS,42,267,-30,42,1,1
3,SARSA + PS,42,268,-123,108,4,1
3,SARSA + PS,42,269,8,13,0,1
3,SARSA + PS,42,270,-118,94,5,1
3,SARSA + PS,42,271,-227,200,3,0
3,SARSA + PS,42,272,-123,108,4,1
3,SARSA + PS,42,273,-105,72,6,1
3,SARSA + PS,42,274,13,8,0,1
3,SARSA + PS,42,275,-3,24,0,1
3,SARSA + PS,42,276,12,9,0,1
3,SARSA + PS,42,277,-61,64,2,1
3,SARSA + PS,42,278,-32,35,2,1
3,SARSA + PS,42,279,-84,69,4,1
3,SARSA + PS,42,280,1,20,0,1
3,SARSA + PS,42,281,-1,22,0,1
3,SARSA + PS,42,282,13,8,0,1
3,SARSA + PS,42,283,7,14,0,1
3,SARSA + PS,42,284,5,16,0,1
3,SARSA + PS,42,285,-44,38,3,1
3,SARSA + PS,42,286,-100,103,2,1
3,SARSA + PS,42,287,-33,45,1,1
3,SARSA + PS,42,288,-147,123,5,1
3,SARSA + PS,42,289,11,10,0,1
3,SARSA + PS,42,290,10,11,0,1
3,SARSA + PS,42,291,-1,22,0,1
3,SARSA + PS,42,292,-3,15,1,1
3,SARSA + PS,42,293,-20,41,0,1
3,SARSA + PS,42,294,-236,200,4,0
3,SARSA + PS,42,295,-12,33,0,1
3,SARSA + PS,42,296,1,11,1,1
3,SARSA + PS,42,297,-32,26,3,1
3,SARSA + PS,42,298,10,11,0,1
3,SARSA + PS,42,299,-176,125,8,1
3,SARSA + PS,42,300,5,16,0,1
3,SARSA + PS,42,301,-110,86,5,1
3,SARSA + PS,42,302,-55,58,2,1
3,SARSA + PS,42,303,2,19,0,1
3,SARSA + PS,42,304,-41,35,3,1
3,SARSA + PS,42,305,-209,200,1,0
3,SARSA + PS,42,306,-50,53,2,1
3,SARSA + PS,42,307,5,16,0,1
3,SARSA + PS,42,308,8,13,0,1
3,SARSA + PS,42,309,11,10,0,1
3,SARSA + PS,42,310,5,16,0,1
3,SARSA + PS,42,311,-227,200,3,0
3,SARSA + PS,42,312,-5,26,0,1
3,SARSA + PS,42,313,9,12,0,1
3,SARSA + PS,42,314,-5,26,0,1
3,SARSA + PS,42,315,-173,158,4,1
3,SARSA + PS,42,316,-30,42,1,1
3,SARSA + PS,42,317,12,9,0,1
3,SARSA + PS,42,318,-33,36,2,1
3,SARSA + PS,42,319,6,15,0,1
3,SARSA + PS,42,320,-19,31,1,1
3,SARSA + PS,42,321,10,11,0,1
3,SARSA + PS,42,322,-76,70,3,1
3,SARSA + PS,42,323,0,12,1,1
3,SARSA + PS,42,324,2,19,0,1
3,SARSA + PS,42,325,10,11,0,1
3,SARSA + PS,42,326,-77,71,3,1
3,SARSA + PS,42,327,8,13,0,1
3,SARSA + PS,42,328,-131,107,5,1
3,SARSA + PS,42,329,-16,28,1,1
3,SARSA + PS,42,330,0,12,1,1
3,SARSA + PS,42,331,-18,21,2,1
3,SARSA + PS,42,332,-140,116,5,1
3,SARSA + PS,42,333,-18,30,1,1
3,SARSA + PS,42,334,7,14,0,1
3,SARSA + PS,42,335,10,11,0,1
3,SARSA + PS,42,336,7,14,0,1
3,SARSA + PS,42,337,7,14,0,1
3,SARSA + PS,42,338,-46,58,1,1
3,SARSA + PS,42,339,-2,23,0,1
3,SARSA + PS,42,340,-29,32,2,1
3,SARSA + PS,42,341,-1,22,0,1
3,SARSA + PS,42,342,5,16,0,1
3,SARSA + PS,42,343,-72,66,3,1
3,SARSA + PS,42,344,-54,57,2,1
3,SARSA + PS,42,345,-1,13,1,1
3,SARSA + PS,42,346,7,14,0,1
3,SARSA + PS,42,347,12,9,0,1
3,SARSA + PS,42,348,4,17,0,1
3,SARSA + PS,42,349,14,7,0,1
3,SARSA + PS,42,350,-1,22,0,1
3,SARSA + PS,42,351,-4,16,1,1
3,SARSA + PS,42,352,-14,17,2,1
3,SARSA + PS,42,353,-110,95,4,1
3,SARSA + PS,42,354,8,13,0,1
3,SARSA + PS,42,355,-112,115,2,1
3,SARSA + PS,42,356,9,12,0,1
3,SARSA + PS,42,357,-14,26,1,1
3,SARSA + PS,42,358,-23,35,1,1
3,SARSA + PS,42,359,6,15,0,1
3,SARSA + PS,42,360,-13,25,1,1
3,SARSA + PS,42,361,11,10,0,1
3,SARSA + PS,42,362,8,13,0,1
3,SARSA + PS,42,363,-18,21,2,1
3,SARSA + PS,42,364,-13,34,0,1
3,SARSA + PS,42,365,-6,27,0,1
3,SARSA + PS,42,366,9,12,0,1
3,SARSA + PS,42,367,-9,21,1,1
3,SARSA + PS,42,368,-286,190,13,1
3,SARSA + PS,42,369,-12,33,0,1
3,SARSA + PS,42,370,-3,15,1,1
3,SARSA + PS,42,371,14,7,0,1
3,SARSA + PS,42,372,9,12,0,1
3,SARSA + PS,42,373,-138,123,4,1
3,SARSA + PS,42,374,10,11,0,1
3,SARSA + PS,42,375,12,9,0,1
3,SARSA + PS,42,376,-7,28,0,1
3,SARSA + PS,42,377,-2,23,0,1
3,SARSA + PS,42,378,7,14,0,1
3,SARSA + PS,42,379,3,18,0,1
3,SARSA + PS,42,380,-52,55,2,1
3,SARSA + PS,42,381,9,12,0,1
3,SARSA + PS,42,382,-196,181,4,1
3,SARSA + PS,42,383,-166,160,3,1
3,SARSA + PS,42,384,0,12,1,1
3,SARSA + PS,42,385,-43,37,3,1
3,SARSA + PS,42,386,1,20,0,1
3,SARSA + PS,42,387,10,11,0,1
3,SARSA + PS,42,388,-90,93,2,1
3,SARSA + PS,42,389,-13,25,1,1
3,SARSA + PS,42,390,-26,29,2,1
3,SARSA + PS,42,391,-59,71,1,1
3,SARSA + PS,42,392,-8,29,0,1
3,SARSA + PS,42,393,6,15,0,1
3,SARSA + PS,42,394,-62,74,1,1
3,SARSA + PS,42,395,10,11,0,1
3,SARSA + PS,42,396,-10,22,1,1
3,SARSA + PS,42,397,-33,36,2,1
3,SARSA + PS,42,398,-17,20,2,1
3,SARSA + PS,42,399,14,7,0,1
3,SARSA + PS,42,400,9,12,0,1
3,SARSA + PS,42,401,-20,32,1,1
3,SARSA + PS,42,402,11,10,0,1
3,SARSA + PS,42,403,7,14,0,1
3,SARSA + PS,42,404,-32,44,1,1
3,SARSA + PS,42,405,-10,22,1,1
3,SARSA + PS,42,406,-34,37,2,1
3,SARSA + PS,42,407,-84,78,3,1
3,SARSA + PS,42,408,5,16,0,1
3,SARSA + PS,42,409,8,13,0,1
3,SARSA + PS,42,410,9,12,0,1
3,SARSA + PS,42,411,-25,46,0,1
3,SARSA + PS,42,412,-7,19,1,1
3,SARSA + PS,42,413,10,11,0,1
3,SARSA + PS,42,414,9,12,0,1
3,SARSA + PS,42,415,-2,14,1,1
3,SARSA + PS,42,416,-107,92,4,1
3,SARSA + PS,42,417,-6,18,1,1
3,SARSA + PS,42,418,-7,19,1,1
3,SARSA + PS,42,419,-39,24,4,1
3,SARSA + PS,42,420,-6,18,1,1
3,SARSA + PS,42,421,5,16,0,1
3,SARSA + PS,42,422,-2,14,1,1
3,SARSA + PS,42,423,5,16,0,1
3,SARSA + PS,42,424,-23,17,3,1
3,SARSA + PS,42,425,-47,68,0,1
3,SARSA + PS,42,426,12,9,0,1
3,SARSA + PS,42,427,-5,17,1,1
3,SARSA + PS,42,428,2,10,1,1
3,SARSA + PS,42,429,-6,18,1,1
3,SARSA + PS,42,430,11,10,0,1
3,SARSA + PS,42,431,-72,66,3,1
3,SARSA + PS,42,432,10,11,0,1
3,SARSA + PS,42,433,5,16,0,1
3,SARSA + PS,42,434,3,18,0,1
3,SARSA + PS,42,435,-3,24,0,1
3,SARSA + PS,42,436,8,13,0,1
3,SARSA + PS,42,437,4,17,0,1
3,SARSA + PS,42,438,9,12,0,1
3,SARSA + PS,42,439,-30,33,2,1
3,SARSA + PS,42,440,9,12,0,1
3,SARSA + PS,42,441,-44,47,2,1
3,SARSA + PS,42,442,-33,45,1,1
3,SARSA + PS,42,443,4,17,0,1
3,SARSA + PS,42,444,4,17,0,1
3,SARSA + PS,42,445,9,12,0,1
3,SARSA + PS,42,446,-46,49,2,1
3,SARSA + PS,42,447,1,20,0,1
3,SARSA + PS,42,448,7,14,0,1
3,SARSA + PS,42,449,-22,34,1,1
3,SARSA + PS,42,450,-131,116,4,1
3,SARSA + PS,42,451,-54,48,3,1
3,SARSA + PS,42,452,-13,25,1,1
3,SARSA + PS,42,453,-36,30,3,1
3,SARSA + PS,42,454,6,15,0,1
3,SARSA + PS,42,455,-16,28,1,1
3,SARSA + PS,42,456,1,11,1,1
3,SARSA + PS,42,457,-2,14,1,1
3,SARSA + PS,42,458,-16,28,1,1
3,SARSA + PS,42,459,10,11,0,1
3,SARSA + PS,42,460,1,11,1,1
3,SARSA + PS,42,461,-2,23,0,1
3,SARSA + PS,42,462,1,20,0,1
3,SARSA + PS,42,463,4,17,0,1
3,SARSA + PS,42,464,10,11,0,1
3,SARSA + PS,42,465,4,17,0,1
3,SARSA + PS,42,466,9,12,0,1
3,SARSA + PS,42,467,2,10,1,1
3,SARSA + PS,42,468,9,12,0,1
3,SARSA + PS,42,469,-50,53,2,1
3,SARSA + PS,42,470,13,8,0,1
3,SARSA + PS,42,471,-10,22,1,1
3,SARSA + PS,42,472,5,16,0,1
3,SARSA + PS,42,473,6,15,0,1
3,SARSA + PS,42,474,-8,20,1,1
3,SARSA + PS,42,475,6,15,0,1
3,SARSA + PS,42,476,-29,50,0,1
3,SARSA + PS,42,477,-5,26,0,1
3,SARSA + PS,42,478,9,12,0,1
3,SARSA + PS,42,479,-10,13,2,1
3,SARSA + PS,42,480,-43,37,3,1
3,SARSA + PS,42,481,12,9,0,1
3,SARSA + PS,42,482,-21,15,3,1
3,SARSA + PS,42,483,-4,16,1,1
3,SARSA + PS,42,484,-9,12,2,1
3,SARSA + PS,42,485,9,12,0,1
3,SARSA + PS,42,486,-22,34,1,1
3,SARSA + PS,42,487,-17,38,0,1
3,SARSA + PS,42,488,11,10,0,1
3,SARSA + PS,42,489,-11,23,1,1
3,SARSA + PS,42,490,5,16,0,1
3,SARSA + PS,42,491,3,18,0,1
3,SARSA + PS,42,492,8,13,0,1
3,SARSA + PS,42,493,-73,76,2,1
3,SARSA + PS,42,494,4,8,1,1
3,SARSA + PS,42,495,6,15,0,1
3,SARSA + PS,42,496,8,13,0,1
3,SARSA + PS,42,497,-28,31,2,1
3,SARSA + PS,42,498,-22,16,3,1
3,SARSA + PS,42,499,4,17,0,1
3,SARSA + PS,123,0,-704,200,56,0
3,SARSA + PS,123,1,-740,200,60,0
3,SARSA + PS,123,2,-704,200,56,0
3,SARSA + PS,123,3,-677,200,53,0
3,SARSA + PS,123,4,-677,200,53,0
3,SARSA + PS,123,5,-668,200,52,0
3,SARSA + PS,123,6,-515,200,35,0
3,SARSA + PS,123,7,-506,200,34,0
3,SARSA + PS,123,8,-623,200,47,0
3,SARSA + PS,123,9,-587,200,43,0
3,SARSA + PS,123,10,-695,200,55,0
3,SARSA + PS,123,11,-740,200,60,0
3,SARSA + PS,123,12,-749,200,61,0
3,SARSA + PS,123,13,-614,200,46,0
3,SARSA + PS,123,14,-321,126,24,1
3,SARSA + PS,123,15,-731,200,59,0
3,SARSA + PS,123,16,-893,200,77,0
3,SARSA + PS,123,17,-551,200,39,0
3,SARSA + PS,123,18,-659,200,51,0
3,SARSA + PS,123,19,-284,98,23,1
3,SARSA + PS,123,20,-263,200,7,0
3,SARSA + PS,123,21,-767,200,63,0
3,SARSA + PS,123,22,-677,200,53,0
3,SARSA + PS,123,23,-614,200,46,0
3,SARSA + PS,123,24,-281,200,9,0
3,SARSA + PS,123,25,-713,200,57,0
3,SARSA + PS,123,26,-290,200,10,0
3,SARSA + PS,123,27,-352,157,24,1
3,SARSA + PS,123,28,-416,200,24,0
3,SARSA + PS,123,29,-308,200,12,0
3,SARSA + PS,123,30,-686,200,54,0
3,SARSA + PS,123,31,-378,192,23,1
3,SARSA + PS,123,32,-24,27,2,1
3,SARSA + PS,123,33,-162,147,4,1
3,SARSA + PS,123,34,-141,117,5,1
3,SARSA + PS,123,35,-299,200,11,0
3,SARSA + PS,123,36,-263,200,7,0
3,SARSA + PS,123,37,-506,200,34,0
3,SARSA + PS,123,38,-281,200,9,0
3,SARSA + PS,123,39,-290,200,10,0
3,SARSA + PS,123,40,-236,200,4,0
3,SARSA + PS,123,41,-263,200,7,0
3,SARSA + PS,123,42,-119,113,3,1
3,SARSA + PS,123,43,-758,200,62,0
3,SARSA + PS,123,44,-326,200,14,0
3,SARSA + PS,123,45,-236,200,4,0
3,SARSA + PS,123,46,-290,200,10,0
3,SARSA + PS,123,47,-160,163,2,1
3,SARSA + PS,123,48,-110,104,3,1
3,SARSA + PS,123,49,-12,24,1,1
3,SARSA + PS,123,50,-82,67,4,1
3,SARSA + PS,123,51,-272,200,8,0
3,SARSA + PS,123,52,-124,127,2,1
3,SARSA + PS,123,53,-254,200,6,0
3,SARSA + PS,123,54,-551,200,39,0
3,SARSA + PS,123,55,-263,200,7,0
3,SARSA + PS,123,56,-317,200,13,0
3,SARSA + PS,123,57,-185,143,7,1
3,SARSA + PS,123,58,-272,200,8,0
3,SARSA + PS,123,59,-236,200,4,0
3,SARSA + PS,123,60,-281,200,9,0
3,SARSA + PS,123,61,-131,125,3,1
3,SARSA + PS,123,62,-29,50,0,1
3,SARSA + PS,123,63,-89,74,4,1
3,SARSA + PS,123,64,-225,174,8,1
3,SARSA + PS,123,65,-55,67,1,1
3,SARSA + PS,123,66,-281,200,9,0
3,SARSA + PS,123,67,-281,200,9,0
3,SARSA + PS,123,68,-254,200,6,0
3,SARSA + PS,123,69,-83,86,2,1
3,SARSA + PS,123,70,-254,200,6,0
3,SARSA + PS,123,71,-46,49,2,1
3,SARSA + PS,123,72,-155,149,3,1
3,SARSA + PS,123,73,-281,200,9,0
3,SARSA + PS,123,74,-101,95,3,1
3,SARSA + PS,123,75,-281,200,9,0
3,SARSA + PS,123,76,-290,200,10,0
3,SARSA + PS,123,77,-17,20,2,1
3,SARSA + PS,123,78,-30,42,1,1
3,SARSA + PS,123,79,-254,200,6,0
3,SARSA + PS,123,80,-216,174,7,1
3,SARSA + PS,123,81,-53,56,2,1
3,SARSA + PS,123,82,-281,200,9,0
3,SARSA + PS,123,83,-12,33,0,1
3,SARSA + PS,123,84,-245,200,5,0
3,SARSA + PS,123,85,5,16,0,1
3,SARSA + PS,123,86,-125,110,4,1
3,SARSA + PS,123,87,-272,200,8,0
3,SARSA + PS,123,88,-236,200,4,0
3,SARSA + PS,123,89,-118,112,3,1
3,SARSA + PS,123,90,-101,77,5,1
3,SARSA + PS,123,91,-59,71,1,1
3,SARSA + PS,123,92,-272,200,8,0
3,SARSA + PS,123,93,-263,200,7,0
3,SARSA + PS,123,94,-165,132,6,1
3,SARSA + PS,123,95,-245,200,5,0
3,SARSA + PS,123,96,-130,106,5,1
3,SARSA + PS,123,97,-118,103,4,1
3,SARSA + PS,123,98,-263,200,7,0
3,SARSA + PS,123,99,0,21,0,1
3,SARSA + PS,123,100,-141,126,4,1
3,SARSA + PS,123,101,-21,42,0,1
3,SARSA + PS,123,102,-50,62,1,1
3,SARSA + PS,123,103,-35,47,1,1
3,SARSA + PS,123,104,-131,116,4,1
3,SARSA + PS,123,105,-97,100,2,1
3,SARSA + PS,123,106,-263,200,7,0
3,SARSA + PS,123,107,-8,11,2,1
3,SARSA + PS,123,108,-227,200,3,0
3,SARSA + PS,123,109,0,12,1,1
3,SARSA + PS,123,110,-1,22,0,1
3,SARSA + PS,123,111,-174,177,2,1
3,SARSA + PS,123,112,-43,46,2,1
3,SARSA + PS,123,113,11,10,0,1
3,SARSA + PS,123,114,-254,200,6,0
3,SARSA + PS,123,115,-124,100,5,1
3,SARSA + PS,123,116,-219,186,6,1
3,SARSA + PS,123,117,-34,37,2,1
3,SARSA + PS,123,118,-9,12,2,1
3,SARSA + PS,123,119,-37,49,1,1
3,SARSA + PS,123,120,-127,112,4,1
3,SARSA + PS,123,121,-30,42,1,1
3,SARSA + PS,123,122,-112,115,2,1
3,SARSA + PS,123,123,-88,91,2,1
3,SARSA + PS,123,124,9,12,0,1
3,SARSA + PS,123,125,-94,97,2,1
3,SARSA + PS,123,126,-254,200,6,0
3,SARSA + PS,123,127,14,7,0,1
3,SARSA + PS,123,128,-101,104,2,1
3,SARSA + PS,123,129,-109,112,2,1
3,SARSA + PS,123,130,-142,127,4,1
3,SARSA + PS,123,131,-95,80,4,1
3,SARSA + PS,123,132,-40,43,2,1
3,SARSA + PS,123,133,-78,72,3,1
3,SARSA + PS,123,134,-272,200,8,0
3,SARSA + PS,123,135,-25,37,1,1
3,SARSA + PS,123,136,-103,88,4,1
3,SARSA + PS,123,137,-128,140,1,1
3,SARSA + PS,123,138,-26,38,1,1
3,SARSA + PS,123,139,-130,142,1,1
3,SARSA + PS,123,140,2,10,1,1
3,SARSA + PS,123,141,13,8,0,1
3,SARSA + PS,123,142,-48,51,2,1
3,SARSA + PS,123,143,14,7,0,1
3,SARSA + PS,123,144,12,9,0,1
3,SARSA + PS,123,145,-11,32,0,1
3,SARSA + PS,123,146,-35,38,2,1
3,SARSA + PS,123,147,-226,184,7,1
3,SARSA + PS,123,148,1,20,0,1
3,SARSA + PS,123,149,-254,200,6,0
3,SARSA + PS,123,150,-30,42,1,1
3,SARSA + PS,123,151,-60,63,2,1
3,SARSA + PS,123,152,-101,95,3,1
3,SARSA + PS,123,153,15,6,0,1
3,SARSA + PS,123,154,-26,47,0,1
3,SARSA + PS,123,155,-29,41,1,1
3,SARSA + PS,123,156,-91,76,4,1
3,SARSA + PS,123,157,3,18,0,1
3,SARSA + PS,123,158,12,9,0,1
3,SARSA + PS,123,159,-91,85,3,1
3,SARSA + PS,123,160,-263,200,7,0
3,SARSA + PS,123,161,-2,23,0,1
3,SARSA + PS,123,162,6,15,0,1
3,SARSA + PS,123,163,0,12,1,1
3,SARSA + PS,123,164,-204,162,7,1
3,SARSA + PS,123,165,-52,55,2,1
3,SARSA + PS,123,166,-120,96,5,1
3,SARSA + PS,123,167,2,19,0,1
3,SARSA + PS,123,168,-91,85,3,1
3,SARSA + PS,123,169,-16,37,0,1
3,SARSA + PS,123,170,-254,200,6,0
3,SARSA + PS,123,171,-254,200,6,0
3,SARSA + PS,123,172,-24,36,1,1
3,SARSA + PS,123,173,3,18,0,1
3,SARSA + PS,123,174,-11,32,0,1
3,SARSA + PS,123,175,-10,31,0,1
3,SARSA + PS,123,176,-78,63,4,1
3,SARSA + PS,123,177,-92,86,3,1
3,SARSA + PS,123,178,-11,32,0,1
3,SARSA + PS,123,179,-3,15,1,1
3,SARSA + PS,123,180,-22,43,0,1
3,SARSA + PS,123,181,-21,33,1,1
3,SARSA + PS,123,182,10,11,0,1
3,SARSA + PS,123,183,-43,55,1,1
3,SARSA + PS,123,184,-91,76,4,1
3,SARSA + PS,123,185,7,14,0,1
3,SARSA + PS,123,186,-7,28,0,1
3,SARSA + PS,123,187,-212,188,5,1
3,SARSA + PS,123,188,6,15,0,1
3,SARSA + PS,123,189,-120,96,5,1
3,SARSA + PS,123,190,-67,70,2,1
3,SARSA + PS,123,191,-73,67,3,1
3,SARSA + PS,123,192,-290,200,10,0
3,SARSA + PS,123,193,13,8,0,1
3,SARSA + PS,123,194,-28,31,2,1
3,SARSA + PS,123,195,10,11,0,1
3,SARSA + PS,123,196,-204,171,6,1
3,SARSA + PS,123,197,-17,29,1,1
3,SARSA + PS,123,198,-23,35,1,1
3,SARSA + PS,123,199,-91,76,4,1
3,SARSA + PS,123,200,-236,200,4,0
3,SARSA + PS,123,201,13,8,0,1
3,SARSA + PS,123,202,-18,21,2,1
3,SARSA + PS,123,203,11,10,0,1
3,SARSA + PS,123,204,-272,200,8,0
3,SARSA + PS,123,205,-132,117,4,1
3,SARSA + PS,123,206,-36,39,2,1
3,SARSA + PS,123,207,-105,99,3,1
3,SARSA + PS,123,208,10,11,0,1
3,SARSA + PS,123,209,0,12,1,1
3,SARSA + PS,123,210,-25,46,0,1
3,SARSA + PS,123,211,2,10,1,1
3,SARSA + PS,123,212,-236,200,4,0
3,SARSA + PS,123,213,-60,63,2,1
3,SARSA + PS,123,214,-32,44,1,1
3,SARSA + PS,123,215,1,11,1,1
3,SARSA + PS,123,216,0,21,0,1
3,SARSA + PS,123,217,-16,19,2,1
3,SARSA + PS,123,218,-22,34,1,1
3,SARSA + PS,123,219,-11,23,1,1
3,SARSA + PS,123,220,-40,52,1,1
3,SARSA + PS,123,221,-1,22,0,1
3,SARSA + PS,123,222,-20,32,1,1
3,SARSA + PS,123,223,-20,32,1,1
3,SARSA + PS,123,224,-34,46,1,1
3,SARSA + PS,123,225,-133,100,6,1
3,SARSA + PS,123,226,5,16,0,1
3,SARSA + PS,123,227,-2,23,0,1
3,SARSA + PS,123,228,1,11,1,1
3,SARSA + PS,123,229,-30,42,1,1
3,SARSA + PS,123,230,-50,53,2,1
3,SARSA + PS,123,231,-71,56,4,1
3,SARSA + PS,123,232,10,11,0,1
3,SARSA + PS,123,233,-11,32,0,1
3,SARSA + PS,123,234,-8,20,1,1
3,SARSA + PS,123,235,-16,19,2,1
3,SARSA + PS,123,236,12,9,0,1
3,SARSA + PS,123,237,-39,51,1,1
3,SARSA + PS,123,238,-17,29,1,1
3,SARSA + PS,123,239,-1,22,0,1
3,SARSA + PS,123,240,12,9,0,1
3,SARSA + PS,123,241,-86,71,4,1
3,SARSA + PS,123,242,-1,13,1,1
3,SARSA + PS,123,243,0,21,0,1
3,SARSA + PS,123,244,10,11,0,1
3,SARSA + PS,123,245,-9,21,1,1
3,SARSA + PS,123,246,7,14,0,1
3,SARSA + PS,123,247,-255,195,9,1
3,SARSA + PS,123,248,-16,37,0,1
3,SARSA + PS,123,249,8,13,0,1
3,SARSA + PS,123,250,-10,22,1,1
3,SARSA + PS,123,251,-44,56,1,1
3,SARSA + PS,123,252,-29,32,2,1
3,SARSA + PS,123,253,-25,28,2,1
3,SARSA + PS,123,254,-1,22,0,1
3,SARSA + PS,123,255,-102,87,4,1
3,SARSA + PS,123,256,-69,63,3,1
3,SARSA + PS,123,257,-24,45,0,1
3,SARSA + PS,123,258,-15,36,0,1
3,SARSA + PS,123,259,-2,23,0,1
3,SARSA + PS,123,260,-33,45,1,1
3,SARSA + PS,123,261,-127,103,5,1
3,SARSA + PS,123,262,-36,39,2,1
3,SARSA + PS,123,263,-20,32,1,1
3,SARSA + PS,123,264,9,12,0,1
3,SARSA + PS,123,265,-7,19,1,1
3,SARSA + PS,123,266,10,11,0,1
3,SARSA + PS,123,267,-7,19,1,1
3,SARSA + PS,123,268,15,6,0,1
3,SARSA + PS,123,269,-17,38,0,1
3,SARSA + PS,123,270,7,14,0,1
3,SARSA + PS,123,271,11,10,0,1
3,SARSA + PS,123,272,-7,19,1,1
3,SARSA + PS,123,273,-5,17,1,1
3,SARSA + PS,123,274,8,13,0,1
3,SARSA + PS,123,275,11,10,0,1
3,SARSA + PS,123,276,-120,123,2,1
3,SARSA + PS,123,277,-22,34,1,1
3,SARSA + PS,123,278,-30,42,1,1
3,SARSA + PS,123,279,-14,35,0,1
3,SARSA + PS,123,280,13,8,0,1
3,SARSA + PS,123,281,-12,15,2,1
3,SARSA + PS,123,282,-11,32,0,1
3,SARSA + PS,123,283,2,19,0,1
3,SARSA + PS,123,284,4,17,0,1
3,SARSA + PS,123,285,-10,22,1,1
3,SARSA + PS,123,286,6,15,0,1
3,SARSA + PS,123,287,-30,51,0,1
3,SARSA + PS,123,288,-19,31,1,1
3,SARSA + PS,123,289,0,12,1,1
3,SARSA + PS,123,290,14,7,0,1
3,SARSA + PS,123,291,12,9,0,1
3,SARSA + PS,123,292,-66,69,2,1
3,SARSA + PS,123,293,11,10,0,1
3,SARSA + PS,123,294,10,11,0,1
3,SARSA + PS,123,295,5,16,0,1
3,SARSA + PS,123,296,-34,37,2,1
3,SARSA + PS,123,297,7,14,0,1
3,SARSA + PS,123,298,-6,27,0,1
3,SARSA + PS,123,299,-40,52,1,1
3,SARSA + PS,123,300,-5,26,0,1
3,SARSA + PS,123,301,-98,65,6,1
3,SARSA + PS,123,302,-212,179,6,1
3,SARSA + PS,123,303,-6,18,1,1
3,SARSA + PS,123,304,-45,57,1,1
3,SARSA + PS,123,305,-51,54,2,1
3,SARSA + PS,123,306,6,15,0,1
3,SARSA + PS,123,307,-96,90,3,1
3,SARSA + PS,123,308,-14,26,1,1
3,SARSA + PS,123,309,4,17,0,1
3,SARSA + PS,123,310,-135,111,5,1
3,SARSA + PS,123,311,-6,18,1,1
3,SARSA + PS,123,312,-2,23,0,1
3,SARSA + PS,123,313,-30,51,0,1
3,SARSA + PS,123,314,-18,30,1,1
3,SARSA + PS,123,315,-3,15,1,1
3,SARSA + PS,123,316,-1,22,0,1
3,SARSA + PS,123,317,-14,26,1,1
3,SARSA + PS,123,318,14,7,0,1
3,SARSA + PS,123,319,8,13,0,1
3,SARSA + PS,123,320,-2,23,0,1
3,SARSA + PS,123,321,9,12,0,1
3,SARSA + PS,123,322,-5,17,1,1
3,SARSA + PS,123,323,-96,108,1,1
3,SARSA + PS,123,324,-75,78,2,1
3,SARSA + PS,123,325,-24,27,2,1
3,SARSA + PS,123,326,-5,26,0,1
3,SARSA + PS,123,327,-72,66,3,1
3,SARSA + PS,123,328,7,14,0,1
3,SARSA + PS,123,329,7,14,0,1
3,SARSA + PS,123,330,-28,40,1,1
3,SARSA + PS,123,331,-5,17,1,1
3,SARSA + PS,123,332,-12,33,0,1
3,SARSA + PS,123,333,-1,13,1,1
3,SARSA + PS,123,334,8,13,0,1
3,SARSA + PS,123,335,-128,86,7,1
3,SARSA + PS,123,336,-14,26,1,1
3,SARSA + PS,123,337,-115,109,3,1
3,SARSA + PS,123,338,-16,37,0,1
3,SARSA + PS,123,339,-26,29,2,1
3,SARSA + PS,123,340,3,18,0,1
3,SARSA + PS,123,341,10,11,0,1
3,SARSA + PS,123,342,-60,63,2,1
3,SARSA + PS,123,343,4,17,0,1
3,SARSA + PS,123,344,-3,15,1,1
3,SARSA + PS,123,345,2,10,1,1
3,SARSA + PS,123,346,-17,38,0,1
3,SARSA + PS,123,347,12,9,0,1
3,SARSA + PS,123,348,6,15,0,1
3,SARSA + PS,123,349,11,10,0,1
3,SARSA + PS,123,350,-13,16,2,1
3,SARSA + PS,123,351,-16,19,2,1
3,SARSA + PS,123,352,-31,43,1,1
3,SARSA + PS,123,353,-31,43,1,1
3,SARSA + PS,123,354,-53,65,1,1
3,SARSA + PS,123,355,8,13,0,1
3,SARSA + PS,123,356,-21,33,1,1
3,SARSA + PS,123,357,4,17,0,1
3,SARSA + PS,123,358,-34,37,2,1
3,SARSA + PS,123,359,-21,24,2,1
3,SARSA + PS,123,360,-44,56,1,1
3,SARSA + PS,123,361,-96,81,4,1
3,SARSA + PS,123,362,10,11,0,1
3,SARSA + PS,123,363,-19,31,1,1
3,SARSA + PS,123,364,9,12,0,1
3,SARSA + PS,123,365,-92,77,4,1
3,SARSA + PS,123,366,-2,23,0,1
3,SARSA + PS,123,367,-100,85,4,1
3,SARSA + PS,123,368,-16,19,2,1
3,SARSA + PS,123,369,-65,68,2,1
3,SARSA + PS,123,370,-24,36,1,1
3,SARSA + PS,123,371,-104,107,2,1
3,SARSA + PS,123,372,-49,52,2,1
3,SARSA + PS,123,373,6,15,0,1
3,SARSA + PS,123,374,-27,30,2,1
3,SARSA + PS,123,375,11,10,0,1
3,SARSA + PS,123,376,6,15,0,1
3,SARSA + PS,123,377,-35,56,0,1
3,SARSA + PS,123,378,13,8,0,1
3,SARSA + PS,123,379,11,10,0,1
3,SARSA + PS,123,380,-110,95,4,1
3,SARSA + PS,123,381,-90,93,2,1
3,SARSA + PS,123,382,-5,26,0,1
3,SARSA + PS,123,383,0,12,1,1
3,SARSA + PS,123,384,5,16,0,1
3,SARSA + PS,123,385,10,11,0,1
3,SARSA + PS,123,386,3,9,1,1
3,SARSA + PS,123,387,9,12,0,1
3,SARSA + PS,123,388,-32,53,0,1
3,SARSA + PS,123,389,14,7,0,1
3,SARSA + PS,123,390,2,19,0,1
3,SARSA + PS,123,391,-272,200,8,0
3,SARSA + PS,123,392,-1,22,0,1
3,SARSA + PS,123,393,-5,26,0,1
3,SARSA + PS,123,394,6,15,0,1
3,SARSA + PS,123,395,-77,80,2,1
3,SARSA + PS,123,396,-24,27,2,1
3,SARSA + PS,123,397,-45,48,2,1
3,SARSA + PS,123,398,-4,16,1,1
3,SARSA + PS,123,399,-17,29,1,1
3,SARSA + PS,123,400,12,9,0,1
3,SARSA + PS,123,401,-5,17,1,1
3,SARSA + PS,123,402,-11,14,2,1
3,SARSA + PS,123,403,2,10,1,1
3,SARSA + PS,123,404,7,14,0,1
3,SARSA + PS,123,405,-27,48,0,1
3,SARSA + PS,123,406,-47,50,2,1
3,SARSA + PS,123,407,-2,14,1,1
3,SARSA + PS,123,408,-65,68,2,1
3,SARSA + PS,123,409,-1,22,0,1
3,SARSA + PS,123,410,7,14,0,1
3,SARSA + PS,123,411,5,16,0,1
3,SARSA + PS,123,412,-15,36,0,1
3,SARSA + PS,123,413,14,7,0,1
3,SARSA + PS,123,414,-25,28,2,1
3,SARSA + PS,123,415,10,11,0,1
3,SARSA + PS,123,416,-3,24,0,1
3,SARSA + PS,123,417,-17,29,1,1
3,SARSA + PS,123,418,-23,26,2,1
3,SARSA + PS,123,419,10,11,0,1
3,SARSA + PS,123,420,8,13,0,1
3,SARSA + PS,123,421,4,17,0,1
3,SARSA + PS,123,422,7,14,0,1
3,SARSA + PS,123,423,-12,24,1,1
3,SARSA + PS,123,424,1,20,0,1
3,SARSA + PS,123,425,10,11,0,1
3,SARSA + PS,123,426,-12,24,1,1
3,SARSA + PS,123,427,-97,82,4,1
3,SARSA + PS,123,428,-11,23,1,1
3,SARSA + PS,123,429,-136,121,4,1
3,SARSA + PS,123,430,-13,25,1,1
3,SARSA + PS,123,431,11,10,0,1
3,SARSA + PS,123,432,-22,25,2,1
3,SARSA + PS,123,433,5,16,0,1
3,SARSA + PS,123,434,-11,23,1,1
3,SARSA + PS,123,435,-11,23,1,1
3,SARSA + PS,123,436,12,9,0,1
3,SARSA + PS,123,437,8,13,0,1
3,SARSA + PS,123,438,9,12,0,1
3,SARSA + PS,123,439,-2,14,1,1
3,SARSA + PS,123,440,-4,25,0,1
3,SARSA + PS,123,441,-2,14,1,1
3,SARSA + PS,123,442,-2,14,1,1
3,SARSA + PS,123,443,-35,47,1,1
3,SARSA + PS,123,444,-10,22,1,1
3,SARSA + PS,123,445,1,11,1,1
3,SARSA + PS,123,446,3,18,0,1
3,SARSA + PS,123,447,-32,44,1,1
3,SARSA + PS,123,448,-8,20,1,1
3,SARSA + PS,123,449,-8,11,2,1
3,SARSA + PS,123,450,-61,82,0,1
3,SARSA + PS,123,451,-5,17,1,1
3,SARSA + PS,123,452,-15,18,2,1
3,SARSA + PS,123,453,-25,28,2,1
3,SARSA + PS,123,454,-19,22,2,1
3,SARSA + PS,123,455,8,13,0,1
3,SARSA + PS,123,456,-6,27,0,1
3,SARSA + PS,123,457,14,7,0,1
3,SARSA + PS,123,458,-37,40,2,1
3,SARSA + PS,123,459,-26,38,1,1
3,SARSA + PS,123,460,-34,37,2,1
3,SARSA + PS,123,461,-31,34,2,1
3,SARSA + PS,123,462,-9,30,0,1
3,SARSA + PS,123,463,11,10,0,1
3,SARSA + PS,123,464,10,11,0,1
3,SARSA + PS,123,465,8,13,0,1
3,SARSA + PS,123,466,8,13,0,1
3,SARSA + PS,123,467,-10,13,2,1
3,SARSA + PS,123,468,-12,15,2,1
3,SARSA + PS,123,469,-9,21,1,1
3,SARSA + PS,123,470,5,16,0,1
3,SARSA + PS,123,471,-13,25,1,1
3,SARSA + PS,123,472,-36,39,2,1
3,SARSA + PS,123,473,-14,26,1,1
3,SARSA + PS,123,474,1,11,1,1
3,SARSA + PS,123,475,7,14,0,1
3,SARSA + PS,123,476,0,21,0,1
3,SARSA + PS,123,477,-22,43,0,1
3,SARSA + PS,123,478,11,10,0,1
3,SARSA + PS,123,479,-5,17,1,1
3,SARSA + PS,123,480,-13,25,1,1
3,SARSA + PS,123,481,-27,21,3,1
3,SARSA + PS,123,482,6,15,0,1
3,SARSA + PS,123,483,6,15,0,1
3,SARSA + PS,123,484,1,11,1,1
3,SARSA + PS,123,485,10,11,0,1
3,SARSA + PS,123,486,-18,30,1,1
3,SARSA + PS,123,487,-4,25,0,1
3,SARSA + PS,123,488,10,11,0,1
3,SARSA + PS,123,489,-16,28,1,1
3,SARSA + PS,123,490,-19,31,1,1
3,SARSA + PS,123,491,-102,69,6,1
3,SARSA + PS,123,492,11,10,0,1
3,SARSA + PS,123,493,-5,17,1,1
3,SARSA + PS,123,494,-30,51,0,1
3,SARSA + PS,123,495,8,13,0,1
3,SARSA + PS,123,496,-14,17,2,1
3,SARSA + PS,123,497,-12,24,1,1
3,SARSA + PS,123,498,5,16,0,1
3,SARSA + PS,123,499,-46,40,3,1
3,SARSA + PS,777,0,-596,200,44,0
3,SARSA + PS,777,1,-695,200,55,0
3,SARSA + PS,777,2,-677,200,53,0
3,SARSA + PS,777,3,-632,200,48,0
3,SARSA + PS,777,4,-677,200,53,0
3,SARSA + PS,777,5,-386,155,28,1
3,SARSA + PS,777,6,-686,200,54,0
3,SARSA + PS,777,7,-686,200,54,0
3,SARSA + PS,777,8,-713,200,57,0
3,SARSA + PS,777,9,-767,200,63,0
3,SARSA + PS,777,10,-344,200,16,0
3,SARSA + PS,777,11,-785,200,65,0
3,SARSA + PS,777,12,-587,200,43,0
3,SARSA + PS,777,13,-749,200,61,0
3,SARSA + PS,777,14,-704,200,56,0
3,SARSA + PS,777,15,-362,200,18,0
3,SARSA + PS,777,16,-611,191,49,1
3,SARSA + PS,777,17,-650,200,50,0
3,SARSA + PS,777,18,-362,200,18,0
3,SARSA + PS,777,19,-349,91,31,1
3,SARSA + PS,777,20,-767,200,63,0
3,SARSA + PS,777,21,-308,200,12,0
3,SARSA + PS,777,22,-758,200,62,0
3,SARSA + PS,777,23,-254,200,6,0
3,SARSA + PS,777,24,-542,200,38,0
3,SARSA + PS,777,25,-317,200,13,0
3,SARSA + PS,777,26,-245,200,5,0
3,SARSA + PS,777,27,-479,200,31,0
3,SARSA + PS,777,28,-596,200,44,0
3,SARSA + PS,777,29,-569,200,41,0
3,SARSA + PS,777,30,-171,93,11,1
3,SARSA + PS,777,31,-533,200,37,0
3,SARSA + PS,777,32,-161,155,3,1
3,SARSA + PS,777,33,-299,200,11,0
3,SARSA + PS,777,34,-830,200,70,0
3,SARSA + PS,777,35,-263,200,7,0
3,SARSA + PS,777,36,-272,200,8,0
3,SARSA + PS,777,37,-196,73,16,1
3,SARSA + PS,777,38,-290,200,10,0
3,SARSA + PS,777,39,-389,200,21,0
3,SARSA + PS,777,40,-263,200,7,0
3,SARSA + PS,777,41,-344,200,16,0
3,SARSA + PS,777,42,-218,200,2,0
3,SARSA + PS,777,43,-407,200,23,0
3,SARSA + PS,777,44,-11,23,1,1
3,SARSA + PS,777,45,-245,200,5,0
3,SARSA + PS,777,46,-254,200,6,0
3,SARSA + PS,777,47,-245,200,5,0
3,SARSA + PS,777,48,-227,200,3,0
3,SARSA + PS,777,49,-230,161,10,1
3,SARSA + PS,777,50,-216,165,8,1
3,SARSA + PS,777,51,-266,197,10,1
3,SARSA + PS,777,52,-137,140,2,1
3,SARSA + PS,777,53,-174,150,5,1
3,SARSA + PS,777,54,14,7,0,1
3,SARSA + PS,777,55,-251,83,21,1
3,SARSA + PS,777,56,-263,200,7,0
3,SARSA + PS,777,57,-236,200,4,0
3,SARSA + PS,777,58,-245,200,5,0
3,SARSA + PS,777,59,-272,200,8,0
3,SARSA + PS,777,60,-254,200,6,0
3,SARSA + PS,777,61,-236,200,4,0
3,SARSA + PS,777,62,-380,200,20,0
3,SARSA + PS,777,63,-99,93,3,1
3,SARSA + PS,777,64,-76,61,4,1
3,SARSA + PS,777,65,-263,200,7,0
3,SARSA + PS,777,66,-254,200,6,0
3,SARSA + PS,777,67,-272,200,8,0
3,SARSA + PS,777,68,-254,200,6,0
3,SARSA + PS,777,69,-166,169,2,1
3,SARSA + PS,777,70,-153,93,9,1
3,SARSA + PS,777,71,-116,119,2,1
3,SARSA + PS,777,72,-7,28,0,1
3,SARSA + PS,777,73,-76,79,2,1
3,SARSA + PS,777,74,-209,194,4,1
3,SARSA + PS,777,75,-180,129,8,1
3,SARSA + PS,777,76,-202,169,6,1
3,SARSA + PS,777,77,-230,188,7,1
3,SARSA + PS,777,78,-281,200,9,0
3,SARSA + PS,777,79,-281,200,9,0
3,SARSA + PS,777,80,-263,200,7,0
3,SARSA + PS,777,81,-121,115,3,1
3,SARSA + PS,777,82,-245,200,5,0
3,SARSA + PS,777,83,6,15,0,1
3,SARSA + PS,777,84,-200,140,9,1
3,SARSA + PS,777,85,-227,200,3,0
3,SARSA + PS,777,86,-290,200,10,0
3,SARSA + PS,777,87,-191,149,7,1
3,SARSA + PS,777,88,-51,27,5,1
3,SARSA + PS,777,89,-82,94,1,1
3,SARSA + PS,777,90,-272,200,8,0
3,SARSA + PS,777,91,-172,148,5,1
3,SARSA + PS,777,92,0,21,0,1
3,SARSA + PS,777,93,-122,98,5,1
3,SARSA + PS,777,94,-64,67,2,1
3,SARSA + PS,777,95,11,10,0,1
3,SARSA + PS,777,96,-175,178,2,1
3,SARSA + PS,777,97,-290,200,10,0
3,SARSA + PS,777,98,-89,74,4,1
3,SARSA + PS,777,99,-213,162,8,1
3,SARSA + PS,777,100,-24,36,1,1
3,SARSA + PS,777,101,-11,32,0,1
3,SARSA + PS,777,102,-54,66,1,1
3,SARSA + PS,777,103,11,10,0,1
3,SARSA + PS,777,104,-63,75,1,1
3,SARSA + PS,777,105,-281,200,9,0
3,SARSA + PS,777,106,-1,22,0,1
3,SARSA + PS,777,107,-227,200,3,0
3,SARSA + PS,777,108,-186,135,8,1
3,SARSA + PS,777,109,-263,200,7,0
3,SARSA + PS,777,110,-290,200,10,0
3,SARSA + PS,777,111,-27,39,1,1
3,SARSA + PS,777,112,11,10,0,1
3,SARSA + PS,777,113,-272,200,8,0
3,SARSA + PS,777,114,-209,194,4,1
3,SARSA + PS,777,115,13,8,0,1
3,SARSA + PS,777,116,-9,21,1,1
3,SARSA + PS,777,117,-263,200,7,0
3,SARSA + PS,777,118,-272,200,8,0
3,SARSA + PS,777,119,-236,200,4,0
3,SARSA + PS,777,120,-9,21,1,1
3,SARSA + PS,777,121,-80,83,2,1
3,SARSA + PS,777,122,-290,200,10,0
3,SARSA + PS,777,123,15,6,0,1
3,SARSA + PS,777,124,-272,200,8,0
3,SARSA + PS,777,125,2,19,0,1
3,SARSA + PS,777,126,-156,141,4,1
3,SARSA + PS,777,127,-145,148,2,1
3,SARSA + PS,777,128,10,11,0,1
3,SARSA + PS,777,129,-94,115,0,1
3,SARSA + PS,777,130,-160,145,4,1
3,SARSA + PS,777,131,-10,22,1,1
3,SARSA + PS,777,132,-24,27,2,1
3,SARSA + PS,777,133,-9,30,0,1
3,SARSA + PS,777,134,-178,163,4,1
3,SARSA + PS,777,135,1,11,1,1
3,SARSA + PS,777,136,-50,71,0,1
3,SARSA + PS,777,137,-20,32,1,1
3,SARSA + PS,777,138,11,10,0,1
3,SARSA + PS,777,139,-227,200,3,0
3,SARSA + PS,777,140,-25,46,0,1
3,SARSA + PS,777,141,9,12,0,1
3,SARSA + PS,777,142,11,10,0,1
3,SARSA + PS,777,143,-308,200,12,0
3,SARSA + PS,777,144,-25,37,1,1
3,SARSA + PS,777,145,-14,26,1,1
3,SARSA + PS,777,146,-136,139,2,1
3,SARSA + PS,777,147,-21,15,3,1
3,SARSA + PS,777,148,-6,27,0,1
3,SARSA + PS,777,149,-102,78,5,1
3,SARSA + PS,777,150,-30,42,1,1
3,SARSA + PS,777,151,-10,31,0,1
3,SARSA + PS,777,152,-48,60,1,1
3,SARSA + PS,777,153,-48,60,1,1
3,SARSA + PS,777,154,-59,71,1,1
3,SARSA + PS,777,155,-204,180,5,1
3,SARSA + PS,777,156,-223,172,8,1
3,SARSA + PS,777,157,-168,153,4,1
3,SARSA + PS,777,158,-38,41,2,1
3,SARSA + PS,777,159,-105,108,2,1
3,SARSA + PS,777,160,-4,16,1,1
3,SARSA + PS,777,161,-85,88,2,1
3,SARSA + PS,777,162,12,9,0,1
3,SARSA + PS,777,163,-10,13,2,1
3,SARSA + PS,777,164,-22,34,1,1
3,SARSA + PS,777,165,-317,200,13,0
3,SARSA + PS,777,166,-113,80,6,1
3,SARSA + PS,777,167,-139,106,6,1
3,SARSA + PS,777,168,-256,196,9,1
3,SARSA + PS,777,169,-79,73,3,1
3,SARSA + PS,777,170,11,10,0,1
3,SARSA + PS,777,171,-111,105,3,1
3,SARSA + PS,777,172,1,11,1,1
3,SARSA + PS,777,173,-236,194,7,1
3,SARSA + PS,777,174,9,12,0,1
3,SARSA + PS,777,175,-142,127,4,1
3,SARSA + PS,777,176,-1,13,1,1
3,SARSA + PS,777,177,10,11,0,1
3,SARSA + PS,777,178,-6,9,2,1
3,SARSA + PS,777,179,-2,14,1,1
3,SARSA + PS,777,180,-206,182,5,1
3,SARSA + PS,777,181,-130,124,3,1
3,SARSA + PS,777,182,-109,121,1,1
3,SARSA + PS,777,183,-127,85,7,1
3,SARSA + PS,777,184,-42,54,1,1
3,SARSA + PS,777,185,-37,58,0,1
3,SARSA + PS,777,186,-95,107,1,1
3,SARSA + PS,777,187,13,8,0,1
3,SARSA + PS,777,188,-104,98,3,1
3,SARSA + PS,777,189,9,12,0,1
3,SARSA + PS,777,190,-2,23,0,1
3,SARSA + PS,777,191,11,10,0,1
3,SARSA + PS,777,192,-11,32,0,1
3,SARSA + PS,777,193,-272,200,8,0
3,SARSA + PS,777,194,-3,24,0,1
3,SARSA + PS,777,195,-81,75,3,1
3,SARSA + PS,777,196,3,9,1,1
3,SARSA + PS,777,197,-171,138,6,1
3,SARSA + PS,777,198,1,11,1,1
3,SARSA + PS,777,199,-28,31,2,1
3,SARSA + PS,777,200,-95,98,2,1
3,SARSA + PS,777,201,1,11,1,1
3,SARSA + PS,777,202,9,12,0,1
3,SARSA + PS,777,203,-50,53,2,1
3,SARSA + PS,777,204,-82,85,2,1
3,SARSA + PS,777,205,-15,36,0,1
3,SARSA + PS,777,206,-5,26,0,1
3,SARSA + PS,777,207,-11,23,1,1
3,SARSA + PS,777,208,-1,13,1,1
3,SARSA + PS,777,209,9,12,0,1
3,SARSA + PS,777,210,12,9,0,1
3,SARSA + PS,777,211,10,11,0,1
3,SARSA + PS,777,212,-3,24,0,1
3,SARSA + PS,777,213,-49,52,2,1
3,SARSA + PS,777,214,6,15,0,1
3,SARSA + PS,777,215,-147,96,8,1
3,SARSA + PS,777,216,-9,21,1,1
3,SARSA + PS,777,217,-290,200,10,0
3,SARSA + PS,777,218,7,14,0,1
3,SARSA + PS,777,219,-178,190,1,1
3,SARSA + PS,777,220,-64,85,0,1
3,SARSA + PS,777,221,4,17,0,1
3,SARSA + PS,777,222,11,10,0,1
3,SARSA + PS,777,223,-54,48,3,1
3,SARSA + PS,777,224,-68,62,3,1
3,SARSA + PS,777,225,-62,56,3,1
3,SARSA + PS,777,226,-129,123,3,1
3,SARSA + PS,777,227,-1,13,1,1
3,SARSA + PS,777,228,-49,61,1,1
3,SARSA + PS,777,229,8,13,0,1
3,SARSA + PS,777,230,-96,72,5,1
3,SARSA + PS,777,231,-36,57,0,1
3,SARSA + PS,777,232,-106,82,5,1
3,SARSA + PS,777,233,5,16,0,1
3,SARSA + PS,777,234,6,15,0,1
3,SARSA + PS,777,235,-78,81,2,1
3,SARSA + PS,777,236,2,10,1,1
3,SARSA + PS,777,237,-8,29,0,1
3,SARSA + PS,777,238,-65,68,2,1
3,SARSA + PS,777,239,5,16,0,1
3,SARSA + PS,777,240,-272,200,8,0
3,SARSA + PS,777,241,9,12,0,1
3,SARSA + PS,777,242,2,19,0,1
3,SARSA + PS,777,243,-3,15,1,1
3,SARSA + PS,777,244,-12,15,2,1
3,SARSA + PS,777,245,11,10,0,1
3,SARSA + PS,777,246,11,10,0,1
3,SARSA + PS,777,247,-41,35,3,1
3,SARSA + PS,777,248,2,10,1,1
3,SARSA + PS,777,249,1,11,1,1
3,SARSA + PS,777,250,-2,23,0,1
3,SARSA + PS,777,251,-29,41,1,1
3,SARSA + PS,777,252,-190,166,5,1
3,SARSA + PS,777,253,-95,98,2,1
3,SARSA + PS,777,254,-8,20,1,1
3,SARSA + PS,777,255,-11,32,0,1
3,SARSA + PS,777,256,12,9,0,1
3,SARSA + PS,777,257,-13,25,1,1
3,SARSA + PS,777,258,-48,42,3,1
3,SARSA + PS,777,259,-28,40,1,1
3,SARSA + PS,777,260,-27,39,1,1
3,SARSA + PS,777,261,-23,35,1,1
3,SARSA + PS,777,262,-20,23,2,1
3,SARSA + PS,777,263,-55,49,3,1
3,SARSA + PS,777,264,7,14,0,1
3,SARSA + PS,777,265,-4,16,1,1
3,SARSA + PS,777,266,-70,73,2,1
3,SARSA + PS,777,267,-46,58,1,1
3,SARSA + PS,777,268,-9,30,0,1
3,SARSA + PS,777,269,-8,29,0,1
3,SARSA + PS,777,270,12,9,0,1
3,SARSA + PS,777,271,-20,32,1,1
3,SARSA + PS,777,272,-4,16,1,1
3,SARSA + PS,777,273,7,14,0,1
3,SARSA + PS,777,274,-7,19,1,1
3,SARSA + PS,777,275,-63,57,3,1
3,SARSA + PS,777,276,-9,30,0,1
3,SARSA + PS,777,277,5,16,0,1
3,SARSA + PS,777,278,8,13,0,1
3,SARSA + PS,777,279,-56,59,2,1
3,SARSA + PS,777,280,-12,24,1,1
3,SARSA + PS,777,281,14,7,0,1
3,SARSA + PS,777,282,-55,67,1,1
3,SARSA + PS,777,283,-16,28,1,1
3,SARSA + PS,777,284,-105,72,6,1
3,SARSA + PS,777,285,-31,43,1,1
3,SARSA + PS,777,286,-64,67,2,1
3,SARSA + PS,777,287,-17,29,1,1
3,SARSA + PS,777,288,9,12,0,1
3,SARSA + PS,777,289,-90,84,3,1
3,SARSA + PS,777,290,-89,92,2,1
3,SARSA + PS,777,291,-127,103,5,1
3,SARSA + PS,777,292,11,10,0,1
3,SARSA + PS,777,293,5,16,0,1
3,SARSA + PS,777,294,9,12,0,1
3,SARSA + PS,777,295,-21,42,0,1
3,SARSA + PS,777,296,7,14,0,1
3,SARSA + PS,777,297,9,12,0,1
3,SARSA + PS,777,298,-4,25,0,1
3,SARSA + PS,777,299,-10,31,0,1
3,SARSA + PS,777,300,-19,40,0,1
3,SARSA + PS,777,301,-46,49,2,1
3,SARSA + PS,777,302,-12,24,1,1
3,SARSA + PS,777,303,-43,55,1,1
3,SARSA + PS,777,304,11,10,0,1
3,SARSA + PS,777,305,-6,27,0,1
3,SARSA + PS,777,306,3,9,1,1
3,SARSA + PS,777,307,-38,50,1,1
3,SARSA + PS,777,308,-36,48,1,1
3,SARSA + PS,777,309,-25,46,0,1
3,SARSA + PS,777,310,11,10,0,1
3,SARSA + PS,777,311,-38,41,2,1
3,SARSA + PS,777,312,10,11,0,1
3,SARSA + PS,777,313,-19,40,0,1
3,SARSA + PS,777,314,-2,23,0,1
3,SARSA + PS,777,315,1,20,0,1
3,SARSA + PS,777,316,-27,48,0,1
3,SARSA + PS,777,317,-5,17,1,1
3,SARSA + PS,777,318,10,11,0,1
3,SARSA + PS,777,319,-33,36,2,1
3,SARSA + PS,777,320,10,11,0,1
3,SARSA + PS,777,321,9,12,0,1
3,SARSA + PS,777,322,-55,58,2,1
3,SARSA + PS,777,323,9,12,0,1
3,SARSA + PS,777,324,-10,22,1,1
3,SARSA + PS,777,325,-123,99,5,1
3,SARSA + PS,777,326,5,16,0,1
3,SARSA + PS,777,327,-10,22,1,1
3,SARSA + PS,777,328,-23,26,2,1
3,SARSA + PS,777,329,-61,73,1,1
3,SARSA + PS,777,330,-8,20,1,1
3,SARSA + PS,777,331,5,16,0,1
3,SARSA + PS,777,332,-5,17,1,1
3,SARSA + PS,777,333,-2,14,1,1
3,SARSA + PS,777,334,-38,23,4,1
3,SARSA + PS,777,335,-17,29,1,1
3,SARSA + PS,777,336,-88,82,3,1
3,SARSA + PS,777,337,-29,32,2,1
3,SARSA + PS,777,338,-4,16,1,1
3,SARSA + PS,777,339,-28,31,2,1
3,SARSA + PS,777,340,11,10,0,1
3,SARSA + PS,777,341,13,8,0,1
3,SARSA + PS,777,342,-7,19,1,1
3,SARSA + PS,777,343,-27,30,2,1
3,SARSA + PS,777,344,-6,18,1,1
3,SARSA + PS,777,345,10,11,0,1
3,SARSA + PS,777,346,1,20,0,1
3,SARSA + PS,777,347,-10,22,1,1
3,SARSA + PS,777,348,-39,33,3,1
3,SARSA + PS,777,349,2,10,1,1
3,SARSA + PS,777,350,9,12,0,1
3,SARSA + PS,777,351,-13,25,1,1
3,SARSA + PS,777,352,11,10,0,1
3,SARSA + PS,777,353,8,13,0,1
3,SARSA + PS,777,354,10,11,0,1
3,SARSA + PS,777,355,-117,102,4,1
3,SARSA + PS,777,356,8,13,0,1
3,SARSA + PS,777,357,6,15,0,1
3,SARSA + PS,777,358,-6,18,1,1
3,SARSA + PS,777,359,-17,38,0,1
3,SARSA + PS,777,360,-4,25,0,1
3,SARSA + PS,777,361,9,12,0,1
3,SARSA + PS,777,362,9,12,0,1
3,SARSA + PS,777,363,10,11,0,1
3,SARSA + PS,777,364,14,7,0,1
3,SARSA + PS,777,365,11,10,0,1
3,SARSA + PS,777,366,-13,25,1,1
3,SARSA + PS,777,367,0,21,0,1
3,SARSA + PS,777,368,3,18,0,1
3,SARSA + PS,777,369,-5,26,0,1
3,SARSA + PS,777,370,-24,36,1,1
3,SARSA + PS,777,371,4,8,1,1
3,SARSA + PS,777,372,-1,13,1,1
3,SARSA + PS,777,373,9,12,0,1
3,SARSA + PS,777,374,11,10,0,1
3,SARSA + PS,777,375,-9,30,0,1
3,SARSA + PS,777,376,14,7,0,1
3,SARSA + PS,777,377,-157,151,3,1
3,SARSA + PS,777,378,13,8,0,1
3,SARSA + PS,777,379,-22,25,2,1
3,SARSA + PS,777,380,-19,31,1,1
3,SARSA + PS,777,381,5,16,0,1
3,SARSA + PS,777,382,-9,21,1,1
3,SARSA + PS,777,383,-21,33,1,1
3,SARSA + PS,777,384,3,18,0,1
3,SARSA + PS,777,385,9,12,0,1
3,SARSA + PS,777,386,-13,34,0,1
3,SARSA + PS,777,387,8,13,0,1
3,SARSA + PS,777,388,-16,19,2,1
3,SARSA + PS,777,389,-3,24,0,1
3,SARSA + PS,777,390,6,15,0,1
3,SARSA + PS,777,391,1,20,0,1
3,SARSA + PS,777,392,7,14,0,1
3,SARSA + PS,777,393,-11,23,1,1
3,SARSA + PS,777,394,5,16,0,1
3,SARSA + PS,777,395,-83,59,5,1
3,SARSA + PS,777,396,13,8,0,1
3,SARSA + PS,777,397,9,12,0,1
3,SARSA + PS,777,398,10,11,0,1
3,SARSA + PS,777,399,10,11,0,1
3,SARSA + PS,777,400,-12,33,0,1
3,SARSA + PS,777,401,6,15,0,1
3,SARSA + PS,777,402,10,11,0,1
3,SARSA + PS,777,403,8,13,0,1
3,SARSA + PS,777,404,-13,16,2,1
3,SARSA + PS,777,405,8,13,0,1
3,SARSA + PS,777,406,9,12,0,1
3,SARSA + PS,777,407,11,10,0,1
3,SARSA + PS,777,408,-13,25,1,1
3,SARSA + PS,777,409,0,12,1,1
3,SARSA + PS,777,410,8,13,0,1
3,SARSA + PS,777,411,-20,23,2,1
3,SARSA + PS,777,412,-20,32,1,1
3,SARSA + PS,777,413,7,14,0,1
3,SARSA + PS,777,414,-7,28,0,1
3,SARSA + PS,777,415,-2,23,0,1
3,SARSA + PS,777,416,-19,31,1,1
3,SARSA + PS,777,417,-2,14,1,1
3,SARSA + PS,777,418,12,9,0,1
3,SARSA + PS,777,419,6,15,0,1
3,SARSA + PS,777,420,-15,27,1,1
3,SARSA + PS,777,421,-2,14,1,1
3,SARSA + PS,777,422,-14,35,0,1
3,SARSA + PS,777,423,11,10,0,1
3,SARSA + PS,777,424,12,9,0,1
3,SARSA + PS,777,425,12,9,0,1
3,SARSA + PS,777,426,-10,13,2,1
3,SARSA + PS,777,427,0,12,1,1
3,SARSA + PS,777,428,2,19,0,1
3,SARSA + PS,777,429,9,12,0,1
3,SARSA + PS,777,430,14,7,0,1
3,SARSA + PS,777,431,-5,17,1,1
3,SARSA + PS,777,432,-7,19,1,1
3,SARSA + PS,777,433,-13,25,1,1
3,SARSA + PS,777,434,1,11,1,1
3,SARSA + PS,777,435,-4,16,1,1
3,SARSA + PS,777,436,-54,66,1,1
3,SARSA + PS,777,437,-25,28,2,1
3,SARSA + PS,777,438,4,17,0,1
3,SARSA + PS,777,439,7,14,0,1
3,SARSA + PS,777,440,-3,15,1,1
3,SARSA + PS,777,441,-1,13,1,1
3,SARSA + PS,777,442,11,10,0,1
3,SARSA + PS,777,443,11,10,0,1
3,SARSA + PS,777,444,-18,21,2,1
3,SARSA + PS,777,445,10,11,0,1
3,SARSA + PS,777,446,8,13,0,1
3,SARSA + PS,777,447,9,12,0,1
3,SARSA + PS,777,448,9,12,0,1
3,SARSA + PS,777,449,0,12,1,1
3,SARSA + PS,777,450,-1,13,1,1
3,SARSA + PS,777,451,-8,29,0,1
3,SARSA + PS,777,452,-8,29,0,1
3,SARSA + PS,777,453,9,12,0,1
3,SARSA + PS,777,454,-1,13,1,1
3,SARSA + PS,777,455,7,14,0,1
3,SARSA + PS,777,456,10,11,0,1
3,SARSA + PS,777,457,10,11,0,1
3,SARSA + PS,777,458,13,8,0,1
3,SARSA + PS,777,459,13,8,0,1
3,SARSA + PS,777,460,11,10,0,1
3,SARSA + PS,777,461,-10,22,1,1
3,SARSA + PS,777,462,-10,22,1,1
3,SARSA + PS,777,463,-21,24,2,1
3,SARSA + PS,777,464,-14,26,1,1
3,SARSA + PS,777,465,14,7,0,1
3,SARSA + PS,777,466,10,11,0,1
3,SARSA + PS,777,467,-28,22,3,1
3,SARSA + PS,777,468,-4,25,0,1
3,SARSA + PS,777,469,14,7,0,1
3,SARSA + PS,777,470,-2,23,0,1
3,SARSA + PS,777,471,-4,16,1,1
3,SARSA + PS,777,472,11,10,0,1
3,SARSA + PS,777,473,-3,15,1,1
3,SARSA + PS,777,474,-5,17,1,1
3,SARSA + PS,777,475,-11,23,1,1
3,SARSA + PS,777,476,-11,14,2,1
3,SARSA + PS,777,477,7,14,0,1
3,SARSA + PS,777,478,14,7,0,1
3,SARSA + PS,777,479,-22,16,3,1
3,SARSA + PS,777,480,-6,27,0,1
3,SARSA + PS,777,481,8,13,0,1
3,SARSA + PS,777,482,15,6,0,1
3,SARSA + PS,777,483,-19,22,2,1
3,SARSA + PS,777,484,-7,28,0,1
3,SARSA + PS,777,485,-82,76,3,1
3,SARSA + PS,777,486,8,13,0,1
3,SARSA + PS,777,487,-37,22,4,1
3,SARSA + PS,777,488,-1,13,1,1
3,SARSA + PS,777,489,6,15,0,1
3,SARSA + PS,777,490,-181,130,8,1
3,SARSA + PS,777,491,-68,71,2,1
3,SARSA + PS,777,492,8,13,0,1
3,SARSA + PS,777,493,10,11,0,1
3,SARSA + PS,777,494,0,21,0,1
3,SARSA + PS,777,495,-5,17,1,1
3,SARSA + PS,777,496,4,17,0,1
3,SARSA + PS,777,497,-1,13,1,1
3,SARSA + PS,777,498,9,12,0,1
3,SARSA + PS,777,499,12,9,0,1
3,SARSA + PS,999,0,-650,200,50,0
3,SARSA + PS,999,1,-704,200,56,0
3,SARSA + PS,999,2,-686,200,54,0
3,SARSA + PS,999,3,-749,200,61,0
3,SARSA + PS,999,4,-740,200,60,0
3,SARSA + PS,999,5,-578,200,42,0
3,SARSA + PS,999,6,-515,200,35,0
3,SARSA + PS,999,7,-269,74,24,1
3,SARSA + PS,999,8,-659,200,51,0
3,SARSA + PS,999,9,-641,200,49,0
3,SARSA + PS,999,10,-659,200,51,0
3,SARSA + PS,999,11,-740,200,60,0
3,SARSA + PS,999,12,-776,200,64,0
3,SARSA + PS,999,13,-758,200,62,0
3,SARSA + PS,999,14,-749,200,61,0
3,SARSA + PS,999,15,-407,200,23,0
3,SARSA + PS,999,16,-650,200,50,0
3,SARSA + PS,999,17,-767,200,63,0
3,SARSA + PS,999,18,-614,200,46,0
3,SARSA + PS,999,19,-594,192,47,1
3,SARSA + PS,999,20,-596,200,44,0
3,SARSA + PS,999,21,-161,65,13,1
3,SARSA + PS,999,22,-497,200,33,0
3,SARSA + PS,999,23,-362,200,18,0
3,SARSA + PS,999,24,-290,200,10,0
3,SARSA + PS,999,25,-263,200,7,0
3,SARSA + PS,999,26,-313,127,23,1
3,SARSA + PS,999,27,-857,200,73,0
3,SARSA + PS,999,28,-578,200,42,0
3,SARSA + PS,999,29,-326,200,14,0
3,SARSA + PS,999,30,-407,200,23,0
3,SARSA + PS,999,31,-263,200,7,0
3,SARSA + PS,999,32,-366,135,28,1
3,SARSA + PS,999,33,-281,200,9,0
3,SARSA + PS,999,34,-263,200,7,0
3,SARSA + PS,999,35,-479,200,31,0
3,SARSA + PS,999,36,-236,200,4,0
3,SARSA + PS,999,37,-362,200,18,0
3,SARSA + PS,999,38,-218,200,2,0
3,SARSA + PS,999,39,-452,200,28,0
3,SARSA + PS,999,40,-281,200,9,0
3,SARSA + PS,999,41,-551,200,39,0
3,SARSA + PS,999,42,-68,62,3,1
3,SARSA + PS,999,43,-263,200,7,0
3,SARSA + PS,999,44,-245,200,5,0
3,SARSA + PS,999,45,-263,200,7,0
3,SARSA + PS,999,46,-245,200,5,0
3,SARSA + PS,999,47,-213,180,6,1
3,SARSA + PS,999,48,-155,149,3,1
3,SARSA + PS,999,49,-263,200,7,0
3,SARSA + PS,999,50,-134,101,6,1
3,SARSA + PS,999,51,-77,80,2,1
3,SARSA + PS,999,52,-158,161,2,1
3,SARSA + PS,999,53,-85,79,3,1
3,SARSA + PS,999,54,-605,200,45,0
3,SARSA + PS,999,55,-524,200,36,0
3,SARSA + PS,999,56,-272,200,8,0
3,SARSA + PS,999,57,-281,200,9,0
3,SARSA + PS,999,58,-245,200,5,0
3,SARSA + PS,999,59,-222,171,8,1
3,SARSA + PS,999,60,-227,200,3,0
3,SARSA + PS,999,61,-245,200,5,0
3,SARSA + PS,999,62,-272,200,8,0
3,SARSA + PS,999,63,-272,200,8,0
3,SARSA + PS,999,64,-272,200,8,0
3,SARSA + PS,999,65,-191,149,7,1
3,SARSA + PS,999,66,-69,72,2,1
3,SARSA + PS,999,67,-245,200,5,0
3,SARSA + PS,999,68,-183,159,5,1
3,SARSA + PS,999,69,-254,200,6,0
3,SARSA + PS,999,70,-73,67,3,1
3,SARSA + PS,999,71,-46,49,2,1
3,SARSA + PS,999,72,-39,42,2,1
3,SARSA + PS,999,73,-227,200,3,0
3,SARSA + PS,999,74,-95,98,2,1
3,SARSA + PS,999,75,-37,40,2,1
3,SARSA + PS,999,76,-272,200,8,0
3,SARSA + PS,999,77,-90,102,1,1
3,SARSA + PS,999,78,-236,200,4,0
3,SARSA + PS,999,79,-203,161,7,1
3,SARSA + PS,999,80,-113,89,5,1
3,SARSA + PS,999,81,-281,200,9,0
3,SARSA + PS,999,82,6,15,0,1
3,SARSA + PS,999,83,-51,45,3,1
3,SARSA + PS,999,84,-47,50,2,1
3,SARSA + PS,999,85,-116,119,2,1
3,SARSA + PS,999,86,-40,61,0,1
3,SARSA + PS,999,87,-142,109,6,1
3,SARSA + PS,999,88,-237,186,8,1
3,SARSA + PS,999,89,-107,101,3,1
3,SARSA + PS,999,90,4,17,0,1
3,SARSA + PS,999,91,-173,140,6,1
3,SARSA + PS,999,92,-112,70,7,1
3,SARSA + PS,999,93,-143,128,4,1
3,SARSA + PS,999,94,-111,96,4,1
3,SARSA + PS,999,95,-113,125,1,1
3,SARSA + PS,999,96,-272,200,8,0
3,SARSA + PS,999,97,-272,200,8,0
3,SARSA + PS,999,98,-75,87,1,1
3,SARSA + PS,999,99,-102,96,3,1
3,SARSA + PS,999,100,-119,113,3,1
3,SARSA + PS,999,101,-16,37,0,1
3,SARSA + PS,999,102,-23,35,1,1
3,SARSA + PS,999,103,-254,200,6,0
3,SARSA + PS,999,104,-15,36,0,1
3,SARSA + PS,999,105,-434,200,26,0
3,SARSA + PS,999,106,-263,200,7,0
3,SARSA + PS,999,107,-281,200,9,0
3,SARSA + PS,999,108,-56,68,1,1
3,SARSA + PS,999,109,-245,200,5,0
3,SARSA + PS,999,110,-70,73,2,1
3,SARSA + PS,999,111,-13,25,1,1
3,SARSA + PS,999,112,-52,64,1,1
3,SARSA + PS,999,113,-105,99,3,1
3,SARSA + PS,999,114,-41,62,0,1
3,SARSA + PS,999,115,-272,200,8,0
3,SARSA + PS,999,116,-47,59,1,1
3,SARSA + PS,999,117,-46,58,1,1
3,SARSA + PS,999,118,-263,200,7,0
3,SARSA + PS,999,119,13,8,0,1
3,SARSA + PS,999,120,-82,85,2,1
3,SARSA + PS,999,121,-180,147,6,1
3,SARSA + PS,999,122,-263,200,7,0
3,SARSA + PS,999,123,8,13,0,1
3,SARSA + PS,999,124,-135,120,4,1
3,SARSA + PS,999,125,-44,56,1,1
3,SARSA + PS,999,126,-107,128,0,1
3,SARSA + PS,999,127,11,10,0,1
3,SARSA + PS,999,128,3,18,0,1
3,SARSA + PS,999,129,-177,171,3,1
3,SARSA + PS,999,130,-2,23,0,1
3,SARSA + PS,999,131,-272,200,8,0
3,SARSA + PS,999,132,1,11,1,1
3,SARSA + PS,999,133,-254,200,6,0
3,SARSA + PS,999,134,-58,70,1,1
3,SARSA + PS,999,135,-167,143,5,1
3,SARSA + PS,999,136,-181,157,5,1
3,SARSA + PS,999,137,-178,136,7,1
3,SARSA + PS,999,138,-119,113,3,1
3,SARSA + PS,999,139,-254,200,6,0
3,SARSA + PS,999,140,-59,53,3,1
3,SARSA + PS,999,141,-12,33,0,1
3,SARSA + PS,999,142,14,7,0,1
3,SARSA + PS,999,143,9,12,0,1
3,SARSA + PS,999,144,-53,56,2,1
3,SARSA + PS,999,145,-236,200,4,0
3,SARSA + PS,999,146,-9,21,1,1
3,SARSA + PS,999,147,-111,105,3,1
3,SARSA + PS,999,148,-142,127,4,1
3,SARSA + PS,999,149,14,7,0,1
3,SARSA + PS,999,150,-236,200,4,0
3,SARSA + PS,999,151,-114,108,3,1
3,SARSA + PS,999,152,-50,53,2,1
3,SARSA + PS,999,153,-192,177,4,1
3,SARSA + PS,999,154,14,7,0,1
3,SARSA + PS,999,155,7,14,0,1
3,SARSA + PS,999,156,13,8,0,1
3,SARSA + PS,999,157,-64,67,2,1
3,SARSA + PS,999,158,-130,124,3,1
3,SARSA + PS,999,159,-27,30,2,1
3,SARSA + PS,999,160,-299,200,11,0
3,SARSA + PS,999,161,-125,119,3,1
3,SARSA + PS,999,162,-58,70,1,1
3,SARSA + PS,999,163,-4,16,1,1
3,SARSA + PS,999,164,-32,44,1,1
3,SARSA + PS,999,165,-98,101,2,1
3,SARSA + PS,999,166,-254,200,6,0
3,SARSA + PS,999,167,-87,90,2,1
3,SARSA + PS,999,168,-103,97,3,1
3,SARSA + PS,999,169,-49,52,2,1
3,SARSA + PS,999,170,11,10,0,1
3,SARSA + PS,999,171,-100,85,4,1
3,SARSA + PS,999,172,-45,48,2,1
3,SARSA + PS,999,173,-263,200,7,0
3,SARSA + PS,999,174,14,7,0,1
3,SARSA + PS,999,175,-11,23,1,1
3,SARSA + PS,999,176,-236,200,4,0
3,SARSA + PS,999,177,10,11,0,1
3,SARSA + PS,999,178,-272,200,8,0
3,SARSA + PS,999,179,-89,92,2,1
3,SARSA + PS,999,180,-2,14,1,1
3,SARSA + PS,999,181,10,11,0,1
3,SARSA + PS,999,182,5,16,0,1
3,SARSA + PS,999,183,0,12,1,1
3,SARSA + PS,999,184,9,12,0,1
3,SARSA + PS,999,185,11,10,0,1
3,SARSA + PS,999,186,-26,38,1,1
3,SARSA + PS,999,187,-2,14,1,1
3,SARSA + PS,999,188,6,15,0,1
3,SARSA + PS,999,189,-50,44,3,1
3,SARSA + PS,999,190,-63,75,1,1
3,SARSA + PS,999,191,-115,118,2,1
3,SARSA + PS,999,192,-23,26,2,1
3,SARSA + PS,999,193,-139,133,3,1
3,SARSA + PS,999,194,-3,24,0,1
3,SARSA + PS,999,195,0,21,0,1
3,SARSA + PS,999,196,12,9,0,1
3,SARSA + PS,999,197,5,16,0,1
3,SARSA + PS,999,198,-218,200,2,0
3,SARSA + PS,999,199,-32,35,2,1
3,SARSA + PS,999,200,-9,21,1,1
3,SARSA + PS,999,201,12,9,0,1
3,SARSA + PS,999,202,12,9,0,1
3,SARSA + PS,999,203,14,7,0,1
3,SARSA + PS,999,204,0,21,0,1
3,SARSA + PS,999,205,10,11,0,1
3,SARSA + PS,999,206,-22,25,2,1
3,SARSA + PS,999,207,1,11,1,1
3,SARSA + PS,999,208,14,7,0,1
3,SARSA + PS,999,209,-54,66,1,1
3,SARSA + PS,999,210,4,17,0,1
3,SARSA + PS,999,211,-5,26,0,1
3,SARSA + PS,999,212,12,9,0,1
3,SARSA + PS,999,213,8,13,0,1
3,SARSA + PS,999,214,-147,150,2,1
3,SARSA + PS,999,215,-165,159,3,1
3,SARSA + PS,999,216,-65,59,3,1
3,SARSA + PS,999,217,8,13,0,1
3,SARSA + PS,999,218,-132,117,4,1
3,SARSA + PS,999,219,-16,19,2,1
3,SARSA + PS,999,220,-7,19,1,1
3,SARSA + PS,999,221,10,11,0,1
3,SARSA + PS,999,222,-7,19,1,1
3,SARSA + PS,999,223,8,13,0,1
3,SARSA + PS,999,224,-9,30,0,1
3,SARSA + PS,999,225,-2,14,1,1
3,SARSA + PS,999,226,-73,67,3,1
3,SARSA + PS,999,227,10,11,0,1
3,SARSA + PS,999,228,-9,30,0,1
3,SARSA + PS,999,229,-82,85,2,1
3,SARSA + PS,999,230,-77,80,2,1
3,SARSA + PS,999,231,5,16,0,1
3,SARSA + PS,999,232,10,11,0,1
3,SARSA + PS,999,233,-109,94,4,1
3,SARSA + PS,999,234,8,13,0,1
3,SARSA + PS,999,235,-8,20,1,1
3,SARSA + PS,999,236,4,8,1,1
3,SARSA + PS,999,237,13,8,0,1
3,SARSA + PS,999,238,9,12,0,1
3,SARSA + PS,999,239,-61,55,3,1
3,SARSA + PS,999,240,-91,85,3,1
3,SARSA + PS,999,241,-12,33,0,1
3,SARSA + PS,999,242,3,18,0,1
3,SARSA + PS,999,243,11,10,0,1
3,SARSA + PS,999,244,8,13,0,1
3,SARSA + PS,999,245,-15,27,1,1
3,SARSA + PS,999,246,-62,56,3,1
3,SARSA + PS,999,247,14,7,0,1
3,SARSA + PS,999,248,-30,42,1,1
3,SARSA + PS,999,249,-24,27,2,1
3,SARSA + PS,999,250,11,10,0,1
3,SARSA + PS,999,251,-3,24,0,1
3,SARSA + PS,999,252,-8,29,0,1
3,SARSA + PS,999,253,-290,200,10,0
3,SARSA + PS,999,254,9,12,0,1
3,SARSA + PS,999,255,-8,29,0,1
3,SARSA + PS,999,256,13,8,0,1
3,SARSA + PS,999,257,-2,14,1,1
3,SARSA + PS,999,258,-152,146,3,1
3,SARSA + PS,999,259,-1,22,0,1
3,SARSA + PS,999,260,15,6,0,1
3,SARSA + PS,999,261,-31,43,1,1
3,SARSA + PS,999,262,-299,200,11,0
3,SARSA + PS,999,263,-42,45,2,1
3,SARSA + PS,999,264,-24,27,2,1
3,SARSA + PS,999,265,-1,13,1,1
3,SARSA + PS,999,266,-15,27,1,1
3,SARSA + PS,999,267,-50,62,1,1
3,SARSA + PS,999,268,-29,50,0,1
3,SARSA + PS,999,269,-129,123,3,1
3,SARSA + PS,999,270,8,13,0,1
3,SARSA + PS,999,271,10,11,0,1
3,SARSA + PS,999,272,-4,16,1,1
3,SARSA + PS,999,273,-245,200,5,0
3,SARSA + PS,999,274,-30,42,1,1
3,SARSA + PS,999,275,-8,29,0,1
3,SARSA + PS,999,276,5,16,0,1
3,SARSA + PS,999,277,11,10,0,1
3,SARSA + PS,999,278,13,8,0,1
3,SARSA + PS,999,279,-138,123,4,1
3,SARSA + PS,999,280,9,12,0,1
3,SARSA + PS,999,281,12,9,0,1
3,SARSA + PS,999,282,-139,106,6,1
3,SARSA + PS,999,283,-2,14,1,1
3,SARSA + PS,999,284,8,13,0,1
3,SARSA + PS,999,285,-21,33,1,1
3,SARSA + PS,999,286,-127,112,4,1
3,SARSA + PS,999,287,-22,25,2,1
3,SARSA + PS,999,288,-93,105,1,1
3,SARSA + PS,999,289,-12,24,1,1
3,SARSA + PS,999,290,-52,64,1,1
3,SARSA + PS,999,291,-63,75,1,1
3,SARSA + PS,999,292,-83,77,3,1
3,SARSA + PS,999,293,-13,25,1,1
3,SARSA + PS,999,294,9,12,0,1
3,SARSA + PS,999,295,13,8,0,1
3,SARSA + PS,999,296,-13,34,0,1
3,SARSA + PS,999,297,-44,47,2,1
3,SARSA + PS,999,298,-8,20,1,1
3,SARSA + PS,999,299,5,16,0,1
3,SARSA + PS,999,300,-25,28,2,1
3,SARSA + PS,999,301,-3,15,1,1
3,SARSA + PS,999,302,-85,70,4,1
3,SARSA + PS,999,303,-99,93,3,1
3,SARSA + PS,999,304,9,12,0,1
3,SARSA + PS,999,305,-7,19,1,1
3,SARSA + PS,999,306,11,10,0,1
3,SARSA + PS,999,307,-126,111,4,1
3,SARSA + PS,999,308,-4,16,1,1
3,SARSA + PS,999,309,-7,19,1,1
3,SARSA + PS,999,310,-113,89,5,1
3,SARSA + PS,999,311,10,11,0,1
3,SARSA + PS,999,312,7,14,0,1
3,SARSA + PS,999,313,-198,183,4,1
3,SARSA + PS,999,314,-11,14,2,1
3,SARSA + PS,999,315,-185,125,9,1
3,SARSA + PS,999,316,-272,200,8,0
3,SARSA + PS,999,317,6,15,0,1
3,SARSA + PS,999,318,-135,120,4,1
3,SARSA + PS,999,319,8,13,0,1
3,SARSA + PS,999,320,1,20,0,1
3,SARSA + PS,999,321,8,13,0,1
3,SARSA + PS,999,322,0,21,0,1
3,SARSA + PS,999,323,-48,51,2,1
3,SARSA + PS,999,324,-4,16,1,1
3,SARSA + PS,999,325,12,9,0,1
3,SARSA + PS,999,326,3,18,0,1
3,SARSA + PS,999,327,-72,84,1,1
3,SARSA + PS,999,328,-27,39,1,1
3,SARSA + PS,999,329,3,9,1,1
3,SARSA + PS,999,330,9,12,0,1
3,SARSA + PS,999,331,10,11,0,1
3,SARSA + PS,999,332,-61,64,2,1
3,SARSA + PS,999,333,-272,200,8,0
3,SARSA + PS,999,334,-5,17,1,1
3,SARSA + PS,999,335,1,20,0,1
3,SARSA + PS,999,336,0,12,1,1
3,SARSA + PS,999,337,8,13,0,1
3,SARSA + PS,999,338,-15,27,1,1
3,SARSA + PS,999,339,-38,41,2,1
3,SARSA + PS,999,340,-1,22,0,1
3,SARSA + PS,999,341,-42,36,3,1
3,SARSA + PS,999,342,-4,16,1,1
3,SARSA + PS,999,343,9,12,0,1
3,SARSA + PS,999,344,-96,90,3,1
3,SARSA + PS,999,345,-129,105,5,1
3,SARSA + PS,999,346,-41,44,2,1
3,SARSA + PS,999,347,-14,17,2,1
3,SARSA + PS,999,348,9,12,0,1
3,SARSA + PS,999,349,-14,26,1,1
3,SARSA + PS,999,350,-4,25,0,1
3,SARSA + PS,999,351,-34,46,1,1
3,SARSA + PS,999,352,4,17,0,1
3,SARSA + PS,999,353,-25,37,1,1
3,SARSA + PS,999,354,10,11,0,1
3,SARSA + PS,999,355,-22,34,1,1
3,SARSA + PS,999,356,-71,74,2,1
3,SARSA + PS,999,357,-3,15,1,1
3,SARSA + PS,999,358,-17,38,0,1
3,SARSA + PS,999,359,-39,51,1,1
3,SARSA + PS,999,360,9,12,0,1
3,SARSA + PS,999,361,7,14,0,1
3,SARSA + PS,999,362,1,20,0,1
3,SARSA + PS,999,363,-99,75,5,1
3,SARSA + PS,999,364,-130,124,3,1
3,SARSA + PS,999,365,-9,12,2,1
3,SARSA + PS,999,366,14,7,0,1
3,SARSA + PS,999,367,-9,21,1,1
3,SARSA + PS,999,368,9,12,0,1
3,SARSA + PS,999,369,-44,65,0,1
3,SARSA + PS,999,370,-15,27,1,1
3,SARSA + PS,999,371,11,10,0,1
3,SARSA + PS,999,372,10,11,0,1
3,SARSA + PS,999,373,-121,106,4,1
3,SARSA + PS,999,374,11,10,0,1
3,SARSA + PS,999,375,-20,32,1,1
3,SARSA + PS,999,376,-2,14,1,1
3,SARSA + PS,999,377,9,12,0,1
3,SARSA + PS,999,378,10,11,0,1
3,SARSA + PS,999,379,8,13,0,1
3,SARSA + PS,999,380,9,12,0,1
3,SARSA + PS,999,381,-8,20,1,1
3,SARSA + PS,999,382,-123,99,5,1
3,SARSA + PS,999,383,-27,21,3,1
3,SARSA + PS,999,384,6,15,0,1
3,SARSA + PS,999,385,11,10,0,1
3,SARSA + PS,999,386,6,15,0,1
3,SARSA + PS,999,387,-36,39,2,1
3,SARSA + PS,999,388,-163,139,5,1
3,SARSA + PS,999,389,-97,82,4,1
3,SARSA + PS,999,390,-5,17,1,1
3,SARSA + PS,999,391,2,19,0,1
3,SARSA + PS,999,392,-41,53,1,1
3,SARSA + PS,999,393,-8,20,1,1
3,SARSA + PS,999,394,-11,32,0,1
3,SARSA + PS,999,395,7,14,0,1
3,SARSA + PS,999,396,-71,65,3,1
3,SARSA + PS,999,397,-18,21,2,1
3,SARSA + PS,999,398,-47,41,3,1
3,SARSA + PS,999,399,-8,20,1,1
3,SARSA + PS,999,400,10,11,0,1
3,SARSA + PS,999,401,9,12,0,1
3,SARSA + PS,999,402,11,10,0,1
3,SARSA + PS,999,403,-39,51,1,1
3,SARSA + PS,999,404,-8,29,0,1
3,SARSA + PS,999,405,-70,73,2,1
3,SARSA + PS,999,406,3,18,0,1
3,SARSA + PS,999,407,1,11,1,1
3,SARSA + PS,999,408,12,9,0,1
3,SARSA + PS,999,409,5,16,0,1
3,SARSA + PS,999,410,-41,62,0,1
3,SARSA + PS,999,411,5,16,0,1
3,SARSA + PS,999,412,-60,72,1,1
3,SARSA + PS,999,413,10,11,0,1
3,SARSA + PS,999,414,-50,44,3,1
3,SARSA + PS,999,415,10,11,0,1
3,SARSA + PS,999,416,9,12,0,1
3,SARSA + PS,999,417,9,12,0,1
3,SARSA + PS,999,418,-8,29,0,1
3,SARSA + PS,999,419,-9,21,1,1
3,SARSA + PS,999,420,1,20,0,1
3,SARSA + PS,999,421,2,10,1,1
3,SARSA + PS,999,422,-19,40,0,1
3,SARSA + PS,999,423,6,15,0,1
3,SARSA + PS,999,424,11,10,0,1
3,SARSA + PS,999,425,4,17,0,1
3,SARSA + PS,999,426,4,17,0,1
3,SARSA + PS,999,427,-10,22,1,1
3,SARSA + PS,999,428,11,10,0,1
3,SARSA + PS,999,429,-33,36,2,1
3,SARSA + PS,999,430,5,16,0,1
3,SARSA + PS,999,431,-150,144,3,1
3,SARSA + PS,999,432,0,12,1,1
3,SARSA + PS,999,433,2,19,0,1
3,SARSA + PS,999,434,10,11,0,1
3,SARSA + PS,999,435,14,7,0,1
3,SARSA + PS,999,436,8,13,0,1
3,SARSA + PS,999,437,-9,30,0,1
3,SARSA + PS,999,438,12,9,0,1
3,SARSA + PS,999,439,8,13,0,1
3,SARSA + PS,999,440,12,9,0,1
3,SARSA + PS,999,441,12,9,0,1
3,SARSA + PS,999,442,10,11,0,1
3,SARSA + PS,999,443,14,7,0,1
3,SARSA + PS,999,444,-5,26,0,1
3,SARSA + PS,999,445,11,10,0,1
3,SARSA + PS,999,446,11,10,0,1
3,SARSA + PS,999,447,1,11,1,1
3,SARSA + PS,999,448,-76,79,2,1
3,SARSA + PS,999,449,-5,17,1,1
3,SARSA + PS,999,450,3,18,0,1
3,SARSA + PS,999,451,-3,15,1,1
3,SARSA + PS,999,452,10,11,0,1
3,SARSA + PS,999,453,-29,32,2,1
3,SARSA + PS,999,454,6,15,0,1
3,SARSA + PS,999,455,7,14,0,1
3,SARSA + PS,999,456,0,12,1,1
3,SARSA + PS,999,457,-6,18,1,1
3,SARSA + PS,999,458,8,13,0,1
3,SARSA + PS,999,459,-10,31,0,1
3,SARSA + PS,999,460,9,12,0,1
3,SARSA + PS,999,461,-4,16,1,1
3,SARSA + PS,999,462,-5,26,0,1
3,SARSA + PS,999,463,-98,101,2,1
3,SARSA + PS,999,464,3,18,0,1
3,SARSA + PS,999,465,10,11,0,1
3,SARSA + PS,999,466,-9,21,1,1
3,SARSA + PS,999,467,10,11,0,1
3,SARSA + PS,999,468,-83,77,3,1
3,SARSA + PS,999,469,-9,21,1,1
3,SARSA + PS,999,470,-24,36,1,1
3,SARSA + PS,999,471,2,19,0,1
3,SARSA + PS,999,472,-43,46,2,1
3,SARSA + PS,999,473,-13,25,1,1
3,SARSA + PS,999,474,-152,146,3,1
3,SARSA + PS,999,475,-11,14,2,1
3,SARSA + PS,999,476,7,14,0,1
3,SARSA + PS,999,477,-19,40,0,1
3,SARSA + PS,999,478,0,21,0,1
3,SARSA + PS,999,479,1,20,0,1
3,SARSA + PS,999,480,-1,13,1,1
3,SARSA + PS,999,481,-31,43,1,1
3,SARSA + PS,999,482,14,7,0,1
3,SARSA + PS,999,483,-110,86,5,1
3,SARSA + PS,999,484,-10,22,1,1
3,SARSA + PS,999,485,-17,29,1,1
3,SARSA + PS,999,486,-1,22,0,1
3,SARSA + PS,999,487,8,13,0,1
3,SARSA + PS,999,488,0,12,1,1
3,SARSA + PS,999,489,-3,24,0,1
3,SARSA + PS,999,490,9,12,0,1
3,SARSA + PS,999,491,-7,19,1,1
3,SARSA + PS,999,492,8,13,0,1
3,SARSA + PS,999,493,-15,18,2,1
3,SARSA + PS,999,494,0,21,0,1
3,SARSA + PS,999,495,-1,13,1,1
3,SARSA + PS,999,496,-17,11,3,1
3,SARSA + PS,999,497,-6,27,0,1
3,SARSA + PS,999,498,-3,24,0,1
3,SARSA + PS,999,499,-17,29,1,1
3,SARSA + PS,2024,0,-740,200,60,0
3,SARSA + PS,2024,1,-380,140,29,1
3,SARSA + PS,2024,2,-602,200,47,1
3,SARSA + PS,2024,3,-533,200,37,0
3,SARSA + PS,2024,4,-821,200,69,0
3,SARSA + PS,2024,5,-587,200,43,0
3,SARSA + PS,2024,6,-497,200,33,0
3,SARSA + PS,2024,7,-740,200,60,0
3,SARSA + PS,2024,8,-623,200,47,0
3,SARSA + PS,2024,9,-749,200,61,0
3,SARSA + PS,2024,10,-686,200,54,0
3,SARSA + PS,2024,11,-623,200,47,0
3,SARSA + PS,2024,12,-569,200,41,0
3,SARSA + PS,2024,13,-695,200,55,0
3,SARSA + PS,2024,14,-605,200,45,0
3,SARSA + PS,2024,15,-132,54,11,1
3,SARSA + PS,2024,16,-857,200,73,0
3,SARSA + PS,2024,17,-254,200,6,0
3,SARSA + PS,2024,18,-299,200,11,0
3,SARSA + PS,2024,19,-569,200,41,0
3,SARSA + PS,2024,20,-254,200,6,0
3,SARSA + PS,2024,21,-290,200,10,0
3,SARSA + PS,2024,22,-380,200,20,0
3,SARSA + PS,2024,23,-443,200,27,0
3,SARSA + PS,2024,24,-251,200,8,1
3,SARSA + PS,2024,25,-722,200,58,0
3,SARSA + PS,2024,26,-612,192,49,1
3,SARSA + PS,2024,27,-353,200,17,0
3,SARSA + PS,2024,28,-245,200,5,0
3,SARSA + PS,2024,29,-326,200,14,0
3,SARSA + PS,2024,30,-452,200,28,0
3,SARSA + PS,2024,31,-290,200,10,0
3,SARSA + PS,2024,32,-254,200,6,0
3,SARSA + PS,2024,33,-225,192,6,1
3,SARSA + PS,2024,34,-812,200,68,0
3,SARSA + PS,2024,35,-272,200,8,0
3,SARSA + PS,2024,36,-812,200,68,0
3,SARSA + PS,2024,37,-389,200,21,0
3,SARSA + PS,2024,38,-263,200,7,0
3,SARSA + PS,2024,39,-362,200,18,0
3,SARSA + PS,2024,40,-641,200,49,0
3,SARSA + PS,2024,41,-259,190,10,1
3,SARSA + PS,2024,42,-89,56,6,1
3,SARSA + PS,2024,43,-218,200,2,0
3,SARSA + PS,2024,44,-254,200,6,0
3,SARSA + PS,2024,45,-126,129,2,1
3,SARSA + PS,2024,46,-326,200,14,0
3,SARSA + PS,2024,47,-108,102,3,1
3,SARSA + PS,2024,48,-272,200,8,0
3,SARSA + PS,2024,49,-389,200,21,0
3,SARSA + PS,2024,50,-236,200,4,0
3,SARSA + PS,2024,51,-254,200,6,0
3,SARSA + PS,2024,52,-263,200,7,0
3,SARSA + PS,2024,53,-97,82,4,1
3,SARSA + PS,2024,54,-290,200,10,0
3,SARSA + PS,2024,55,-227,200,3,0
3,SARSA + PS,2024,56,-290,200,10,0
3,SARSA + PS,2024,57,-272,200,8,0
3,SARSA + PS,2024,58,-39,60,0,1
3,SARSA + PS,2024,59,-245,200,5,0
3,SARSA + PS,2024,60,-398,200,22,0
3,SARSA + PS,2024,61,-245,200,5,0
3,SARSA + PS,2024,62,-677,200,53,0
3,SARSA + PS,2024,63,-51,72,0,1
3,SARSA + PS,2024,64,-84,96,1,1
3,SARSA + PS,2024,65,-299,200,11,0
3,SARSA + PS,2024,66,-59,53,3,1
3,SARSA + PS,2024,67,-245,200,5,0
3,SARSA + PS,2024,68,-153,129,5,1
3,SARSA + PS,2024,69,-118,85,6,1
3,SARSA + PS,2024,70,2,19,0,1
3,SARSA + PS,2024,71,-67,61,3,1
3,SARSA + PS,2024,72,-82,67,4,1
3,SARSA + PS,2024,73,-111,87,5,1
3,SARSA + PS,2024,74,-54,57,2,1
3,SARSA + PS,2024,75,12,9,0,1
3,SARSA + PS,2024,76,-11,14,2,1
3,SARSA + PS,2024,77,-213,180,6,1
3,SARSA + PS,2024,78,-188,191,2,1
3,SARSA + PS,2024,79,-252,192,9,1
3,SARSA + PS,2024,80,-2,14,1,1
3,SARSA + PS,2024,81,-281,200,9,0
3,SARSA + PS,2024,82,-109,94,4,1
3,SARSA + PS,2024,83,-63,66,2,1
3,SARSA + PS,2024,84,-9,30,0,1
3,SARSA + PS,2024,85,-99,84,4,1
3,SARSA + PS,2024,86,-24,36,1,1
3,SARSA + PS,2024,87,-245,200,5,0
3,SARSA + PS,2024,88,-118,103,4,1
3,SARSA + PS,2024,89,-46,58,1,1
3,SARSA + PS,2024,90,0,12,1,1
3,SARSA + PS,2024,91,-221,179,7,1
3,SARSA + PS,2024,92,-90,102,1,1
3,SARSA + PS,2024,93,12,9,0,1
3,SARSA + PS,2024,94,-254,200,6,0
3,SARSA + PS,2024,95,-36,48,1,1
3,SARSA + PS,2024,96,-194,170,5,1
3,SARSA + PS,2024,97,-207,183,5,1
3,SARSA + PS,2024,98,-4,25,0,1
3,SARSA + PS,2024,99,-203,179,5,1
3,SARSA + PS,2024,100,12,9,0,1
3,SARSA + PS,2024,101,-119,113,3,1
3,SARSA + PS,2024,102,-139,124,4,1
3,SARSA + PS,2024,103,-263,200,7,0
3,SARSA + PS,2024,104,13,8,0,1
3,SARSA + PS,2024,105,8,13,0,1
3,SARSA + PS,2024,106,-170,155,4,1
3,SARSA + PS,2024,107,14,7,0,1
3,SARSA + PS,2024,108,-80,74,3,1
3,SARSA + PS,2024,109,-66,69,2,1
3,SARSA + PS,2024,110,-106,82,5,1
3,SARSA + PS,2024,111,-22,43,0,1
3,SARSA + PS,2024,112,-272,200,8,0
3,SARSA + PS,2024,113,-236,200,4,0
3,SARSA + PS,2024,114,-281,200,9,0
3,SARSA + PS,2024,115,10,11,0,1
3,SARSA + PS,2024,116,-215,200,4,1
3,SARSA + PS,2024,117,0,21,0,1
3,SARSA + PS,2024,118,-8,20,1,1
3,SARSA + PS,2024,119,-463,133,39,1
3,SARSA + PS,2024,120,-191,176,4,1
3,SARSA + PS,2024,121,-272,200,8,0
3,SARSA + PS,2024,122,0,21,0,1
3,SARSA + PS,2024,123,10,11,0,1
3,SARSA + PS,2024,124,-35,47,1,1
3,SARSA + PS,2024,125,0,12,1,1
3,SARSA + PS,2024,126,-8,29,0,1
3,SARSA + PS,2024,127,-63,57,3,1
3,SARSA + PS,2024,128,8,13,0,1
3,SARSA + PS,2024,129,-128,113,4,1
3,SARSA + PS,2024,130,-166,142,5,1
3,SARSA + PS,2024,131,-245,167,11,1
3,SARSA + PS,2024,132,13,8,0,1
3,SARSA + PS,2024,133,12,9,0,1
3,SARSA + PS,2024,134,4,17,0,1
3,SARSA + PS,2024,135,-90,102,1,1
3,SARSA + PS,2024,136,-84,78,3,1
3,SARSA + PS,2024,137,-224,191,6,1
3,SARSA + PS,2024,138,-245,200,5,0
3,SARSA + PS,2024,139,10,11,0,1
3,SARSA + PS,2024,140,-90,84,3,1
3,SARSA + PS,2024,141,-99,120,0,1
3,SARSA + PS,2024,142,-227,200,3,0
3,SARSA + PS,2024,143,-15,36,0,1
3,SARSA + PS,2024,144,8,13,0,1
3,SARSA + PS,2024,145,-263,200,7,0
3,SARSA + PS,2024,146,3,18,0,1
3,SARSA + PS,2024,147,-245,200,5,0
3,SARSA + PS,2024,148,-112,43,10,1
3,SARSA + PS,2024,149,-127,121,3,1
3,SARSA + PS,2024,150,-254,200,6,0
3,SARSA + PS,2024,151,-136,112,5,1
3,SARSA + PS,2024,152,8,13,0,1
3,SARSA + PS,2024,153,11,10,0,1
3,SARSA + PS,2024,154,3,9,1,1
3,SARSA + PS,2024,155,10,11,0,1
3,SARSA + PS,2024,156,-281,200,9,0
3,SARSA + PS,2024,157,-65,50,4,1
3,SARSA + PS,2024,158,-1,13,1,1
3,SARSA + PS,2024,159,-5,26,0,1
3,SARSA + PS,2024,160,-123,108,4,1
3,SARSA + PS,2024,161,-39,42,2,1
3,SARSA + PS,2024,162,-138,96,7,1
3,SARSA + PS,2024,163,0,12,1,1
3,SARSA + PS,2024,164,11,10,0,1
3,SARSA + PS,2024,165,7,14,0,1
3,SARSA + PS,2024,166,-33,45,1,1
3,SARSA + PS,2024,167,-218,200,2,0
3,SARSA + PS,2024,168,-52,64,1,1
3,SARSA + PS,2024,169,-196,154,7,1
3,SARSA + PS,2024,170,-236,200,4,0
3,SARSA + PS,2024,171,11,10,0,1
3,SARSA + PS,2024,172,-92,104,1,1
3,SARSA + PS,2024,173,-162,147,4,1
3,SARSA + PS,2024,174,-161,146,4,1
3,SARSA + PS,2024,175,-19,22,2,1
3,SARSA + PS,2024,176,-92,95,2,1
3,SARSA + PS,2024,177,-57,51,3,1
3,SARSA + PS,2024,178,-18,39,0,1
3,SARSA + PS,2024,179,-236,200,4,0
3,SARSA + PS,2024,180,-133,145,1,1
3,SARSA + PS,2024,181,-2,23,0,1
3,SARSA + PS,2024,182,1,11,1,1
3,SARSA + PS,2024,183,-19,31,1,1
3,SARSA + PS,2024,184,15,6,0,1
3,SARSA + PS,2024,185,-14,35,0,1
3,SARSA + PS,2024,186,-22,43,0,1
3,SARSA + PS,2024,187,-12,33,0,1
3,SARSA + PS,2024,188,-5,17,1,1
3,SARSA + PS,2024,189,-23,35,1,1
3,SARSA + PS,2024,190,-55,49,3,1
3,SARSA + PS,2024,191,-168,162,3,1
3,SARSA + PS,2024,192,-81,93,1,1
3,SARSA + PS,2024,193,11,10,0,1
3,SARSA + PS,2024,194,-66,69,2,1
3,SARSA + PS,2024,195,-9,30,0,1
3,SARSA + PS,2024,196,-20,41,0,1
3,SARSA + PS,2024,197,9,12,0,1
3,SARSA + PS,2024,198,-74,68,3,1
3,SARSA + PS,2024,199,12,9,0,1
3,SARSA + PS,2024,200,-9,21,1,1
3,SARSA + PS,2024,201,10,11,0,1
3,SARSA + PS,2024,202,-23,35,1,1
3,SARSA + PS,2024,203,3,9,1,1
3,SARSA + PS,2024,204,-103,97,3,1
3,SARSA + PS,2024,205,-1,22,0,1
3,SARSA + PS,2024,206,-22,43,0,1
3,SARSA + PS,2024,207,3,18,0,1
3,SARSA + PS,2024,208,-20,23,2,1
3,SARSA + PS,2024,209,-114,108,3,1
3,SARSA + PS,2024,210,-281,200,9,0
3,SARSA + PS,2024,211,-83,77,3,1
3,SARSA + PS,2024,212,4,17,0,1
3,SARSA + PS,2024,213,-174,132,7,1
3,SARSA + PS,2024,214,-1,13,1,1
3,SARSA + PS,2024,215,-70,73,2,1
3,SARSA + PS,2024,216,-67,61,3,1
3,SARSA + PS,2024,217,-28,31,2,1
3,SARSA + PS,2024,218,-25,46,0,1
3,SARSA + PS,2024,219,-272,200,8,0
3,SARSA + PS,2024,220,-225,165,9,1
3,SARSA + PS,2024,221,-23,35,1,1
3,SARSA + PS,2024,222,-236,200,4,0
3,SARSA + PS,2024,223,-23,44,0,1
3,SARSA + PS,2024,224,-22,34,1,1
3,SARSA + PS,2024,225,9,12,0,1
3,SARSA + PS,2024,226,-86,80,3,1
3,SARSA + PS,2024,227,6,15,0,1
3,SARSA + PS,2024,228,-54,48,3,1
3,SARSA + PS,2024,229,10,11,0,1
3,SARSA + PS,2024,230,-58,61,2,1
3,SARSA + PS,2024,231,-86,62,5,1
3,SARSA + PS,2024,232,-143,92,8,1
3,SARSA + PS,2024,233,7,14,0,1
3,SARSA + PS,2024,234,-27,39,1,1
3,SARSA + PS,2024,235,-186,171,4,1
3,SARSA + PS,2024,236,-1,13,1,1
3,SARSA + PS,2024,237,0,21,0,1
3,SARSA + PS,2024,238,-171,147,5,1
3,SARSA + PS,2024,239,7,14,0,1
3,SARSA + PS,2024,240,-2,14,1,1
3,SARSA + PS,2024,241,7,14,0,1
3,SARSA + PS,2024,242,15,6,0,1
3,SARSA + PS,2024,243,-282,186,13,1
3,SARSA + PS,2024,244,-8,29,0,1
3,SARSA + PS,2024,245,1,20,0,1
3,SARSA + PS,2024,246,-56,59,2,1
3,SARSA + PS,2024,247,-23,26,2,1
3,SARSA + PS,2024,248,-15,18,2,1
3,SARSA + PS,2024,249,-124,109,4,1
3,SARSA + PS,2024,250,-181,166,4,1
3,SARSA + PS,2024,251,-45,48,2,1
3,SARSA + PS,2024,252,-30,33,2,1
3,SARSA + PS,2024,253,-44,47,2,1
3,SARSA + PS,2024,254,-28,40,1,1
3,SARSA + PS,2024,255,12,9,0,1
3,SARSA + PS,2024,256,10,11,0,1
3,SARSA + PS,2024,257,-12,24,1,1
3,SARSA + PS,2024,258,-16,37,0,1
3,SARSA + PS,2024,259,7,14,0,1
3,SARSA + PS,2024,260,-101,95,3,1
3,SARSA + PS,2024,261,9,12,0,1
3,SARSA + PS,2024,262,10,11,0,1
3,SARSA + PS,2024,263,-60,54,3,1
3,SARSA + PS,2024,264,4,17,0,1
3,SARSA + PS,2024,265,-30,33,2,1
3,SARSA + PS,2024,266,-89,83,3,1
3,SARSA + PS,2024,267,-18,30,1,1
3,SARSA + PS,2024,268,-174,123,8,1
3,SARSA + PS,2024,269,14,7,0,1
3,SARSA + PS,2024,270,-40,43,2,1
3,SARSA + PS,2024,271,1,11,1,1
3,SARSA + PS,2024,272,-29,32,2,1
3,SARSA + PS,2024,273,-245,200,5,0
3,SARSA + PS,2024,274,0,12,1,1
3,SARSA + PS,2024,275,-61,73,1,1
3,SARSA + PS,2024,276,-15,27,1,1
3,SARSA + PS,2024,277,-2,14,1,1
3,SARSA + PS,2024,278,0,12,1,1
3,SARSA + PS,2024,279,-77,71,3,1
3,SARSA + PS,2024,280,-31,43,1,1
3,SARSA + PS,2024,281,-76,79,2,1
3,SARSA + PS,2024,282,-135,93,7,1
3,SARSA + PS,2024,283,-75,78,2,1
3,SARSA + PS,2024,284,1,20,0,1
3,SARSA + PS,2024,285,-16,19,2,1
3,SARSA + PS,2024,286,-2,14,1,1
3,SARSA + PS,2024,287,-103,70,6,1
3,SARSA + PS,2024,288,-43,55,1,1
3,SARSA + PS,2024,289,7,14,0,1
3,SARSA + PS,2024,290,-10,31,0,1
3,SARSA + PS,2024,291,-4,25,0,1
3,SARSA + PS,2024,292,5,16,0,1
3,SARSA + PS,2024,293,-31,43,1,1
3,SARSA + PS,2024,294,9,12,0,1
3,SARSA + PS,2024,295,-133,127,3,1
3,SARSA + PS,2024,296,-79,91,1,1
3,SARSA + PS,2024,297,-3,24,0,1
3,SARSA + PS,2024,298,-100,94,3,1
3,SARSA + PS,2024,299,-6,27,0,1
3,SARSA + PS,2024,300,-32,44,1,1
3,SARSA + PS,2024,301,-8,20,1,1
3,SARSA + PS,2024,302,-2,14,1,1
3,SARSA + PS,2024,303,-2,14,1,1
3,SARSA + PS,2024,304,12,9,0,1
3,SARSA + PS,2024,305,8,13,0,1
3,SARSA + PS,2024,306,8,13,0,1
3,SARSA + PS,2024,307,-45,57,1,1
3,SARSA + PS,2024,308,8,13,0,1
3,SARSA + PS,2024,309,-3,24,0,1
3,SARSA + PS,2024,310,-19,22,2,1
3,SARSA + PS,2024,311,-14,26,1,1
3,SARSA + PS,2024,312,10,11,0,1
3,SARSA + PS,2024,313,4,17,0,1
3,SARSA + PS,2024,314,-107,83,5,1
3,SARSA + PS,2024,315,-79,64,4,1
3,SARSA + PS,2024,316,-197,173,5,1
3,SARSA + PS,2024,317,-73,67,3,1
3,SARSA + PS,2024,318,-43,46,2,1
3,SARSA + PS,2024,319,-263,200,7,0
3,SARSA + PS,2024,320,-116,83,6,1
3,SARSA + PS,2024,321,-64,67,2,1
3,SARSA + PS,2024,322,-40,52,1,1
3,SARSA + PS,2024,323,-220,151,10,1
3,SARSA + PS,2024,324,7,14,0,1
3,SARSA + PS,2024,325,10,11,0,1
3,SARSA + PS,2024,326,-11,23,1,1
3,SARSA + PS,2024,327,-2,14,1,1
3,SARSA + PS,2024,328,-20,41,0,1
3,SARSA + PS,2024,329,1,11,1,1
3,SARSA + PS,2024,330,-12,24,1,1
3,SARSA + PS,2024,331,-79,82,2,1
3,SARSA + PS,2024,332,-6,18,1,1
3,SARSA + PS,2024,333,1,20,0,1
3,SARSA + PS,2024,334,-1,22,0,1
3,SARSA + PS,2024,335,-8,20,1,1
3,SARSA + PS,2024,336,-11,23,1,1
3,SARSA + PS,2024,337,6,15,0,1
3,SARSA + PS,2024,338,13,8,0,1
3,SARSA + PS,2024,339,-240,198,7,1
3,SARSA + PS,2024,340,12,9,0,1
3,SARSA + PS,2024,341,6,15,0,1
3,SARSA + PS,2024,342,-2,23,0,1
3,SARSA + PS,2024,343,10,11,0,1
3,SARSA + PS,2024,344,-42,36,3,1
3,SARSA + PS,2024,345,-20,32,1,1
3,SARSA + PS,2024,346,-141,144,2,1
3,SARSA + PS,2024,347,-1,13,1,1
3,SARSA + PS,2024,348,-9,21,1,1
3,SARSA + PS,2024,349,-174,150,5,1
3,SARSA + PS,2024,350,-123,81,7,1
3,SARSA + PS,2024,351,-1,13,1,1
3,SARSA + PS,2024,352,7,14,0,1
3,SARSA + PS,2024,353,-68,62,3,1
3,SARSA + PS,2024,354,10,11,0,1
3,SARSA + PS,2024,355,7,14,0,1
3,SARSA + PS,2024,356,-29,32,2,1
3,SARSA + PS,2024,357,14,7,0,1
3,SARSA + PS,2024,358,-151,127,5,1
3,SARSA + PS,2024,359,13,8,0,1
3,SARSA + PS,2024,360,8,13,0,1
3,SARSA + PS,2024,361,-105,108,2,1
3,SARSA + PS,2024,362,9,12,0,1
3,SARSA + PS,2024,363,-8,20,1,1
3,SARSA + PS,2024,364,-25,28,2,1
3,SARSA + PS,2024,365,7,14,0,1
3,SARSA + PS,2024,366,-1,13,1,1
3,SARSA + PS,2024,367,-43,46,2,1
3,SARSA + PS,2024,368,0,12,1,1
3,SARSA + PS,2024,369,-58,43,4,1
3,SARSA + PS,2024,370,-52,64,1,1
3,SARSA + PS,2024,371,8,13,0,1
3,SARSA + PS,2024,372,3,18,0,1
3,SARSA + PS,2024,373,8,13,0,1
3,SARSA + PS,2024,374,-38,41,2,1
3,SARSA + PS,2024,375,-221,161,9,1
3,SARSA + PS,2024,376,-75,96,0,1
3,SARSA + PS,2024,377,-28,40,1,1
3,SARSA + PS,2024,378,-57,60,2,1
3,SARSA + PS,2024,379,-55,49,3,1
3,SARSA + PS,2024,380,11,10,0,1
3,SARSA + PS,2024,381,-28,40,1,1
3,SARSA + PS,2024,382,11,10,0,1
3,SARSA + PS,2024,383,-54,66,1,1
3,SARSA + PS,2024,384,8,13,0,1
3,SARSA + PS,2024,385,-146,140,3,1
3,SARSA + PS,2024,386,-7,19,1,1
3,SARSA + PS,2024,387,9,12,0,1
3,SARSA + PS,2024,388,-21,42,0,1
3,SARSA + PS,2024,389,-3,15,1,1
3,SARSA + PS,2024,390,-9,21,1,1
3,SARSA + PS,2024,391,8,13,0,1
3,SARSA + PS,2024,392,1,11,1,1
3,SARSA + PS,2024,393,7,14,0,1
3,SARSA + PS,2024,394,10,11,0,1
3,SARSA + PS,2024,395,-20,32,1,1
3,SARSA + PS,2024,396,-2,14,1,1
3,SARSA + PS,2024,397,-28,40,1,1
3,SARSA + PS,2024,398,-41,44,2,1
3,SARSA + PS,2024,399,5,16,0,1
3,SARSA + PS,2024,400,-1,13,1,1
3,SARSA + PS,2024,401,8,13,0,1
3,SARSA + PS,2024,402,4,17,0,1
3,SARSA + PS,2024,403,9,12,0,1
3,SARSA + PS,2024,404,-54,57,2,1
3,SARSA + PS,2024,405,12,9,0,1
3,SARSA + PS,2024,406,-19,13,3,1
3,SARSA + PS,2024,407,14,7,0,1
3,SARSA + PS,2024,408,-38,32,3,1
3,SARSA + PS,2024,409,-5,17,1,1
3,SARSA + PS,2024,410,-11,23,1,1
3,SARSA + PS,2024,411,6,15,0,1
3,SARSA + PS,2024,412,9,12,0,1
3,SARSA + PS,2024,413,11,10,0,1
3,SARSA + PS,2024,414,-47,41,3,1
3,SARSA + PS,2024,415,-17,29,1,1
3,SARSA + PS,2024,416,-16,37,0,1
3,SARSA + PS,2024,417,6,15,0,1
3,SARSA + PS,2024,418,9,12,0,1
3,SARSA + PS,2024,419,-41,62,0,1
3,SARSA + PS,2024,420,2,10,1,1
3,SARSA + PS,2024,421,-19,22,2,1
3,SARSA + PS,2024,422,-56,77,0,1
3,SARSA + PS,2024,423,0,12,1,1
3,SARSA + PS,2024,424,6,15,0,1
3,SARSA + PS,2024,425,11,10,0,1
3,SARSA + PS,2024,426,-2,14,1,1
3,SARSA + PS,2024,427,10,11,0,1
3,SARSA + PS,2024,428,8,13,0,1
3,SARSA + PS,2024,429,15,6,0,1
3,SARSA + PS,2024,430,1,11,1,1
3,SARSA + PS,2024,431,-23,26,2,1
3,SARSA + PS,2024,432,10,11,0,1
3,SARSA + PS,2024,433,-22,25,2,1
3,SARSA + PS,2024,434,-107,119,1,1
3,SARSA + PS,2024,435,7,14,0,1
3,SARSA + PS,2024,436,7,14,0,1
3,SARSA + PS,2024,437,-3,24,0,1
3,SARSA + PS,2024,438,-12,24,1,1
3,SARSA + PS,2024,439,-35,29,3,1
3,SARSA + PS,2024,440,-2,14,1,1
3,SARSA + PS,2024,441,10,11,0,1
3,SARSA + PS,2024,442,-1,22,0,1
3,SARSA + PS,2024,443,-135,129,3,1
3,SARSA + PS,2024,444,-78,72,3,1
3,SARSA + PS,2024,445,-41,44,2,1
3,SARSA + PS,2024,446,6,15,0,1
3,SARSA + PS,2024,447,7,14,0,1
3,SARSA + PS,2024,448,12,9,0,1
3,SARSA + PS,2024,449,-71,92,0,1
3,SARSA + PS,2024,450,4,17,0,1
3,SARSA + PS,2024,451,-56,59,2,1
3,SARSA + PS,2024,452,7,14,0,1
3,SARSA + PS,2024,453,-37,40,2,1
3,SARSA + PS,2024,454,4,17,0,1
3,SARSA + PS,2024,455,10,11,0,1
3,SARSA + PS,2024,456,-5,26,0,1
3,SARSA + PS,2024,457,10,11,0,1
3,SARSA + PS,2024,458,-5,17,1,1
3,SARSA + PS,2024,459,-5,17,1,1
3,SARSA + PS,2024,460,10,11,0,1
3,SARSA + PS,2024,461,2,19,0,1
3,SARSA + PS,2024,462,-85,88,2,1
3,SARSA + PS,2024,463,-3,15,1,1
3,SARSA + PS,2024,464,4,17,0,1
3,SARSA + PS,2024,465,7,14,0,1
3,SARSA + PS,2024,466,10,11,0,1
3,SARSA + PS,2024,467,-35,56,0,1
3,SARSA + PS,2024,468,11,10,0,1
3,SARSA + PS,2024,469,-1,22,0,1
3,SARSA + PS,2024,470,11,10,0,1
3,SARSA + PS,2024,471,4,17,0,1
3,SARSA + PS,2024,472,7,14,0,1
3,SARSA + PS,2024,473,10,11,0,1
3,SARSA + PS,2024,474,-49,61,1,1
3,SARSA + PS,2024,475,3,18,0,1
3,SARSA + PS,2024,476,7,14,0,1
3,SARSA + PS,2024,477,-2,14,1,1
3,SARSA + PS,2024,478,1,11,1,1
3,SARSA + PS,2024,479,-35,38,2,1
3,SARSA + PS,2024,480,-28,31,2,1
3,SARSA + PS,2024,481,10,11,0,1
3,SARSA + PS,2024,482,-97,91,3,1
3,SARSA + PS,2024,483,-34,37,2,1
3,SARSA + PS,2024,484,12,9,0,1
3,SARSA + PS,2024,485,10,11,0,1
3,SARSA + PS,2024,486,9,12,0,1
3,SARSA + PS,2024,487,11,10,0,1
3,SARSA + PS,2024,488,8,13,0,1
3,SARSA + PS,2024,489,-5,26,0,1
3,SARSA + PS,2024,490,12,9,0,1
3,SARSA + PS,2024,491,-8,20,1,1
3,SARSA + PS,2024,492,4,17,0,1
3,SARSA + PS,2024,493,-31,34,2,1
3,SARSA + PS,2024,494,6,15,0,1
3,SARSA + PS,2024,495,-2,14,1,1
3,SARSA + PS,2024,496,-17,29,1,1
3,SARSA + PS,2024,497,8,13,0,1
3,SARSA + PS,2024,498,8,13,0,1
3,SARSA + PS,2024,499,9,12,0,1
3,SARSA + PS + Kernel,42,0,-605,200,45,0
3,SARSA + PS + Kernel,42,1,-605,200,45,0
3,SARSA + PS + Kernel,42,2,-596,200,44,0
3,SARSA + PS + Kernel,42,3,-470,200,30,0
3,SARSA + PS + Kernel,42,4,-560,200,40,0
3,SARSA + PS + Kernel,42,5,-605,200,45,0
3,SARSA + PS + Kernel,42,6,-578,200,42,0
3,SARSA + PS + Kernel,42,7,-416,200,24,0
3,SARSA + PS + Kernel,42,8,-407,200,23,0
3,SARSA + PS + Kernel,42,9,-443,200,27,0
3,SARSA + PS + Kernel,42,10,-452,200,28,0
3,SARSA + PS + Kernel,42,11,-488,200,32,0
3,SARSA + PS + Kernel,42,12,-380,200,20,0
3,SARSA + PS + Kernel,42,13,-605,200,45,0
3,SARSA + PS + Kernel,42,14,-650,200,50,0
3,SARSA + PS + Kernel,42,15,-452,200,28,0
3,SARSA + PS + Kernel,42,16,-479,200,31,0
3,SARSA + PS + Kernel,42,17,-524,200,36,0
3,SARSA + PS + Kernel,42,18,-479,200,31,0
3,SARSA + PS + Kernel,42,19,-452,200,28,0
3,SARSA + PS + Kernel,42,20,-623,200,47,0
3,SARSA + PS + Kernel,42,21,-506,200,34,0
3,SARSA + PS + Kernel,42,22,-488,200,32,0
3,SARSA + PS + Kernel,42,23,-389,200,21,0
3,SARSA + PS + Kernel,42,24,-389,200,21,0
3,SARSA + PS + Kernel,42,25,-452,200,28,0
3,SARSA + PS + Kernel,42,26,-66,69,2,1
3,SARSA + PS + Kernel,42,27,-398,200,22,0
3,SARSA + PS + Kernel,42,28,-326,200,14,0
3,SARSA + PS + Kernel,42,29,-341,200,18,1
3,SARSA + PS + Kernel,42,30,-542,200,38,0
3,SARSA + PS + Kernel,42,31,-389,200,21,0
3,SARSA + PS + Kernel,42,32,-168,117,8,1
3,SARSA + PS + Kernel,42,33,-335,200,15,0
3,SARSA + PS + Kernel,42,34,-160,118,7,1
3,SARSA + PS + Kernel,42,35,-353,200,17,0
3,SARSA + PS + Kernel,42,36,-569,200,41,0
3,SARSA + PS + Kernel,42,37,-425,200,25,0
3,SARSA + PS + Kernel,42,38,-130,106,5,1
3,SARSA + PS + Kernel,42,39,-278,83,24,1
3,SARSA + PS + Kernel,42,40,-389,200,21,0
3,SARSA + PS + Kernel,42,41,-479,200,31,0
3,SARSA + PS + Kernel,42,42,-302,197,14,1
3,SARSA + PS + Kernel,42,43,14,7,0,1
3,SARSA + PS + Kernel,42,44,-208,175,6,1
3,SARSA + PS + Kernel,42,45,-272,200,8,0
3,SARSA + PS + Kernel,42,46,4,8,1,1
3,SARSA + PS + Kernel,42,47,-97,91,3,1
3,SARSA + PS + Kernel,42,48,-353,200,17,0
3,SARSA + PS + Kernel,42,49,-362,200,18,0
3,SARSA + PS + Kernel,42,50,-317,200,13,0
3,SARSA + PS + Kernel,42,51,-299,200,11,0
3,SARSA + PS + Kernel,42,52,-69,54,4,1
3,SARSA + PS + Kernel,42,53,-234,192,7,1
3,SARSA + PS + Kernel,42,54,-461,200,29,0
3,SARSA + PS + Kernel,42,55,-389,200,21,0
3,SARSA + PS + Kernel,42,56,-263,200,7,0
3,SARSA + PS + Kernel,42,57,-254,200,6,0
3,SARSA + PS + Kernel,42,58,-443,200,27,0
3,SARSA + PS + Kernel,42,59,-263,200,7,0
3,SARSA + PS + Kernel,42,60,-199,175,5,1
3,SARSA + PS + Kernel,42,61,-362,194,21,1
3,SARSA + PS + Kernel,42,62,-290,200,10,0
3,SARSA + PS + Kernel,42,63,-236,200,4,0
3,SARSA + PS + Kernel,42,64,-254,200,6,0
3,SARSA + PS + Kernel,42,65,-398,200,22,0
3,SARSA + PS + Kernel,42,66,-88,91,2,1
3,SARSA + PS + Kernel,42,67,-317,200,13,0
3,SARSA + PS + Kernel,42,68,-69,72,2,1
3,SARSA + PS + Kernel,42,69,-290,200,10,0
3,SARSA + PS + Kernel,42,70,-64,49,4,1
3,SARSA + PS + Kernel,42,71,-317,200,13,0
3,SARSA + PS + Kernel,42,72,-317,200,13,0
3,SARSA + PS + Kernel,42,73,-49,52,2,1
3,SARSA + PS + Kernel,42,74,-6,18,1,1
3,SARSA + PS + Kernel,42,75,-219,168,8,1
3,SARSA + PS + Kernel,42,76,-317,200,13,0
3,SARSA + PS + Kernel,42,77,-224,173,8,1
3,SARSA + PS + Kernel,42,78,-254,200,6,0
3,SARSA + PS + Kernel,42,79,-362,200,18,0
3,SARSA + PS + Kernel,42,80,-245,200,5,0
3,SARSA + PS + Kernel,42,81,-272,200,8,0
3,SARSA + PS + Kernel,42,82,-236,200,4,0
3,SARSA + PS + Kernel,42,83,-299,200,11,0
3,SARSA + PS + Kernel,42,84,15,6,0,1
3,SARSA + PS + Kernel,42,85,-56,50,3,1
3,SARSA + PS + Kernel,42,86,-425,200,25,0
3,SARSA + PS + Kernel,42,87,-236,200,4,0
3,SARSA + PS + Kernel,42,88,-162,138,5,1
3,SARSA + PS + Kernel,42,89,8,13,0,1
3,SARSA + PS + Kernel,42,90,-45,57,1,1
3,SARSA + PS + Kernel,42,91,-15,27,1,1
3,SARSA + PS + Kernel,42,92,-335,200,15,0
3,SARSA + PS + Kernel,42,93,-263,200,7,0
3,SARSA + PS + Kernel,42,94,-284,179,14,1
3,SARSA + PS + Kernel,42,95,-389,200,21,0
3,SARSA + PS + Kernel,42,96,7,14,0,1
3,SARSA + PS + Kernel,42,97,-398,200,22,0
3,SARSA + PS + Kernel,42,98,-353,200,17,0
3,SARSA + PS + Kernel,42,99,-3,15,1,1
3,SARSA + PS + Kernel,42,100,1,20,0,1
3,SARSA + PS + Kernel,42,101,-70,73,2,1
3,SARSA + PS + Kernel,42,102,-4,16,1,1
3,SARSA + PS + Kernel,42,103,-110,95,4,1
3,SARSA + PS + Kernel,42,104,-96,90,3,1
3,SARSA + PS + Kernel,42,105,-236,200,4,0
3,SARSA + PS + Kernel,42,106,-149,134,4,1
3,SARSA + PS + Kernel,42,107,-290,200,10,0
3,SARSA + PS + Kernel,42,108,5,7,1,1
3,SARSA + PS + Kernel,42,109,-40,43,2,1
3,SARSA + PS + Kernel,42,110,-241,136,14,1
3,SARSA + PS + Kernel,42,111,-2,23,0,1
3,SARSA + PS + Kernel,42,112,-254,200,6,0
3,SARSA + PS + Kernel,42,113,-13,34,0,1
3,SARSA + PS + Kernel,42,114,-177,162,4,1
3,SARSA + PS + Kernel,42,115,11,10,0,1
3,SARSA + PS + Kernel,42,116,-236,200,4,0
3,SARSA + PS + Kernel,42,117,-61,73,1,1
3,SARSA + PS + Kernel,42,118,4,17,0,1
3,SARSA + PS + Kernel,42,119,-120,132,1,1
3,SARSA + PS + Kernel,42,120,-110,113,2,1
3,SARSA + PS + Kernel,42,121,7,14,0,1
3,SARSA + PS + Kernel,42,122,-163,130,6,1
3,SARSA + PS + Kernel,42,123,10,11,0,1
3,SARSA + PS + Kernel,42,124,-117,84,6,1
3,SARSA + PS + Kernel,42,125,-17,20,2,1
3,SARSA + PS + Kernel,42,126,-39,60,0,1
3,SARSA + PS + Kernel,42,127,0,12,1,1
3,SARSA + PS + Kernel,42,128,-263,200,7,0
3,SARSA + PS + Kernel,42,129,-44,38,3,1
3,SARSA + PS + Kernel,42,130,-1,13,1,1
3,SARSA + PS + Kernel,42,131,-114,117,2,1
3,SARSA + PS + Kernel,42,132,-290,200,10,0
3,SARSA + PS + Kernel,42,133,-272,200,8,0
3,SARSA + PS + Kernel,42,134,-254,200,6,0
3,SARSA + PS + Kernel,42,135,-1,13,1,1
3,SARSA + PS + Kernel,42,136,-220,178,7,1
3,SARSA + PS + Kernel,42,137,-85,97,1,1
3,SARSA + PS + Kernel,42,138,-31,25,3,1
3,SARSA + PS + Kernel,42,139,-299,200,11,0
3,SARSA + PS + Kernel,42,140,-299,200,11,0
3,SARSA + PS + Kernel,42,141,2,10,1,1
3,SARSA + PS + Kernel,42,142,-281,200,9,0
3,SARSA + PS + Kernel,42,143,-30,42,1,1
3,SARSA + PS + Kernel,42,144,-182,149,6,1
3,SARSA + PS + Kernel,42,145,-84,69,4,1
3,SARSA + PS + Kernel,42,146,6,15,0,1
3,SARSA + PS + Kernel,42,147,-151,118,6,1
3,SARSA + PS + Kernel,42,148,1,20,0,1
3,SARSA + PS + Kernel,42,149,1,20,0,1
3,SARSA + PS + Kernel,42,150,-164,158,3,1
3,SARSA + PS + Kernel,42,151,-145,139,3,1
3,SARSA + PS + Kernel,42,152,-37,49,1,1
3,SARSA + PS + Kernel,42,153,-129,96,6,1
3,SARSA + PS + Kernel,42,154,-99,75,5,1
3,SARSA + PS + Kernel,42,155,-59,53,3,1
3,SARSA + PS + Kernel,42,156,-80,65,4,1
3,SARSA + PS + Kernel,42,157,-13,25,1,1
3,SARSA + PS + Kernel,42,158,-6,27,0,1
3,SARSA + PS + Kernel,42,159,9,12,0,1
3,SARSA + PS + Kernel,42,160,-119,68,8,1
3,SARSA + PS + Kernel,42,161,-186,153,6,1
3,SARSA + PS + Kernel,42,162,-263,200,7,0
3,SARSA + PS + Kernel,42,163,-263,200,7,0
3,SARSA + PS + Kernel,42,164,-12,24,1,1
3,SARSA + PS + Kernel,42,165,-7,19,1,1
3,SARSA + PS + Kernel,42,166,14,7,0,1
3,SARSA + PS + Kernel,42,167,-67,52,4,1
3,SARSA + PS + Kernel,42,168,-37,40,2,1
3,SARSA + PS + Kernel,42,169,-3,24,0,1
3,SARSA + PS + Kernel,42,170,-21,24,2,1
3,SARSA + PS + Kernel,42,171,-17,29,1,1
3,SARSA + PS + Kernel,42,172,5,16,0,1
3,SARSA + PS + Kernel,42,173,-49,70,0,1
3,SARSA + PS + Kernel,42,174,-11,32,0,1
3,SARSA + PS + Kernel,42,175,-25,28,2,1
3,SARSA + PS + Kernel,42,176,-4,25,0,1
3,SARSA + PS + Kernel,42,177,-84,69,4,1
3,SARSA + PS + Kernel,42,178,-29,50,0,1
3,SARSA + PS + Kernel,42,179,-202,169,6,1
3,SARSA + PS + Kernel,42,180,-7,10,2,1
3,SARSA + PS + Kernel,42,181,-24,36,1,1
3,SARSA + PS + Kernel,42,182,-11,14,2,1
3,SARSA + PS + Kernel,42,183,-28,40,1,1
3,SARSA + PS + Kernel,42,184,-17,29,1,1
3,SARSA + PS + Kernel,42,185,-126,111,4,1
3,SARSA + PS + Kernel,42,186,11,10,0,1
3,SARSA + PS + Kernel,42,187,-129,105,5,1
3,SARSA + PS + Kernel,42,188,12,9,0,1
3,SARSA + PS + Kernel,42,189,-254,200,6,0
3,SARSA + PS + Kernel,42,190,10,11,0,1
3,SARSA + PS + Kernel,42,191,-1,13,1,1
3,SARSA + PS + Kernel,42,192,-31,52,0,1
3,SARSA + PS + Kernel,42,193,-9,21,1,1
3,SARSA + PS + Kernel,42,194,12,9,0,1
3,SARSA + PS + Kernel,42,195,-96,72,5,1
3,SARSA + PS + Kernel,42,196,5,16,0,1
3,SARSA + PS + Kernel,42,197,-25,37,1,1
3,SARSA + PS + Kernel,42,198,-3,15,1,1
3,SARSA + PS + Kernel,42,199,2,10,1,1
3,SARSA + PS + Kernel,42,200,3,18,0,1
3,SARSA + PS + Kernel,42,201,-34,37,2,1
3,SARSA + PS + Kernel,42,202,-29,23,3,1
3,SARSA + PS + Kernel,42,203,-2,14,1,1
3,SARSA + PS + Kernel,42,204,-36,57,0,1
3,SARSA + PS + Kernel,42,205,11,10,0,1
3,SARSA + PS + Kernel,42,206,-13,34,0,1
3,SARSA + PS + Kernel,42,207,-272,200,8,0
3,SARSA + PS + Kernel,42,208,13,8,0,1
3,SARSA + PS + Kernel,42,209,3,18,0,1
3,SARSA + PS + Kernel,42,210,-46,49,2,1
3,SARSA + PS + Kernel,42,211,-1,22,0,1
3,SARSA + PS + Kernel,42,212,-10,13,2,1
3,SARSA + PS + Kernel,42,213,-12,33,0,1
3,SARSA + PS + Kernel,42,214,8,13,0,1
3,SARSA + PS + Kernel,42,215,-71,83,1,1
3,SARSA + PS + Kernel,42,216,-19,40,0,1
3,SARSA + PS + Kernel,42,217,-1,13,1,1
3,SARSA + PS + Kernel,42,218,5,16,0,1
3,SARSA + PS + Kernel,42,219,-132,135,2,1
3,SARSA + PS + Kernel,42,220,-19,31,1,1
3,SARSA + PS + Kernel,42,221,12,9,0,1
3,SARSA + PS + Kernel,42,222,13,8,0,1
3,SARSA + PS + Kernel,42,223,-8,20,1,1
3,SARSA + PS + Kernel,42,224,14,7,0,1
3,SARSA + PS + Kernel,42,225,12,9,0,1
3,SARSA + PS + Kernel,42,226,-95,89,3,1
3,SARSA + PS + Kernel,42,227,-31,43,1,1
3,SARSA + PS + Kernel,42,228,-99,75,5,1
3,SARSA + PS + Kernel,42,229,4,17,0,1
3,SARSA + PS + Kernel,42,230,-5,17,1,1
3,SARSA + PS + Kernel,42,231,-7,28,0,1
3,SARSA + PS + Kernel,42,232,-16,28,1,1
3,SARSA + PS + Kernel,42,233,-92,68,5,1
3,SARSA + PS + Kernel,42,234,14,7,0,1
3,SARSA + PS + Kernel,42,235,11,10,0,1
3,SARSA + PS + Kernel,42,236,-4,16,1,1
3,SARSA + PS + Kernel,42,237,-53,47,3,1
3,SARSA + PS + Kernel,42,238,11,10,0,1
3,SARSA + PS + Kernel,42,239,2,10,1,1
3,SARSA + PS + Kernel,42,240,0,12,1,1
3,SARSA + PS + Kernel,42,241,-54,48,3,1
3,SARSA + PS + Kernel,42,242,-59,62,2,1
3,SARSA + PS + Kernel,42,243,8,13,0,1
3,SARSA + PS + Kernel,42,244,8,13,0,1
3,SARSA + PS + Kernel,42,245,-18,39,0,1
3,SARSA + PS + Kernel,42,246,-7,19,1,1
3,SARSA + PS + Kernel,42,247,-19,40,0,1
3,SARSA + PS + Kernel,42,248,-15,27,1,1
3,SARSA + PS + Kernel,42,249,-27,39,1,1
3,SARSA + PS + Kernel,42,250,0,21,0,1
3,SARSA + PS + Kernel,42,251,-16,37,0,1
3,SARSA + PS + Kernel,42,252,-12,24,1,1
3,SARSA + PS + Kernel,42,253,-16,28,1,1
3,SARSA + PS + Kernel,42,254,-254,200,6,0
3,SARSA + PS + Kernel,42,255,-23,44,0,1
3,SARSA + PS + Kernel,42,256,7,14,0,1
3,SARSA + PS + Kernel,42,257,1,20,0,1
3,SARSA + PS + Kernel,42,258,-62,47,4,1
3,SARSA + PS + Kernel,42,259,9,12,0,1
3,SARSA + PS + Kernel,42,260,7,14,0,1
3,SARSA + PS + Kernel,42,261,-8,29,0,1
3,SARSA + PS + Kernel,42,262,-35,38,2,1
3,SARSA + PS + Kernel,42,263,10,11,0,1
3,SARSA + PS + Kernel,42,264,-7,28,0,1
3,SARSA + PS + Kernel,42,265,-139,106,6,1
3,SARSA + PS + Kernel,42,266,-6,18,1,1
3,SARSA + PS + Kernel,42,267,0,21,0,1
3,SARSA + PS + Kernel,42,268,5,16,0,1
3,SARSA + PS + Kernel,42,269,-6,27,0,1
3,SARSA + PS + Kernel,42,270,-17,29,1,1
3,SARSA + PS + Kernel,42,271,-7,28,0,1
3,SARSA + PS + Kernel,42,272,-40,52,1,1
3,SARSA + PS + Kernel,42,273,-16,37,0,1
3,SARSA + PS + Kernel,42,274,13,8,0,1
3,SARSA + PS + Kernel,42,275,-10,22,1,1
3,SARSA + PS + Kernel,42,276,10,11,0,1
3,SARSA + PS + Kernel,42,277,-24,27,2,1
3,SARSA + PS + Kernel,42,278,-3,24,0,1
3,SARSA + PS + Kernel,42,279,-21,33,1,1
3,SARSA + PS + Kernel,42,280,-28,31,2,1
3,SARSA + PS + Kernel,42,281,6,15,0,1
3,SARSA + PS + Kernel,42,282,9,12,0,1
3,SARSA + PS + Kernel,42,283,2,19,0,1
3,SARSA + PS + Kernel,42,284,1,11,1,1
3,SARSA + PS + Kernel,42,285,-57,60,2,1
3,SARSA + PS + Kernel,42,286,-49,61,1,1
3,SARSA + PS + Kernel,42,287,-236,200,4,0
3,SARSA + PS + Kernel,42,288,-19,40,0,1
3,SARSA + PS + Kernel,42,289,12,9,0,1
3,SARSA + PS + Kernel,42,290,0,12,1,1
3,SARSA + PS + Kernel,42,291,-35,47,1,1
3,SARSA + PS + Kernel,42,292,10,11,0,1
3,SARSA + PS + Kernel,42,293,-31,34,2,1
3,SARSA + PS + Kernel,42,294,-17,38,0,1
3,SARSA + PS + Kernel,42,295,-3,24,0,1
3,SARSA + PS + Kernel,42,296,11,10,0,1
3,SARSA + PS + Kernel,42,297,8,13,0,1
3,SARSA + PS + Kernel,42,298,2,10,1,1
3,SARSA + PS + Kernel,42,299,-65,50,4,1
3,SARSA + PS + Kernel,42,300,2,19,0,1
3,SARSA + PS + Kernel,42,301,-40,52,1,1
3,SARSA + PS + Kernel,42,302,9,12,0,1
3,SARSA + PS + Kernel,42,303,-9,21,1,1
3,SARSA + PS + Kernel,42,304,-71,74,2,1
3,SARSA + PS + Kernel,42,305,-19,22,2,1
3,SARSA + PS + Kernel,42,306,-27,48,0,1
3,SARSA + PS + Kernel,42,307,8,13,0,1
3,SARSA + PS + Kernel,42,308,4,17,0,1
3,SARSA + PS + Kernel,42,309,7,14,0,1
3,SARSA + PS + Kernel,42,310,-68,62,3,1
3,SARSA + PS + Kernel,42,311,-80,74,3,1
3,SARSA + PS + Kernel,42,312,0,21,0,1
3,SARSA + PS + Kernel,42,313,9,12,0,1
3,SARSA + PS + Kernel,42,314,-5,17,1,1
3,SARSA + PS + Kernel,42,315,-84,69,4,1
3,SARSA + PS + Kernel,42,316,3,18,0,1
3,SARSA + PS + Kernel,42,317,12,9,0,1
3,SARSA + PS + Kernel,42,318,2,19,0,1
3,SARSA + PS + Kernel,42,319,-6,18,1,1
3,SARSA + PS + Kernel,42,320,-34,46,1,1
3,SARSA + PS + Kernel,42,321,12,9,0,1
3,SARSA + PS + Kernel,42,322,-25,37,1,1
3,SARSA + PS + Kernel,42,323,11,10,0,1
3,SARSA + PS + Kernel,42,324,-4,25,0,1
3,SARSA + PS + Kernel,42,325,6,15,0,1
3,SARSA + PS + Kernel,42,326,5,16,0,1
3,SARSA + PS + Kernel,42,327,10,11,0,1
3,SARSA + PS + Kernel,42,328,-25,37,1,1
3,SARSA + PS + Kernel,42,329,9,12,0,1
3,SARSA + PS + Kernel,42,330,10,11,0,1
3,SARSA + PS + Kernel,42,331,-31,52,0,1
3,SARSA + PS + Kernel,42,332,-51,54,2,1
3,SARSA + PS + Kernel,42,333,-5,17,1,1
3,SARSA + PS + Kernel,42,334,8,13,0,1
3,SARSA + PS + Kernel,42,335,10,11,0,1
3,SARSA + PS + Kernel,42,336,7,14,0,1
3,SARSA + PS + Kernel,42,337,-11,23,1,1
3,SARSA + PS + Kernel,42,338,-25,28,2,1
3,SARSA + PS + Kernel,42,339,-6,18,1,1
3,SARSA + PS + Kernel,42,340,4,17,0,1
3,SARSA + PS + Kernel,42,341,-16,28,1,1
3,SARSA + PS + Kernel,42,342,9,12,0,1
3,SARSA + PS + Kernel,42,343,3,18,0,1
3,SARSA + PS + Kernel,42,344,-17,29,1,1
3,SARSA + PS + Kernel,42,345,11,10,0,1
3,SARSA + PS + Kernel,42,346,-7,19,1,1
3,SARSA + PS + Kernel,42,347,1,11,1,1
3,SARSA + PS + Kernel,42,348,-1,22,0,1
3,SARSA + PS + Kernel,42,349,15,6,0,1
3,SARSA + PS + Kernel,42,350,-13,25,1,1
3,SARSA + PS + Kernel,42,351,-8,20,1,1
3,SARSA + PS + Kernel,42,352,12,9,0,1
3,SARSA + PS + Kernel,42,353,-8,29,0,1
3,SARSA + PS + Kernel,42,354,-1,22,0,1
3,SARSA + PS + Kernel,42,355,-2,14,1,1
3,SARSA + PS + Kernel,42,356,-9,12,2,1
3,SARSA + PS + Kernel,42,357,-8,29,0,1
3,SARSA + PS + Kernel,42,358,-6,18,1,1
3,SARSA + PS + Kernel,42,359,-14,26,1,1
3,SARSA + PS + Kernel,42,360,7,14,0,1
3,SARSA + PS + Kernel,42,361,13,8,0,1
3,SARSA + PS + Kernel,42,362,8,13,0,1
3,SARSA + PS + Kernel,42,363,-6,18,1,1
3,SARSA + PS + Kernel,42,364,-11,23,1,1
3,SARSA + PS + Kernel,42,365,0,21,0,1
3,SARSA + PS + Kernel,42,366,7,14,0,1
3,SARSA + PS + Kernel,42,367,-7,19,1,1
3,SARSA + PS + Kernel,42,368,3,18,0,1
3,SARSA + PS + Kernel,42,369,7,14,0,1
3,SARSA + PS + Kernel,42,370,10,11,0,1
3,SARSA + PS + Kernel,42,371,3,9,1,1
3,SARSA + PS + Kernel,42,372,12,9,0,1
3,SARSA + PS + Kernel,42,373,-254,200,6,0
3,SARSA + PS + Kernel,42,374,11,10,0,1
3,SARSA + PS + Kernel,42,375,12,9,0,1
3,SARSA + PS + Kernel,42,376,2,19,0,1
3,SARSA + PS + Kernel,42,377,-27,21,3,1
3,SARSA + PS + Kernel,42,378,11,10,0,1
3,SARSA + PS + Kernel,42,379,-23,17,3,1
3,SARSA + PS + Kernel,42,380,6,15,0,1
3,SARSA + PS + Kernel,42,381,7,14,0,1
3,SARSA + PS + Kernel,42,382,-74,77,2,1
3,SARSA + PS + Kernel,42,383,-227,200,3,0
3,SARSA + PS + Kernel,42,384,0,12,1,1
3,SARSA + PS + Kernel,42,385,-35,47,1,1
3,SARSA + PS + Kernel,42,386,-62,65,2,1
3,SARSA + PS + Kernel,42,387,0,12,1,1
3,SARSA + PS + Kernel,42,388,-74,68,3,1
3,SARSA + PS + Kernel,42,389,1,20,0,1
3,SARSA + PS + Kernel,42,390,-3,15,1,1
3,SARSA + PS + Kernel,42,391,-84,78,3,1
3,SARSA + PS + Kernel,42,392,-60,54,3,1
3,SARSA + PS + Kernel,42,393,-18,21,2,1
3,SARSA + PS + Kernel,42,394,-32,44,1,1
3,SARSA + PS + Kernel,42,395,-7,19,1,1
3,SARSA + PS + Kernel,42,396,5,16,0,1
3,SARSA + PS + Kernel,42,397,-3,24,0,1
3,SARSA + PS + Kernel,42,398,0,21,0,1
3,SARSA + PS + Kernel,42,399,14,7,0,1
3,SARSA + PS + Kernel,42,400,10,11,0,1
3,SARSA + PS + Kernel,42,401,0,21,0,1
3,SARSA + PS + Kernel,42,402,11,10,0,1
3,SARSA + PS + Kernel,42,403,8,13,0,1
3,SARSA + PS + Kernel,42,404,-81,84,2,1
3,SARSA + PS + Kernel,42,405,-28,31,2,1
3,SARSA + PS + Kernel,42,406,-10,31,0,1
3,SARSA + PS + Kernel,42,407,-18,21,2,1
3,SARSA + PS + Kernel,42,408,3,18,0,1
3,SARSA + PS + Kernel,42,409,-2,14,1,1
3,SARSA + PS + Kernel,42,410,8,13,0,1
3,SARSA + PS + Kernel,42,411,-25,46,0,1
3,SARSA + PS + Kernel,42,412,-1,22,0,1
3,SARSA + PS + Kernel,42,413,8,13,0,1
3,SARSA + PS + Kernel,42,414,5,16,0,1
3,SARSA + PS + Kernel,42,415,-13,25,1,1
3,SARSA + PS + Kernel,42,416,-19,40,0,1
3,SARSA + PS + Kernel,42,417,-15,36,0,1
3,SARSA + PS + Kernel,42,418,-4,16,1,1
3,SARSA + PS + Kernel,42,419,1,20,0,1
3,SARSA + PS + Kernel,42,420,-33,27,3,1
3,SARSA + PS + Kernel,42,421,2,19,0,1
3,SARSA + PS + Kernel,42,422,5,16,0,1
3,SARSA + PS + Kernel,42,423,-1,22,0,1
3,SARSA + PS + Kernel,42,424,-9,21,1,1
3,SARSA + PS + Kernel,42,425,-24,27,2,1
3,SARSA + PS + Kernel,42,426,12,9,0,1
3,SARSA + PS + Kernel,42,427,-3,15,1,1
3,SARSA + PS + Kernel,42,428,12,9,0,1
3,SARSA + PS + Kernel,42,429,8,13,0,1
3,SARSA + PS + Kernel,42,430,11,10,0,1
3,SARSA + PS + Kernel,42,431,-12,15,2,1
3,SARSA + PS + Kernel,42,432,10,11,0,1
3,SARSA + PS + Kernel,42,433,-2,23,0,1
3,SARSA + PS + Kernel,42,434,-4,25,0,1
3,SARSA + PS + Kernel,42,435,0,21,0,1
3,SARSA + PS + Kernel,42,436,-2,23,0,1
3,SARSA + PS + Kernel,42,437,5,16,0,1
3,SARSA + PS + Kernel,42,438,9,12,0,1
3,SARSA + PS + Kernel,42,439,-25,37,1,1
3,SARSA + PS + Kernel,42,440,7,14,0,1
3,SARSA + PS + Kernel,42,441,-17,29,1,1
3,SARSA + PS + Kernel,42,442,-30,33,2,1
3,SARSA + PS + Kernel,42,443,10,11,0,1
3,SARSA + PS + Kernel,42,444,7,14,0,1
3,SARSA + PS + Kernel,42,445,9,12,0,1
3,SARSA + PS + Kernel,42,446,-32,35,2,1
3,SARSA + PS + Kernel,42,447,-36,30,3,1
3,SARSA + PS + Kernel,42,448,8,13,0,1
3,SARSA + PS + Kernel,42,449,8,13,0,1
3,SARSA + PS + Kernel,42,450,-75,69,3,1
3,SARSA + PS + Kernel,42,451,5,16,0,1
3,SARSA + PS + Kernel,42,452,-35,29,3,1
3,SARSA + PS + Kernel,42,453,-4,25,0,1
3,SARSA + PS + Kernel,42,454,6,15,0,1
3,SARSA + PS + Kernel,42,455,6,15,0,1
3,SARSA + PS + Kernel,42,456,10,11,0,1
3,SARSA + PS + Kernel,42,457,2,19,0,1
3,SARSA + PS + Kernel,42,458,-27,30,2,1
3,SARSA + PS + Kernel,42,459,3,9,1,1
3,SARSA + PS + Kernel,42,460,10,11,0,1
3,SARSA + PS + Kernel,42,461,-53,56,2,1
3,SARSA + PS + Kernel,42,462,-7,28,0,1
3,SARSA + PS + Kernel,42,463,-29,32,2,1
3,SARSA + PS + Kernel,42,464,-22,16,3,1
3,SARSA + PS + Kernel,42,465,8,13,0,1
3,SARSA + PS + Kernel,42,466,10,11,0,1
3,SARSA + PS + Kernel,42,467,12,9,0,1
3,SARSA + PS + Kernel,42,468,9,12,0,1
3,SARSA + PS + Kernel,42,469,-29,41,1,1
3,SARSA + PS + Kernel,42,470,14,7,0,1
3,SARSA + PS + Kernel,42,471,-12,15,2,1
3,SARSA + PS + Kernel,42,472,-28,31,2,1
3,SARSA + PS + Kernel,42,473,6,15,0,1
3,SARSA + PS + Kernel,42,474,-24,27,2,1
3,SARSA + PS + Kernel,42,475,-22,16,3,1
3,SARSA + PS + Kernel,42,476,-90,57,6,1
3,SARSA + PS + Kernel,42,477,-91,76,4,1
3,SARSA + PS + Kernel,42,478,-4,16,1,1
3,SARSA + PS + Kernel,42,479,7,14,0,1
3,SARSA + PS + Kernel,42,480,-15,36,0,1
3,SARSA + PS + Kernel,42,481,12,9,0,1
3,SARSA + PS + Kernel,42,482,7,14,0,1
3,SARSA + PS + Kernel,42,483,-3,15,1,1
3,SARSA + PS + Kernel,42,484,12,9,0,1
3,SARSA + PS + Kernel,42,485,-1,13,1,1
3,SARSA + PS + Kernel,42,486,-25,28,2,1
3,SARSA + PS + Kernel,42,487,-204,189,4,1
3,SARSA + PS + Kernel,42,488,1,11,1,1
3,SARSA + PS + Kernel,42,489,-9,21,1,1
3,SARSA + PS + Kernel,42,490,-7,19,1,1
3,SARSA + PS + Kernel,42,491,-11,14,2,1
3,SARSA + PS + Kernel,42,492,11,10,0,1
3,SARSA + PS + Kernel,42,493,-31,43,1,1
3,SARSA + PS + Kernel,42,494,14,7,0,1
3,SARSA + PS + Kernel,42,495,6,15,0,1
3,SARSA + PS + Kernel,42,496,10,11,0,1
3,SARSA + PS + Kernel,42,497,2,19,0,1
3,SARSA + PS + Kernel,42,498,6,15,0,1
3,SARSA + PS + Kernel,42,499,6,15,0,1
3,SARSA + PS + Kernel,123,0,-542,200,38,0
3,SARSA + PS + Kernel,123,1,-560,200,40,0
3,SARSA + PS + Kernel,123,2,-632,200,48,0
3,SARSA + PS + Kernel,123,3,-560,200,40,0
3,SARSA + PS + Kernel,123,4,-623,200,47,0
3,SARSA + PS + Kernel,123,5,-578,200,42,0
3,SARSA + PS + Kernel,123,6,-488,200,32,0
3,SARSA + PS + Kernel,123,7,-461,200,29,0
3,SARSA + PS + Kernel,123,8,-498,186,37,1
3,SARSA + PS + Kernel,123,9,-371,200,19,0
3,SARSA + PS + Kernel,123,10,-560,200,40,0
3,SARSA + PS + Kernel,123,11,-623,200,47,0
3,SARSA + PS + Kernel,123,12,-614,200,46,0
3,SARSA + PS + Kernel,123,13,-461,200,29,0
3,SARSA + PS + Kernel,123,14,-416,200,24,0
3,SARSA + PS + Kernel,123,15,-362,200,18,0
3,SARSA + PS + Kernel,123,16,-506,200,34,0
3,SARSA + PS + Kernel,123,17,-425,200,25,0
3,SARSA + PS + Kernel,123,18,-470,200,30,0
3,SARSA + PS + Kernel,123,19,-398,200,22,0
3,SARSA + PS + Kernel,123,20,-416,200,24,0
3,SARSA + PS + Kernel,123,21,-605,200,45,0
3,SARSA + PS + Kernel,123,22,-437,170,32,1
3,SARSA + PS + Kernel,123,23,-389,200,21,0
3,SARSA + PS + Kernel,123,24,-407,200,23,0
3,SARSA + PS + Kernel,123,25,-560,200,40,0
3,SARSA + PS + Kernel,123,26,-389,200,21,0
3,SARSA + PS + Kernel,123,27,-452,200,28,0
3,SARSA + PS + Kernel,123,28,-479,200,31,0
3,SARSA + PS + Kernel,123,29,-357,162,24,1
3,SARSA + PS + Kernel,123,30,-452,200,28,0
3,SARSA + PS + Kernel,123,31,-416,200,24,0
3,SARSA + PS + Kernel,123,32,-344,200,16,0
3,SARSA + PS + Kernel,123,33,-102,60,7,1
3,SARSA + PS + Kernel,123,34,-317,200,13,0
3,SARSA + PS + Kernel,123,35,-203,125,11,1
3,SARSA + PS + Kernel,123,36,-371,200,19,0
3,SARSA + PS + Kernel,123,37,-659,200,51,0
3,SARSA + PS + Kernel,123,38,-353,200,17,0
3,SARSA + PS + Kernel,123,39,-434,200,26,0
3,SARSA + PS + Kernel,123,40,-479,200,31,0
3,SARSA + PS + Kernel,123,41,-367,181,23,1
3,SARSA + PS + Kernel,123,42,-22,25,2,1
3,SARSA + PS + Kernel,123,43,-261,156,14,1
3,SARSA + PS + Kernel,123,44,-380,200,20,0
3,SARSA + PS + Kernel,123,45,-326,200,14,0
3,SARSA + PS + Kernel,123,46,-163,76,12,1
3,SARSA + PS + Kernel,123,47,-209,200,1,0
3,SARSA + PS + Kernel,123,48,-43,46,2,1
3,SARSA + PS + Kernel,123,49,-43,28,4,1
3,SARSA + PS + Kernel,123,50,-263,200,7,0
3,SARSA + PS + Kernel,123,51,-226,148,11,1
3,SARSA + PS + Kernel,123,52,-245,200,5,0
3,SARSA + PS + Kernel,123,53,-35,47,1,1
3,SARSA + PS + Kernel,123,54,-263,200,7,0
3,SARSA + PS + Kernel,123,55,-100,76,5,1
3,SARSA + PS + Kernel,123,56,-407,200,23,0
3,SARSA + PS + Kernel,123,57,-425,200,25,0
3,SARSA + PS + Kernel,123,58,-416,200,24,0
3,SARSA + PS + Kernel,123,59,-111,105,3,1
3,SARSA + PS + Kernel,123,60,-39,33,3,1
3,SARSA + PS + Kernel,123,61,-29,41,1,1
3,SARSA + PS + Kernel,123,62,-59,53,3,1
3,SARSA + PS + Kernel,123,63,-281,200,9,0
3,SARSA + PS + Kernel,123,64,-168,90,11,1
3,SARSA + PS + Kernel,123,65,-32,53,0,1
3,SARSA + PS + Kernel,123,66,-265,178,12,1
3,SARSA + PS + Kernel,123,67,-4,25,0,1
3,SARSA + PS + Kernel,123,68,-44,47,2,1
3,SARSA + PS + Kernel,123,69,-32,53,0,1
3,SARSA + PS + Kernel,123,70,-227,200,3,0
3,SARSA + PS + Kernel,123,71,-19,40,0,1
3,SARSA + PS + Kernel,123,72,-147,87,9,1
3,SARSA + PS + Kernel,123,73,-207,165,7,1
3,SARSA + PS + Kernel,123,74,-171,129,7,1
3,SARSA + PS + Kernel,123,75,-230,134,13,1
3,SARSA + PS + Kernel,123,76,-281,200,9,0
3,SARSA + PS + Kernel,123,77,-317,200,13,0
3,SARSA + PS + Kernel,123,78,-9,30,0,1
3,SARSA + PS + Kernel,123,79,-236,200,4,0
3,SARSA + PS + Kernel,123,80,-222,180,7,1
3,SARSA + PS + Kernel,123,81,-290,200,10,0
3,SARSA + PS + Kernel,123,82,-272,200,8,0
3,SARSA + PS + Kernel,123,83,-102,78,5,1
3,SARSA + PS + Kernel,123,84,-308,200,12,0
3,SARSA + PS + Kernel,123,85,14,7,0,1
3,SARSA + PS + Kernel,123,86,-158,134,5,1
3,SARSA + PS + Kernel,123,87,-263,200,7,0
3,SARSA + PS + Kernel,123,88,-21,33,1,1
3,SARSA + PS + Kernel,123,89,-17,29,1,1
3,SARSA + PS + Kernel,123,90,-48,60,1,1
3,SARSA + PS + Kernel,123,91,-227,200,3,0
3,SARSA + PS + Kernel,123,92,-90,75,4,1
3,SARSA + PS + Kernel,123,93,-425,200,25,0
3,SARSA + PS + Kernel,123,94,-64,58,3,1
3,SARSA + PS + Kernel,123,95,-56,59,2,1
3,SARSA + PS + Kernel,123,96,-213,180,6,1
3,SARSA + PS + Kernel,123,97,-14,35,0,1
3,SARSA + PS + Kernel,123,98,-263,200,7,0
3,SARSA + PS + Kernel,123,99,13,8,0,1
3,SARSA + PS + Kernel,123,100,-73,76,2,1
3,SARSA + PS + Kernel,123,101,-51,63,1,1
3,SARSA + PS + Kernel,123,102,-58,43,4,1
3,SARSA + PS + Kernel,123,103,-14,35,0,1
3,SARSA + PS + Kernel,123,104,-4,16,1,1
3,SARSA + PS + Kernel,123,105,3,18,0,1
3,SARSA + PS + Kernel,123,106,-124,145,0,1
3,SARSA + PS + Kernel,123,107,2,10,1,1
3,SARSA + PS + Kernel,123,108,-263,200,7,0
3,SARSA + PS + Kernel,123,109,2,10,1,1
3,SARSA + PS + Kernel,123,110,-2,23,0,1
3,SARSA + PS + Kernel,123,111,-37,40,2,1
3,SARSA + PS + Kernel,123,112,-108,102,3,1
3,SARSA + PS + Kernel,123,113,8,13,0,1
3,SARSA + PS + Kernel,123,114,-110,68,7,1
3,SARSA + PS + Kernel,123,115,-281,200,9,0
3,SARSA + PS + Kernel,123,116,-218,200,2,0
3,SARSA + PS + Kernel,123,117,-10,22,1,1
3,SARSA + PS + Kernel,123,118,12,9,0,1
3,SARSA + PS + Kernel,123,119,-31,34,2,1
3,SARSA + PS + Kernel,123,120,-46,58,1,1
3,SARSA + PS + Kernel,123,121,-16,28,1,1
3,SARSA + PS + Kernel,123,122,-77,80,2,1
3,SARSA + PS + Kernel,123,123,-196,163,6,1
3,SARSA + PS + Kernel,123,124,-103,61,7,1
3,SARSA + PS + Kernel,123,125,1,20,0,1
3,SARSA + PS + Kernel,123,126,-149,125,5,1
3,SARSA + PS + Kernel,123,127,-7,10,2,1
3,SARSA + PS + Kernel,123,128,-9,21,1,1
3,SARSA + PS + Kernel,123,129,-290,200,10,0
3,SARSA + PS + Kernel,123,130,-254,200,6,0
3,SARSA + PS + Kernel,123,131,-10,13,2,1
3,SARSA + PS + Kernel,123,132,-17,38,0,1
3,SARSA + PS + Kernel,123,133,-12,33,0,1
3,SARSA + PS + Kernel,123,134,4,17,0,1
3,SARSA + PS + Kernel,123,135,-9,21,1,1
3,SARSA + PS + Kernel,123,136,-57,69,1,1
3,SARSA + PS + Kernel,123,137,-94,97,2,1
3,SARSA + PS + Kernel,123,138,-143,137,3,1
3,SARSA + PS + Kernel,123,139,-212,152,9,1
3,SARSA + PS + Kernel,123,140,12,9,0,1
3,SARSA + PS + Kernel,123,141,13,8,0,1
3,SARSA + PS + Kernel,123,142,-24,27,2,1
3,SARSA + PS + Kernel,123,143,14,7,0,1
3,SARSA + PS + Kernel,123,144,12,9,0,1
3,SARSA + PS + Kernel,123,145,-83,77,3,1
3,SARSA + PS + Kernel,123,146,-12,24,1,1
3,SARSA + PS + Kernel,123,147,-127,112,4,1
3,SARSA + PS + Kernel,123,148,-59,62,2,1
3,SARSA + PS + Kernel,123,149,-24,36,1,1
3,SARSA + PS + Kernel,123,150,-35,29,3,1
3,SARSA + PS + Kernel,123,151,-21,33,1,1
3,SARSA + PS + Kernel,123,152,-32,44,1,1
3,SARSA + PS + Kernel,123,153,13,8,0,1
3,SARSA + PS + Kernel,123,154,0,21,0,1
3,SARSA + PS + Kernel,123,155,-58,70,1,1
3,SARSA + PS + Kernel,123,156,-25,37,1,1
3,SARSA + PS + Kernel,123,157,-254,200,6,0
3,SARSA + PS + Kernel,123,158,2,10,1,1
3,SARSA + PS + Kernel,123,159,-57,60,2,1
3,SARSA + PS + Kernel,123,160,-290,200,10,0
3,SARSA + PS + Kernel,123,161,-63,84,0,1
3,SARSA + PS + Kernel,123,162,10,11,0,1
3,SARSA + PS + Kernel,123,163,-2,14,1,1
3,SARSA + PS + Kernel,123,164,-48,51,2,1
3,SARSA + PS + Kernel,123,165,-82,85,2,1
3,SARSA + PS + Kernel,123,166,-272,200,8,0
3,SARSA + PS + Kernel,123,167,-1,22,0,1
3,SARSA + PS + Kernel,123,168,-1,22,0,1
3,SARSA + PS + Kernel,123,169,7,14,0,1
3,SARSA + PS + Kernel,123,170,-18,30,1,1
3,SARSA + PS + Kernel,123,171,-68,62,3,1
3,SARSA + PS + Kernel,123,172,-7,19,1,1
3,SARSA + PS + Kernel,123,173,-218,200,2,0
3,SARSA + PS + Kernel,123,174,-51,45,3,1
3,SARSA + PS + Kernel,123,175,-254,200,6,0
3,SARSA + PS + Kernel,123,176,-101,77,5,1
3,SARSA + PS + Kernel,123,177,-158,125,6,1
3,SARSA + PS + Kernel,123,178,-22,34,1,1
3,SARSA + PS + Kernel,123,179,-199,157,7,1
3,SARSA + PS + Kernel,123,180,-135,120,4,1
3,SARSA + PS + Kernel,123,181,-40,61,0,1
3,SARSA + PS + Kernel,123,182,-17,29,1,1
3,SARSA + PS + Kernel,123,183,-27,30,2,1
3,SARSA + PS + Kernel,123,184,-245,200,5,0
3,SARSA + PS + Kernel,123,185,-2,23,0,1
3,SARSA + PS + Kernel,123,186,6,15,0,1
3,SARSA + PS + Kernel,123,187,-124,109,4,1
3,SARSA + PS + Kernel,123,188,-59,53,3,1
3,SARSA + PS + Kernel,123,189,-55,58,2,1
3,SARSA + PS + Kernel,123,190,-81,66,4,1
3,SARSA + PS + Kernel,123,191,-15,36,0,1
3,SARSA + PS + Kernel,123,192,-127,130,2,1
3,SARSA + PS + Kernel,123,193,13,8,0,1
3,SARSA + PS + Kernel,123,194,-256,196,9,1
3,SARSA + PS + Kernel,123,195,12,9,0,1
3,SARSA + PS + Kernel,123,196,-45,48,2,1
3,SARSA + PS + Kernel,123,197,-89,74,4,1
3,SARSA + PS + Kernel,123,198,-93,96,2,1
3,SARSA + PS + Kernel,123,199,-180,147,6,1
3,SARSA + PS + Kernel,123,200,-100,76,5,1
3,SARSA + PS + Kernel,123,201,12,9,0,1
3,SARSA + PS + Kernel,123,202,9,12,0,1
3,SARSA + PS + Kernel,123,203,0,12,1,1
3,SARSA + PS + Kernel,123,204,-263,200,7,0
3,SARSA + PS + Kernel,123,205,-73,76,2,1
3,SARSA + PS + Kernel,123,206,-128,131,2,1
3,SARSA + PS + Kernel,123,207,-104,107,2,1
3,SARSA + PS + Kernel,123,208,0,12,1,1
3,SARSA + PS + Kernel,123,209,10,11,0,1
3,SARSA + PS + Kernel,123,210,-94,97,2,1
3,SARSA + PS + Kernel,123,211,12,9,0,1
3,SARSA + PS + Kernel,123,212,-65,59,3,1
3,SARSA + PS + Kernel,123,213,-195,189,3,1
3,SARSA + PS + Kernel,123,214,-18,30,1,1
3,SARSA + PS + Kernel,123,215,1,11,1,1
3,SARSA + PS + Kernel,123,216,-82,76,3,1
3,SARSA + PS + Kernel,123,217,2,10,1,1
3,SARSA + PS + Kernel,123,218,-8,20,1,1
3,SARSA + PS + Kernel,123,219,-13,34,0,1
3,SARSA + PS + Kernel,123,220,-106,100,3,1
3,SARSA + PS + Kernel,123,221,9,12,0,1
3,SARSA + PS + Kernel,123,222,-8,20,1,1
3,SARSA + PS + Kernel,123,223,-43,55,1,1
3,SARSA + PS + Kernel,123,224,-13,34,0,1
3,SARSA + PS + Kernel,123,225,-87,90,2,1
3,SARSA + PS + Kernel,123,226,-56,68,1,1
3,SARSA + PS + Kernel,123,227,6,15,0,1
3,SARSA + PS + Kernel,123,228,11,10,0,1
3,SARSA + PS + Kernel,123,229,-34,46,1,1
3,SARSA + PS + Kernel,123,230,-52,46,3,1
3,SARSA + PS + Kernel,123,231,-24,45,0,1
3,SARSA + PS + Kernel,123,232,11,10,0,1
3,SARSA + PS + Kernel,123,233,-56,59,2,1
3,SARSA + PS + Kernel,123,234,-83,68,4,1
3,SARSA + PS + Kernel,123,235,-1,22,0,1
3,SARSA + PS + Kernel,123,236,12,9,0,1
3,SARSA + PS + Kernel,123,237,-6,27,0,1
3,SARSA + PS + Kernel,123,238,-9,21,1,1
3,SARSA + PS + Kernel,123,239,-26,29,2,1
3,SARSA + PS + Kernel,123,240,12,9,0,1
3,SARSA + PS + Kernel,123,241,-122,98,5,1
3,SARSA + PS + Kernel,123,242,11,10,0,1
3,SARSA + PS + Kernel,123,243,-11,32,0,1
3,SARSA + PS + Kernel,123,244,8,13,0,1
3,SARSA + PS + Kernel,123,245,5,16,0,1
3,SARSA + PS + Kernel,123,246,10,11,0,1
3,SARSA + PS + Kernel,123,247,-32,35,2,1
3,SARSA + PS + Kernel,123,248,8,13,0,1
3,SARSA + PS + Kernel,123,249,9,12,0,1
3,SARSA + PS + Kernel,123,250,-8,29,0,1
3,SARSA + PS + Kernel,123,251,-57,42,4,1
3,SARSA + PS + Kernel,123,252,2,19,0,1
3,SARSA + PS + Kernel,123,253,10,11,0,1
3,SARSA + PS + Kernel,123,254,8,13,0,1
3,SARSA + PS + Kernel,123,255,-5,26,0,1
3,SARSA + PS + Kernel,123,256,-29,41,1,1
3,SARSA + PS + Kernel,123,257,-22,43,0,1
3,SARSA + PS + Kernel,123,258,-12,24,1,1
3,SARSA + PS + Kernel,123,259,7,14,0,1
3,SARSA + PS + Kernel,123,260,-86,71,4,1
3,SARSA + PS + Kernel,123,261,9,12,0,1
3,SARSA + PS + Kernel,123,262,-254,200,6,0
3,SARSA + PS + Kernel,123,263,-2,23,0,1
3,SARSA + PS + Kernel,123,264,0,12,1,1
3,SARSA + PS + Kernel,123,265,3,18,0,1
3,SARSA + PS + Kernel,123,266,12,9,0,1
3,SARSA + PS + Kernel,123,267,-50,44,3,1
3,SARSA + PS + Kernel,123,268,15,6,0,1
3,SARSA + PS + Kernel,123,269,-34,37,2,1
3,SARSA + PS + Kernel,123,270,8,13,0,1
3,SARSA + PS + Kernel,123,271,12,9,0,1
3,SARSA + PS + Kernel,123,272,-24,27,2,1
3,SARSA + PS + Kernel,123,273,-4,25,0,1
3,SARSA + PS + Kernel,123,274,10,11,0,1
3,SARSA + PS + Kernel,123,275,9,12,0,1
3,SARSA + PS + Kernel,123,276,-84,96,1,1
3,SARSA + PS + Kernel,123,277,-23,17,3,1
3,SARSA + PS + Kernel,123,278,-59,62,2,1
3,SARSA + PS + Kernel,123,279,-152,146,3,1
3,SARSA + PS + Kernel,123,280,14,7,0,1
3,SARSA + PS + Kernel,123,281,8,13,0,1
3,SARSA + PS + Kernel,123,282,-12,24,1,1
3,SARSA + PS + Kernel,123,283,8,13,0,1
3,SARSA + PS + Kernel,123,284,-5,26,0,1
3,SARSA + PS + Kernel,123,285,9,12,0,1
3,SARSA + PS + Kernel,123,286,-14,17,2,1
3,SARSA + PS + Kernel,123,287,-23,35,1,1
3,SARSA + PS + Kernel,123,288,-13,34,0,1
3,SARSA + PS + Kernel,123,289,5,16,0,1
3,SARSA + PS + Kernel,123,290,14,7,0,1
3,SARSA + PS + Kernel,123,291,11,10,0,1
3,SARSA + PS + Kernel,123,292,-41,62,0,1
3,SARSA + PS + Kernel,123,293,9,12,0,1
3,SARSA + PS + Kernel,123,294,12,9,0,1
3,SARSA + PS + Kernel,123,295,-13,25,1,1
3,SARSA + PS + Kernel,123,296,1,20,0,1
3,SARSA + PS + Kernel,123,297,10,11,0,1
3,SARSA + PS + Kernel,123,298,-7,19,1,1
3,SARSA + PS + Kernel,123,299,7,14,0,1
3,SARSA + PS + Kernel,123,300,-1,13,1,1
3,SARSA + PS + Kernel,123,301,-140,125,4,1
3,SARSA + PS + Kernel,123,302,-15,36,0,1
3,SARSA + PS + Kernel,123,303,10,11,0,1
3,SARSA + PS + Kernel,123,304,-38,50,1,1
3,SARSA + PS + Kernel,123,305,-28,22,3,1
3,SARSA + PS + Kernel,123,306,0,12,1,1
3,SARSA + PS + Kernel,123,307,-16,28,1,1
3,SARSA + PS + Kernel,123,308,-17,38,0,1
3,SARSA + PS + Kernel,123,309,-14,26,1,1
3,SARSA + PS + Kernel,123,310,-37,40,2,1
3,SARSA + PS + Kernel,123,311,-3,24,0,1
3,SARSA + PS + Kernel,123,312,-21,33,1,1
3,SARSA + PS + Kernel,123,313,-28,40,1,1
3,SARSA + PS + Kernel,123,314,10,11,0,1
3,SARSA + PS + Kernel,123,315,-7,19,1,1
3,SARSA + PS + Kernel,123,316,-11,23,1,1
3,SARSA + PS + Kernel,123,317,-11,23,1,1
3,SARSA + PS + Kernel,123,318,13,8,0,1
3,SARSA + PS + Kernel,123,319,8,13,0,1
3,SARSA + PS + Kernel,123,320,-17,29,1,1
3,SARSA + PS + Kernel,123,321,11,10,0,1
3,SARSA + PS + Kernel,123,322,0,12,1,1
3,SARSA + PS + Kernel,123,323,-60,81,0,1
3,SARSA + PS + Kernel,123,324,-15,27,1,1
3,SARSA + PS + Kernel,123,325,-7,19,1,1
3,SARSA + PS + Kernel,123,326,-28,22,3,1
3,SARSA + PS + Kernel,123,327,-5,17,1,1
3,SARSA + PS + Kernel,123,328,7,14,0,1
3,SARSA + PS + Kernel,123,329,1,11,1,1
3,SARSA + PS + Kernel,123,330,-290,200,10,0
3,SARSA + PS + Kernel,123,331,-1,22,0,1
3,SARSA + PS + Kernel,123,332,0,12,1,1
3,SARSA + PS + Kernel,123,333,-27,39,1,1
3,SARSA + PS + Kernel,123,334,-6,27,0,1
3,SARSA + PS + Kernel,123,335,-20,41,0,1
3,SARSA + PS + Kernel,123,336,-34,37,2,1
3,SARSA + PS + Kernel,123,337,-7,28,0,1
3,SARSA + PS + Kernel,123,338,-8,29,0,1
3,SARSA + PS + Kernel,123,339,-63,66,2,1
3,SARSA + PS + Kernel,123,340,-23,26,2,1
3,SARSA + PS + Kernel,123,341,9,12,0,1
3,SARSA + PS + Kernel,123,342,-20,23,2,1
3,SARSA + PS + Kernel,123,343,5,16,0,1
3,SARSA + PS + Kernel,123,344,7,14,0,1
3,SARSA + PS + Kernel,123,345,-2,14,1,1
3,SARSA + PS + Kernel,123,346,-24,27,2,1
3,SARSA + PS + Kernel,123,347,11,10,0,1
3,SARSA + PS + Kernel,123,348,8,13,0,1
3,SARSA + PS + Kernel,123,349,1,11,1,1
3,SARSA + PS + Kernel,123,350,-4,16,1,1
3,SARSA + PS + Kernel,123,351,10,11,0,1
3,SARSA + PS + Kernel,123,352,5,16,0,1
3,SARSA + PS + Kernel,123,353,-15,18,2,1
3,SARSA + PS + Kernel,123,354,-25,28,2,1
3,SARSA + PS + Kernel,123,355,6,15,0,1
3,SARSA + PS + Kernel,123,356,8,13,0,1
3,SARSA + PS + Kernel,123,357,-14,35,0,1
3,SARSA + PS + Kernel,123,358,-61,64,2,1
3,SARSA + PS + Kernel,123,359,7,14,0,1
3,SARSA + PS + Kernel,123,360,-14,26,1,1
3,SARSA + PS + Kernel,123,361,-30,42,1,1
3,SARSA + PS + Kernel,123,362,4,17,0,1
3,SARSA + PS + Kernel,123,363,0,21,0,1
3,SARSA + PS + Kernel,123,364,-1,13,1,1
3,SARSA + PS + Kernel,123,365,-34,37,2,1
3,SARSA + PS + Kernel,123,366,-3,24,0,1
3,SARSA + PS + Kernel,123,367,6,15,0,1
3,SARSA + PS + Kernel,123,368,6,15,0,1
3,SARSA + PS + Kernel,123,369,-20,23,2,1
3,SARSA + PS + Kernel,123,370,-245,200,5,0
3,SARSA + PS + Kernel,123,371,-23,44,0,1
3,SARSA + PS + Kernel,123,372,-69,81,1,1
3,SARSA + PS + Kernel,123,373,-25,19,3,1
3,SARSA + PS + Kernel,123,374,8,13,0,1
3,SARSA + PS + Kernel,123,375,8,13,0,1
3,SARSA + PS + Kernel,123,376,-6,18,1,1
3,SARSA + PS + Kernel,123,377,-17,29,1,1
3,SARSA + PS + Kernel,123,378,10,11,0,1
3,SARSA + PS + Kernel,123,379,13,8,0,1
3,SARSA + PS + Kernel,123,380,-31,43,1,1
3,SARSA + PS + Kernel,123,381,-26,47,0,1
3,SARSA + PS + Kernel,123,382,-42,54,1,1
3,SARSA + PS + Kernel,123,383,0,12,1,1
3,SARSA + PS + Kernel,123,384,8,13,0,1
3,SARSA + PS + Kernel,123,385,10,11,0,1
3,SARSA + PS + Kernel,123,386,-1,13,1,1
3,SARSA + PS + Kernel,123,387,9,12,0,1
3,SARSA + PS + Kernel,123,388,-210,195,4,1
3,SARSA + PS + Kernel,123,389,4,8,1,1
3,SARSA + PS + Kernel,123,390,8,13,0,1
3,SARSA + PS + Kernel,123,391,-19,31,1,1
3,SARSA + PS + Kernel,123,392,-5,17,1,1
3,SARSA + PS + Kernel,123,393,-13,25,1,1
3,SARSA + PS + Kernel,123,394,-6,18,1,1
3,SARSA + PS + Kernel,123,395,-25,46,0,1
3,SARSA + PS + Kernel,123,396,-61,64,2,1
3,SARSA + PS + Kernel,123,397,7,14,0,1
3,SARSA + PS + Kernel,123,398,10,11,0,1
3,SARSA + PS + Kernel,123,399,-20,23,2,1
3,SARSA + PS + Kernel,123,400,10,11,0,1
3,SARSA + PS + Kernel,123,401,5,16,0,1
3,SARSA + PS + Kernel,123,402,9,12,0,1
3,SARSA + PS + Kernel,123,403,12,9,0,1
3,SARSA + PS + Kernel,123,404,9,12,0,1
3,SARSA + PS + Kernel,123,405,-6,27,0,1
3,SARSA + PS + Kernel,123,406,-33,36,2,1
3,SARSA + PS + Kernel,123,407,11,10,0,1
3,SARSA + PS + Kernel,123,408,-53,56,2,1
3,SARSA + PS + Kernel,123,409,3,18,0,1
3,SARSA + PS + Kernel,123,410,-2,14,1,1
3,SARSA + PS + Kernel,123,411,11,10,0,1
3,SARSA + PS + Kernel,123,412,-71,65,3,1
3,SARSA + PS + Kernel,123,413,14,7,0,1
3,SARSA + PS + Kernel,123,414,9,12,0,1
3,SARSA + PS + Kernel,123,415,8,13,0,1
3,SARSA + PS + Kernel,123,416,-35,29,3,1
3,SARSA + PS + Kernel,123,417,5,16,0,1
3,SARSA + PS + Kernel,123,418,-6,18,1,1
3,SARSA + PS + Kernel,123,419,8,13,0,1
3,SARSA + PS + Kernel,123,420,6,15,0,1
3,SARSA + PS + Kernel,123,421,-37,40,2,1
3,SARSA + PS + Kernel,123,422,10,11,0,1
3,SARSA + PS + Kernel,123,423,3,18,0,1
3,SARSA + PS + Kernel,123,424,-10,22,1,1
3,SARSA + PS + Kernel,123,425,8,13,0,1
3,SARSA + PS + Kernel,123,426,-1,22,0,1
3,SARSA + PS + Kernel,123,427,-19,40,0,1
3,SARSA + PS + Kernel,123,428,5,16,0,1
3,SARSA + PS + Kernel,123,429,-7,28,0,1
3,SARSA + PS + Kernel,123,430,-5,17,1,1
3,SARSA + PS + Kernel,123,431,10,11,0,1
3,SARSA + PS + Kernel,123,432,-65,68,2,1
3,SARSA + PS + Kernel,123,433,-4,16,1,1
3,SARSA + PS + Kernel,123,434,4,17,0,1
3,SARSA + PS + Kernel,123,435,-26,47,0,1
3,SARSA + PS + Kernel,123,436,12,9,0,1
3,SARSA + PS + Kernel,123,437,10,11,0,1
3,SARSA + PS + Kernel,123,438,9,12,0,1
3,SARSA + PS + Kernel,123,439,-19,40,0,1
3,SARSA + PS + Kernel,123,440,-23,17,3,1
3,SARSA + PS + Kernel,123,441,11,10,0,1
3,SARSA + PS + Kernel,123,442,10,11,0,1
3,SARSA + PS + Kernel,123,443,-9,21,1,1
3,SARSA + PS + Kernel,123,444,1,20,0,1
3,SARSA + PS + Kernel,123,445,10,11,0,1
3,SARSA + PS + Kernel,123,446,-1,22,0,1
3,SARSA + PS + Kernel,123,447,-76,88,1,1
3,SARSA + PS + Kernel,123,448,0,21,0,1
3,SARSA + PS + Kernel,123,449,11,10,0,1
3,SARSA + PS + Kernel,123,450,-73,76,2,1
3,SARSA + PS + Kernel,123,451,9,12,0,1
3,SARSA + PS + Kernel,123,452,-6,18,1,1
3,SARSA + PS + Kernel,123,453,-55,58,2,1
3,SARSA + PS + Kernel,123,454,-19,31,1,1
3,SARSA + PS + Kernel,123,455,8,13,0,1
3,SARSA + PS + Kernel,123,456,-14,35,0,1
3,SARSA + PS + Kernel,123,457,14,7,0,1
3,SARSA + PS + Kernel,123,458,-37,49,1,1
3,SARSA + PS + Kernel,123,459,-15,27,1,1
3,SARSA + PS + Kernel,123,460,-23,26,2,1
3,SARSA + PS + Kernel,123,461,-29,50,0,1
3,SARSA + PS + Kernel,123,462,-14,17,2,1
3,SARSA + PS + Kernel,123,463,13,8,0,1
3,SARSA + PS + Kernel,123,464,0,12,1,1
3,SARSA + PS + Kernel,123,465,11,10,0,1
3,SARSA + PS + Kernel,123,466,7,14,0,1
3,SARSA + PS + Kernel,123,467,10,11,0,1
3,SARSA + PS + Kernel,123,468,-2,14,1,1
3,SARSA + PS + Kernel,123,469,-27,39,1,1
3,SARSA + PS + Kernel,123,470,-3,15,1,1
3,SARSA + PS + Kernel,123,471,8,13,0,1
3,SARSA + PS + Kernel,123,472,-28,49,0,1
3,SARSA + PS + Kernel,123,473,-5,17,1,1
3,SARSA + PS + Kernel,123,474,12,9,0,1
3,SARSA + PS + Kernel,123,475,-5,17,1,1
3,SARSA + PS + Kernel,123,476,-62,38,5,1
3,SARSA + PS + Kernel,123,477,-38,41,2,1
3,SARSA + PS + Kernel,123,478,9,12,0,1
3,SARSA + PS + Kernel,123,479,-39,33,3,1
3,SARSA + PS + Kernel,123,480,5,16,0,1
3,SARSA + PS + Kernel,123,481,-52,46,3,1
3,SARSA + PS + Kernel,123,482,-5,17,1,1
3,SARSA + PS + Kernel,123,483,-5,17,1,1
3,SARSA + PS + Kernel,123,484,11,10,0,1
3,SARSA + PS + Kernel,123,485,10,11,0,1
3,SARSA + PS + Kernel,123,486,-18,30,1,1
3,SARSA + PS + Kernel,123,487,-15,27,1,1
3,SARSA + PS + Kernel,123,488,-2,23,0,1
3,SARSA + PS + Kernel,123,489,4,17,0,1
3,SARSA + PS + Kernel,123,490,-11,23,1,1
3,SARSA + PS + Kernel,123,491,-16,28,1,1
3,SARSA + PS + Kernel,123,492,11,10,0,1
3,SARSA + PS + Kernel,123,493,-2,14,1,1
3,SARSA + PS + Kernel,123,494,-26,38,1,1
3,SARSA + PS + Kernel,123,495,-3,15,1,1
3,SARSA + PS + Kernel,123,496,-12,24,1,1
3,SARSA + PS + Kernel,123,497,7,14,0,1
3,SARSA + PS + Kernel,123,498,9,12,0,1
3,SARSA + PS + Kernel,123,499,-31,34,2,1
3,SARSA + PS + Kernel,777,0,-587,200,43,0
3,SARSA + PS + Kernel,777,1,-740,200,60,0
3,SARSA + PS + Kernel,777,2,-596,200,44,0
3,SARSA + PS + Kernel,777,3,-605,200,45,0
3,SARSA + PS + Kernel,777,4,-596,200,44,0
3,SARSA + PS + Kernel,777,5,-605,200,45,0
3,SARSA + PS + Kernel,777,6,-578,200,42,0
3,SARSA + PS + Kernel,777,7,-506,200,34,0
3,SARSA + PS + Kernel,777,8,-542,200,38,0
3,SARSA + PS + Kernel,777,9,-488,200,32,0
3,SARSA + PS + Kernel,777,10,-389,200,21,0
3,SARSA + PS + Kernel,777,11,-407,200,23,0
3,SARSA + PS + Kernel,777,12,-398,200,22,0
3,SARSA + PS + Kernel,777,13,-349,118,28,1
3,SARSA + PS + Kernel,777,14,-560,200,40,0
3,SARSA + PS + Kernel,777,15,-470,200,30,0
3,SARSA + PS + Kernel,777,16,-461,200,29,0
3,SARSA + PS + Kernel,777,17,-443,200,27,0
3,SARSA + PS + Kernel,777,18,-344,200,16,0
3,SARSA + PS + Kernel,777,19,-470,200,30,0
3,SARSA + PS + Kernel,777,20,-551,200,39,0
3,SARSA + PS + Kernel,777,21,-111,69,7,1
3,SARSA + PS + Kernel,777,22,-416,200,24,0
3,SARSA + PS + Kernel,777,23,-398,200,22,0
3,SARSA + PS + Kernel,777,24,-416,200,24,0
3,SARSA + PS + Kernel,777,25,-416,200,24,0
3,SARSA + PS + Kernel,777,26,-335,200,15,0
3,SARSA + PS + Kernel,777,27,-260,137,16,1
3,SARSA + PS + Kernel,777,28,-470,200,30,0
3,SARSA + PS + Kernel,777,29,-512,164,41,1
3,SARSA + PS + Kernel,777,30,-227,140,12,1
3,SARSA + PS + Kernel,777,31,-605,200,45,0
3,SARSA + PS + Kernel,777,32,-371,200,19,0
3,SARSA + PS + Kernel,777,33,-488,200,32,0
3,SARSA + PS + Kernel,777,34,-371,200,19,0
3,SARSA + PS + Kernel,777,35,-254,200,6,0
3,SARSA + PS + Kernel,777,36,-398,200,22,0
3,SARSA + PS + Kernel,777,37,-308,200,12,0
3,SARSA + PS + Kernel,777,38,-254,200,6,0
3,SARSA + PS + Kernel,777,39,-506,200,34,0
3,SARSA + PS + Kernel,777,40,-263,200,7,0
3,SARSA + PS + Kernel,777,41,-434,200,26,0
3,SARSA + PS + Kernel,777,42,-254,200,6,0
3,SARSA + PS + Kernel,777,43,-461,200,29,0
3,SARSA + PS + Kernel,777,44,-263,200,7,0
3,SARSA + PS + Kernel,777,45,-461,200,29,0
3,SARSA + PS + Kernel,777,46,-389,200,21,0
3,SARSA + PS + Kernel,777,47,-434,200,26,0
3,SARSA + PS + Kernel,777,48,-281,200,9,0
3,SARSA + PS + Kernel,777,49,-454,196,31,1
3,SARSA + PS + Kernel,777,50,-62,65,2,1
3,SARSA + PS + Kernel,777,51,-193,115,11,1
3,SARSA + PS + Kernel,777,52,-290,200,10,0
3,SARSA + PS + Kernel,777,53,8,13,0,1
3,SARSA + PS + Kernel,777,54,-25,46,0,1
3,SARSA + PS + Kernel,777,55,-389,200,21,0
3,SARSA + PS + Kernel,777,56,-344,200,16,0
3,SARSA + PS + Kernel,777,57,-281,200,9,0
3,SARSA + PS + Kernel,777,58,-380,200,20,0
3,SARSA + PS + Kernel,777,59,-299,200,11,0
3,SARSA + PS + Kernel,777,60,-24,36,1,1
3,SARSA + PS + Kernel,777,61,-317,200,13,0
3,SARSA + PS + Kernel,777,62,-371,200,19,0
3,SARSA + PS + Kernel,777,63,-1,22,0,1
3,SARSA + PS + Kernel,777,64,-263,200,7,0
3,SARSA + PS + Kernel,777,65,-274,196,11,1
3,SARSA + PS + Kernel,777,66,-181,166,4,1
3,SARSA + PS + Kernel,777,67,-272,200,8,0
3,SARSA + PS + Kernel,777,68,-232,172,9,1
3,SARSA + PS + Kernel,777,69,-227,200,3,0
3,SARSA + PS + Kernel,777,70,-214,199,4,1
3,SARSA + PS + Kernel,777,71,-186,171,4,1
3,SARSA + PS + Kernel,777,72,-61,73,1,1
3,SARSA + PS + Kernel,777,73,-281,200,9,0
3,SARSA + PS + Kernel,777,74,-196,163,6,1
3,SARSA + PS + Kernel,777,75,-60,36,5,1
3,SARSA + PS + Kernel,777,76,-245,200,5,0
3,SARSA + PS + Kernel,777,77,-281,200,9,0
3,SARSA + PS + Kernel,777,78,-142,118,5,1
3,SARSA + PS + Kernel,777,79,11,10,0,1
3,SARSA + PS + Kernel,777,80,-281,200,9,0
3,SARSA + PS + Kernel,777,81,-150,126,5,1
3,SARSA + PS + Kernel,777,82,-170,101,10,1
3,SARSA + PS + Kernel,777,83,3,18,0,1
3,SARSA + PS + Kernel,777,84,-245,200,5,0
3,SARSA + PS + Kernel,777,85,-227,200,3,0
3,SARSA + PS + Kernel,777,86,-78,90,1,1
3,SARSA + PS + Kernel,777,87,-236,200,4,0
3,SARSA + PS + Kernel,777,88,-16,28,1,1
3,SARSA + PS + Kernel,777,89,-263,200,7,0
3,SARSA + PS + Kernel,777,90,-9,21,1,1
3,SARSA + PS + Kernel,777,91,-245,200,5,0
3,SARSA + PS + Kernel,777,92,-245,200,5,0
3,SARSA + PS + Kernel,777,93,-133,145,1,1
3,SARSA + PS + Kernel,777,94,-16,37,0,1
3,SARSA + PS + Kernel,777,95,-19,31,1,1
3,SARSA + PS + Kernel,777,96,-156,141,4,1
3,SARSA + PS + Kernel,777,97,-162,147,4,1
3,SARSA + PS + Kernel,777,98,2,19,0,1
3,SARSA + PS + Kernel,777,99,-290,200,10,0
3,SARSA + PS + Kernel,777,100,-71,74,2,1
3,SARSA + PS + Kernel,777,101,7,14,0,1
3,SARSA + PS + Kernel,777,102,-79,73,3,1
3,SARSA + PS + Kernel,777,103,-245,200,5,0
3,SARSA + PS + Kernel,777,104,-2,23,0,1
3,SARSA + PS + Kernel,777,105,-207,174,6,1
3,SARSA + PS + Kernel,777,106,-227,200,3,0
3,SARSA + PS + Kernel,777,107,-71,65,3,1
3,SARSA + PS + Kernel,777,108,-218,200,2,0
3,SARSA + PS + Kernel,777,109,-98,92,3,1
3,SARSA + PS + Kernel,777,110,-35,47,1,1
3,SARSA + PS + Kernel,777,111,-263,200,7,0
3,SARSA + PS + Kernel,777,112,12,9,0,1
3,SARSA + PS + Kernel,777,113,-44,65,0,1
3,SARSA + PS + Kernel,777,114,-103,97,3,1
3,SARSA + PS + Kernel,777,115,10,11,0,1
3,SARSA + PS + Kernel,777,116,-39,51,1,1
3,SARSA + PS + Kernel,777,117,-76,70,3,1
3,SARSA + PS + Kernel,777,118,-28,40,1,1
3,SARSA + PS + Kernel,777,119,-88,91,2,1
3,SARSA + PS + Kernel,777,120,-101,86,4,1
3,SARSA + PS + Kernel,777,121,-146,149,2,1
3,SARSA + PS + Kernel,777,122,-242,182,9,1
3,SARSA + PS + Kernel,777,123,15,6,0,1
3,SARSA + PS + Kernel,777,124,-263,200,7,0
3,SARSA + PS + Kernel,777,125,-10,22,1,1
3,SARSA + PS + Kernel,777,126,-218,200,2,0
3,SARSA + PS + Kernel,777,127,-48,60,1,1
3,SARSA + PS + Kernel,777,128,12,9,0,1
3,SARSA + PS + Kernel,777,129,-40,43,2,1
3,SARSA + PS + Kernel,777,130,-159,144,4,1
3,SARSA + PS + Kernel,777,131,-165,105,9,1
3,SARSA + PS + Kernel,777,132,-145,148,2,1
3,SARSA + PS + Kernel,777,133,-54,57,2,1
3,SARSA + PS + Kernel,777,134,-96,81,4,1
3,SARSA + PS + Kernel,777,135,9,12,0,1
3,SARSA + PS + Kernel,777,136,-110,113,2,1
3,SARSA + PS + Kernel,777,137,-25,46,0,1
3,SARSA + PS + Kernel,777,138,5,16,0,1
3,SARSA + PS + Kernel,777,139,-156,132,5,1
3,SARSA + PS + Kernel,777,140,-56,59,2,1
3,SARSA + PS + Kernel,777,141,-53,38,4,1
3,SARSA + PS + Kernel,777,142,12,9,0,1
3,SARSA + PS + Kernel,777,143,-77,62,4,1
3,SARSA + PS + Kernel,777,144,-4,25,0,1
3,SARSA + PS + Kernel,777,145,8,13,0,1
3,SARSA + PS + Kernel,777,146,-71,92,0,1
3,SARSA + PS + Kernel,777,147,-31,43,1,1
3,SARSA + PS + Kernel,777,148,-41,44,2,1
3,SARSA + PS + Kernel,777,149,-281,200,9,0
3,SARSA + PS + Kernel,777,150,-111,114,2,1
3,SARSA + PS + Kernel,777,151,-106,118,1,1
3,SARSA + PS + Kernel,777,152,-263,200,7,0
3,SARSA + PS + Kernel,777,153,-116,110,3,1
3,SARSA + PS + Kernel,777,154,-25,37,1,1
3,SARSA + PS + Kernel,777,155,-92,95,2,1
3,SARSA + PS + Kernel,777,156,-21,42,0,1
3,SARSA + PS + Kernel,777,157,-71,74,2,1
3,SARSA + PS + Kernel,777,158,-167,134,6,1
3,SARSA + PS + Kernel,777,159,-254,176,11,1
3,SARSA + PS + Kernel,777,160,-6,18,1,1
3,SARSA + PS + Kernel,777,161,-105,90,4,1
3,SARSA + PS + Kernel,777,162,14,7,0,1
3,SARSA + PS + Kernel,777,163,10,11,0,1
3,SARSA + PS + Kernel,777,164,-12,15,2,1
3,SARSA + PS + Kernel,777,165,-236,200,4,0
3,SARSA + PS + Kernel,777,166,-97,109,1,1
3,SARSA + PS + Kernel,777,167,-49,61,1,1
3,SARSA + PS + Kernel,777,168,-326,200,14,0
3,SARSA + PS + Kernel,777,169,-134,119,4,1
3,SARSA + PS + Kernel,777,170,13,8,0,1
3,SARSA + PS + Kernel,777,171,-159,135,5,1
3,SARSA + PS + Kernel,777,172,-1,13,1,1
3,SARSA + PS + Kernel,777,173,-227,200,3,0
3,SARSA + PS + Kernel,777,174,11,10,0,1
3,SARSA + PS + Kernel,777,175,-156,123,6,1
3,SARSA + PS + Kernel,777,176,5,16,0,1
3,SARSA + PS + Kernel,777,177,9,12,0,1
3,SARSA + PS + Kernel,777,178,14,7,0,1
3,SARSA + PS + Kernel,777,179,-23,35,1,1
3,SARSA + PS + Kernel,777,180,-78,72,3,1
3,SARSA + PS + Kernel,777,181,-171,120,8,1
3,SARSA + PS + Kernel,777,182,-75,78,2,1
3,SARSA + PS + Kernel,777,183,-88,91,2,1
3,SARSA + PS + Kernel,777,184,3,18,0,1
3,SARSA + PS + Kernel,777,185,-42,45,2,1
3,SARSA + PS + Kernel,777,186,-56,50,3,1
3,SARSA + PS + Kernel,777,187,3,9,1,1
3,SARSA + PS + Kernel,777,188,-227,176,8,1
3,SARSA + PS + Kernel,777,189,8,13,0,1
3,SARSA + PS + Kernel,777,190,10,11,0,1
3,SARSA + PS + Kernel,777,191,-9,12,2,1
3,SARSA + PS + Kernel,777,192,-48,51,2,1
3,SARSA + PS + Kernel,777,193,-262,166,13,1
3,SARSA + PS + Kernel,777,194,-114,90,5,1
3,SARSA + PS + Kernel,777,195,-108,75,6,1
3,SARSA + PS + Kernel,777,196,3,9,1,1
3,SARSA + PS + Kernel,777,197,-20,41,0,1
3,SARSA + PS + Kernel,777,198,11,10,0,1
3,SARSA + PS + Kernel,777,199,-9,30,0,1
3,SARSA + PS + Kernel,777,200,-116,110,3,1
3,SARSA + PS + Kernel,777,201,12,9,0,1
3,SARSA + PS + Kernel,777,202,-236,200,4,0
3,SARSA + PS + Kernel,777,203,-8,29,0,1
3,SARSA + PS + Kernel,777,204,-206,173,6,1
3,SARSA + PS + Kernel,777,205,-17,38,0,1
3,SARSA + PS + Kernel,777,206,-12,24,1,1
3,SARSA + PS + Kernel,777,207,-3,15,1,1
3,SARSA + PS + Kernel,777,208,-4,16,1,1
3,SARSA + PS + Kernel,777,209,-4,16,1,1
3,SARSA + PS + Kernel,777,210,8,13,0,1
3,SARSA + PS + Kernel,777,211,10,11,0,1
3,SARSA + PS + Kernel,777,212,-13,25,1,1
3,SARSA + PS + Kernel,777,213,-38,23,4,1
3,SARSA + PS + Kernel,777,214,7,14,0,1
3,SARSA + PS + Kernel,777,215,-31,43,1,1
3,SARSA + PS + Kernel,777,216,2,19,0,1
3,SARSA + PS + Kernel,777,217,-8,20,1,1
3,SARSA + PS + Kernel,777,218,7,14,0,1
3,SARSA + PS + Kernel,777,219,-46,58,1,1
3,SARSA + PS + Kernel,777,220,-94,61,6,1
3,SARSA + PS + Kernel,777,221,-2,14,1,1
3,SARSA + PS + Kernel,777,222,11,10,0,1
3,SARSA + PS + Kernel,777,223,-118,121,2,1
3,SARSA + PS + Kernel,777,224,-112,88,5,1
3,SARSA + PS + Kernel,777,225,8,13,0,1
3,SARSA + PS + Kernel,777,226,-117,111,3,1
3,SARSA + PS + Kernel,777,227,11,10,0,1
3,SARSA + PS + Kernel,777,228,-80,65,4,1
3,SARSA + PS + Kernel,777,229,11,10,0,1
3,SARSA + PS + Kernel,777,230,1,20,0,1
3,SARSA + PS + Kernel,777,231,-14,26,1,1
3,SARSA + PS + Kernel,777,232,-23,35,1,1
3,SARSA + PS + Kernel,777,233,7,14,0,1
3,SARSA + PS + Kernel,777,234,-10,22,1,1
3,SARSA + PS + Kernel,777,235,-263,200,7,0
3,SARSA + PS + Kernel,777,236,10,11,0,1
3,SARSA + PS + Kernel,777,237,-14,26,1,1
3,SARSA + PS + Kernel,777,238,-4,25,0,1
3,SARSA + PS + Kernel,777,239,-8,20,1,1
3,SARSA + PS + Kernel,777,240,-150,171,0,1
3,SARSA + PS + Kernel,777,241,11,10,0,1
3,SARSA + PS + Kernel,777,242,-4,25,0,1
3,SARSA + PS + Kernel,777,243,12,9,0,1
3,SARSA + PS + Kernel,777,244,8,13,0,1
3,SARSA + PS + Kernel,777,245,8,13,0,1
3,SARSA + PS + Kernel,777,246,1,11,1,1
3,SARSA + PS + Kernel,777,247,-165,123,7,1
3,SARSA + PS + Kernel,777,248,15,6,0,1
3,SARSA + PS + Kernel,777,249,11,10,0,1
3,SARSA + PS + Kernel,777,250,-12,33,0,1
3,SARSA + PS + Kernel,777,251,-182,140,7,1
3,SARSA + PS + Kernel,777,252,-36,57,0,1
3,SARSA + PS + Kernel,777,253,-290,200,10,0
3,SARSA + PS + Kernel,777,254,-26,47,0,1
3,SARSA + PS + Kernel,777,255,-4,25,0,1
3,SARSA + PS + Kernel,777,256,10,11,0,1
3,SARSA + PS + Kernel,777,257,-15,36,0,1
3,SARSA + PS + Kernel,777,258,-26,20,3,1
3,SARSA + PS + Kernel,777,259,6,15,0,1
3,SARSA + PS + Kernel,777,260,-85,70,4,1
3,SARSA + PS + Kernel,777,261,-126,111,4,1
3,SARSA + PS + Kernel,777,262,-10,31,0,1
3,SARSA + PS + Kernel,777,263,-28,40,1,1
3,SARSA + PS + Kernel,777,264,6,15,0,1
3,SARSA + PS + Kernel,777,265,9,12,0,1
3,SARSA + PS + Kernel,777,266,-7,28,0,1
3,SARSA + PS + Kernel,777,267,-104,80,5,1
3,SARSA + PS + Kernel,777,268,-13,25,1,1
3,SARSA + PS + Kernel,777,269,-98,92,3,1
3,SARSA + PS + Kernel,777,270,12,9,0,1
3,SARSA + PS + Kernel,777,271,-178,154,5,1
3,SARSA + PS + Kernel,777,272,-12,24,1,1
3,SARSA + PS + Kernel,777,273,5,16,0,1
3,SARSA + PS + Kernel,777,274,8,13,0,1
3,SARSA + PS + Kernel,777,275,-130,115,4,1
3,SARSA + PS + Kernel,777,276,10,11,0,1
3,SARSA + PS + Kernel,777,277,-66,51,4,1
3,SARSA + PS + Kernel,777,278,10,11,0,1
3,SARSA + PS + Kernel,777,279,-34,46,1,1
3,SARSA + PS + Kernel,777,280,8,13,0,1
3,SARSA + PS + Kernel,777,281,14,7,0,1
3,SARSA + PS + Kernel,777,282,-203,188,4,1
3,SARSA + PS + Kernel,777,283,-110,104,3,1
3,SARSA + PS + Kernel,777,284,0,21,0,1
3,SARSA + PS + Kernel,777,285,-34,46,1,1
3,SARSA + PS + Kernel,777,286,-44,65,0,1
3,SARSA + PS + Kernel,777,287,-35,47,1,1
3,SARSA + PS + Kernel,777,288,9,12,0,1
3,SARSA + PS + Kernel,777,289,-29,50,0,1
3,SARSA + PS + Kernel,777,290,-207,174,6,1
3,SARSA + PS + Kernel,777,291,-43,55,1,1
3,SARSA + PS + Kernel,777,292,13,8,0,1
3,SARSA + PS + Kernel,777,293,-2,14,1,1
3,SARSA + PS + Kernel,777,294,9,12,0,1
3,SARSA + PS + Kernel,777,295,-7,28,0,1
3,SARSA + PS + Kernel,777,296,-9,21,1,1
3,SARSA + PS + Kernel,777,297,-9,12,2,1
3,SARSA + PS + Kernel,777,298,-180,138,7,1
3,SARSA + PS + Kernel,777,299,-35,38,2,1
3,SARSA + PS + Kernel,777,300,-30,51,0,1
3,SARSA + PS + Kernel,777,301,-4,25,0,1
3,SARSA + PS + Kernel,777,302,1,20,0,1
3,SARSA + PS + Kernel,777,303,-44,38,3,1
3,SARSA + PS + Kernel,777,304,-1,13,1,1
3,SARSA + PS + Kernel,777,305,-50,62,1,1
3,SARSA + PS + Kernel,777,306,13,8,0,1
3,SARSA + PS + Kernel,777,307,-21,24,2,1
3,SARSA + PS + Kernel,777,308,-93,105,1,1
3,SARSA + PS + Kernel,777,309,-10,22,1,1
3,SARSA + PS + Kernel,777,310,8,13,0,1
3,SARSA + PS + Kernel,777,311,-10,31,0,1
3,SARSA + PS + Kernel,777,312,12,9,0,1
3,SARSA + PS + Kernel,777,313,-19,31,1,1
3,SARSA + PS + Kernel,777,314,-113,89,5,1
3,SARSA + PS + Kernel,777,315,11,10,0,1
3,SARSA + PS + Kernel,777,316,-59,62,2,1
3,SARSA + PS + Kernel,777,317,-30,33,2,1
3,SARSA + PS + Kernel,777,318,2,10,1,1
3,SARSA + PS + Kernel,777,319,-10,31,0,1
3,SARSA + PS + Kernel,777,320,-4,16,1,1
3,SARSA + PS + Kernel,777,321,-254,200,6,0
3,SARSA + PS + Kernel,777,322,-16,28,1,1
3,SARSA + PS + Kernel,777,323,6,15,0,1
3,SARSA + PS + Kernel,777,324,-26,29,2,1
3,SARSA + PS + Kernel,777,325,-236,200,4,0
3,SARSA + PS + Kernel,777,326,-19,31,1,1
3,SARSA + PS + Kernel,777,327,-2,23,0,1
3,SARSA + PS + Kernel,777,328,-20,32,1,1
3,SARSA + PS + Kernel,777,329,-79,82,2,1
3,SARSA + PS + Kernel,777,330,1,20,0,1
3,SARSA + PS + Kernel,777,331,-34,28,3,1
3,SARSA + PS + Kernel,777,332,-76,61,4,1
3,SARSA + PS + Kernel,777,333,-80,65,4,1
3,SARSA + PS + Kernel,777,334,-9,21,1,1
3,SARSA + PS + Kernel,777,335,-95,80,4,1
3,SARSA + PS + Kernel,777,336,-45,39,3,1
3,SARSA + PS + Kernel,777,337,-66,69,2,1
3,SARSA + PS + Kernel,777,338,-5,26,0,1
3,SARSA + PS + Kernel,777,339,3,18,0,1
3,SARSA + PS + Kernel,777,340,3,18,0,1
3,SARSA + PS + Kernel,777,341,13,8,0,1
3,SARSA + PS + Kernel,777,342,-2,14,1,1
3,SARSA + PS + Kernel,777,343,-48,60,1,1
3,SARSA + PS + Kernel,777,344,-42,36,3,1
3,SARSA + PS + Kernel,777,345,11,10,0,1
3,SARSA + PS + Kernel,777,346,-6,18,1,1
3,SARSA + PS + Kernel,777,347,-13,16,2,1
3,SARSA + PS + Kernel,777,348,-6,18,1,1
3,SARSA + PS + Kernel,777,349,11,10,0,1
3,SARSA + PS + Kernel,777,350,11,10,0,1
3,SARSA + PS + Kernel,777,351,-9,30,0,1
3,SARSA + PS + Kernel,777,352,11,10,0,1
3,SARSA + PS + Kernel,777,353,-8,20,1,1
3,SARSA + PS + Kernel,777,354,1,11,1,1
3,SARSA + PS + Kernel,777,355,-57,60,2,1
3,SARSA + PS + Kernel,777,356,7,14,0,1
3,SARSA + PS + Kernel,777,357,6,15,0,1
3,SARSA + PS + Kernel,777,358,-14,17,2,1
3,SARSA + PS + Kernel,777,359,-15,27,1,1
3,SARSA + PS + Kernel,777,360,4,17,0,1
3,SARSA + PS + Kernel,777,361,10,11,0,1
3,SARSA + PS + Kernel,777,362,11,10,0,1
3,SARSA + PS + Kernel,777,363,4,17,0,1
3,SARSA + PS + Kernel,777,364,12,9,0,1
3,SARSA + PS + Kernel,777,365,-5,17,1,1
3,SARSA + PS + Kernel,777,366,-2,23,0,1
3,SARSA + PS + Kernel,777,367,-58,61,2,1
3,SARSA + PS + Kernel,777,368,7,14,0,1
3,SARSA + PS + Kernel,777,369,-6,27,0,1
3,SARSA + PS + Kernel,777,370,-79,82,2,1
3,SARSA + PS + Kernel,777,371,3,9,1,1
3,SARSA + PS + Kernel,777,372,9,12,0,1
3,SARSA + PS + Kernel,777,373,7,14,0,1
3,SARSA + PS + Kernel,777,374,-1,13,1,1
3,SARSA + PS + Kernel,777,375,-20,23,2,1
3,SARSA + PS + Kernel,777,376,14,7,0,1
3,SARSA + PS + Kernel,777,377,7,14,0,1
3,SARSA + PS + Kernel,777,378,13,8,0,1
3,SARSA + PS + Kernel,777,379,-30,51,0,1
3,SARSA + PS + Kernel,777,380,-2,23,0,1
3,SARSA + PS + Kernel,777,381,-3,24,0,1
3,SARSA + PS + Kernel,777,382,-35,47,1,1
3,SARSA + PS + Kernel,777,383,-14,17,2,1
3,SARSA + PS + Kernel,777,384,-1,13,1,1
3,SARSA + PS + Kernel,777,385,-35,29,3,1
3,SARSA + PS + Kernel,777,386,-5,26,0,1
3,SARSA + PS + Kernel,777,387,3,18,0,1
3,SARSA + PS + Kernel,777,388,-29,41,1,1
3,SARSA + PS + Kernel,777,389,5,16,0,1
3,SARSA + PS + Kernel,777,390,-32,53,0,1
3,SARSA + PS + Kernel,777,391,9,12,0,1
3,SARSA + PS + Kernel,777,392,11,10,0,1
3,SARSA + PS + Kernel,777,393,6,15,0,1
3,SARSA + PS + Kernel,777,394,7,14,0,1
3,SARSA + PS + Kernel,777,395,-53,65,1,1
3,SARSA + PS + Kernel,777,396,4,8,1,1
3,SARSA + PS + Kernel,777,397,-4,16,1,1
3,SARSA + PS + Kernel,777,398,10,11,0,1
3,SARSA + PS + Kernel,777,399,1,11,1,1
3,SARSA + PS + Kernel,777,400,-23,44,0,1
3,SARSA + PS + Kernel,777,401,-2,14,1,1
3,SARSA + PS + Kernel,777,402,11,10,0,1
3,SARSA + PS + Kernel,777,403,12,9,0,1
3,SARSA + PS + Kernel,777,404,-11,23,1,1
3,SARSA + PS + Kernel,777,405,11,10,0,1
3,SARSA + PS + Kernel,777,406,1,11,1,1
3,SARSA + PS + Kernel,777,407,0,12,1,1
3,SARSA + PS + Kernel,777,408,6,15,0,1
3,SARSA + PS + Kernel,777,409,8,13,0,1
3,SARSA + PS + Kernel,777,410,10,11,0,1
3,SARSA + PS + Kernel,777,411,8,13,0,1
3,SARSA + PS + Kernel,777,412,1,20,0,1
3,SARSA + PS + Kernel,777,413,-6,18,1,1
3,SARSA + PS + Kernel,777,414,-74,86,1,1
3,SARSA + PS + Kernel,777,415,-92,68,5,1
3,SARSA + PS + Kernel,777,416,6,15,0,1
3,SARSA + PS + Kernel,777,417,9,12,0,1
3,SARSA + PS + Kernel,777,418,10,11,0,1
3,SARSA + PS + Kernel,777,419,6,15,0,1
3,SARSA + PS + Kernel,777,420,-39,51,1,1
3,SARSA + PS + Kernel,777,421,9,12,0,1
3,SARSA + PS + Kernel,777,422,1,20,0,1
3,SARSA + PS + Kernel,777,423,12,9,0,1
3,SARSA + PS + Kernel,777,424,12,9,0,1
3,SARSA + PS + Kernel,777,425,12,9,0,1
3,SARSA + PS + Kernel,777,426,10,11,0,1
3,SARSA + PS + Kernel,777,427,9,12,0,1
3,SARSA + PS + Kernel,777,428,7,14,0,1
3,SARSA + PS + Kernel,777,429,1,11,1,1
3,SARSA + PS + Kernel,777,430,14,7,0,1
3,SARSA + PS + Kernel,777,431,-5,17,1,1
3,SARSA + PS + Kernel,777,432,-2,14,1,1
3,SARSA + PS + Kernel,777,433,7,14,0,1
3,SARSA + PS + Kernel,777,434,11,10,0,1
3,SARSA + PS + Kernel,777,435,10,11,0,1
3,SARSA + PS + Kernel,777,436,-9,30,0,1
3,SARSA + PS + Kernel,777,437,-4,25,0,1
3,SARSA + PS + Kernel,777,438,-10,31,0,1
3,SARSA + PS + Kernel,777,439,9,12,0,1
3,SARSA + PS + Kernel,777,440,-13,34,0,1
3,SARSA + PS + Kernel,777,441,11,10,0,1
3,SARSA + PS + Kernel,777,442,9,12,0,1
3,SARSA + PS + Kernel,777,443,-1,13,1,1
3,SARSA + PS + Kernel,777,444,-8,20,1,1
3,SARSA + PS + Kernel,777,445,-2,14,1,1
3,SARSA + PS + Kernel,777,446,10,11,0,1
3,SARSA + PS + Kernel,777,447,7,14,0,1
3,SARSA + PS + Kernel,777,448,-11,14,2,1
3,SARSA + PS + Kernel,777,449,8,13,0,1
3,SARSA + PS + Kernel,777,450,7,14,0,1
3,SARSA + PS + Kernel,777,451,-16,28,1,1
3,SARSA + PS + Kernel,777,452,5,16,0,1
3,SARSA + PS + Kernel,777,453,9,12,0,1
3,SARSA + PS + Kernel,777,454,-1,13,1,1
3,SARSA + PS + Kernel,777,455,-35,38,2,1
3,SARSA + PS + Kernel,777,456,12,9,0,1
3,SARSA + PS + Kernel,777,457,-5,17,1,1
3,SARSA + PS + Kernel,777,458,12,9,0,1
3,SARSA + PS + Kernel,777,459,12,9,0,1
3,SARSA + PS + Kernel,777,460,9,12,0,1
3,SARSA + PS + Kernel,777,461,-8,20,1,1
3,SARSA + PS + Kernel,777,462,-51,54,2,1
3,SARSA + PS + Kernel,777,463,3,18,0,1
3,SARSA + PS + Kernel,777,464,7,14,0,1
3,SARSA + PS + Kernel,777,465,12,9,0,1
3,SARSA + PS + Kernel,777,466,10,11,0,1
3,SARSA + PS + Kernel,777,467,-4,16,1,1
3,SARSA + PS + Kernel,777,468,-52,64,1,1
3,SARSA + PS + Kernel,777,469,10,11,0,1
3,SARSA + PS + Kernel,777,470,6,15,0,1
3,SARSA + PS + Kernel,777,471,4,17,0,1
3,SARSA + PS + Kernel,777,472,10,11,0,1
3,SARSA + PS + Kernel,777,473,9,12,0,1
3,SARSA + PS + Kernel,777,474,-12,15,2,1
3,SARSA + PS + Kernel,777,475,-22,34,1,1
3,SARSA + PS + Kernel,777,476,-11,14,2,1
3,SARSA + PS + Kernel,777,477,-1,13,1,1
3,SARSA + PS + Kernel,777,478,14,7,0,1
3,SARSA + PS + Kernel,777,479,8,13,0,1
3,SARSA + PS + Kernel,777,480,-7,28,0,1
3,SARSA + PS + Kernel,777,481,0,21,0,1
3,SARSA + PS + Kernel,777,482,15,6,0,1
3,SARSA + PS + Kernel,777,483,-12,24,1,1
3,SARSA + PS + Kernel,777,484,-8,29,0,1
3,SARSA + PS + Kernel,777,485,-18,30,1,1
3,SARSA + PS + Kernel,777,486,7,14,0,1
3,SARSA + PS + Kernel,777,487,9,12,0,1
3,SARSA + PS + Kernel,777,488,7,14,0,1
3,SARSA + PS + Kernel,777,489,10,11,0,1
3,SARSA + PS + Kernel,777,490,-41,62,0,1
3,SARSA + PS + Kernel,777,491,-35,47,1,1
3,SARSA + PS + Kernel,777,492,-2,14,1,1
3,SARSA + PS + Kernel,777,493,4,8,1,1
3,SARSA + PS + Kernel,777,494,-26,38,1,1
3,SARSA + PS + Kernel,777,495,-6,18,1,1
3,SARSA + PS + Kernel,777,496,-48,51,2,1
3,SARSA + PS + Kernel,777,497,7,14,0,1
3,SARSA + PS + Kernel,777,498,-1,13,1,1
3,SARSA + PS + Kernel,777,499,12,9,0,1
3,SARSA + PS + Kernel,999,0,-605,200,45,0
3,SARSA + PS + Kernel,999,1,-560,200,40,0
3,SARSA + PS + Kernel,999,2,-569,200,41,0
3,SARSA + PS + Kernel,999,3,-578,200,42,0
3,SARSA + PS + Kernel,999,4,-569,200,41,0
3,SARSA + PS + Kernel,999,5,-443,140,36,1
3,SARSA + PS + Kernel,999,6,-407,200,23,0
3,SARSA + PS + Kernel,999,7,-551,200,39,0
3,SARSA + PS + Kernel,999,8,-596,200,44,0
3,SARSA + PS + Kernel,999,9,-506,200,34,0
3,SARSA + PS + Kernel,999,10,-596,200,44,0
3,SARSA + PS + Kernel,999,11,-344,200,16,0
3,SARSA + PS + Kernel,999,12,-551,200,39,0
3,SARSA + PS + Kernel,999,13,-569,200,41,0
3,SARSA + PS + Kernel,999,14,-578,200,42,0
3,SARSA + PS + Kernel,999,15,-335,200,15,0
3,SARSA + PS + Kernel,999,16,-596,200,44,0
3,SARSA + PS + Kernel,999,17,-416,200,24,0
3,SARSA + PS + Kernel,999,18,-380,200,20,0
3,SARSA + PS + Kernel,999,19,-201,87,15,1
3,SARSA + PS + Kernel,999,20,-425,200,25,0
3,SARSA + PS + Kernel,999,21,-186,108,11,1
3,SARSA + PS + Kernel,999,22,-533,200,37,0
3,SARSA + PS + Kernel,999,23,-416,200,24,0
3,SARSA + PS + Kernel,999,24,-186,99,12,1
3,SARSA + PS + Kernel,999,25,-425,200,25,0
3,SARSA + PS + Kernel,999,26,-407,200,23,0
3,SARSA + PS + Kernel,999,27,-488,200,32,0
3,SARSA + PS + Kernel,999,28,-443,200,27,0
3,SARSA + PS + Kernel,999,29,-416,200,24,0
3,SARSA + PS + Kernel,999,30,-479,200,31,0
3,SARSA + PS + Kernel,999,31,-344,200,16,0
3,SARSA + PS + Kernel,999,32,-407,200,23,0
3,SARSA + PS + Kernel,999,33,-335,200,15,0
3,SARSA + PS + Kernel,999,34,-434,200,26,0
3,SARSA + PS + Kernel,999,35,-452,200,28,0
3,SARSA + PS + Kernel,999,36,-317,200,13,0
3,SARSA + PS + Kernel,999,37,-362,200,18,0
3,SARSA + PS + Kernel,999,38,-362,200,18,0
3,SARSA + PS + Kernel,999,39,-425,200,25,0
3,SARSA + PS + Kernel,999,40,-245,200,5,0
3,SARSA + PS + Kernel,999,41,-425,200,25,0
3,SARSA + PS + Kernel,999,42,-267,144,16,1
3,SARSA + PS + Kernel,999,43,-263,200,7,0
3,SARSA + PS + Kernel,999,44,-272,113,20,1
3,SARSA + PS + Kernel,999,45,-461,200,29,0
3,SARSA + PS + Kernel,999,46,-40,52,1,1
3,SARSA + PS + Kernel,999,47,-434,200,26,0
3,SARSA + PS + Kernel,999,48,7,14,0,1
3,SARSA + PS + Kernel,999,49,-64,58,3,1
3,SARSA + PS + Kernel,999,50,-194,125,10,1
3,SARSA + PS + Kernel,999,51,-16,28,1,1
3,SARSA + PS + Kernel,999,52,-202,133,10,1
3,SARSA + PS + Kernel,999,53,-70,73,2,1
3,SARSA + PS + Kernel,999,54,-425,200,25,0
3,SARSA + PS + Kernel,999,55,-461,200,29,0
3,SARSA + PS + Kernel,999,56,-308,200,12,0
3,SARSA + PS + Kernel,999,57,-221,197,5,1
3,SARSA + PS + Kernel,999,58,-254,200,6,0
3,SARSA + PS + Kernel,999,59,-353,200,17,0
3,SARSA + PS + Kernel,999,60,-335,200,15,0
3,SARSA + PS + Kernel,999,61,-163,121,7,1
3,SARSA + PS + Kernel,999,62,-218,200,2,0
3,SARSA + PS + Kernel,999,63,-207,129,11,1
3,SARSA + PS + Kernel,999,64,-126,120,3,1
3,SARSA + PS + Kernel,999,65,-58,61,2,1
3,SARSA + PS + Kernel,999,66,-416,200,24,0
3,SARSA + PS + Kernel,999,67,-204,135,10,1
3,SARSA + PS + Kernel,999,68,-189,147,7,1
3,SARSA + PS + Kernel,999,69,-152,155,2,1
3,SARSA + PS + Kernel,999,70,6,15,0,1
3,SARSA + PS + Kernel,999,71,-362,200,18,0
3,SARSA + PS + Kernel,999,72,-12,33,0,1
3,SARSA + PS + Kernel,999,73,-237,195,7,1
3,SARSA + PS + Kernel,999,74,-84,42,7,1
3,SARSA + PS + Kernel,999,75,-74,77,2,1
3,SARSA + PS + Kernel,999,76,-108,111,2,1
3,SARSA + PS + Kernel,999,77,-212,161,8,1
3,SARSA + PS + Kernel,999,78,-272,200,8,0
3,SARSA + PS + Kernel,999,79,-70,64,3,1
3,SARSA + PS + Kernel,999,80,-272,200,8,0
3,SARSA + PS + Kernel,999,81,-97,91,3,1
3,SARSA + PS + Kernel,999,82,-241,154,12,1
3,SARSA + PS + Kernel,999,83,-236,200,4,0
3,SARSA + PS + Kernel,999,84,9,12,0,1
3,SARSA + PS + Kernel,999,85,-290,200,10,0
3,SARSA + PS + Kernel,999,86,-62,56,3,1
3,SARSA + PS + Kernel,999,87,-425,200,25,0
3,SARSA + PS + Kernel,999,88,-90,111,0,1
3,SARSA + PS + Kernel,999,89,-63,66,2,1
3,SARSA + PS + Kernel,999,90,12,9,0,1
3,SARSA + PS + Kernel,999,91,-145,103,7,1
3,SARSA + PS + Kernel,999,92,-19,40,0,1
3,SARSA + PS + Kernel,999,93,-93,78,4,1
3,SARSA + PS + Kernel,999,94,-188,164,5,1
3,SARSA + PS + Kernel,999,95,-254,200,6,0
3,SARSA + PS + Kernel,999,96,-61,73,1,1
3,SARSA + PS + Kernel,999,97,-133,118,4,1
3,SARSA + PS + Kernel,999,98,-93,87,3,1
3,SARSA + PS + Kernel,999,99,-17,29,1,1
3,SARSA + PS + Kernel,999,100,-13,34,0,1
3,SARSA + PS + Kernel,999,101,-65,50,4,1
3,SARSA + PS + Kernel,999,102,-53,56,2,1
3,SARSA + PS + Kernel,999,103,-227,200,3,0
3,SARSA + PS + Kernel,999,104,-5,26,0,1
3,SARSA + PS + Kernel,999,105,-389,200,21,0
3,SARSA + PS + Kernel,999,106,-31,52,0,1
3,SARSA + PS + Kernel,999,107,-254,200,6,0
3,SARSA + PS + Kernel,999,108,-155,149,3,1
3,SARSA + PS + Kernel,999,109,-99,75,5,1
3,SARSA + PS + Kernel,999,110,-151,136,4,1
3,SARSA + PS + Kernel,999,111,-25,46,0,1
3,SARSA + PS + Kernel,999,112,-61,55,3,1
3,SARSA + PS + Kernel,999,113,-135,120,4,1
3,SARSA + PS + Kernel,999,114,-7,28,0,1
3,SARSA + PS + Kernel,999,115,-60,54,3,1
3,SARSA + PS + Kernel,999,116,-236,200,4,0
3,SARSA + PS + Kernel,999,117,-72,66,3,1
3,SARSA + PS + Kernel,999,118,-34,37,2,1
3,SARSA + PS + Kernel,999,119,13,8,0,1
3,SARSA + PS + Kernel,999,120,-4,25,0,1
3,SARSA + PS + Kernel,999,121,-84,87,2,1
3,SARSA + PS + Kernel,999,122,-130,115,4,1
3,SARSA + PS + Kernel,999,123,-1,13,1,1
3,SARSA + PS + Kernel,999,124,-94,79,4,1
3,SARSA + PS + Kernel,999,125,-121,124,2,1
3,SARSA + PS + Kernel,999,126,-32,44,1,1
3,SARSA + PS + Kernel,999,127,-2,14,1,1
3,SARSA + PS + Kernel,999,128,-55,31,5,1
3,SARSA + PS + Kernel,999,129,-11,32,0,1
3,SARSA + PS + Kernel,999,130,-1,13,1,1
3,SARSA + PS + Kernel,999,131,-46,58,1,1
3,SARSA + PS + Kernel,999,132,11,10,0,1
3,SARSA + PS + Kernel,999,133,-159,135,5,1
3,SARSA + PS + Kernel,999,134,-9,21,1,1
3,SARSA + PS + Kernel,999,135,0,21,0,1
3,SARSA + PS + Kernel,999,136,-70,64,3,1
3,SARSA + PS + Kernel,999,137,-67,52,4,1
3,SARSA + PS + Kernel,999,138,-34,46,1,1
3,SARSA + PS + Kernel,999,139,-33,45,1,1
3,SARSA + PS + Kernel,999,140,9,12,0,1
3,SARSA + PS + Kernel,999,141,-118,85,6,1
3,SARSA + PS + Kernel,999,142,14,7,0,1
3,SARSA + PS + Kernel,999,143,-23,35,1,1
3,SARSA + PS + Kernel,999,144,-146,113,6,1
3,SARSA + PS + Kernel,999,145,-70,64,3,1
3,SARSA + PS + Kernel,999,146,-116,74,7,1
3,SARSA + PS + Kernel,999,147,-73,67,3,1
3,SARSA + PS + Kernel,999,148,-158,134,5,1
3,SARSA + PS + Kernel,999,149,14,7,0,1
3,SARSA + PS + Kernel,999,150,-2,23,0,1
3,SARSA + PS + Kernel,999,151,-63,57,3,1
3,SARSA + PS + Kernel,999,152,5,16,0,1
3,SARSA + PS + Kernel,999,153,-90,93,2,1
3,SARSA + PS + Kernel,999,154,12,9,0,1
3,SARSA + PS + Kernel,999,155,-17,38,0,1
3,SARSA + PS + Kernel,999,156,12,9,0,1
3,SARSA + PS + Kernel,999,157,-263,200,7,0
3,SARSA + PS + Kernel,999,158,-55,76,0,1
3,SARSA + PS + Kernel,999,159,-87,72,4,1
3,SARSA + PS + Kernel,999,160,-169,154,4,1
3,SARSA + PS + Kernel,999,161,-3,24,0,1
3,SARSA + PS + Kernel,999,162,6,15,0,1
3,SARSA + PS + Kernel,999,163,-56,41,4,1
3,SARSA + PS + Kernel,999,164,-7,28,0,1
3,SARSA + PS + Kernel,999,165,-71,74,2,1
3,SARSA + PS + Kernel,999,166,-119,104,4,1
3,SARSA + PS + Kernel,999,167,-104,107,2,1
3,SARSA + PS + Kernel,999,168,-26,38,1,1
3,SARSA + PS + Kernel,999,169,-41,44,2,1
3,SARSA + PS + Kernel,999,170,10,11,0,1
3,SARSA + PS + Kernel,999,171,-12,33,0,1
3,SARSA + PS + Kernel,999,172,-41,44,2,1
3,SARSA + PS + Kernel,999,173,-26,38,1,1
3,SARSA + PS + Kernel,999,174,14,7,0,1
3,SARSA + PS + Kernel,999,175,-24,27,2,1
3,SARSA + PS + Kernel,999,176,-94,106,1,1
3,SARSA + PS + Kernel,999,177,9,12,0,1
3,SARSA + PS + Kernel,999,178,-99,93,3,1
3,SARSA + PS + Kernel,999,179,-63,66,2,1
3,SARSA + PS + Kernel,999,180,11,10,0,1
3,SARSA + PS + Kernel,999,181,11,10,0,1
3,SARSA + PS + Kernel,999,182,-17,20,2,1
3,SARSA + PS + Kernel,999,183,9,12,0,1
3,SARSA + PS + Kernel,999,184,11,10,0,1
3,SARSA + PS + Kernel,999,185,1,11,1,1
3,SARSA + PS + Kernel,999,186,-14,26,1,1
3,SARSA + PS + Kernel,999,187,-6,18,1,1
3,SARSA + PS + Kernel,999,188,8,13,0,1
3,SARSA + PS + Kernel,999,189,-4,16,1,1
3,SARSA + PS + Kernel,999,190,-38,50,1,1
3,SARSA + PS + Kernel,999,191,-11,23,1,1
3,SARSA + PS + Kernel,999,192,-317,200,13,0
3,SARSA + PS + Kernel,999,193,-84,87,2,1
3,SARSA + PS + Kernel,999,194,-25,37,1,1
3,SARSA + PS + Kernel,999,195,8,13,0,1
3,SARSA + PS + Kernel,999,196,2,10,1,1
3,SARSA + PS + Kernel,999,197,-1,22,0,1
3,SARSA + PS + Kernel,999,198,-62,65,2,1
3,SARSA + PS + Kernel,999,199,-47,32,4,1
3,SARSA + PS + Kernel,999,200,-7,19,1,1
3,SARSA + PS + Kernel,999,201,10,11,0,1
3,SARSA + PS + Kernel,999,202,2,10,1,1
3,SARSA + PS + Kernel,999,203,4,8,1,1
3,SARSA + PS + Kernel,999,204,-3,24,0,1
3,SARSA + PS + Kernel,999,205,-5,17,1,1
3,SARSA + PS + Kernel,999,206,-25,37,1,1
3,SARSA + PS + Kernel,999,207,9,12,0,1
3,SARSA + PS + Kernel,999,208,12,9,0,1
3,SARSA + PS + Kernel,999,209,-70,73,2,1
3,SARSA + PS + Kernel,999,210,-59,62,2,1
3,SARSA + PS + Kernel,999,211,-77,80,2,1
3,SARSA + PS + Kernel,999,212,12,9,0,1
3,SARSA + PS + Kernel,999,213,10,11,0,1
3,SARSA + PS + Kernel,999,214,-272,200,8,0
3,SARSA + PS + Kernel,999,215,-179,119,9,1
3,SARSA + PS + Kernel,999,216,-7,28,0,1
3,SARSA + PS + Kernel,999,217,3,18,0,1
3,SARSA + PS + Kernel,999,218,-73,67,3,1
3,SARSA + PS + Kernel,999,219,11,10,0,1
3,SARSA + PS + Kernel,999,220,11,10,0,1
3,SARSA + PS + Kernel,999,221,-9,12,2,1
3,SARSA + PS + Kernel,999,222,-29,41,1,1
3,SARSA + PS + Kernel,999,223,-3,15,1,1
3,SARSA + PS + Kernel,999,224,-63,66,2,1
3,SARSA + PS + Kernel,999,225,-5,26,0,1
3,SARSA + PS + Kernel,999,226,7,14,0,1
3,SARSA + PS + Kernel,999,227,-2,23,0,1
3,SARSA + PS + Kernel,999,228,9,12,0,1
3,SARSA + PS + Kernel,999,229,-93,96,2,1
3,SARSA + PS + Kernel,999,230,-31,43,1,1
3,SARSA + PS + Kernel,999,231,-15,27,1,1
3,SARSA + PS + Kernel,999,232,11,10,0,1
3,SARSA + PS + Kernel,999,233,-11,23,1,1
3,SARSA + PS + Kernel,999,234,12,9,0,1
3,SARSA + PS + Kernel,999,235,-2,14,1,1
3,SARSA + PS + Kernel,999,236,12,9,0,1
3,SARSA + PS + Kernel,999,237,-7,10,2,1
3,SARSA + PS + Kernel,999,238,-1,13,1,1
3,SARSA + PS + Kernel,999,239,-9,30,0,1
3,SARSA + PS + Kernel,999,240,-23,35,1,1
3,SARSA + PS + Kernel,999,241,-110,95,4,1
3,SARSA + PS + Kernel,999,242,6,15,0,1
3,SARSA + PS + Kernel,999,243,14,7,0,1
3,SARSA + PS + Kernel,999,244,8,13,0,1
3,SARSA + PS + Kernel,999,245,-2,23,0,1
3,SARSA + PS + Kernel,999,246,-92,59,6,1
3,SARSA + PS + Kernel,999,247,13,8,0,1
3,SARSA + PS + Kernel,999,248,2,19,0,1
3,SARSA + PS + Kernel,999,249,-28,31,2,1
3,SARSA + PS + Kernel,999,250,9,12,0,1
3,SARSA + PS + Kernel,999,251,-22,25,2,1
3,SARSA + PS + Kernel,999,252,8,13,0,1
3,SARSA + PS + Kernel,999,253,-27,48,0,1
3,SARSA + PS + Kernel,999,254,9,12,0,1
3,SARSA + PS + Kernel,999,255,-65,77,1,1
3,SARSA + PS + Kernel,999,256,4,8,1,1
3,SARSA + PS + Kernel,999,257,-2,14,1,1
3,SARSA + PS + Kernel,999,258,-73,76,2,1
3,SARSA + PS + Kernel,999,259,-4,25,0,1
3,SARSA + PS + Kernel,999,260,15,6,0,1
3,SARSA + PS + Kernel,999,261,-96,81,4,1
3,SARSA + PS + Kernel,999,262,-84,78,3,1
3,SARSA + PS + Kernel,999,263,-186,162,5,1
3,SARSA + PS + Kernel,999,264,-14,26,1,1
3,SARSA + PS + Kernel,999,265,1,20,0,1
3,SARSA + PS + Kernel,999,266,-8,20,1,1
3,SARSA + PS + Kernel,999,267,-20,32,1,1
3,SARSA + PS + Kernel,999,268,-148,115,6,1
3,SARSA + PS + Kernel,999,269,-180,129,8,1
3,SARSA + PS + Kernel,999,270,5,16,0,1
3,SARSA + PS + Kernel,999,271,14,7,0,1
3,SARSA + PS + Kernel,999,272,-254,200,6,0
3,SARSA + PS + Kernel,999,273,-93,114,0,1
3,SARSA + PS + Kernel,999,274,-42,36,3,1
3,SARSA + PS + Kernel,999,275,5,16,0,1
3,SARSA + PS + Kernel,999,276,9,12,0,1
3,SARSA + PS + Kernel,999,277,12,9,0,1
3,SARSA + PS + Kernel,999,278,13,8,0,1
3,SARSA + PS + Kernel,999,279,-124,91,6,1
3,SARSA + PS + Kernel,999,280,1,20,0,1
3,SARSA + PS + Kernel,999,281,2,10,1,1
3,SARSA + PS + Kernel,999,282,-99,102,2,1
3,SARSA + PS + Kernel,999,283,6,15,0,1
3,SARSA + PS + Kernel,999,284,9,12,0,1
3,SARSA + PS + Kernel,999,285,-48,60,1,1
3,SARSA + PS + Kernel,999,286,-52,46,3,1
3,SARSA + PS + Kernel,999,287,0,12,1,1
3,SARSA + PS + Kernel,999,288,-93,87,3,1
3,SARSA + PS + Kernel,999,289,1,11,1,1
3,SARSA + PS + Kernel,999,290,-201,159,7,1
3,SARSA + PS + Kernel,999,291,-56,50,3,1
3,SARSA + PS + Kernel,999,292,-11,23,1,1
3,SARSA + PS + Kernel,999,293,-23,26,2,1
3,SARSA + PS + Kernel,999,294,11,10,0,1
3,SARSA + PS + Kernel,999,295,15,6,0,1
3,SARSA + PS + Kernel,999,296,-23,35,1,1
3,SARSA + PS + Kernel,999,297,-28,31,2,1
3,SARSA + PS + Kernel,999,298,-46,67,0,1
3,SARSA + PS + Kernel,999,299,-6,18,1,1
3,SARSA + PS + Kernel,999,300,-84,69,4,1
3,SARSA + PS + Kernel,999,301,-7,19,1,1
3,SARSA + PS + Kernel,999,302,-15,27,1,1
3,SARSA + PS + Kernel,999,303,-272,200,8,0
3,SARSA + PS + Kernel,999,304,11,10,0,1
3,SARSA + PS + Kernel,999,305,5,16,0,1
3,SARSA + PS + Kernel,999,306,1,11,1,1
3,SARSA + PS + Kernel,999,307,-73,76,2,1
3,SARSA + PS + Kernel,999,308,-26,38,1,1
3,SARSA + PS + Kernel,999,309,-30,51,0,1
3,SARSA + PS + Kernel,999,310,-281,200,9,0
3,SARSA + PS + Kernel,999,311,11,10,0,1
3,SARSA + PS + Kernel,999,312,1,20,0,1
3,SARSA + PS + Kernel,999,313,-89,83,3,1
3,SARSA + PS + Kernel,999,314,7,14,0,1
3,SARSA + PS + Kernel,999,315,-22,43,0,1
3,SARSA + PS + Kernel,999,316,-30,51,0,1
3,SARSA + PS + Kernel,999,317,3,18,0,1
3,SARSA + PS + Kernel,999,318,-97,91,3,1
3,SARSA + PS + Kernel,999,319,-39,33,3,1
3,SARSA + PS + Kernel,999,320,5,16,0,1
3,SARSA + PS + Kernel,999,321,-8,20,1,1
3,SARSA + PS + Kernel,999,322,-12,24,1,1
3,SARSA + PS + Kernel,999,323,-7,19,1,1
3,SARSA + PS + Kernel,999,324,-15,27,1,1
3,SARSA + PS + Kernel,999,325,11,10,0,1
3,SARSA + PS + Kernel,999,326,10,11,0,1
3,SARSA + PS + Kernel,999,327,-3,15,1,1
3,SARSA + PS + Kernel,999,328,-51,54,2,1
3,SARSA + PS + Kernel,999,329,-7,10,2,1
3,SARSA + PS + Kernel,999,330,11,10,0,1
3,SARSA + PS + Kernel,999,331,9,12,0,1
3,SARSA + PS + Kernel,999,332,-3,24,0,1
3,SARSA + PS + Kernel,999,333,-49,43,3,1
3,SARSA + PS + Kernel,999,334,10,11,0,1
3,SARSA + PS + Kernel,999,335,-8,20,1,1
3,SARSA + PS + Kernel,999,336,10,11,0,1
3,SARSA + PS + Kernel,999,337,-10,22,1,1
3,SARSA + PS + Kernel,999,338,-6,18,1,1
3,SARSA + PS + Kernel,999,339,-28,40,1,1
3,SARSA + PS + Kernel,999,340,-67,79,1,1
3,SARSA + PS + Kernel,999,341,8,13,0,1
3,SARSA + PS + Kernel,999,342,9,12,0,1
3,SARSA + PS + Kernel,999,343,10,11,0,1
3,SARSA + PS + Kernel,999,344,-28,49,0,1
3,SARSA + PS + Kernel,999,345,-7,28,0,1
3,SARSA + PS + Kernel,999,346,-26,29,2,1
3,SARSA + PS + Kernel,999,347,7,14,0,1
3,SARSA + PS + Kernel,999,348,7,14,0,1
3,SARSA + PS + Kernel,999,349,-281,200,9,0
3,SARSA + PS + Kernel,999,350,-36,39,2,1
3,SARSA + PS + Kernel,999,351,-15,27,1,1
3,SARSA + PS + Kernel,999,352,6,15,0,1
3,SARSA + PS + Kernel,999,353,-30,33,2,1
3,SARSA + PS + Kernel,999,354,12,9,0,1
3,SARSA + PS + Kernel,999,355,-13,16,2,1
3,SARSA + PS + Kernel,999,356,-77,80,2,1
3,SARSA + PS + Kernel,999,357,8,13,0,1
3,SARSA + PS + Kernel,999,358,-64,58,3,1
3,SARSA + PS + Kernel,999,359,-152,128,5,1
3,SARSA + PS + Kernel,999,360,9,12,0,1
3,SARSA + PS + Kernel,999,361,8,13,0,1
3,SARSA + PS + Kernel,999,362,-36,30,3,1
3,SARSA + PS + Kernel,999,363,1,20,0,1
3,SARSA + PS + Kernel,999,364,-51,63,1,1
3,SARSA + PS + Kernel,999,365,9,12,0,1
3,SARSA + PS + Kernel,999,366,14,7,0,1
3,SARSA + PS + Kernel,999,367,-1,22,0,1
3,SARSA + PS + Kernel,999,368,13,8,0,1
3,SARSA + PS + Kernel,999,369,-221,170,8,1
3,SARSA + PS + Kernel,999,370,-73,76,2,1
3,SARSA + PS + Kernel,999,371,11,10,0,1
3,SARSA + PS + Kernel,999,372,10,11,0,1
3,SARSA + PS + Kernel,999,373,-254,200,6,0
3,SARSA + PS + Kernel,999,374,13,8,0,1
3,SARSA + PS + Kernel,999,375,3,18,0,1
3,SARSA + PS + Kernel,999,376,0,12,1,1
3,SARSA + PS + Kernel,999,377,1,11,1,1
3,SARSA + PS + Kernel,999,378,-8,11,2,1
3,SARSA + PS + Kernel,999,379,-4,16,1,1
3,SARSA + PS + Kernel,999,380,12,9,0,1
3,SARSA + PS + Kernel,999,381,-27,39,1,1
3,SARSA + PS + Kernel,999,382,-22,34,1,1
3,SARSA + PS + Kernel,999,383,3,18,0,1
3,SARSA + PS + Kernel,999,384,-2,14,1,1
3,SARSA + PS + Kernel,999,385,2,10,1,1
3,SARSA + PS + Kernel,999,386,3,18,0,1
3,SARSA + PS + Kernel,999,387,-20,41,0,1
3,SARSA + PS + Kernel,999,388,-63,57,3,1
3,SARSA + PS + Kernel,999,389,-57,78,0,1
3,SARSA + PS + Kernel,999,390,-3,15,1,1
3,SARSA + PS + Kernel,999,391,-2,23,0,1
3,SARSA + PS + Kernel,999,392,-89,65,5,1
3,SARSA + PS + Kernel,999,393,-12,15,2,1
3,SARSA + PS + Kernel,999,394,-58,52,3,1
3,SARSA + PS + Kernel,999,395,-3,15,1,1
3,SARSA + PS + Kernel,999,396,-7,28,0,1
3,SARSA + PS + Kernel,999,397,-3,24,0,1
3,SARSA + PS + Kernel,999,398,0,21,0,1
3,SARSA + PS + Kernel,999,399,-4,25,0,1
3,SARSA + PS + Kernel,999,400,10,11,0,1
3,SARSA + PS + Kernel,999,401,-3,15,1,1
3,SARSA + PS + Kernel,999,402,7,14,0,1
3,SARSA + PS + Kernel,999,403,-65,86,0,1
3,SARSA + PS + Kernel,999,404,7,14,0,1
3,SARSA + PS + Kernel,999,405,-174,141,6,1
3,SARSA + PS + Kernel,999,406,4,17,0,1
3,SARSA + PS + Kernel,999,407,1,11,1,1
3,SARSA + PS + Kernel,999,408,11,10,0,1
3,SARSA + PS + Kernel,999,409,5,16,0,1
3,SARSA + PS + Kernel,999,410,-1,22,0,1
3,SARSA + PS + Kernel,999,411,-1,22,0,1
3,SARSA + PS + Kernel,999,412,-101,77,5,1
3,SARSA + PS + Kernel,999,413,12,9,0,1
3,SARSA + PS + Kernel,999,414,-33,54,0,1
3,SARSA + PS + Kernel,999,415,2,10,1,1
3,SARSA + PS + Kernel,999,416,-1,13,1,1
3,SARSA + PS + Kernel,999,417,9,12,0,1
3,SARSA + PS + Kernel,999,418,-3,24,0,1
3,SARSA + PS + Kernel,999,419,9,12,0,1
3,SARSA + PS + Kernel,999,420,-5,17,1,1
3,SARSA + PS + Kernel,999,421,12,9,0,1
3,SARSA + PS + Kernel,999,422,-87,81,3,1
3,SARSA + PS + Kernel,999,423,6,15,0,1
3,SARSA + PS + Kernel,999,424,10,11,0,1
3,SARSA + PS + Kernel,999,425,-19,31,1,1
3,SARSA + PS + Kernel,999,426,-50,44,3,1
3,SARSA + PS + Kernel,999,427,-1,13,1,1
3,SARSA + PS + Kernel,999,428,12,9,0,1
3,SARSA + PS + Kernel,999,429,-11,32,0,1
3,SARSA + PS + Kernel,999,430,1,20,0,1
3,SARSA + PS + Kernel,999,431,-32,44,1,1
3,SARSA + PS + Kernel,999,432,11,10,0,1
3,SARSA + PS + Kernel,999,433,5,16,0,1
3,SARSA + PS + Kernel,999,434,9,12,0,1
3,SARSA + PS + Kernel,999,435,14,7,0,1
3,SARSA + PS + Kernel,999,436,8,13,0,1
3,SARSA + PS + Kernel,999,437,-55,40,4,1
3,SARSA + PS + Kernel,999,438,10,11,0,1
3,SARSA + PS + Kernel,999,439,7,14,0,1
3,SARSA + PS + Kernel,999,440,9,12,0,1
3,SARSA + PS + Kernel,999,441,12,9,0,1
3,SARSA + PS + Kernel,999,442,10,11,0,1
3,SARSA + PS + Kernel,999,443,13,8,0,1
3,SARSA + PS + Kernel,999,444,-66,60,3,1
3,SARSA + PS + Kernel,999,445,11,10,0,1
3,SARSA + PS + Kernel,999,446,11,10,0,1
3,SARSA + PS + Kernel,999,447,1,11,1,1
3,SARSA + PS + Kernel,999,448,-31,43,1,1
3,SARSA + PS + Kernel,999,449,-1,13,1,1
3,SARSA + PS + Kernel,999,450,9,12,0,1
3,SARSA + PS + Kernel,999,451,8,13,0,1
3,SARSA + PS + Kernel,999,452,-7,10,2,1
3,SARSA + PS + Kernel,999,453,-25,37,1,1
3,SARSA + PS + Kernel,999,454,-12,33,0,1
3,SARSA + PS + Kernel,999,455,7,14,0,1
3,SARSA + PS + Kernel,999,456,-1,13,1,1
3,SARSA + PS + Kernel,999,457,-29,41,1,1
3,SARSA + PS + Kernel,999,458,-5,17,1,1
3,SARSA + PS + Kernel,999,459,-73,76,2,1
3,SARSA + PS + Kernel,999,460,11,10,0,1
3,SARSA + PS + Kernel,999,461,8,13,0,1
3,SARSA + PS + Kernel,999,462,-43,64,0,1
3,SARSA + PS + Kernel,999,463,-83,68,4,1
3,SARSA + PS + Kernel,999,464,-1,22,0,1
3,SARSA + PS + Kernel,999,465,9,12,0,1
3,SARSA + PS + Kernel,999,466,5,16,0,1
3,SARSA + PS + Kernel,999,467,-2,14,1,1
3,SARSA + PS + Kernel,999,468,-3,24,0,1
3,SARSA + PS + Kernel,999,469,-12,24,1,1
3,SARSA + PS + Kernel,999,470,-7,28,0,1
3,SARSA + PS + Kernel,999,471,7,14,0,1
3,SARSA + PS + Kernel,999,472,-57,51,3,1
3,SARSA + PS + Kernel,999,473,-26,47,0,1
3,SARSA + PS + Kernel,999,474,-25,37,1,1
3,SARSA + PS + Kernel,999,475,7,14,0,1
3,SARSA + PS + Kernel,999,476,-10,22,1,1
3,SARSA + PS + Kernel,999,477,-57,51,3,1
3,SARSA + PS + Kernel,999,478,8,13,0,1
3,SARSA + PS + Kernel,999,479,-2,14,1,1
3,SARSA + PS + Kernel,999,480,10,11,0,1
3,SARSA + PS + Kernel,999,481,-87,63,5,1
3,SARSA + PS + Kernel,999,482,-8,11,2,1
3,SARSA + PS + Kernel,999,483,-57,60,2,1
3,SARSA + PS + Kernel,999,484,8,13,0,1
3,SARSA + PS + Kernel,999,485,6,15,0,1
3,SARSA + PS + Kernel,999,486,-7,28,0,1
3,SARSA + PS + Kernel,999,487,6,15,0,1
3,SARSA + PS + Kernel,999,488,12,9,0,1
3,SARSA + PS + Kernel,999,489,-3,15,1,1
3,SARSA + PS + Kernel,999,490,9,12,0,1
3,SARSA + PS + Kernel,999,491,-17,20,2,1
3,SARSA + PS + Kernel,999,492,1,11,1,1
3,SARSA + PS + Kernel,999,493,-1,22,0,1
3,SARSA + PS + Kernel,999,494,-4,16,1,1
3,SARSA + PS + Kernel,999,495,-11,14,2,1
3,SARSA + PS + Kernel,999,496,13,8,0,1
3,SARSA + PS + Kernel,999,497,-11,32,0,1
3,SARSA + PS + Kernel,999,498,3,18,0,1
3,SARSA + PS + Kernel,999,499,-10,31,0,1
3,SARSA + PS + Kernel,2024,0,-659,200,51,0
3,SARSA + PS + Kernel,2024,1,-416,200,24,0
3,SARSA + PS + Kernel,2024,2,-459,147,37,1
3,SARSA + PS + Kernel,2024,3,-641,200,49,0
3,SARSA + PS + Kernel,2024,4,-569,200,41,0
3,SARSA + PS + Kernel,2024,5,-641,200,49,0
3,SARSA + PS + Kernel,2024,6,-506,200,34,0
3,SARSA + PS + Kernel,2024,7,-596,200,44,0
3,SARSA + PS + Kernel,2024,8,-497,200,33,0
3,SARSA + PS + Kernel,2024,9,-551,200,39,0
3,SARSA + PS + Kernel,2024,10,-569,200,41,0
3,SARSA + PS + Kernel,2024,11,-596,200,44,0
3,SARSA + PS + Kernel,2024,12,-425,200,25,0
3,SARSA + PS + Kernel,2024,13,-515,200,35,0
3,SARSA + PS + Kernel,2024,14,-416,200,24,0
3,SARSA + PS + Kernel,2024,15,-335,200,15,0
3,SARSA + PS + Kernel,2024,16,-389,200,21,0
3,SARSA + PS + Kernel,2024,17,-266,125,18,1
3,SARSA + PS + Kernel,2024,18,-398,200,22,0
3,SARSA + PS + Kernel,2024,19,-479,200,31,0
3,SARSA + PS + Kernel,2024,20,-452,200,28,0
3,SARSA + PS + Kernel,2024,21,-362,200,18,0
3,SARSA + PS + Kernel,2024,22,-542,200,38,0
3,SARSA + PS + Kernel,2024,23,-416,200,24,0
3,SARSA + PS + Kernel,2024,24,-52,55,2,1
3,SARSA + PS + Kernel,2024,25,-560,200,40,0
3,SARSA + PS + Kernel,2024,26,-416,200,24,0
3,SARSA + PS + Kernel,2024,27,-424,193,28,1
3,SARSA + PS + Kernel,2024,28,-304,172,17,1
3,SARSA + PS + Kernel,2024,29,-172,94,11,1
3,SARSA + PS + Kernel,2024,30,-398,200,22,0
3,SARSA + PS + Kernel,2024,31,-371,200,19,0
3,SARSA + PS + Kernel,2024,32,-281,200,9,0
3,SARSA + PS + Kernel,2024,33,-236,200,4,0
3,SARSA + PS + Kernel,2024,34,-452,200,28,0
3,SARSA + PS + Kernel,2024,35,-488,200,32,0
3,SARSA + PS + Kernel,2024,36,-425,200,25,0
3,SARSA + PS + Kernel,2024,37,-470,200,30,0
3,SARSA + PS + Kernel,2024,38,-31,43,1,1
3,SARSA + PS + Kernel,2024,39,-254,200,6,0
3,SARSA + PS + Kernel,2024,40,-533,200,37,0
3,SARSA + PS + Kernel,2024,41,-461,200,29,0
3,SARSA + PS + Kernel,2024,42,-76,52,5,1
3,SARSA + PS + Kernel,2024,43,-281,200,9,0
3,SARSA + PS + Kernel,2024,44,-290,200,10,0
3,SARSA + PS + Kernel,2024,45,-299,200,11,0
3,SARSA + PS + Kernel,2024,46,-488,200,32,0
3,SARSA + PS + Kernel,2024,47,-263,200,7,0
3,SARSA + PS + Kernel,2024,48,-425,200,25,0
3,SARSA + PS + Kernel,2024,49,-380,194,23,1
3,SARSA + PS + Kernel,2024,50,-245,200,5,0
3,SARSA + PS + Kernel,2024,51,-416,200,24,0
3,SARSA + PS + Kernel,2024,52,-38,50,1,1
3,SARSA + PS + Kernel,2024,53,-74,68,3,1
3,SARSA + PS + Kernel,2024,54,-299,200,11,0
3,SARSA + PS + Kernel,2024,55,-25,46,0,1
3,SARSA + PS + Kernel,2024,56,-497,200,33,0
3,SARSA + PS + Kernel,2024,57,-236,200,4,0
3,SARSA + PS + Kernel,2024,58,-49,52,2,1
3,SARSA + PS + Kernel,2024,59,-299,200,11,0
3,SARSA + PS + Kernel,2024,60,-497,200,33,0
3,SARSA + PS + Kernel,2024,61,0,12,1,1
3,SARSA + PS + Kernel,2024,62,-515,200,35,0
3,SARSA + PS + Kernel,2024,63,-223,190,6,1
3,SARSA + PS + Kernel,2024,64,-12,33,0,1
3,SARSA + PS + Kernel,2024,65,-272,200,8,0
3,SARSA + PS + Kernel,2024,66,-30,33,2,1
3,SARSA + PS + Kernel,2024,67,-20,32,1,1
3,SARSA + PS + Kernel,2024,68,-179,164,4,1
3,SARSA + PS + Kernel,2024,69,-51,54,2,1
3,SARSA + PS + Kernel,2024,70,14,7,0,1
3,SARSA + PS + Kernel,2024,71,-272,200,8,0
3,SARSA + PS + Kernel,2024,72,-299,200,11,0
3,SARSA + PS + Kernel,2024,73,-254,200,6,0
3,SARSA + PS + Kernel,2024,74,-335,200,15,0
3,SARSA + PS + Kernel,2024,75,-95,80,4,1
3,SARSA + PS + Kernel,2024,76,-12,24,1,1
3,SARSA + PS + Kernel,2024,77,-281,200,9,0
3,SARSA + PS + Kernel,2024,78,-236,200,4,0
3,SARSA + PS + Kernel,2024,79,-207,165,7,1
3,SARSA + PS + Kernel,2024,80,-139,115,5,1
3,SARSA + PS + Kernel,2024,81,-227,200,3,0
3,SARSA + PS + Kernel,2024,82,-263,200,7,0
3,SARSA + PS + Kernel,2024,83,-254,200,6,0
3,SARSA + PS + Kernel,2024,84,6,15,0,1
3,SARSA + PS + Kernel,2024,85,-164,158,3,1
3,SARSA + PS + Kernel,2024,86,5,16,0,1
3,SARSA + PS + Kernel,2024,87,-290,200,10,0
3,SARSA + PS + Kernel,2024,88,-47,59,1,1
3,SARSA + PS + Kernel,2024,89,-272,200,8,0
3,SARSA + PS + Kernel,2024,90,-49,52,2,1
3,SARSA + PS + Kernel,2024,91,-183,177,3,1
3,SARSA + PS + Kernel,2024,92,-290,200,10,0
3,SARSA + PS + Kernel,2024,93,12,9,0,1
3,SARSA + PS + Kernel,2024,94,-185,98,12,1
3,SARSA + PS + Kernel,2024,95,-145,112,6,1
3,SARSA + PS + Kernel,2024,96,-254,200,6,0
3,SARSA + PS + Kernel,2024,97,-113,89,5,1
3,SARSA + PS + Kernel,2024,98,-26,47,0,1
3,SARSA + PS + Kernel,2024,99,-180,156,5,1
3,SARSA + PS + Kernel,2024,100,13,8,0,1
3,SARSA + PS + Kernel,2024,101,-281,200,9,0
3,SARSA + PS + Kernel,2024,102,-5,26,0,1
3,SARSA + PS + Kernel,2024,103,-70,64,3,1
3,SARSA + PS + Kernel,2024,104,5,16,0,1
3,SARSA + PS + Kernel,2024,105,11,10,0,1
3,SARSA + PS + Kernel,2024,106,-184,151,6,1
3,SARSA + PS + Kernel,2024,107,12,9,0,1
3,SARSA + PS + Kernel,2024,108,-172,157,4,1
3,SARSA + PS + Kernel,2024,109,-245,200,5,0
3,SARSA + PS + Kernel,2024,110,-78,72,3,1
3,SARSA + PS + Kernel,2024,111,9,12,0,1
3,SARSA + PS + Kernel,2024,112,-245,200,5,0
3,SARSA + PS + Kernel,2024,113,-10,22,1,1
3,SARSA + PS + Kernel,2024,114,-16,37,0,1
3,SARSA + PS + Kernel,2024,115,-533,200,37,0
3,SARSA + PS + Kernel,2024,116,-263,200,7,0
3,SARSA + PS + Kernel,2024,117,8,13,0,1
3,SARSA + PS + Kernel,2024,118,-4,16,1,1
3,SARSA + PS + Kernel,2024,119,-362,200,18,0
3,SARSA + PS + Kernel,2024,120,-245,200,5,0
3,SARSA + PS + Kernel,2024,121,-4,25,0,1
3,SARSA + PS + Kernel,2024,122,-7,19,1,1
3,SARSA + PS + Kernel,2024,123,1,11,1,1
3,SARSA + PS + Kernel,2024,124,-62,74,1,1
3,SARSA + PS + Kernel,2024,125,8,13,0,1
3,SARSA + PS + Kernel,2024,126,-184,142,7,1
3,SARSA + PS + Kernel,2024,127,-34,37,2,1
3,SARSA + PS + Kernel,2024,128,-9,12,2,1
3,SARSA + PS + Kernel,2024,129,-281,200,9,0
3,SARSA + PS + Kernel,2024,130,10,11,0,1
3,SARSA + PS + Kernel,2024,131,-218,200,2,0
3,SARSA + PS + Kernel,2024,132,13,8,0,1
3,SARSA + PS + Kernel,2024,133,1,11,1,1
3,SARSA + PS + Kernel,2024,134,-299,200,11,0
3,SARSA + PS + Kernel,2024,135,-272,200,8,0
3,SARSA + PS + Kernel,2024,136,-41,44,2,1
3,SARSA + PS + Kernel,2024,137,-263,200,7,0
3,SARSA + PS + Kernel,2024,138,-89,65,5,1
3,SARSA + PS + Kernel,2024,139,10,11,0,1
3,SARSA + PS + Kernel,2024,140,-209,176,6,1
3,SARSA + PS + Kernel,2024,141,-156,123,6,1
3,SARSA + PS + Kernel,2024,142,-199,184,4,1
3,SARSA + PS + Kernel,2024,143,-128,113,4,1
3,SARSA + PS + Kernel,2024,144,11,10,0,1
3,SARSA + PS + Kernel,2024,145,5,16,0,1
3,SARSA + PS + Kernel,2024,146,-1,22,0,1
3,SARSA + PS + Kernel,2024,147,-58,79,0,1
3,SARSA + PS + Kernel,2024,148,-9,21,1,1
3,SARSA + PS + Kernel,2024,149,-308,200,12,0
3,SARSA + PS + Kernel,2024,150,-3,24,0,1
3,SARSA + PS + Kernel,2024,151,-263,200,7,0
3,SARSA + PS + Kernel,2024,152,3,9,1,1
3,SARSA + PS + Kernel,2024,153,11,10,0,1
3,SARSA + PS + Kernel,2024,154,1,11,1,1
3,SARSA + PS + Kernel,2024,155,-69,63,3,1
3,SARSA + PS + Kernel,2024,156,-25,37,1,1
3,SARSA + PS + Kernel,2024,157,-23,44,0,1
3,SARSA + PS + Kernel,2024,158,-4,16,1,1
3,SARSA + PS + Kernel,2024,159,-272,200,8,0
3,SARSA + PS + Kernel,2024,160,-41,53,1,1
3,SARSA + PS + Kernel,2024,161,-67,61,3,1
3,SARSA + PS + Kernel,2024,162,-145,103,7,1
3,SARSA + PS + Kernel,2024,163,0,12,1,1
3,SARSA + PS + Kernel,2024,164,9,12,0,1
3,SARSA + PS + Kernel,2024,165,8,13,0,1
3,SARSA + PS + Kernel,2024,166,9,12,0,1
3,SARSA + PS + Kernel,2024,167,-102,105,2,1
3,SARSA + PS + Kernel,2024,168,-105,99,3,1
3,SARSA + PS + Kernel,2024,169,-95,107,1,1
3,SARSA + PS + Kernel,2024,170,-92,77,4,1
3,SARSA + PS + Kernel,2024,171,-5,26,0,1
3,SARSA + PS + Kernel,2024,172,-416,200,24,0
3,SARSA + PS + Kernel,2024,173,-227,200,3,0
3,SARSA + PS + Kernel,2024,174,-218,200,2,0
3,SARSA + PS + Kernel,2024,175,-199,166,6,1
3,SARSA + PS + Kernel,2024,176,-32,44,1,1
3,SARSA + PS + Kernel,2024,177,7,14,0,1
3,SARSA + PS + Kernel,2024,178,-199,166,6,1
3,SARSA + PS + Kernel,2024,179,-99,84,4,1
3,SARSA + PS + Kernel,2024,180,-362,200,18,0
3,SARSA + PS + Kernel,2024,181,-28,40,1,1
3,SARSA + PS + Kernel,2024,182,11,10,0,1
3,SARSA + PS + Kernel,2024,183,-65,50,4,1
3,SARSA + PS + Kernel,2024,184,13,8,0,1
3,SARSA + PS + Kernel,2024,185,-104,71,6,1
3,SARSA + PS + Kernel,2024,186,8,13,0,1
3,SARSA + PS + Kernel,2024,187,-16,28,1,1
3,SARSA + PS + Kernel,2024,188,-15,18,2,1
3,SARSA + PS + Kernel,2024,189,-8,20,1,1
3,SARSA + PS + Kernel,2024,190,-150,135,4,1
3,SARSA + PS + Kernel,2024,191,-290,200,10,0
3,SARSA + PS + Kernel,2024,192,-7,28,0,1
3,SARSA + PS + Kernel,2024,193,11,10,0,1
3,SARSA + PS + Kernel,2024,194,7,14,0,1
3,SARSA + PS + Kernel,2024,195,2,19,0,1
3,SARSA + PS + Kernel,2024,196,-1,22,0,1
3,SARSA + PS + Kernel,2024,197,-272,200,8,0
3,SARSA + PS + Kernel,2024,198,5,16,0,1
3,SARSA + PS + Kernel,2024,199,2,10,1,1
3,SARSA + PS + Kernel,2024,200,5,16,0,1
3,SARSA + PS + Kernel,2024,201,9,12,0,1
3,SARSA + PS + Kernel,2024,202,-218,200,2,0
3,SARSA + PS + Kernel,2024,203,13,8,0,1
3,SARSA + PS + Kernel,2024,204,5,16,0,1
3,SARSA + PS + Kernel,2024,205,-50,44,3,1
3,SARSA + PS + Kernel,2024,206,2,10,1,1
3,SARSA + PS + Kernel,2024,207,-161,119,7,1
3,SARSA + PS + Kernel,2024,208,4,17,0,1
3,SARSA + PS + Kernel,2024,209,-3,24,0,1
3,SARSA + PS + Kernel,2024,210,-236,200,4,0
3,SARSA + PS + Kernel,2024,211,9,12,0,1
3,SARSA + PS + Kernel,2024,212,-7,19,1,1
3,SARSA + PS + Kernel,2024,213,-130,106,5,1
3,SARSA + PS + Kernel,2024,214,10,11,0,1
3,SARSA + PS + Kernel,2024,215,10,11,0,1
3,SARSA + PS + Kernel,2024,216,-48,69,0,1
3,SARSA + PS + Kernel,2024,217,-73,76,2,1
3,SARSA + PS + Kernel,2024,218,-38,50,1,1
3,SARSA + PS + Kernel,2024,219,4,17,0,1
3,SARSA + PS + Kernel,2024,220,-171,147,5,1
3,SARSA + PS + Kernel,2024,221,-254,200,6,0
3,SARSA + PS + Kernel,2024,222,-208,157,8,1
3,SARSA + PS + Kernel,2024,223,-66,60,3,1
3,SARSA + PS + Kernel,2024,224,-110,104,3,1
3,SARSA + PS + Kernel,2024,225,9,12,0,1
3,SARSA + PS + Kernel,2024,226,-153,129,5,1
3,SARSA + PS + Kernel,2024,227,0,12,1,1
3,SARSA + PS + Kernel,2024,228,-51,54,2,1
3,SARSA + PS + Kernel,2024,229,0,12,1,1
3,SARSA + PS + Kernel,2024,230,-1,22,0,1
3,SARSA + PS + Kernel,2024,231,-62,56,3,1
3,SARSA + PS + Kernel,2024,232,-94,97,2,1
3,SARSA + PS + Kernel,2024,233,-13,25,1,1
3,SARSA + PS + Kernel,2024,234,-97,82,4,1
3,SARSA + PS + Kernel,2024,235,-9,21,1,1
3,SARSA + PS + Kernel,2024,236,-17,29,1,1
3,SARSA + PS + Kernel,2024,237,-18,39,0,1
3,SARSA + PS + Kernel,2024,238,-39,60,0,1
3,SARSA + PS + Kernel,2024,239,-44,56,1,1
3,SARSA + PS + Kernel,2024,240,9,12,0,1
3,SARSA + PS + Kernel,2024,241,-1,13,1,1
3,SARSA + PS + Kernel,2024,242,15,6,0,1
3,SARSA + PS + Kernel,2024,243,-162,147,4,1
3,SARSA + PS + Kernel,2024,244,-14,26,1,1
3,SARSA + PS + Kernel,2024,245,-44,38,3,1
3,SARSA + PS + Kernel,2024,246,-6,27,0,1
3,SARSA + PS + Kernel,2024,247,8,13,0,1
3,SARSA + PS + Kernel,2024,248,-12,24,1,1
3,SARSA + PS + Kernel,2024,249,-73,67,3,1
3,SARSA + PS + Kernel,2024,250,-5,26,0,1
3,SARSA + PS + Kernel,2024,251,-4,25,0,1
3,SARSA + PS + Kernel,2024,252,-10,31,0,1
3,SARSA + PS + Kernel,2024,253,-13,34,0,1
3,SARSA + PS + Kernel,2024,254,-145,130,4,1
3,SARSA + PS + Kernel,2024,255,12,9,0,1
3,SARSA + PS + Kernel,2024,256,11,10,0,1
3,SARSA + PS + Kernel,2024,257,7,14,0,1
3,SARSA + PS + Kernel,2024,258,-3,15,1,1
3,SARSA + PS + Kernel,2024,259,-27,30,2,1
3,SARSA + PS + Kernel,2024,260,3,18,0,1
3,SARSA + PS + Kernel,2024,261,8,13,0,1
3,SARSA + PS + Kernel,2024,262,8,13,0,1
3,SARSA + PS + Kernel,2024,263,-41,44,2,1
3,SARSA + PS + Kernel,2024,264,-52,55,2,1
3,SARSA + PS + Kernel,2024,265,-51,45,3,1
3,SARSA + PS + Kernel,2024,266,-25,28,2,1
3,SARSA + PS + Kernel,2024,267,-31,43,1,1
3,SARSA + PS + Kernel,2024,268,-34,46,1,1
3,SARSA + PS + Kernel,2024,269,4,8,1,1
3,SARSA + PS + Kernel,2024,270,-18,39,0,1
3,SARSA + PS + Kernel,2024,271,9,12,0,1
3,SARSA + PS + Kernel,2024,272,-2,14,1,1
3,SARSA + PS + Kernel,2024,273,-5,17,1,1
3,SARSA + PS + Kernel,2024,274,10,11,0,1
3,SARSA + PS + Kernel,2024,275,-12,24,1,1
3,SARSA + PS + Kernel,2024,276,-20,32,1,1
3,SARSA + PS + Kernel,2024,277,9,12,0,1
3,SARSA + PS + Kernel,2024,278,11,10,0,1
3,SARSA + PS + Kernel,2024,279,3,18,0,1
3,SARSA + PS + Kernel,2024,280,6,15,0,1
3,SARSA + PS + Kernel,2024,281,-26,38,1,1
3,SARSA + PS + Kernel,2024,282,-263,200,7,0
3,SARSA + PS + Kernel,2024,283,-170,146,5,1
3,SARSA + PS + Kernel,2024,284,4,17,0,1
3,SARSA + PS + Kernel,2024,285,2,19,0,1
3,SARSA + PS + Kernel,2024,286,-18,30,1,1
3,SARSA + PS + Kernel,2024,287,-140,107,6,1
3,SARSA + PS + Kernel,2024,288,-17,29,1,1
3,SARSA + PS + Kernel,2024,289,-4,16,1,1
3,SARSA + PS + Kernel,2024,290,-5,26,0,1
3,SARSA + PS + Kernel,2024,291,-20,23,2,1
3,SARSA + PS + Kernel,2024,292,8,13,0,1
3,SARSA + PS + Kernel,2024,293,-16,37,0,1
3,SARSA + PS + Kernel,2024,294,7,14,0,1
3,SARSA + PS + Kernel,2024,295,-79,82,2,1
3,SARSA + PS + Kernel,2024,296,-35,47,1,1
3,SARSA + PS + Kernel,2024,297,-3,15,1,1
3,SARSA + PS + Kernel,2024,298,-272,200,8,0
3,SARSA + PS + Kernel,2024,299,8,13,0,1
3,SARSA + PS + Kernel,2024,300,3,18,0,1
3,SARSA + PS + Kernel,2024,301,-16,28,1,1
3,SARSA + PS + Kernel,2024,302,-3,15,1,1
3,SARSA + PS + Kernel,2024,303,0,12,1,1
3,SARSA + PS + Kernel,2024,304,10,11,0,1
3,SARSA + PS + Kernel,2024,305,0,12,1,1
3,SARSA + PS + Kernel,2024,306,4,17,0,1
3,SARSA + PS + Kernel,2024,307,-25,28,2,1
3,SARSA + PS + Kernel,2024,308,-22,25,2,1
3,SARSA + PS + Kernel,2024,309,5,16,0,1
3,SARSA + PS + Kernel,2024,310,-22,34,1,1
3,SARSA + PS + Kernel,2024,311,-50,53,2,1
3,SARSA + PS + Kernel,2024,312,0,12,1,1
3,SARSA + PS + Kernel,2024,313,-2,23,0,1
3,SARSA + PS + Kernel,2024,314,-253,175,11,1
3,SARSA + PS + Kernel,2024,315,-48,60,1,1
3,SARSA + PS + Kernel,2024,316,-8,29,0,1
3,SARSA + PS + Kernel,2024,317,-10,31,0,1
3,SARSA + PS + Kernel,2024,318,-21,33,1,1
3,SARSA + PS + Kernel,2024,319,4,17,0,1
3,SARSA + PS + Kernel,2024,320,-195,171,5,1
3,SARSA + PS + Kernel,2024,321,-48,42,3,1
3,SARSA + PS + Kernel,2024,322,-62,65,2,1
3,SARSA + PS + Kernel,2024,323,-28,40,1,1
3,SARSA + PS + Kernel,2024,324,0,21,0,1
3,SARSA + PS + Kernel,2024,325,9,12,0,1
3,SARSA + PS + Kernel,2024,326,-8,29,0,1
3,SARSA + PS + Kernel,2024,327,7,14,0,1
3,SARSA + PS + Kernel,2024,328,-29,41,1,1
3,SARSA + PS + Kernel,2024,329,12,9,0,1
3,SARSA + PS + Kernel,2024,330,-5,26,0,1
3,SARSA + PS + Kernel,2024,331,2,19,0,1
3,SARSA + PS + Kernel,2024,332,-9,21,1,1
3,SARSA + PS + Kernel,2024,333,-20,23,2,1
3,SARSA + PS + Kernel,2024,334,-9,21,1,1
3,SARSA + PS + Kernel,2024,335,4,17,0,1
3,SARSA + PS + Kernel,2024,336,-3,15,1,1
3,SARSA + PS + Kernel,2024,337,-1,13,1,1
3,SARSA + PS + Kernel,2024,338,13,8,0,1
3,SARSA + PS + Kernel,2024,339,-7,28,0,1
3,SARSA + PS + Kernel,2024,340,-8,11,2,1
3,SARSA + PS + Kernel,2024,341,11,10,0,1
3,SARSA + PS + Kernel,2024,342,-23,44,0,1
3,SARSA + PS + Kernel,2024,343,12,9,0,1
3,SARSA + PS + Kernel,2024,344,-4,25,0,1
3,SARSA + PS + Kernel,2024,345,-9,30,0,1
3,SARSA + PS + Kernel,2024,346,-104,98,3,1
3,SARSA + PS + Kernel,2024,347,6,15,0,1
3,SARSA + PS + Kernel,2024,348,5,16,0,1
3,SARSA + PS + Kernel,2024,349,5,16,0,1
3,SARSA + PS + Kernel,2024,350,-10,22,1,1
3,SARSA + PS + Kernel,2024,351,9,12,0,1
3,SARSA + PS + Kernel,2024,352,6,15,0,1
3,SARSA + PS + Kernel,2024,353,-28,40,1,1
3,SARSA + PS + Kernel,2024,354,0,12,1,1
3,SARSA + PS + Kernel,2024,355,-2,14,1,1
3,SARSA + PS + Kernel,2024,356,-2,23,0,1
3,SARSA + PS + Kernel,2024,357,14,7,0,1
3,SARSA + PS + Kernel,2024,358,-26,38,1,1
3,SARSA + PS + Kernel,2024,359,13,8,0,1
3,SARSA + PS + Kernel,2024,360,8,13,0,1
3,SARSA + PS + Kernel,2024,361,-131,98,6,1
3,SARSA + PS + Kernel,2024,362,-1,13,1,1
3,SARSA + PS + Kernel,2024,363,-2,14,1,1
3,SARSA + PS + Kernel,2024,364,-20,23,2,1
3,SARSA + PS + Kernel,2024,365,9,12,0,1
3,SARSA + PS + Kernel,2024,366,-2,14,1,1
3,SARSA + PS + Kernel,2024,367,-152,137,4,1
3,SARSA + PS + Kernel,2024,368,9,12,0,1
3,SARSA + PS + Kernel,2024,369,-59,71,1,1
3,SARSA + PS + Kernel,2024,370,-107,92,4,1
3,SARSA + PS + Kernel,2024,371,8,13,0,1
3,SARSA + PS + Kernel,2024,372,-23,26,2,1
3,SARSA + PS + Kernel,2024,373,8,13,0,1
3,SARSA + PS + Kernel,2024,374,-8,20,1,1
3,SARSA + PS + Kernel,2024,375,0,21,0,1
3,SARSA + PS + Kernel,2024,376,-148,115,6,1
3,SARSA + PS + Kernel,2024,377,-105,90,4,1
3,SARSA + PS + Kernel,2024,378,-6,18,1,1
3,SARSA + PS + Kernel,2024,379,-17,29,1,1
3,SARSA + PS + Kernel,2024,380,11,10,0,1
3,SARSA + PS + Kernel,2024,381,-42,36,3,1
3,SARSA + PS + Kernel,2024,382,1,11,1,1
3,SARSA + PS + Kernel,2024,383,-32,53,0,1
3,SARSA + PS + Kernel,2024,384,10,11,0,1
3,SARSA + PS + Kernel,2024,385,-93,78,4,1
3,SARSA + PS + Kernel,2024,386,0,21,0,1
3,SARSA + PS + Kernel,2024,387,8,13,0,1
3,SARSA + PS + Kernel,2024,388,-21,33,1,1
3,SARSA + PS + Kernel,2024,389,-15,18,2,1
3,SARSA + PS + Kernel,2024,390,-8,29,0,1
3,SARSA + PS + Kernel,2024,391,-21,24,2,1
3,SARSA + PS + Kernel,2024,392,1,11,1,1
3,SARSA + PS + Kernel,2024,393,-1,13,1,1
3,SARSA + PS + Kernel,2024,394,5,16,0,1
3,SARSA + PS + Kernel,2024,395,-1,22,0,1
3,SARSA + PS + Kernel,2024,396,1,11,1,1
3,SARSA + PS + Kernel,2024,397,-14,26,1,1
3,SARSA + PS + Kernel,2024,398,-7,28,0,1
3,SARSA + PS + Kernel,2024,399,-7,19,1,1
3,SARSA + PS + Kernel,2024,400,9,12,0,1
3,SARSA + PS + Kernel,2024,401,10,11,0,1
3,SARSA + PS + Kernel,2024,402,-2,14,1,1
3,SARSA + PS + Kernel,2024,403,7,14,0,1
3,SARSA + PS + Kernel,2024,404,-28,40,1,1
3,SARSA + PS + Kernel,2024,405,3,9,1,1
3,SARSA + PS + Kernel,2024,406,11,10,0,1
3,SARSA + PS + Kernel,2024,407,14,7,0,1
3,SARSA + PS + Kernel,2024,408,-33,36,2,1
3,SARSA + PS + Kernel,2024,409,-11,23,1,1
3,SARSA + PS + Kernel,2024,410,7,14,0,1
3,SARSA + PS + Kernel,2024,411,-2,14,1,1
3,SARSA + PS + Kernel,2024,412,7,14,0,1
3,SARSA + PS + Kernel,2024,413,1,11,1,1
3,SARSA + PS + Kernel,2024,414,-12,33,0,1
3,SARSA + PS + Kernel,2024,415,-57,51,3,1
3,SARSA + PS + Kernel,2024,416,-39,42,2,1
3,SARSA + PS + Kernel,2024,417,-11,23,1,1
3,SARSA + PS + Kernel,2024,418,9,12,0,1
3,SARSA + PS + Kernel,2024,419,-47,32,4,1
3,SARSA + PS + Kernel,2024,420,12,9,0,1
3,SARSA + PS + Kernel,2024,421,-32,26,3,1
3,SARSA + PS + Kernel,2024,422,-20,41,0,1
3,SARSA + PS + Kernel,2024,423,1,11,1,1
3,SARSA + PS + Kernel,2024,424,6,15,0,1
3,SARSA + PS + Kernel,2024,425,0,12,1,1
3,SARSA + PS + Kernel,2024,426,0,12,1,1
3,SARSA + PS + Kernel,2024,427,10,11,0,1
3,SARSA + PS + Kernel,2024,428,-2,14,1,1
3,SARSA + PS + Kernel,2024,429,15,6,0,1
3,SARSA + PS + Kernel,2024,430,-1,13,1,1
3,SARSA + PS + Kernel,2024,431,-12,33,0,1
3,SARSA + PS + Kernel,2024,432,10,11,0,1
3,SARSA + PS + Kernel,2024,433,-22,34,1,1
3,SARSA + PS + Kernel,2024,434,-19,40,0,1
3,SARSA + PS + Kernel,2024,435,2,19,0,1
3,SARSA + PS + Kernel,2024,436,6,15,0,1
3,SARSA + PS + Kernel,2024,437,-23,26,2,1
3,SARSA + PS + Kernel,2024,438,-3,24,0,1
3,SARSA + PS + Kernel,2024,439,-3,24,0,1
3,SARSA + PS + Kernel,2024,440,10,11,0,1
3,SARSA + PS + Kernel,2024,441,11,10,0,1
3,SARSA + PS + Kernel,2024,442,-7,19,1,1
3,SARSA + PS + Kernel,2024,443,-43,46,2,1
3,SARSA + PS + Kernel,2024,444,-9,21,1,1
3,SARSA + PS + Kernel,2024,445,-12,24,1,1
3,SARSA + PS + Kernel,2024,446,-10,31,0,1
3,SARSA + PS + Kernel,2024,447,-18,21,2,1
3,SARSA + PS + Kernel,2024,448,1,11,1,1
3,SARSA + PS + Kernel,2024,449,-32,26,3,1
3,SARSA + PS + Kernel,2024,450,0,21,0,1
3,SARSA + PS + Kernel,2024,451,-18,30,1,1
3,SARSA + PS + Kernel,2024,452,-2,23,0,1
3,SARSA + PS + Kernel,2024,453,-109,112,2,1
3,SARSA + PS + Kernel,2024,454,2,19,0,1
3,SARSA + PS + Kernel,2024,455,10,11,0,1
3,SARSA + PS + Kernel,2024,456,-9,30,0,1
3,SARSA + PS + Kernel,2024,457,10,11,0,1
3,SARSA + PS + Kernel,2024,458,-31,43,1,1
3,SARSA + PS + Kernel,2024,459,-19,22,2,1
3,SARSA + PS + Kernel,2024,460,10,11,0,1
3,SARSA + PS + Kernel,2024,461,-18,39,0,1
3,SARSA + PS + Kernel,2024,462,-24,27,2,1
3,SARSA + PS + Kernel,2024,463,5,16,0,1
3,SARSA + PS + Kernel,2024,464,-11,23,1,1
3,SARSA + PS + Kernel,2024,465,-4,16,1,1
3,SARSA + PS + Kernel,2024,466,5,16,0,1
3,SARSA + PS + Kernel,2024,467,2,19,0,1
3,SARSA + PS + Kernel,2024,468,8,13,0,1
3,SARSA + PS + Kernel,2024,469,1,20,0,1
3,SARSA + PS + Kernel,2024,470,-1,13,1,1
3,SARSA + PS + Kernel,2024,471,-11,23,1,1
3,SARSA + PS + Kernel,2024,472,0,21,0,1
3,SARSA + PS + Kernel,2024,473,11,10,0,1
3,SARSA + PS + Kernel,2024,474,-14,35,0,1
3,SARSA + PS + Kernel,2024,475,1,20,0,1
3,SARSA + PS + Kernel,2024,476,-7,19,1,1
3,SARSA + PS + Kernel,2024,477,3,18,0,1
3,SARSA + PS + Kernel,2024,478,9,12,0,1
3,SARSA + PS + Kernel,2024,479,-4,25,0,1
3,SARSA + PS + Kernel,2024,480,-8,29,0,1
3,SARSA + PS + Kernel,2024,481,10,11,0,1
3,SARSA + PS + Kernel,2024,482,-9,30,0,1
3,SARSA + PS + Kernel,2024,483,-16,28,1,1
3,SARSA + PS + Kernel,2024,484,12,9,0,1
3,SARSA + PS + Kernel,2024,485,6,15,0,1
3,SARSA + PS + Kernel,2024,486,9,12,0,1
3,SARSA + PS + Kernel,2024,487,11,10,0,1
3,SARSA + PS + Kernel,2024,488,-2,14,1,1
3,SARSA + PS + Kernel,2024,489,-24,27,2,1
3,SARSA + PS + Kernel,2024,490,11,10,0,1
3,SARSA + PS + Kernel,2024,491,4,17,0,1
3,SARSA + PS + Kernel,2024,492,-2,14,1,1
3,SARSA + PS + Kernel,2024,493,-35,38,2,1
3,SARSA + PS + Kernel,2024,494,-3,15,1,1
3,SARSA + PS + Kernel,2024,495,8,13,0,1
3,SARSA + PS + Kernel,2024,496,-34,28,3,1
3,SARSA + PS + Kernel,2024,497,-10,13,2,1
3,SARSA + PS + Kernel,2024,498,-12,15,2,1
3,SARSA + PS + Kernel,2024,499,9,12,0,1
5,SARSA + PS,42,0,-578,200,42,0
5,SARSA + PS,42,1,-578,200,42,0
5,SARSA + PS,42,2,-767,200,63,0
5,SARSA + PS,42,3,-641,200,49,0
5,SARSA + PS,42,4,-659,200,51,0
5,SARSA + PS,42,5,-695,200,55,0
5,SARSA + PS,42,6,-704,200,56,0
5,SARSA + PS,42,7,-542,200,38,0
5,SARSA + PS,42,8,-668,200,52,0
5,SARSA + PS,42,9,-605,200,45,0
5,SARSA + PS,42,10,-677,200,53,0
5,SARSA + PS,42,11,-569,200,41,0
5,SARSA + PS,42,12,-272,200,8,0
5,SARSA + PS,42,13,-632,200,48,0
5,SARSA + PS,42,14,-722,200,58,0
5,SARSA + PS,42,15,-713,200,57,0
5,SARSA + PS,42,16,-245,200,5,0
5,SARSA + PS,42,17,-245,200,5,0
5,SARSA + PS,42,18,-389,200,21,0
5,SARSA + PS,42,19,-776,200,64,0
5,SARSA + PS,42,20,-758,200,62,0
5,SARSA + PS,42,21,-587,200,43,0
5,SARSA + PS,42,22,-596,200,44,0
5,SARSA + PS,42,23,-278,146,17,1
5,SARSA + PS,42,24,-281,200,9,0
5,SARSA + PS,42,25,-335,200,15,0
5,SARSA + PS,42,26,-185,62,16,1
5,SARSA + PS,42,27,-180,120,9,1
5,SARSA + PS,42,28,-218,200,2,0
5,SARSA + PS,42,29,-227,200,3,0
5,SARSA + PS,42,30,-659,200,51,0
5,SARSA + PS,42,31,-308,200,12,0
5,SARSA + PS,42,32,-50,53,2,1
5,SARSA + PS,42,33,-200,59,18,1
5,SARSA + PS,42,34,-12,24,1,1
5,SARSA + PS,42,35,-281,200,9,0
5,SARSA + PS,42,36,-587,200,43,0
5,SARSA + PS,42,37,-206,200,3,1
5,SARSA + PS,42,38,-131,125,3,1
5,SARSA + PS,42,39,-623,200,47,0
5,SARSA + PS,42,40,-31,43,1,1
5,SARSA + PS,42,41,-767,200,63,0
5,SARSA + PS,42,42,-142,100,7,1
5,SARSA + PS,42,43,10,11,0,1
5,SARSA + PS,42,44,-107,83,5,1
5,SARSA + PS,42,45,-85,79,3,1
5,SARSA + PS,42,46,14,7,0,1
5,SARSA + PS,42,47,-29,50,0,1
5,SARSA + PS,42,48,-263,200,7,0
5,SARSA + PS,42,49,-281,200,9,0
5,SARSA + PS,42,50,-245,200,5,0
5,SARSA + PS,42,51,-272,200,8,0
5,SARSA + PS,42,52,-272,200,8,0
5,SARSA + PS,42,53,-299,200,11,0
5,SARSA + PS,42,54,-596,200,44,0
5,SARSA + PS,42,55,-308,200,12,0
5,SARSA + PS,42,56,-308,200,12,0
5,SARSA + PS,42,57,-245,200,5,0
5,SARSA + PS,42,58,-236,200,4,0
5,SARSA + PS,42,59,-245,200,5,0
5,SARSA + PS,42,60,0,21,0,1
5,SARSA + PS,42,61,-490,133,42,1
5,SARSA + PS,42,62,-281,200,9,0
5,SARSA + PS,42,63,-95,98,2,1
5,SARSA + PS,42,64,-254,200,6,0
5,SARSA + PS,42,65,-236,200,4,0
5,SARSA + PS,42,66,-192,168,5,1
5,SARSA + PS,42,67,-281,200,9,0
5,SARSA + PS,42,68,-85,79,3,1
5,SARSA + PS,42,69,-236,200,4,0
5,SARSA + PS,42,70,-148,52,13,1
5,SARSA + PS,42,71,-335,200,15,0
5,SARSA + PS,42,72,-263,200,7,0
5,SARSA + PS,42,73,-36,48,1,1
5,SARSA + PS,42,74,9,12,0,1
5,SARSA + PS,42,75,-212,188,5,1
5,SARSA + PS,42,76,-175,142,6,1
5,SARSA + PS,42,77,-68,62,3,1
5,SARSA + PS,42,78,-22,43,0,1
5,SARSA + PS,42,79,-299,200,11,0
5,SARSA + PS,42,80,-176,179,2,1
5,SARSA + PS,42,81,-62,56,3,1
5,SARSA + PS,42,82,-88,82,3,1
5,SARSA + PS,42,83,-9,30,0,1
5,SARSA + PS,42,84,15,6,0,1
5,SARSA + PS,42,85,8,13,0,1
5,SARSA + PS,42,86,-256,106,19,1
5,SARSA + PS,42,87,-227,200,3,0
5,SARSA + PS,42,88,-53,65,1,1
5,SARSA + PS,42,89,11,10,0,1
5,SARSA + PS,42,90,-254,200,6,0
5,SARSA + PS,42,91,-33,27,3,1
5,SARSA + PS,42,92,-254,200,6,0
5,SARSA + PS,42,93,-236,200,4,0
5,SARSA + PS,42,94,-263,200,7,0
5,SARSA + PS,42,95,-445,142,36,1
5,SARSA + PS,42,96,-39,60,0,1
5,SARSA + PS,42,97,-187,154,6,1
5,SARSA + PS,42,98,-263,200,7,0
5,SARSA + PS,42,99,5,16,0,1
5,SARSA + PS,42,100,11,10,0,1
5,SARSA + PS,42,101,-101,95,3,1
5,SARSA + PS,42,102,4,17,0,1
5,SARSA + PS,42,103,-51,54,2,1
5,SARSA + PS,42,104,-10,31,0,1
5,SARSA + PS,42,105,-245,200,5,0
5,SARSA + PS,42,106,2,19,0,1
5,SARSA + PS,42,107,-236,200,4,0
5,SARSA + PS,42,108,15,6,0,1
5,SARSA + PS,42,109,-65,50,4,1
5,SARSA + PS,42,110,-108,111,2,1
5,SARSA + PS,42,111,-2,23,0,1
5,SARSA + PS,42,112,-208,184,5,1
5,SARSA + PS,42,113,-103,97,3,1
5,SARSA + PS,42,114,-28,40,1,1
5,SARSA + PS,42,115,0,12,1,1
5,SARSA + PS,42,116,-23,35,1,1
5,SARSA + PS,42,117,-53,65,1,1
5,SARSA + PS,42,118,9,12,0,1
5,SARSA + PS,42,119,-272,200,8,0
5,SARSA + PS,42,120,-166,151,4,1
5,SARSA + PS,42,121,10,11,0,1
5,SARSA + PS,42,122,-30,51,0,1
5,SARSA + PS,42,123,12,9,0,1
5,SARSA + PS,42,124,-10,22,1,1
5,SARSA + PS,42,125,-11,23,1,1
5,SARSA + PS,42,126,-133,127,3,1
5,SARSA + PS,42,127,-94,97,2,1
5,SARSA + PS,42,128,-107,83,5,1
5,SARSA + PS,42,129,-5,17,1,1
5,SARSA + PS,42,130,10,11,0,1
5,SARSA + PS,42,131,7,14,0,1
5,SARSA + PS,42,132,-162,156,3,1
5,SARSA + PS,42,133,-36,48,1,1
5,SARSA + PS,42,134,-157,133,5,1
5,SARSA + PS,42,135,10,11,0,1
5,SARSA + PS,42,136,-21,33,1,1
5,SARSA + PS,42,137,-51,45,3,1
5,SARSA + PS,42,138,9,12,0,1
5,SARSA + PS,42,139,-254,200,6,0
5,SARSA + PS,42,140,-147,132,4,1
5,SARSA + PS,42,141,10,11,0,1
5,SARSA + PS,42,142,-68,53,4,1
5,SARSA + PS,42,143,-51,63,1,1
5,SARSA + PS,42,144,-59,62,2,1
5,SARSA + PS,42,145,-245,200,5,0
5,SARSA + PS,42,146,-31,25,3,1
5,SARSA + PS,42,147,-52,46,3,1
5,SARSA + PS,42,148,-28,22,3,1
5,SARSA + PS,42,149,-37,49,1,1
5,SARSA + PS,42,150,-24,36,1,1
5,SARSA + PS,42,151,-80,74,3,1
5,SARSA + PS,42,152,-159,126,6,1
5,SARSA + PS,42,153,-37,49,1,1
5,SARSA + PS,42,154,-203,188,4,1
5,SARSA + PS,42,155,-1,22,0,1
5,SARSA + PS,42,156,7,14,0,1
5,SARSA + PS,42,157,-28,40,1,1
5,SARSA + PS,42,158,-109,94,4,1
5,SARSA + PS,42,159,9,12,0,1
5,SARSA + PS,42,160,-197,200,2,1
5,SARSA + PS,42,161,-9,21,1,1
5,SARSA + PS,42,162,8,13,0,1
5,SARSA + PS,42,163,-12,33,0,1
5,SARSA + PS,42,164,8,13,0,1
5,SARSA + PS,42,165,-1,13,1,1
5,SARSA + PS,42,166,14,7,0,1
5,SARSA + PS,42,167,8,13,0,1
5,SARSA + PS,42,168,-47,59,1,1
5,SARSA + PS,42,169,-7,28,0,1
5,SARSA + PS,42,170,-3,15,1,1
5,SARSA + PS,42,171,-15,27,1,1
5,SARSA + PS,42,172,9,12,0,1
5,SARSA + PS,42,173,-39,60,0,1
5,SARSA + PS,42,174,-18,21,2,1
5,SARSA + PS,42,175,-43,37,3,1
5,SARSA + PS,42,176,-8,20,1,1
5,SARSA + PS,42,177,-34,46,1,1
5,SARSA + PS,42,178,-45,57,1,1
5,SARSA + PS,42,179,-21,33,1,1
5,SARSA + PS,42,180,13,8,0,1
5,SARSA + PS,42,181,4,17,0,1
5,SARSA + PS,42,182,10,11,0,1
5,SARSA + PS,42,183,-24,45,0,1
5,SARSA + PS,42,184,-34,37,2,1
5,SARSA + PS,42,185,-109,85,5,1
5,SARSA + PS,42,186,9,12,0,1
5,SARSA + PS,42,187,-95,80,4,1
5,SARSA + PS,42,188,12,9,0,1
5,SARSA + PS,42,189,-104,89,4,1
5,SARSA + PS,42,190,12,9,0,1
5,SARSA + PS,42,191,-3,15,1,1
5,SARSA + PS,42,192,-46,58,1,1
5,SARSA + PS,42,193,7,14,0,1
5,SARSA + PS,42,194,12,9,0,1
5,SARSA + PS,42,195,-8,20,1,1
5,SARSA + PS,42,196,-155,140,4,1
5,SARSA + PS,42,197,-143,119,5,1
5,SARSA + PS,42,198,6,15,0,1
5,SARSA + PS,42,199,11,10,0,1
5,SARSA + PS,42,200,-136,121,4,1
5,SARSA + PS,42,201,-7,28,0,1
5,SARSA + PS,42,202,7,14,0,1
5,SARSA + PS,42,203,0,12,1,1
5,SARSA + PS,42,204,-254,200,6,0
5,SARSA + PS,42,205,11,10,0,1
5,SARSA + PS,42,206,-111,105,3,1
5,SARSA + PS,42,207,-190,175,4,1
5,SARSA + PS,42,208,14,7,0,1
5,SARSA + PS,42,209,0,12,1,1
5,SARSA + PS,42,210,-108,102,3,1
5,SARSA + PS,42,211,5,16,0,1
5,SARSA + PS,42,212,1,11,1,1
5,SARSA + PS,42,213,3,18,0,1
5,SARSA + PS,42,214,-8,20,1,1
5,SARSA + PS,42,215,-83,95,1,1
5,SARSA + PS,42,216,-20,41,0,1
5,SARSA + PS,42,217,-3,15,1,1
5,SARSA + PS,42,218,1,20,0,1
5,SARSA + PS,42,219,-27,39,1,1
5,SARSA + PS,42,220,0,21,0,1
5,SARSA + PS,42,221,11,10,0,1
5,SARSA + PS,42,222,13,8,0,1
5,SARSA + PS,42,223,-14,26,1,1
5,SARSA + PS,42,224,13,8,0,1
5,SARSA + PS,42,225,0,12,1,1
5,SARSA + PS,42,226,-43,46,2,1
5,SARSA + PS,42,227,-12,24,1,1
5,SARSA + PS,42,228,-228,177,8,1
5,SARSA + PS,42,229,-15,18,2,1
5,SARSA + PS,42,230,-29,32,2,1
5,SARSA + PS,42,231,-3,15,1,1
5,SARSA + PS,42,232,-5,17,1,1
5,SARSA + PS,42,233,-9,30,0,1
5,SARSA + PS,42,234,14,7,0,1
5,SARSA + PS,42,235,11,10,0,1
5,SARSA + PS,42,236,3,18,0,1
5,SARSA + PS,42,237,-281,200,9,0
5,SARSA + PS,42,238,1,11,1,1
5,SARSA + PS,42,239,10,11,0,1
5,SARSA + PS,42,240,10,11,0,1
5,SARSA + PS,42,241,-91,85,3,1
5,SARSA + PS,42,242,-75,69,3,1
5,SARSA + PS,42,243,7,14,0,1
5,SARSA + PS,42,244,10,11,0,1
5,SARSA + PS,42,245,-263,200,7,0
5,SARSA + PS,42,246,-2,23,0,1
5,SARSA + PS,42,247,-70,55,4,1
5,SARSA + PS,42,248,4,17,0,1
5,SARSA + PS,42,249,6,15,0,1
5,SARSA + PS,42,250,-6,27,0,1
5,SARSA + PS,42,251,4,17,0,1
5,SARSA + PS,42,252,-45,48,2,1
5,SARSA + PS,42,253,8,13,0,1
5,SARSA + PS,42,254,-116,101,4,1
5,SARSA + PS,42,255,-74,86,1,1
5,SARSA + PS,42,256,8,13,0,1
5,SARSA + PS,42,257,-16,19,2,1
5,SARSA + PS,42,258,-49,43,3,1
5,SARSA + PS,42,259,7,14,0,1
5,SARSA + PS,42,260,-1,13,1,1
5,SARSA + PS,42,261,-67,43,5,1
5,SARSA + PS,42,262,-211,178,6,1
5,SARSA + PS,42,263,9,12,0,1
5,SARSA + PS,42,264,-23,26,2,1
5,SARSA + PS,42,265,-11,23,1,1
5,SARSA + PS,42,266,-3,15,1,1
5,SARSA + PS,42,267,-22,43,0,1
5,SARSA + PS,42,268,-2,14,1,1
5,SARSA + PS,42,269,-6,18,1,1
5,SARSA + PS,42,270,-114,126,1,1
5,SARSA + PS,42,271,-92,77,4,1
5,SARSA + PS,42,272,-123,90,6,1
5,SARSA + PS,42,273,-172,139,6,1
5,SARSA + PS,42,274,2,10,1,1
5,SARSA + PS,42,275,-12,24,1,1
5,SARSA + PS,42,276,8,13,0,1
5,SARSA + PS,42,277,-4,25,0,1
5,SARSA + PS,42,278,-216,192,5,1
5,SARSA + PS,42,279,-215,182,6,1
5,SARSA + PS,42,280,5,16,0,1
5,SARSA + PS,42,281,-44,38,3,1
5,SARSA + PS,42,282,11,10,0,1
5,SARSA + PS,42,283,9,12,0,1
5,SARSA + PS,42,284,11,10,0,1
5,SARSA + PS,42,285,6,15,0,1
5,SARSA + PS,42,286,-93,105,1,1
5,SARSA + PS,42,287,-12,24,1,1
5,SARSA + PS,42,288,-88,82,3,1
5,SARSA + PS,42,289,10,11,0,1
5,SARSA + PS,42,290,8,13,0,1
5,SARSA + PS,42,291,5,16,0,1
5,SARSA + PS,42,292,12,9,0,1
5,SARSA + PS,42,293,-40,43,2,1
5,SARSA + PS,42,294,-93,87,3,1
5,SARSA + PS,42,295,-6,18,1,1
5,SARSA + PS,42,296,0,12,1,1
5,SARSA + PS,42,297,8,13,0,1
5,SARSA + PS,42,298,12,9,0,1
5,SARSA + PS,42,299,0,21,0,1
5,SARSA + PS,42,300,3,18,0,1
5,SARSA + PS,42,301,-28,49,0,1
5,SARSA + PS,42,302,-22,34,1,1
5,SARSA + PS,42,303,-20,41,0,1
5,SARSA + PS,42,304,-17,38,0,1
5,SARSA + PS,42,305,6,15,0,1
5,SARSA + PS,42,306,0,21,0,1
5,SARSA + PS,42,307,9,12,0,1
5,SARSA + PS,42,308,-2,23,0,1
5,SARSA + PS,42,309,11,10,0,1
5,SARSA + PS,42,310,1,20,0,1
5,SARSA + PS,42,311,-107,83,5,1
5,SARSA + PS,42,312,-9,21,1,1
5,SARSA + PS,42,313,11,10,0,1
5,SARSA + PS,42,314,-7,19,1,1
5,SARSA + PS,42,315,3,18,0,1
5,SARSA + PS,42,316,5,16,0,1
5,SARSA + PS,42,317,10,11,0,1
5,SARSA + PS,42,318,2,19,0,1
5,SARSA + PS,42,319,7,14,0,1
5,SARSA + PS,42,320,8,13,0,1
5,SARSA + PS,42,321,12,9,0,1
5,SARSA + PS,42,322,-26,38,1,1
5,SARSA + PS,42,323,-9,12,2,1
5,SARSA + PS,42,324,6,15,0,1
5,SARSA + PS,42,325,10,11,0,1
5,SARSA + PS,42,326,-1,13,1,1
5,SARSA + PS,42,327,0,12,1,1
5,SARSA + PS,42,328,-3,24,0,1
5,SARSA + PS,42,329,-12,15,2,1
5,SARSA + PS,42,330,10,11,0,1
5,SARSA + PS,42,331,-4,16,1,1
5,SARSA + PS,42,332,-46,49,2,1
5,SARSA + PS,42,333,-4,16,1,1
5,SARSA + PS,42,334,0,12,1,1
5,SARSA + PS,42,335,10,11,0,1
5,SARSA + PS,42,336,5,16,0,1
5,SARSA + PS,42,337,-13,25,1,1
5,SARSA + PS,42,338,-272,200,8,0
5,SARSA + PS,42,339,-22,25,2,1
5,SARSA + PS,42,340,-29,23,3,1
5,SARSA + PS,42,341,-9,30,0,1
5,SARSA + PS,42,342,9,12,0,1
5,SARSA + PS,42,343,-41,44,2,1
5,SARSA + PS,42,344,-4,16,1,1
5,SARSA + PS,42,345,9,12,0,1
5,SARSA + PS,42,346,-5,17,1,1
5,SARSA + PS,42,347,0,12,1,1
5,SARSA + PS,42,348,-2,14,1,1
5,SARSA + PS,42,349,12,9,0,1
5,SARSA + PS,42,350,-13,34,0,1
5,SARSA + PS,42,351,5,16,0,1
5,SARSA + PS,42,352,12,9,0,1
5,SARSA + PS,42,353,0,21,0,1
5,SARSA + PS,42,354,-3,15,1,1
5,SARSA + PS,42,355,0,12,1,1
5,SARSA + PS,42,356,7,14,0,1
5,SARSA + PS,42,357,1,20,0,1
5,SARSA + PS,42,358,5,16,0,1
5,SARSA + PS,42,359,-50,62,1,1
5,SARSA + PS,42,360,6,15,0,1
5,SARSA + PS,42,361,14,7,0,1
5,SARSA + PS,42,362,0,12,1,1
5,SARSA + PS,42,363,-25,37,1,1
5,SARSA + PS,42,364,-12,15,2,1
5,SARSA + PS,42,365,-6,18,1,1
5,SARSA + PS,42,366,9,12,0,1
5,SARSA + PS,42,367,7,14,0,1
5,SARSA + PS,42,368,-30,51,0,1
5,SARSA + PS,42,369,7,14,0,1
5,SARSA + PS,42,370,-2,14,1,1
5,SARSA + PS,42,371,4,8,1,1
5,SARSA + PS,42,372,12,9,0,1
5,SARSA + PS,42,373,-12,33,0,1
5,SARSA + PS,42,374,9,12,0,1
5,SARSA + PS,42,375,0,12,1,1
5,SARSA + PS,42,376,6,15,0,1
5,SARSA + PS,42,377,-31,25,3,1
5,SARSA + PS,42,378,0,12,1,1
5,SARSA + PS,42,379,-3,15,1,1
5,SARSA + PS,42,380,-6,27,0,1
5,SARSA + PS,42,381,-3,15,1,1
5,SARSA + PS,42,382,-104,98,3,1
5,SARSA + PS,42,383,-24,36,1,1
5,SARSA + PS,42,384,-2,14,1,1
5,SARSA + PS,42,385,-16,37,0,1
5,SARSA + PS,42,386,-14,17,2,1
5,SARSA + PS,42,387,10,11,0,1
5,SARSA + PS,42,388,-30,42,1,1
5,SARSA + PS,42,389,-3,24,0,1
5,SARSA + PS,42,390,8,13,0,1
5,SARSA + PS,42,391,-33,36,2,1
5,SARSA + PS,42,392,-22,34,1,1
5,SARSA + PS,42,393,8,13,0,1
5,SARSA + PS,42,394,-24,45,0,1
5,SARSA + PS,42,395,9,12,0,1
5,SARSA + PS,42,396,2,19,0,1
5,SARSA + PS,42,397,-7,28,0,1
5,SARSA + PS,42,398,6,15,0,1
5,SARSA + PS,42,399,4,8,1,1
5,SARSA + PS,42,400,9,12,0,1
5,SARSA + PS,42,401,4,17,0,1
5,SARSA + PS,42,402,11,10,0,1
5,SARSA + PS,42,403,-10,13,2,1
5,SARSA + PS,42,404,-74,68,3,1
5,SARSA + PS,42,405,4,17,0,1
5,SARSA + PS,42,406,-45,30,4,1
5,SARSA + PS,42,407,4,17,0,1
5,SARSA + PS,42,408,7,14,0,1
5,SARSA + PS,42,409,9,12,0,1
5,SARSA + PS,42,410,1,11,1,1
5,SARSA + PS,42,411,-53,65,1,1
5,SARSA + PS,42,412,3,18,0,1
5,SARSA + PS,42,413,10,11,0,1
5,SARSA + PS,42,414,-1,13,1,1
5,SARSA + PS,42,415,-4,16,1,1
5,SARSA + PS,42,416,-55,58,2,1
5,SARSA + PS,42,417,-5,17,1,1
5,SARSA + PS,42,418,-23,35,1,1
5,SARSA + PS,42,419,-9,30,0,1
5,SARSA + PS,42,420,-4,16,1,1
5,SARSA + PS,42,421,-9,21,1,1
5,SARSA + PS,42,422,10,11,0,1
5,SARSA + PS,42,423,-33,36,2,1
5,SARSA + PS,42,424,7,14,0,1
5,SARSA + PS,42,425,-3,15,1,1
5,SARSA + PS,42,426,12,9,0,1
5,SARSA + PS,42,427,-18,21,2,1
5,SARSA + PS,42,428,12,9,0,1
5,SARSA + PS,42,429,6,15,0,1
5,SARSA + PS,42,430,9,12,0,1
5,SARSA + PS,42,431,6,15,0,1
5,SARSA + PS,42,432,0,12,1,1
5,SARSA + PS,42,433,-30,33,2,1
5,SARSA + PS,42,434,-5,26,0,1
5,SARSA + PS,42,435,-32,35,2,1
5,SARSA + PS,42,436,8,13,0,1
5,SARSA + PS,42,437,-12,24,1,1
5,SARSA + PS,42,438,8,13,0,1
5,SARSA + PS,42,439,-35,29,3,1
5,SARSA + PS,42,440,-5,17,1,1
5,SARSA + PS,42,441,-8,20,1,1
5,SARSA + PS,42,442,-63,75,1,1
5,SARSA + PS,42,443,7,14,0,1
5,SARSA + PS,42,444,7,14,0,1
5,SARSA + PS,42,445,3,18,0,1
5,SARSA + PS,42,446,-5,26,0,1
5,SARSA + PS,42,447,4,17,0,1
5,SARSA + PS,42,448,6,15,0,1
5,SARSA + PS,42,449,8,13,0,1
5,SARSA + PS,42,450,-54,57,2,1
5,SARSA + PS,42,451,-78,72,3,1
5,SARSA + PS,42,452,-3,24,0,1
5,SARSA + PS,42,453,-30,42,1,1
5,SARSA + PS,42,454,8,13,0,1
5,SARSA + PS,42,455,-3,15,1,1
5,SARSA + PS,42,456,-1,13,1,1
5,SARSA + PS,42,457,8,13,0,1
5,SARSA + PS,42,458,-51,54,2,1
5,SARSA + PS,42,459,13,8,0,1
5,SARSA + PS,42,460,13,8,0,1
5,SARSA + PS,42,461,1,20,0,1
5,SARSA + PS,42,462,-19,31,1,1
5,SARSA + PS,42,463,-42,54,1,1
5,SARSA + PS,42,464,10,11,0,1
5,SARSA + PS,42,465,7,14,0,1
5,SARSA + PS,42,466,8,13,0,1
5,SARSA + PS,42,467,13,8,0,1
5,SARSA + PS,42,468,-11,14,2,1
5,SARSA + PS,42,469,-61,55,3,1
5,SARSA + PS,42,470,3,9,1,1
5,SARSA + PS,42,471,7,14,0,1
5,SARSA + PS,42,472,5,16,0,1
5,SARSA + PS,42,473,6,15,0,1
5,SARSA + PS,42,474,6,15,0,1
5,SARSA + PS,42,475,4,17,0,1
5,SARSA + PS,42,476,-14,26,1,1
5,SARSA + PS,42,477,-11,23,1,1
5,SARSA + PS,42,478,9,12,0,1
5,SARSA + PS,42,479,-5,17,1,1
5,SARSA + PS,42,480,-23,35,1,1
5,SARSA + PS,42,481,10,11,0,1
5,SARSA + PS,42,482,-1,13,1,1
5,SARSA + PS,42,483,8,13,0,1
5,SARSA + PS,42,484,12,9,0,1
5,SARSA + PS,42,485,-1,13,1,1
5,SARSA + PS,42,486,-30,42,1,1
5,SARSA + PS,42,487,-136,139,2,1
5,SARSA + PS,42,488,-5,17,1,1
5,SARSA + PS,42,489,7,14,0,1
5,SARSA + PS,42,490,7,14,0,1
5,SARSA + PS,42,491,-1,13,1,1
5,SARSA + PS,42,492,11,10,0,1
5,SARSA + PS,42,493,-8,29,0,1
5,SARSA + PS,42,494,10,11,0,1
5,SARSA + PS,42,495,6,15,0,1
5,SARSA + PS,42,496,0,12,1,1
5,SARSA + PS,42,497,-11,23,1,1
5,SARSA + PS,42,498,-26,29,2,1
5,SARSA + PS,42,499,3,18,0,1
5,SARSA + PS,123,0,-713,200,57,0
5,SARSA + PS,123,1,-749,200,61,0
5,SARSA + PS,123,2,-740,200,60,0
5,SARSA + PS,123,3,-623,200,47,0
5,SARSA + PS,123,4,-506,200,34,0
5,SARSA + PS,123,5,-677,200,53,0
5,SARSA + PS,123,6,-461,200,29,0
5,SARSA + PS,123,7,-569,200,41,0
5,SARSA + PS,123,8,-268,91,22,1
5,SARSA + PS,123,9,-812,200,68,0
5,SARSA + PS,123,10,-740,200,60,0
5,SARSA + PS,123,11,-767,200,63,0
5,SARSA + PS,123,12,-749,200,61,0
5,SARSA + PS,123,13,-452,200,28,0
5,SARSA + PS,123,14,-623,200,47,0
5,SARSA + PS,123,15,-629,173,53,1
5,SARSA + PS,123,16,-317,200,13,0
5,SARSA + PS,123,17,-849,195,75,1
5,SARSA + PS,123,18,-659,200,51,0
5,SARSA + PS,123,19,-61,73,1,1
5,SARSA + PS,123,20,-398,200,22,0
5,SARSA + PS,123,21,-785,200,65,0
5,SARSA + PS,123,22,-755,200,64,1
5,SARSA + PS,123,23,-335,200,15,0
5,SARSA + PS,123,24,-245,200,5,0
5,SARSA + PS,123,25,-686,200,54,0
5,SARSA + PS,123,26,-204,126,11,1
5,SARSA + PS,123,27,-713,200,57,0
5,SARSA + PS,123,28,-272,200,8,0
5,SARSA + PS,123,29,-198,174,5,1
5,SARSA + PS,123,30,-281,200,9,0
5,SARSA + PS,123,31,-362,200,18,0
5,SARSA + PS,123,32,-196,55,18,1
5,SARSA + PS,123,33,-296,200,13,1
5,SARSA + PS,123,34,-18,30,1,1
5,SARSA + PS,123,35,-461,200,29,0
5,SARSA + PS,123,36,-263,200,7,0
5,SARSA + PS,123,37,-313,91,27,1
5,SARSA + PS,123,38,-227,200,3,0
5,SARSA + PS,123,39,-416,200,24,0
5,SARSA + PS,123,40,-15,27,1,1
5,SARSA + PS,123,41,-202,151,8,1
5,SARSA + PS,123,42,-39,51,1,1
5,SARSA + PS,123,43,-565,181,45,1
5,SARSA + PS,123,44,-497,200,33,0
5,SARSA + PS,123,45,-192,177,4,1
5,SARSA + PS,123,46,-36,48,1,1
5,SARSA + PS,123,47,-290,200,10,0
5,SARSA + PS,123,48,-17,38,0,1
5,SARSA + PS,123,49,-88,91,2,1
5,SARSA + PS,123,50,-198,156,7,1
5,SARSA + PS,123,51,-281,200,9,0
5,SARSA + PS,123,52,-43,55,1,1
5,SARSA + PS,123,53,-254,200,6,0
5,SARSA + PS,123,54,-425,200,25,0
5,SARSA + PS,123,55,-99,93,3,1
5,SARSA + PS,123,56,-587,200,43,0
5,SARSA + PS,123,57,-107,92,4,1
5,SARSA + PS,123,58,-281,200,9,0
5,SARSA + PS,123,59,-152,110,7,1
5,SARSA + PS,123,60,12,9,0,1
5,SARSA + PS,123,61,-263,200,7,0
5,SARSA + PS,123,62,-227,200,3,0
5,SARSA + PS,123,63,-3,24,0,1
5,SARSA + PS,123,64,-254,200,6,0
5,SARSA + PS,123,65,-15,18,2,1
5,SARSA + PS,123,66,-308,200,12,0
5,SARSA + PS,123,67,2,19,0,1
5,SARSA + PS,123,68,-46,58,1,1
5,SARSA + PS,123,69,-254,200,6,0
5,SARSA + PS,123,70,-43,64,0,1
5,SARSA + PS,123,71,-263,200,7,0
5,SARSA + PS,123,72,-252,192,9,1
5,SARSA + PS,123,73,-78,54,5,1
5,SARSA + PS,123,74,-263,200,7,0
5,SARSA + PS,123,75,-17,29,1,1
5,SARSA + PS,123,76,-8,29,0,1
5,SARSA + PS,123,77,-42,63,0,1
5,SARSA + PS,123,78,9,12,0,1
5,SARSA + PS,123,79,-227,200,3,0
5,SARSA + PS,123,80,-113,98,4,1
5,SARSA + PS,123,81,-94,79,4,1
5,SARSA + PS,123,82,-236,185,8,1
5,SARSA + PS,123,83,-31,43,1,1
5,SARSA + PS,123,84,-153,120,6,1
5,SARSA + PS,123,85,14,7,0,1
5,SARSA + PS,123,86,-20,41,0,1
5,SARSA + PS,123,87,-79,82,2,1
5,SARSA + PS,123,88,-201,177,5,1
5,SARSA + PS,123,89,-166,115,8,1
5,SARSA + PS,123,90,3,18,0,1
5,SARSA + PS,123,91,-17,38,0,1
5,SARSA + PS,123,92,-14,35,0,1
5,SARSA + PS,123,93,-353,200,17,0
5,SARSA + PS,123,94,-15,36,0,1
5,SARSA + PS,123,95,-45,48,2,1
5,SARSA + PS,123,96,-35,56,0,1
5,SARSA + PS,123,97,-18,30,1,1
5,SARSA + PS,123,98,-245,200,5,0
5,SARSA + PS,123,99,13,8,0,1
5,SARSA + PS,123,100,-46,49,2,1
5,SARSA + PS,123,101,-16,37,0,1
5,SARSA + PS,123,102,-53,56,2,1
5,SARSA + PS,123,103,-49,70,0,1
5,SARSA + PS,123,104,-75,60,4,1
5,SARSA + PS,123,105,-21,24,2,1
5,SARSA + PS,123,106,0,21,0,1
5,SARSA + PS,123,107,2,10,1,1
5,SARSA + PS,123,108,-151,127,5,1
5,SARSA + PS,123,109,-1,13,1,1
5,SARSA + PS,123,110,-152,137,4,1
5,SARSA + PS,123,111,-73,67,3,1
5,SARSA + PS,123,112,-12,33,0,1
5,SARSA + PS,123,113,12,9,0,1
5,SARSA + PS,123,114,-236,200,4,0
5,SARSA + PS,123,115,-61,64,2,1
5,SARSA + PS,123,116,-103,70,6,1
5,SARSA + PS,123,117,6,15,0,1
5,SARSA + PS,123,118,12,9,0,1
5,SARSA + PS,123,119,-109,94,4,1
5,SARSA + PS,123,120,-168,162,3,1
5,SARSA + PS,123,121,9,12,0,1
5,SARSA + PS,123,122,4,17,0,1
5,SARSA + PS,123,123,-9,21,1,1
5,SARSA + PS,123,124,-12,33,0,1
5,SARSA + PS,123,125,-206,164,7,1
5,SARSA + PS,123,126,-236,200,4,0
5,SARSA + PS,123,127,14,7,0,1
5,SARSA + PS,123,128,2,19,0,1
5,SARSA + PS,123,129,-272,200,8,0
5,SARSA + PS,123,130,-35,56,0,1
5,SARSA + PS,123,131,-4,16,1,1
5,SARSA + PS,123,132,-18,30,1,1
5,SARSA + PS,123,133,-21,42,0,1
5,SARSA + PS,123,134,-32,44,1,1
5,SARSA + PS,123,135,-106,91,4,1
5,SARSA + PS,123,136,-67,79,1,1
5,SARSA + PS,123,137,-23,35,1,1
5,SARSA + PS,123,138,-281,200,9,0
5,SARSA + PS,123,139,-93,114,0,1
5,SARSA + PS,123,140,10,11,0,1
5,SARSA + PS,123,141,13,8,0,1
5,SARSA + PS,123,142,-28,40,1,1
5,SARSA + PS,123,143,14,7,0,1
5,SARSA + PS,123,144,2,10,1,1
5,SARSA + PS,123,145,-281,200,9,0
5,SARSA + PS,123,146,-204,171,6,1
5,SARSA + PS,123,147,-197,155,7,1
5,SARSA + PS,123,148,0,21,0,1
5,SARSA + PS,123,149,-47,68,0,1
5,SARSA + PS,123,150,2,19,0,1
5,SARSA + PS,123,151,-35,38,2,1
5,SARSA + PS,123,152,-30,33,2,1
5,SARSA + PS,123,153,11,10,0,1
5,SARSA + PS,123,154,-46,58,1,1
5,SARSA + PS,123,155,-25,37,1,1
5,SARSA + PS,123,156,-35,56,0,1
5,SARSA + PS,123,157,-281,200,9,0
5,SARSA + PS,123,158,12,9,0,1
5,SARSA + PS,123,159,-20,32,1,1
5,SARSA + PS,123,160,-135,129,3,1
5,SARSA + PS,123,161,-125,92,6,1
5,SARSA + PS,123,162,10,11,0,1
5,SARSA + PS,123,163,8,13,0,1
5,SARSA + PS,123,164,-16,37,0,1
5,SARSA + PS,123,165,-18,39,0,1
5,SARSA + PS,123,166,-12,33,0,1
5,SARSA + PS,123,167,-43,37,3,1
5,SARSA + PS,123,168,-13,25,1,1
5,SARSA + PS,123,169,-51,45,3,1
5,SARSA + PS,123,170,-20,32,1,1
5,SARSA + PS,123,171,-2,23,0,1
5,SARSA + PS,123,172,8,13,0,1
5,SARSA + PS,123,173,-14,26,1,1
5,SARSA + PS,123,174,-22,43,0,1
5,SARSA + PS,123,175,-91,103,1,1
5,SARSA + PS,123,176,-7,28,0,1
5,SARSA + PS,123,177,-17,29,1,1
5,SARSA + PS,123,178,-32,26,3,1
5,SARSA + PS,123,179,1,11,1,1
5,SARSA + PS,123,180,-88,73,4,1
5,SARSA + PS,123,181,-36,48,1,1
5,SARSA + PS,123,182,10,11,0,1
5,SARSA + PS,123,183,-18,21,2,1
5,SARSA + PS,123,184,-8,29,0,1
5,SARSA + PS,123,185,8,13,0,1
5,SARSA + PS,123,186,-42,54,1,1
5,SARSA + PS,123,187,-33,45,1,1
5,SARSA + PS,123,188,-5,26,0,1
5,SARSA + PS,123,189,-78,81,2,1
5,SARSA + PS,123,190,-46,49,2,1
5,SARSA + PS,123,191,-218,200,2,0
5,SARSA + PS,123,192,-121,106,4,1
5,SARSA + PS,123,193,13,8,0,1
5,SARSA + PS,123,194,4,17,0,1
5,SARSA + PS,123,195,12,9,0,1
5,SARSA + PS,123,196,-10,22,1,1
5,SARSA + PS,123,197,-33,36,2,1
5,SARSA + PS,123,198,8,13,0,1
5,SARSA + PS,123,199,-67,61,3,1
5,SARSA + PS,123,200,-31,43,1,1
5,SARSA + PS,123,201,3,9,1,1
5,SARSA + PS,123,202,6,15,0,1
5,SARSA + PS,123,203,1,11,1,1
5,SARSA + PS,123,204,-42,63,0,1
5,SARSA + PS,123,205,-9,30,0,1
5,SARSA + PS,123,206,-15,36,0,1
5,SARSA + PS,123,207,-33,54,0,1
5,SARSA + PS,123,208,12,9,0,1
5,SARSA + PS,123,209,-2,14,1,1
5,SARSA + PS,123,210,-28,40,1,1
5,SARSA + PS,123,211,12,9,0,1
5,SARSA + PS,123,212,-43,37,3,1
5,SARSA + PS,123,213,-80,74,3,1
5,SARSA + PS,123,214,3,18,0,1
5,SARSA + PS,123,215,10,11,0,1
5,SARSA + PS,123,216,-22,34,1,1
5,SARSA + PS,123,217,0,12,1,1
5,SARSA + PS,123,218,-50,62,1,1
5,SARSA + PS,123,219,9,12,0,1
5,SARSA + PS,123,220,-70,64,3,1
5,SARSA + PS,123,221,9,12,0,1
5,SARSA + PS,123,222,8,13,0,1
5,SARSA + PS,123,223,-30,51,0,1
5,SARSA + PS,123,224,-272,200,8,0
5,SARSA + PS,123,225,-22,34,1,1
5,SARSA + PS,123,226,-3,15,1,1
5,SARSA + PS,123,227,-16,28,1,1
5,SARSA + PS,123,228,9,12,0,1
5,SARSA + PS,123,229,-25,37,1,1
5,SARSA + PS,123,230,-24,45,0,1
5,SARSA + PS,123,231,-9,21,1,1
5,SARSA + PS,123,232,10,11,0,1
5,SARSA + PS,123,233,-19,31,1,1
5,SARSA + PS,123,234,-208,175,6,1
5,SARSA + PS,123,235,9,12,0,1
5,SARSA + PS,123,236,12,9,0,1
5,SARSA + PS,123,237,-2,14,1,1
5,SARSA + PS,123,238,-2,23,0,1
5,SARSA + PS,123,239,8,13,0,1
5,SARSA + PS,123,240,12,9,0,1
5,SARSA + PS,123,241,-50,44,3,1
5,SARSA + PS,123,242,11,10,0,1
5,SARSA + PS,123,243,-5,26,0,1
5,SARSA + PS,123,244,8,13,0,1
5,SARSA + PS,123,245,9,12,0,1
5,SARSA + PS,123,246,6,15,0,1
5,SARSA + PS,123,247,-21,33,1,1
5,SARSA + PS,123,248,9,12,0,1
5,SARSA + PS,123,249,10,11,0,1
5,SARSA + PS,123,250,-18,21,2,1
5,SARSA + PS,123,251,-95,89,3,1
5,SARSA + PS,123,252,-44,47,2,1
5,SARSA + PS,123,253,10,11,0,1
5,SARSA + PS,123,254,-2,14,1,1
5,SARSA + PS,123,255,4,17,0,1
5,SARSA + PS,123,256,3,18,0,1
5,SARSA + PS,123,257,-4,25,0,1
5,SARSA + PS,123,258,-2,14,1,1
5,SARSA + PS,123,259,-16,28,1,1
5,SARSA + PS,123,260,-11,32,0,1
5,SARSA + PS,123,261,7,14,0,1
5,SARSA + PS,123,262,-57,51,3,1
5,SARSA + PS,123,263,0,21,0,1
5,SARSA + PS,123,264,8,13,0,1
5,SARSA + PS,123,265,-12,24,1,1
5,SARSA + PS,123,266,12,9,0,1
5,SARSA + PS,123,267,-39,51,1,1
5,SARSA + PS,123,268,15,6,0,1
5,SARSA + PS,123,269,-43,46,2,1
5,SARSA + PS,123,270,-10,22,1,1
5,SARSA + PS,123,271,12,9,0,1
5,SARSA + PS,123,272,3,18,0,1
5,SARSA + PS,123,273,-9,21,1,1
5,SARSA + PS,123,274,0,12,1,1
5,SARSA + PS,123,275,1,11,1,1
5,SARSA + PS,123,276,-110,104,3,1
5,SARSA + PS,123,277,-39,42,2,1
5,SARSA + PS,123,278,0,21,0,1
5,SARSA + PS,123,279,7,14,0,1
5,SARSA + PS,123,280,13,8,0,1
5,SARSA + PS,123,281,0,12,1,1
5,SARSA + PS,123,282,-45,39,3,1
5,SARSA + PS,123,283,-4,16,1,1
5,SARSA + PS,123,284,4,17,0,1
5,SARSA + PS,123,285,6,15,0,1
5,SARSA + PS,123,286,8,13,0,1
5,SARSA + PS,123,287,-13,25,1,1
5,SARSA + PS,123,288,-11,23,1,1
5,SARSA + PS,123,289,0,12,1,1
5,SARSA + PS,123,290,14,7,0,1
5,SARSA + PS,123,291,12,9,0,1
5,SARSA + PS,123,292,-47,32,4,1
5,SARSA + PS,123,293,9,12,0,1
5,SARSA + PS,123,294,12,9,0,1
5,SARSA + PS,123,295,-12,15,2,1
5,SARSA + PS,123,296,7,14,0,1
5,SARSA + PS,123,297,9,12,0,1
5,SARSA + PS,123,298,-4,16,1,1
5,SARSA + PS,123,299,3,18,0,1
5,SARSA + PS,123,300,8,13,0,1
5,SARSA + PS,123,301,-48,51,2,1
5,SARSA + PS,123,302,-5,26,0,1
5,SARSA + PS,123,303,9,12,0,1
5,SARSA + PS,123,304,-119,104,4,1
5,SARSA + PS,123,305,2,19,0,1
5,SARSA + PS,123,306,0,12,1,1
5,SARSA + PS,123,307,-13,34,0,1
5,SARSA + PS,123,308,-3,24,0,1
5,SARSA + PS,123,309,8,13,0,1
5,SARSA + PS,123,310,-33,45,1,1
5,SARSA + PS,123,311,-33,36,2,1
5,SARSA + PS,123,312,-22,25,2,1
5,SARSA + PS,123,313,-20,32,1,1
5,SARSA + PS,123,314,0,12,1,1
5,SARSA + PS,123,315,7,14,0,1
5,SARSA + PS,123,316,-19,31,1,1
5,SARSA + PS,123,317,-5,17,1,1
5,SARSA + PS,123,318,12,9,0,1
5,SARSA + PS,123,319,10,11,0,1
5,SARSA + PS,123,320,-88,91,2,1
5,SARSA + PS,123,321,11,10,0,1
5,SARSA + PS,123,322,10,11,0,1
5,SARSA + PS,123,323,-54,66,1,1
5,SARSA + PS,123,324,0,21,0,1
5,SARSA + PS,123,325,-45,30,4,1
5,SARSA + PS,123,326,-1,22,0,1
5,SARSA + PS,123,327,3,18,0,1
5,SARSA + PS,123,328,-7,19,1,1
5,SARSA + PS,123,329,12,9,0,1
5,SARSA + PS,123,330,-37,49,1,1
5,SARSA + PS,123,331,3,18,0,1
5,SARSA + PS,123,332,9,12,0,1
5,SARSA + PS,123,333,9,12,0,1
5,SARSA + PS,123,334,7,14,0,1
5,SARSA + PS,123,335,-33,36,2,1
5,SARSA + PS,123,336,-14,26,1,1
5,SARSA + PS,123,337,-6,18,1,1
5,SARSA + PS,123,338,5,16,0,1
5,SARSA + PS,123,339,-17,38,0,1
5,SARSA + PS,123,340,-11,23,1,1
5,SARSA + PS,123,341,8,13,0,1
5,SARSA + PS,123,342,-35,56,0,1
5,SARSA + PS,123,343,-7,28,0,1
5,SARSA + PS,123,344,-77,80,2,1
5,SARSA + PS,123,345,11,10,0,1
5,SARSA + PS,123,346,-12,33,0,1
5,SARSA + PS,123,347,11,10,0,1
5,SARSA + PS,123,348,-20,23,2,1
5,SARSA + PS,123,349,11,10,0,1
5,SARSA + PS,123,350,8,13,0,1
5,SARSA + PS,123,351,0,12,1,1
5,SARSA + PS,123,352,1,20,0,1
5,SARSA + PS,123,353,-7,28,0,1
5,SARSA + PS,123,354,-41,26,4,1
5,SARSA + PS,123,355,-26,20,3,1
5,SARSA + PS,123,356,-2,14,1,1
5,SARSA + PS,123,357,-10,31,0,1
5,SARSA + PS,123,358,-67,52,4,1
5,SARSA + PS,123,359,5,16,0,1
5,SARSA + PS,123,360,-16,37,0,1
5,SARSA + PS,123,361,-86,80,3,1
5,SARSA + PS,123,362,9,12,0,1
5,SARSA + PS,123,363,-14,26,1,1
5,SARSA + PS,123,364,7,14,0,1
5,SARSA + PS,123,365,-16,37,0,1
5,SARSA + PS,123,366,-4,16,1,1
5,SARSA + PS,123,367,5,16,0,1
5,SARSA + PS,123,368,-4,16,1,1
5,SARSA + PS,123,369,-49,52,2,1
5,SARSA + PS,123,370,-72,75,2,1
5,SARSA + PS,123,371,-83,86,2,1
5,SARSA + PS,123,372,-43,46,2,1
5,SARSA + PS,123,373,8,13,0,1
5,SARSA + PS,123,374,-4,25,0,1
5,SARSA + PS,123,375,6,15,0,1
5,SARSA + PS,123,376,-24,18,3,1
5,SARSA + PS,123,377,-57,60,2,1
5,SARSA + PS,123,378,13,8,0,1
5,SARSA + PS,123,379,9,12,0,1
5,SARSA + PS,123,380,-15,27,1,1
5,SARSA + PS,123,381,-34,46,1,1
5,SARSA + PS,123,382,-65,68,2,1
5,SARSA + PS,123,383,10,11,0,1
5,SARSA + PS,123,384,8,13,0,1
5,SARSA + PS,123,385,8,13,0,1
5,SARSA + PS,123,386,13,8,0,1
5,SARSA + PS,123,387,8,13,0,1
5,SARSA + PS,123,388,-67,79,1,1
5,SARSA + PS,123,389,14,7,0,1
5,SARSA + PS,123,390,8,13,0,1
5,SARSA + PS,123,391,7,14,0,1
5,SARSA + PS,123,392,6,15,0,1
5,SARSA + PS,123,393,-12,24,1,1
5,SARSA + PS,123,394,-8,20,1,1
5,SARSA + PS,123,395,-9,30,0,1
5,SARSA + PS,123,396,-75,96,0,1
5,SARSA + PS,123,397,-5,17,1,1
5,SARSA + PS,123,398,10,11,0,1
5,SARSA + PS,123,399,-20,32,1,1
5,SARSA + PS,123,400,10,11,0,1
5,SARSA + PS,123,401,9,12,0,1
5,SARSA + PS,123,402,3,18,0,1
5,SARSA + PS,123,403,1,11,1,1
5,SARSA + PS,123,404,9,12,0,1
5,SARSA + PS,123,405,-23,44,0,1
5,SARSA + PS,123,406,-58,61,2,1
5,SARSA + PS,123,407,11,10,0,1
5,SARSA + PS,123,408,-39,51,1,1
5,SARSA + PS,123,409,-22,25,2,1
5,SARSA + PS,123,410,9,12,0,1
5,SARSA + PS,123,411,1,11,1,1
5,SARSA + PS,123,412,-144,138,3,1
5,SARSA + PS,123,413,14,7,0,1
5,SARSA + PS,123,414,-5,17,1,1
5,SARSA + PS,123,415,9,12,0,1
5,SARSA + PS,123,416,3,18,0,1
5,SARSA + PS,123,417,6,15,0,1
5,SARSA + PS,123,418,5,16,0,1
5,SARSA + PS,123,419,10,11,0,1
5,SARSA + PS,123,420,6,15,0,1
5,SARSA + PS,123,421,-9,30,0,1
5,SARSA + PS,123,422,10,11,0,1
5,SARSA + PS,123,423,8,13,0,1
5,SARSA + PS,123,424,-5,26,0,1
5,SARSA + PS,123,425,10,11,0,1
5,SARSA + PS,123,426,8,13,0,1
5,SARSA + PS,123,427,-69,72,2,1
5,SARSA + PS,123,428,-9,21,1,1
5,SARSA + PS,123,429,-219,177,7,1
5,SARSA + PS,123,430,3,18,0,1
5,SARSA + PS,123,431,-13,16,2,1
5,SARSA + PS,123,432,-21,24,2,1
5,SARSA + PS,123,433,7,14,0,1
5,SARSA + PS,123,434,-20,32,1,1
5,SARSA + PS,123,435,-1,22,0,1
5,SARSA + PS,123,436,12,9,0,1
5,SARSA + PS,123,437,10,11,0,1
5,SARSA + PS,123,438,7,14,0,1
5,SARSA + PS,123,439,8,13,0,1
5,SARSA + PS,123,440,7,14,0,1
5,SARSA + PS,123,441,9,12,0,1
5,SARSA + PS,123,442,10,11,0,1
5,SARSA + PS,123,443,-3,15,1,1
5,SARSA + PS,123,444,-13,34,0,1
5,SARSA + PS,123,445,9,12,0,1
5,SARSA + PS,123,446,-40,43,2,1
5,SARSA + PS,123,447,-167,143,5,1
5,SARSA + PS,123,448,0,21,0,1
5,SARSA + PS,123,449,12,9,0,1
5,SARSA + PS,123,450,-10,31,0,1
5,SARSA + PS,123,451,8,13,0,1
5,SARSA + PS,123,452,8,13,0,1
5,SARSA + PS,123,453,-30,42,1,1
5,SARSA + PS,123,454,3,18,0,1
5,SARSA + PS,123,455,7,14,0,1
5,SARSA + PS,123,456,-160,118,7,1
5,SARSA + PS,123,457,4,8,1,1
5,SARSA + PS,123,458,-45,39,3,1
5,SARSA + PS,123,459,-2,23,0,1
5,SARSA + PS,123,460,-24,27,2,1
5,SARSA + PS,123,461,-84,87,2,1
5,SARSA + PS,123,462,6,15,0,1
5,SARSA + PS,123,463,2,10,1,1
5,SARSA + PS,123,464,9,12,0,1
5,SARSA + PS,123,465,9,12,0,1
5,SARSA + PS,123,466,5,16,0,1
5,SARSA + PS,123,467,10,11,0,1
5,SARSA + PS,123,468,6,15,0,1
5,SARSA + PS,123,469,-44,38,3,1
5,SARSA + PS,123,470,-9,21,1,1
5,SARSA + PS,123,471,-2,14,1,1
5,SARSA + PS,123,472,-5,26,0,1
5,SARSA + PS,123,473,7,14,0,1
5,SARSA + PS,123,474,13,8,0,1
5,SARSA + PS,123,475,5,16,0,1
5,SARSA + PS,123,476,2,19,0,1
5,SARSA + PS,123,477,-45,39,3,1
5,SARSA + PS,123,478,9,12,0,1
5,SARSA + PS,123,479,-3,24,0,1
5,SARSA + PS,123,480,-9,21,1,1
5,SARSA + PS,123,481,-26,20,3,1
5,SARSA + PS,123,482,-3,15,1,1
5,SARSA + PS,123,483,6,15,0,1
5,SARSA + PS,123,484,9,12,0,1
5,SARSA + PS,123,485,1,11,1,1
5,SARSA + PS,123,486,4,17,0,1
5,SARSA + PS,123,487,-20,32,1,1
5,SARSA + PS,123,488,10,11,0,1
5,SARSA + PS,123,489,-5,17,1,1
5,SARSA + PS,123,490,-43,46,2,1
5,SARSA + PS,123,491,0,21,0,1
5,SARSA + PS,123,492,11,10,0,1
5,SARSA + PS,123,493,8,13,0,1
5,SARSA + PS,123,494,-32,35,2,1
5,SARSA + PS,123,495,8,13,0,1
5,SARSA + PS,123,496,-5,17,1,1
5,SARSA + PS,123,497,5,16,0,1
5,SARSA + PS,123,498,8,13,0,1
5,SARSA + PS,123,499,-53,65,1,1
5,SARSA + PS,777,0,-578,200,42,0
5,SARSA + PS,777,1,-785,200,65,0
5,SARSA + PS,777,2,-659,200,51,0
5,SARSA + PS,777,3,-767,200,63,0
5,SARSA + PS,777,4,-686,200,54,0
5,SARSA + PS,777,5,-749,200,61,0
5,SARSA + PS,777,6,-758,200,62,0
5,SARSA + PS,777,7,-794,200,66,0
5,SARSA + PS,777,8,-704,200,56,0
5,SARSA + PS,777,9,-650,200,50,0
5,SARSA + PS,777,10,-461,140,38,1
5,SARSA + PS,777,11,-686,200,54,0
5,SARSA + PS,777,12,-749,200,61,0
5,SARSA + PS,777,13,-740,200,60,0
5,SARSA + PS,777,14,-497,200,33,0
5,SARSA + PS,777,15,-398,200,22,0
5,SARSA + PS,777,16,-677,200,53,0
5,SARSA + PS,777,17,-668,200,52,0
5,SARSA + PS,777,18,-371,200,19,0
5,SARSA + PS,777,19,-560,200,40,0
5,SARSA + PS,777,20,-641,200,49,0
5,SARSA + PS,777,21,-245,200,5,0
5,SARSA + PS,777,22,-488,200,32,0
5,SARSA + PS,777,23,-134,83,8,1
5,SARSA + PS,777,24,-623,200,47,0
5,SARSA + PS,777,25,-524,200,36,0
5,SARSA + PS,777,26,-281,200,9,0
5,SARSA + PS,777,27,-201,69,17,1
5,SARSA + PS,777,28,-461,200,29,0
5,SARSA + PS,777,29,-839,200,71,0
5,SARSA + PS,777,30,-506,200,34,0
5,SARSA + PS,777,31,-362,200,18,0
5,SARSA + PS,777,32,-67,79,1,1
5,SARSA + PS,777,33,-254,200,6,0
5,SARSA + PS,777,34,-803,200,67,0
5,SARSA + PS,777,35,-94,106,1,1
5,SARSA + PS,777,36,-201,177,5,1
5,SARSA + PS,777,37,-236,200,4,0
5,SARSA + PS,777,38,-245,200,5,0
5,SARSA + PS,777,39,-353,200,17,0
5,SARSA + PS,777,40,-398,200,22,0
5,SARSA + PS,777,41,-227,200,3,0
5,SARSA + PS,777,42,-254,200,6,0
5,SARSA + PS,777,43,-389,200,21,0
5,SARSA + PS,777,44,-99,93,3,1
5,SARSA + PS,777,45,-237,177,9,1
5,SARSA + PS,777,46,-263,200,7,0
5,SARSA + PS,777,47,-236,200,4,0
5,SARSA + PS,777,48,-120,96,5,1
5,SARSA + PS,777,49,-272,200,8,0
5,SARSA + PS,777,50,-245,200,5,0
5,SARSA + PS,777,51,-245,200,5,0
5,SARSA + PS,777,52,-254,200,6,0
5,SARSA + PS,777,53,-218,200,2,0
5,SARSA + PS,777,54,2,10,1,1
5,SARSA + PS,777,55,-5,17,1,1
5,SARSA + PS,777,56,-263,200,7,0
5,SARSA + PS,777,57,-245,200,5,0
5,SARSA + PS,777,58,-245,200,5,0
5,SARSA + PS,777,59,-160,118,7,1
5,SARSA + PS,777,60,-60,63,2,1
5,SARSA + PS,777,61,-139,142,2,1
5,SARSA + PS,777,62,-209,200,1,0
5,SARSA + PS,777,63,-168,153,4,1
5,SARSA + PS,777,64,-22,34,1,1
5,SARSA + PS,777,65,-178,136,7,1
5,SARSA + PS,777,66,-129,114,4,1
5,SARSA + PS,777,67,-254,200,6,0
5,SARSA + PS,777,68,-236,200,4,0
5,SARSA + PS,777,69,-113,116,2,1
5,SARSA + PS,777,70,-263,200,7,0
5,SARSA + PS,777,71,-389,200,21,0
5,SARSA + PS,777,72,-28,40,1,1
5,SARSA + PS,777,73,-102,87,4,1
5,SARSA + PS,777,74,-92,86,3,1
5,SARSA + PS,777,75,-236,200,4,0
5,SARSA + PS,777,76,-57,69,1,1
5,SARSA + PS,777,77,-29,50,0,1
5,SARSA + PS,777,78,-233,173,9,1
5,SARSA + PS,777,79,13,8,0,1
5,SARSA + PS,777,80,-245,200,5,0
5,SARSA + PS,777,81,-236,200,4,0
5,SARSA + PS,777,82,-97,82,4,1
5,SARSA + PS,777,83,-55,49,3,1
5,SARSA + PS,777,84,-90,93,2,1
5,SARSA + PS,777,85,-240,162,11,1
5,SARSA + PS,777,86,-22,34,1,1
5,SARSA + PS,777,87,-56,59,2,1
5,SARSA + PS,777,88,-30,51,0,1
5,SARSA + PS,777,89,-43,55,1,1
5,SARSA + PS,777,90,-54,66,1,1
5,SARSA + PS,777,91,-154,130,5,1
5,SARSA + PS,777,92,-123,108,4,1
5,SARSA + PS,777,93,-9,30,0,1
5,SARSA + PS,777,94,-201,141,9,1
5,SARSA + PS,777,95,9,12,0,1
5,SARSA + PS,777,96,-156,132,5,1
5,SARSA + PS,777,97,-281,200,9,0
5,SARSA + PS,777,98,4,17,0,1
5,SARSA + PS,777,99,-9,21,1,1
5,SARSA + PS,777,100,-200,176,5,1
5,SARSA + PS,777,101,-33,27,3,1
5,SARSA + PS,777,102,-245,200,5,0
5,SARSA + PS,777,103,1,11,1,1
5,SARSA + PS,777,104,-173,131,7,1
5,SARSA + PS,777,105,-137,104,6,1
5,SARSA + PS,777,106,-79,73,3,1
5,SARSA + PS,777,107,6,15,0,1
5,SARSA + PS,777,108,-50,62,1,1
5,SARSA + PS,777,109,-79,82,2,1
5,SARSA + PS,777,110,-159,153,3,1
5,SARSA + PS,777,111,2,19,0,1
5,SARSA + PS,777,112,12,9,0,1
5,SARSA + PS,777,113,-126,129,2,1
5,SARSA + PS,777,114,-102,87,4,1
5,SARSA + PS,777,115,4,8,1,1
5,SARSA + PS,777,116,-23,26,2,1
5,SARSA + PS,777,117,-236,200,4,0
5,SARSA + PS,777,118,-21,42,0,1
5,SARSA + PS,777,119,-100,85,4,1
5,SARSA + PS,777,120,-39,51,1,1
5,SARSA + PS,777,121,-41,44,2,1
5,SARSA + PS,777,122,-85,88,2,1
5,SARSA + PS,777,123,15,6,0,1
5,SARSA + PS,777,124,-92,104,1,1
5,SARSA + PS,777,125,6,15,0,1
5,SARSA + PS,777,126,-127,130,2,1
5,SARSA + PS,777,127,-67,79,1,1
5,SARSA + PS,777,128,12,9,0,1
5,SARSA + PS,777,129,-7,28,0,1
5,SARSA + PS,777,130,-281,200,9,0
5,SARSA + PS,777,131,-7,28,0,1
5,SARSA + PS,777,132,-48,60,1,1
5,SARSA + PS,777,133,-4,25,0,1
5,SARSA + PS,777,134,-79,64,4,1
5,SARSA + PS,777,135,1,11,1,1
5,SARSA + PS,777,136,-1,13,1,1
5,SARSA + PS,777,137,-290,200,10,0
5,SARSA + PS,777,138,-1,13,1,1
5,SARSA + PS,777,139,-263,200,7,0
5,SARSA + PS,777,140,-96,108,1,1
5,SARSA + PS,777,141,-5,26,0,1
5,SARSA + PS,777,142,12,9,0,1
5,SARSA + PS,777,143,-97,100,2,1
5,SARSA + PS,777,144,-254,200,6,0
5,SARSA + PS,777,145,-222,180,7,1
5,SARSA + PS,777,146,-263,200,7,0
5,SARSA + PS,777,147,-11,23,1,1
5,SARSA + PS,777,148,-18,39,0,1
5,SARSA + PS,777,149,-11,32,0,1
5,SARSA + PS,777,150,-115,118,2,1
5,SARSA + PS,777,151,-122,116,3,1
5,SARSA + PS,777,152,-74,86,1,1
5,SARSA + PS,777,153,-72,93,0,1
5,SARSA + PS,777,154,-58,61,2,1
5,SARSA + PS,777,155,-52,46,3,1
5,SARSA + PS,777,156,-281,200,9,0
5,SARSA + PS,777,157,-88,82,3,1
5,SARSA + PS,777,158,-53,56,2,1
5,SARSA + PS,777,159,-263,200,7,0
5,SARSA + PS,777,160,10,11,0,1
5,SARSA + PS,777,161,-60,81,0,1
5,SARSA + PS,777,162,14,7,0,1
5,SARSA + PS,777,163,10,11,0,1
5,SARSA + PS,777,164,-35,56,0,1
5,SARSA + PS,777,165,-290,200,10,0
5,SARSA + PS,777,166,-159,171,1,1
5,SARSA + PS,777,167,-26,47,0,1
5,SARSA + PS,777,168,-263,200,7,0
5,SARSA + PS,777,169,-13,25,1,1
5,SARSA + PS,777,170,13,8,0,1
5,SARSA + PS,777,171,-11,23,1,1
5,SARSA + PS,777,172,11,10,0,1
5,SARSA + PS,777,173,-122,125,2,1
5,SARSA + PS,777,174,11,10,0,1
5,SARSA + PS,777,175,-2,23,0,1
5,SARSA + PS,777,176,10,11,0,1
5,SARSA + PS,777,177,-32,35,2,1
5,SARSA + PS,777,178,13,8,0,1
5,SARSA + PS,777,179,-3,24,0,1
5,SARSA + PS,777,180,-73,76,2,1
5,SARSA + PS,777,181,-80,101,0,1
5,SARSA + PS,777,182,-92,104,1,1
5,SARSA + PS,777,183,-24,45,0,1
5,SARSA + PS,777,184,5,16,0,1
5,SARSA + PS,777,185,-4,16,1,1
5,SARSA + PS,777,186,-30,51,0,1
5,SARSA + PS,777,187,13,8,0,1
5,SARSA + PS,777,188,-109,130,0,1
5,SARSA + PS,777,189,9,12,0,1
5,SARSA + PS,777,190,0,12,1,1
5,SARSA + PS,777,191,1,11,1,1
5,SARSA + PS,777,192,-65,68,2,1
5,SARSA + PS,777,193,-52,55,2,1
5,SARSA + PS,777,194,-15,27,1,1
5,SARSA + PS,777,195,-70,82,1,1
5,SARSA + PS,777,196,11,10,0,1
5,SARSA + PS,777,197,-20,41,0,1
5,SARSA + PS,777,198,11,10,0,1
5,SARSA + PS,777,199,-39,51,1,1
5,SARSA + PS,777,200,-164,131,6,1
5,SARSA + PS,777,201,0,12,1,1
5,SARSA + PS,777,202,9,12,0,1
5,SARSA + PS,777,203,-47,50,2,1
5,SARSA + PS,777,204,5,16,0,1
5,SARSA + PS,777,205,-9,21,1,1
5,SARSA + PS,777,206,-27,39,1,1
5,SARSA + PS,777,207,-13,16,2,1
5,SARSA + PS,777,208,8,13,0,1
5,SARSA + PS,777,209,4,17,0,1
5,SARSA + PS,777,210,12,9,0,1
5,SARSA + PS,777,211,10,11,0,1
5,SARSA + PS,777,212,-80,74,3,1
5,SARSA + PS,777,213,-19,31,1,1
5,SARSA + PS,777,214,-108,102,3,1
5,SARSA + PS,777,215,-51,72,0,1
5,SARSA + PS,777,216,3,18,0,1
5,SARSA + PS,777,217,-38,59,0,1
5,SARSA + PS,777,218,9,12,0,1
5,SARSA + PS,777,219,-164,122,7,1
5,SARSA + PS,777,220,-43,55,1,1
5,SARSA + PS,777,221,8,13,0,1
5,SARSA + PS,777,222,11,10,0,1
5,SARSA + PS,777,223,-54,39,4,1
5,SARSA + PS,777,224,-78,72,3,1
5,SARSA + PS,777,225,-18,30,1,1
5,SARSA + PS,777,226,-56,41,4,1
5,SARSA + PS,777,227,11,10,0,1
5,SARSA + PS,777,228,-42,45,2,1
5,SARSA + PS,777,229,12,9,0,1
5,SARSA + PS,777,230,-25,46,0,1
5,SARSA + PS,777,231,-120,123,2,1
5,SARSA + PS,777,232,-1,22,0,1
5,SARSA + PS,777,233,-1,13,1,1
5,SARSA + PS,777,234,-1,13,1,1
5,SARSA + PS,777,235,-15,27,1,1
5,SARSA + PS,777,236,12,9,0,1
5,SARSA + PS,777,237,-10,22,1,1
5,SARSA + PS,777,238,-5,17,1,1
5,SARSA + PS,777,239,-13,16,2,1
5,SARSA + PS,777,240,-32,35,2,1
5,SARSA + PS,777,241,1,11,1,1
5,SARSA + PS,777,242,-21,42,0,1
5,SARSA + PS,777,243,0,12,1,1
5,SARSA + PS,777,244,7,14,0,1
5,SARSA + PS,777,245,1,11,1,1
5,SARSA + PS,777,246,2,10,1,1
5,SARSA + PS,777,247,-43,46,2,1
5,SARSA + PS,777,248,15,6,0,1
5,SARSA + PS,777,249,-9,12,2,1
5,SARSA + PS,777,250,3,18,0,1
5,SARSA + PS,777,251,-85,70,4,1
5,SARSA + PS,777,252,-43,46,2,1
5,SARSA + PS,777,253,-16,28,1,1
5,SARSA + PS,777,254,-245,200,5,0
5,SARSA + PS,777,255,4,17,0,1
5,SARSA + PS,777,256,2,10,1,1
5,SARSA + PS,777,257,-28,31,2,1
5,SARSA + PS,777,258,-9,21,1,1
5,SARSA + PS,777,259,8,13,0,1
5,SARSA + PS,777,260,-31,34,2,1
5,SARSA + PS,777,261,-32,44,1,1
5,SARSA + PS,777,262,-9,30,0,1
5,SARSA + PS,777,263,-14,26,1,1
5,SARSA + PS,777,264,-12,24,1,1
5,SARSA + PS,777,265,2,19,0,1
5,SARSA + PS,777,266,-48,60,1,1
5,SARSA + PS,777,267,-272,200,8,0
5,SARSA + PS,777,268,-4,25,0,1
5,SARSA + PS,777,269,-6,27,0,1
5,SARSA + PS,777,270,12,9,0,1
5,SARSA + PS,777,271,-62,56,3,1
5,SARSA + PS,777,272,-34,28,3,1
5,SARSA + PS,777,273,-6,18,1,1
5,SARSA + PS,777,274,-22,25,2,1
5,SARSA + PS,777,275,-70,55,4,1
5,SARSA + PS,777,276,8,13,0,1
5,SARSA + PS,777,277,1,20,0,1
5,SARSA + PS,777,278,-10,13,2,1
5,SARSA + PS,777,279,-12,33,0,1
5,SARSA + PS,777,280,8,13,0,1
5,SARSA + PS,777,281,14,7,0,1
5,SARSA + PS,777,282,-16,28,1,1
5,SARSA + PS,777,283,-84,78,3,1
5,SARSA + PS,777,284,-30,51,0,1
5,SARSA + PS,777,285,-37,49,1,1
5,SARSA + PS,777,286,-25,28,2,1
5,SARSA + PS,777,287,3,18,0,1
5,SARSA + PS,777,288,9,12,0,1
5,SARSA + PS,777,289,-61,64,2,1
5,SARSA + PS,777,290,-97,91,3,1
5,SARSA + PS,777,291,-104,98,3,1
5,SARSA + PS,777,292,13,8,0,1
5,SARSA + PS,777,293,8,13,0,1
5,SARSA + PS,777,294,8,13,0,1
5,SARSA + PS,777,295,5,16,0,1
5,SARSA + PS,777,296,-17,29,1,1
5,SARSA + PS,777,297,8,13,0,1
5,SARSA + PS,777,298,-110,68,7,1
5,SARSA + PS,777,299,-30,42,1,1
5,SARSA + PS,777,300,-33,45,1,1
5,SARSA + PS,777,301,-26,38,1,1
5,SARSA + PS,777,302,-19,31,1,1
5,SARSA + PS,777,303,-14,17,2,1
5,SARSA + PS,777,304,12,9,0,1
5,SARSA + PS,777,305,-64,76,1,1
5,SARSA + PS,777,306,11,10,0,1
5,SARSA + PS,777,307,-1,22,0,1
5,SARSA + PS,777,308,-47,50,2,1
5,SARSA + PS,777,309,-27,39,1,1
5,SARSA + PS,777,310,-1,13,1,1
5,SARSA + PS,777,311,-65,77,1,1
5,SARSA + PS,777,312,12,9,0,1
5,SARSA + PS,777,313,1,20,0,1
5,SARSA + PS,777,314,-6,27,0,1
5,SARSA + PS,777,315,9,12,0,1
5,SARSA + PS,777,316,-16,37,0,1
5,SARSA + PS,777,317,-34,55,0,1
5,SARSA + PS,777,318,11,10,0,1
5,SARSA + PS,777,319,-58,52,3,1
5,SARSA + PS,777,320,12,9,0,1
5,SARSA + PS,777,321,7,14,0,1
5,SARSA + PS,777,322,-26,38,1,1
5,SARSA + PS,777,323,9,12,0,1
5,SARSA + PS,777,324,0,21,0,1
5,SARSA + PS,777,325,-70,64,3,1
5,SARSA + PS,777,326,9,12,0,1
5,SARSA + PS,777,327,-74,77,2,1
5,SARSA + PS,777,328,-36,39,2,1
5,SARSA + PS,777,329,-110,95,4,1
5,SARSA + PS,777,330,-23,35,1,1
5,SARSA + PS,777,331,-1,22,0,1
5,SARSA + PS,777,332,3,18,0,1
5,SARSA + PS,777,333,6,15,0,1
5,SARSA + PS,777,334,4,17,0,1
5,SARSA + PS,777,335,-48,33,4,1
5,SARSA + PS,777,336,-7,28,0,1
5,SARSA + PS,777,337,-47,41,3,1
5,SARSA + PS,777,338,-18,30,1,1
5,SARSA + PS,777,339,-16,28,1,1
5,SARSA + PS,777,340,11,10,0,1
5,SARSA + PS,777,341,3,9,1,1
5,SARSA + PS,777,342,-2,14,1,1
5,SARSA + PS,777,343,-3,24,0,1
5,SARSA + PS,777,344,1,20,0,1
5,SARSA + PS,777,345,-9,12,2,1
5,SARSA + PS,777,346,7,14,0,1
5,SARSA + PS,777,347,-19,22,2,1
5,SARSA + PS,777,348,-33,36,2,1
5,SARSA + PS,777,349,10,11,0,1
5,SARSA + PS,777,350,9,12,0,1
5,SARSA + PS,777,351,-9,30,0,1
5,SARSA + PS,777,352,-1,13,1,1
5,SARSA + PS,777,353,-3,15,1,1
5,SARSA + PS,777,354,11,10,0,1
5,SARSA + PS,777,355,-4,25,0,1
5,SARSA + PS,777,356,8,13,0,1
5,SARSA + PS,777,357,6,15,0,1
5,SARSA + PS,777,358,8,13,0,1
5,SARSA + PS,777,359,-21,24,2,1
5,SARSA + PS,777,360,-3,24,0,1
5,SARSA + PS,777,361,-6,18,1,1
5,SARSA + PS,777,362,11,10,0,1
5,SARSA + PS,777,363,10,11,0,1
5,SARSA + PS,777,364,14,7,0,1
5,SARSA + PS,777,365,11,10,0,1
5,SARSA + PS,777,366,-24,45,0,1
5,SARSA + PS,777,367,-171,129,7,1
5,SARSA + PS,777,368,-38,50,1,1
5,SARSA + PS,777,369,-12,33,0,1
5,SARSA + PS,777,370,-37,40,2,1
5,SARSA + PS,777,371,14,7,0,1
5,SARSA + PS,777,372,6,15,0,1
5,SARSA + PS,777,373,7,14,0,1
5,SARSA + PS,777,374,9,12,0,1
5,SARSA + PS,777,375,-35,38,2,1
5,SARSA + PS,777,376,12,9,0,1
5,SARSA + PS,777,377,9,12,0,1
5,SARSA + PS,777,378,1,11,1,1
5,SARSA + PS,777,379,-21,33,1,1
5,SARSA + PS,777,380,-71,65,3,1
5,SARSA + PS,777,381,-12,24,1,1
5,SARSA + PS,777,382,-34,37,2,1
5,SARSA + PS,777,383,-11,23,1,1
5,SARSA + PS,777,384,8,13,0,1
5,SARSA + PS,777,385,10,11,0,1
5,SARSA + PS,777,386,8,13,0,1
5,SARSA + PS,777,387,2,19,0,1
5,SARSA + PS,777,388,-33,36,2,1
5,SARSA + PS,777,389,-20,32,1,1
5,SARSA + PS,777,390,-6,27,0,1
5,SARSA + PS,777,391,9,12,0,1
5,SARSA + PS,777,392,9,12,0,1
5,SARSA + PS,777,393,-15,27,1,1
5,SARSA + PS,777,394,7,14,0,1
5,SARSA + PS,777,395,-11,23,1,1
5,SARSA + PS,777,396,14,7,0,1
5,SARSA + PS,777,397,7,14,0,1
5,SARSA + PS,777,398,10,11,0,1
5,SARSA + PS,777,399,11,10,0,1
5,SARSA + PS,777,400,-40,52,1,1
5,SARSA + PS,777,401,-10,22,1,1
5,SARSA + PS,777,402,9,12,0,1
5,SARSA + PS,777,403,10,11,0,1
5,SARSA + PS,777,404,3,18,0,1
5,SARSA + PS,777,405,10,11,0,1
5,SARSA + PS,777,406,-2,14,1,1
5,SARSA + PS,777,407,-1,13,1,1
5,SARSA + PS,777,408,-2,14,1,1
5,SARSA + PS,777,409,9,12,0,1
5,SARSA + PS,777,410,7,14,0,1
5,SARSA + PS,777,411,-14,17,2,1
5,SARSA + PS,777,412,1,20,0,1
5,SARSA + PS,777,413,-4,16,1,1
5,SARSA + PS,777,414,-12,33,0,1
5,SARSA + PS,777,415,-26,29,2,1
5,SARSA + PS,777,416,-14,17,2,1
5,SARSA + PS,777,417,10,11,0,1
5,SARSA + PS,777,418,10,11,0,1
5,SARSA + PS,777,419,3,18,0,1
5,SARSA + PS,777,420,-14,26,1,1
5,SARSA + PS,777,421,10,11,0,1
5,SARSA + PS,777,422,-17,29,1,1
5,SARSA + PS,777,423,12,9,0,1
5,SARSA + PS,777,424,12,9,0,1
5,SARSA + PS,777,425,12,9,0,1
5,SARSA + PS,777,426,8,13,0,1
5,SARSA + PS,777,427,6,15,0,1
5,SARSA + PS,777,428,-27,21,3,1
5,SARSA + PS,777,429,11,10,0,1
5,SARSA + PS,777,430,4,8,1,1
5,SARSA + PS,777,431,3,18,0,1
5,SARSA + PS,777,432,-6,18,1,1
5,SARSA + PS,777,433,9,12,0,1
5,SARSA + PS,777,434,12,9,0,1
5,SARSA + PS,777,435,-3,15,1,1
5,SARSA + PS,777,436,-8,20,1,1
5,SARSA + PS,777,437,-10,31,0,1
5,SARSA + PS,777,438,-7,28,0,1
5,SARSA + PS,777,439,-2,14,1,1
5,SARSA + PS,777,440,-96,72,5,1
5,SARSA + PS,777,441,-3,15,1,1
5,SARSA + PS,777,442,1,11,1,1
5,SARSA + PS,777,443,-5,17,1,1
5,SARSA + PS,777,444,-7,19,1,1
5,SARSA + PS,777,445,-1,13,1,1
5,SARSA + PS,777,446,-10,13,2,1
5,SARSA + PS,777,447,-3,15,1,1
5,SARSA + PS,777,448,5,16,0,1
5,SARSA + PS,777,449,-32,17,4,1
5,SARSA + PS,777,450,9,12,0,1
5,SARSA + PS,777,451,-13,34,0,1
5,SARSA + PS,777,452,-1,22,0,1
5,SARSA + PS,777,453,-1,13,1,1
5,SARSA + PS,777,454,11,10,0,1
5,SARSA + PS,777,455,-9,30,0,1
5,SARSA + PS,777,456,10,11,0,1
5,SARSA + PS,777,457,10,11,0,1
5,SARSA + PS,777,458,12,9,0,1
5,SARSA + PS,777,459,14,7,0,1
5,SARSA + PS,777,460,-2,14,1,1
5,SARSA + PS,777,461,6,15,0,1
5,SARSA + PS,777,462,-42,54,1,1
5,SARSA + PS,777,463,-2,23,0,1
5,SARSA + PS,777,464,7,14,0,1
5,SARSA + PS,777,465,13,8,0,1
5,SARSA + PS,777,466,0,12,1,1
5,SARSA + PS,777,467,5,16,0,1
5,SARSA + PS,777,468,-70,73,2,1
5,SARSA + PS,777,469,13,8,0,1
5,SARSA + PS,777,470,7,14,0,1
5,SARSA + PS,777,471,5,16,0,1
5,SARSA + PS,777,472,-1,13,1,1
5,SARSA + PS,777,473,9,12,0,1
5,SARSA + PS,777,474,-4,16,1,1
5,SARSA + PS,777,475,3,18,0,1
5,SARSA + PS,777,476,-1,13,1,1
5,SARSA + PS,777,477,5,16,0,1
5,SARSA + PS,777,478,14,7,0,1
5,SARSA + PS,777,479,-2,14,1,1
5,SARSA + PS,777,480,-7,19,1,1
5,SARSA + PS,777,481,8,13,0,1
5,SARSA + PS,777,482,14,7,0,1
5,SARSA + PS,777,483,-8,29,0,1
5,SARSA + PS,777,484,-16,19,2,1
5,SARSA + PS,777,485,-33,36,2,1
5,SARSA + PS,777,486,7,14,0,1
5,SARSA + PS,777,487,5,16,0,1
5,SARSA + PS,777,488,9,12,0,1
5,SARSA + PS,777,489,0,12,1,1
5,SARSA + PS,777,490,-22,25,2,1
5,SARSA + PS,777,491,-34,37,2,1
5,SARSA + PS,777,492,6,15,0,1
5,SARSA + PS,777,493,12,9,0,1
5,SARSA + PS,777,494,-25,37,1,1
5,SARSA + PS,777,495,-2,14,1,1
5,SARSA + PS,777,496,-35,29,3,1
5,SARSA + PS,777,497,-1,13,1,1
5,SARSA + PS,777,498,-1,13,1,1
5,SARSA + PS,777,499,2,10,1,1
5,SARSA + PS,999,0,-695,200,55,0
5,SARSA + PS,999,1,-785,200,65,0
5,SARSA + PS,999,2,-731,200,59,0
5,SARSA + PS,999,3,-758,200,62,0
5,SARSA + PS,999,4,-785,200,65,0
5,SARSA + PS,999,5,-506,200,34,0
5,SARSA + PS,999,6,-515,200,35,0
5,SARSA + PS,999,7,-214,64,19,1
5,SARSA + PS,999,8,-686,200,54,0
5,SARSA + PS,999,9,-731,200,59,0
5,SARSA + PS,999,10,-749,200,61,0
5,SARSA + PS,999,11,-605,200,45,0
5,SARSA + PS,999,12,-749,200,61,0
5,SARSA + PS,999,13,-641,200,49,0
5,SARSA + PS,999,14,-803,200,67,0
5,SARSA + PS,999,15,-677,200,53,0
5,SARSA + PS,999,16,-623,200,47,0
5,SARSA + PS,999,17,-821,200,69,0
5,SARSA + PS,999,18,-758,200,62,0
5,SARSA + PS,999,19,-398,200,22,0
5,SARSA + PS,999,20,-506,200,34,0
5,SARSA + PS,999,21,-452,200,28,0
5,SARSA + PS,999,22,-452,200,28,0
5,SARSA + PS,999,23,-495,156,40,1
5,SARSA + PS,999,24,-299,200,11,0
5,SARSA + PS,999,25,-308,200,12,0
5,SARSA + PS,999,26,-713,200,57,0
5,SARSA + PS,999,27,-902,200,78,0
5,SARSA + PS,999,28,-281,200,9,0
5,SARSA + PS,999,29,-263,200,7,0
5,SARSA + PS,999,30,-263,200,7,0
5,SARSA + PS,999,31,-236,200,4,0
5,SARSA + PS,999,32,-308,200,12,0
5,SARSA + PS,999,33,-272,200,8,0
5,SARSA + PS,999,34,-272,200,8,0
5,SARSA + PS,999,35,-461,200,29,0
5,SARSA + PS,999,36,-245,200,5,0
5,SARSA + PS,999,37,-218,200,2,0
5,SARSA + PS,999,38,-317,200,13,0
5,SARSA + PS,999,39,-290,200,10,0
5,SARSA + PS,999,40,-117,111,3,1
5,SARSA + PS,999,41,-470,200,30,0
5,SARSA + PS,999,42,-245,200,5,0
5,SARSA + PS,999,43,-353,122,28,1
5,SARSA + PS,999,44,-272,200,8,0
5,SARSA + PS,999,45,-270,165,14,1
5,SARSA + PS,999,46,-263,200,7,0
5,SARSA + PS,999,47,-218,200,2,0
5,SARSA + PS,999,48,-18,21,2,1
5,SARSA + PS,999,49,-281,200,9,0
5,SARSA + PS,999,50,-263,200,7,0
5,SARSA + PS,999,51,-52,73,0,1
5,SARSA + PS,999,52,-290,200,10,0
5,SARSA + PS,999,53,-263,200,7,0
5,SARSA + PS,999,54,-533,200,37,0
5,SARSA + PS,999,55,-371,200,19,0
5,SARSA + PS,999,56,-58,61,2,1
5,SARSA + PS,999,57,-245,200,5,0
5,SARSA + PS,999,58,-263,200,7,0
5,SARSA + PS,999,59,14,7,0,1
5,SARSA + PS,999,60,-122,116,3,1
5,SARSA + PS,999,61,-272,200,8,0
5,SARSA + PS,999,62,-272,200,8,0
5,SARSA + PS,999,63,-236,200,4,0
5,SARSA + PS,999,64,-281,200,9,0
5,SARSA + PS,999,65,-18,30,1,1
5,SARSA + PS,999,66,-32,35,2,1
5,SARSA + PS,999,67,-32,44,1,1
5,SARSA + PS,999,68,-21,42,0,1
5,SARSA + PS,999,69,-69,72,2,1
5,SARSA + PS,999,70,-10,22,1,1
5,SARSA + PS,999,71,-93,105,1,1
5,SARSA + PS,999,72,-13,25,1,1
5,SARSA + PS,999,73,-12,24,1,1
5,SARSA + PS,999,74,-330,180,19,1
5,SARSA + PS,999,75,-281,200,9,0
5,SARSA + PS,999,76,-236,200,4,0
5,SARSA + PS,999,77,-176,170,3,1
5,SARSA + PS,999,78,-62,65,2,1
5,SARSA + PS,999,79,-18,30,1,1
5,SARSA + PS,999,80,-54,57,2,1
5,SARSA + PS,999,81,-149,152,2,1
5,SARSA + PS,999,82,4,17,0,1
5,SARSA + PS,999,83,-94,97,2,1
5,SARSA + PS,999,84,3,18,0,1
5,SARSA + PS,999,85,-33,36,2,1
5,SARSA + PS,999,86,-290,200,10,0
5,SARSA + PS,999,87,-263,200,7,0
5,SARSA + PS,999,88,-281,200,9,0
5,SARSA + PS,999,89,-147,96,8,1
5,SARSA + PS,999,90,-21,24,2,1
5,SARSA + PS,999,91,-1,22,0,1
5,SARSA + PS,999,92,-92,104,1,1
5,SARSA + PS,999,93,-92,86,3,1
5,SARSA + PS,999,94,-102,105,2,1
5,SARSA + PS,999,95,-227,200,3,0
5,SARSA + PS,999,96,-26,29,2,1
5,SARSA + PS,999,97,-29,41,1,1
5,SARSA + PS,999,98,-19,22,2,1
5,SARSA + PS,999,99,-151,145,3,1
5,SARSA + PS,999,100,-263,140,16,1
5,SARSA + PS,999,101,4,17,0,1
5,SARSA + PS,999,102,-112,124,1,1
5,SARSA + PS,999,103,-183,141,7,1
5,SARSA + PS,999,104,-137,122,4,1
5,SARSA + PS,999,105,-122,125,2,1
5,SARSA + PS,999,106,-50,53,2,1
5,SARSA + PS,999,107,-236,200,4,0
5,SARSA + PS,999,108,-59,62,2,1
5,SARSA + PS,999,109,-156,150,3,1
5,SARSA + PS,999,110,-189,156,6,1
5,SARSA + PS,999,111,-77,80,2,1
5,SARSA + PS,999,112,3,18,0,1
5,SARSA + PS,999,113,-245,200,5,0
5,SARSA + PS,999,114,-64,58,3,1
5,SARSA + PS,999,115,-42,45,2,1
5,SARSA + PS,999,116,-150,144,3,1
5,SARSA + PS,999,117,-4,25,0,1
5,SARSA + PS,999,118,-5,26,0,1
5,SARSA + PS,999,119,13,8,0,1
5,SARSA + PS,999,120,-169,154,4,1
5,SARSA + PS,999,121,-114,117,2,1
5,SARSA + PS,999,122,-157,115,7,1
5,SARSA + PS,999,123,4,17,0,1
5,SARSA + PS,999,124,-33,45,1,1
5,SARSA + PS,999,125,-127,121,3,1
5,SARSA + PS,999,126,-21,33,1,1
5,SARSA + PS,999,127,-2,14,1,1
5,SARSA + PS,999,128,-263,200,7,0
5,SARSA + PS,999,129,-245,200,5,0
5,SARSA + PS,999,130,11,10,0,1
5,SARSA + PS,999,131,-254,200,6,0
5,SARSA + PS,999,132,11,10,0,1
5,SARSA + PS,999,133,-248,179,10,1
5,SARSA + PS,999,134,-52,46,3,1
5,SARSA + PS,999,135,-201,195,3,1
5,SARSA + PS,999,136,-102,96,3,1
5,SARSA + PS,999,137,-10,31,0,1
5,SARSA + PS,999,138,-148,124,5,1
5,SARSA + PS,999,139,4,17,0,1
5,SARSA + PS,999,140,5,16,0,1
5,SARSA + PS,999,141,-36,48,1,1
5,SARSA + PS,999,142,14,7,0,1
5,SARSA + PS,999,143,11,10,0,1
5,SARSA + PS,999,144,-245,200,5,0
5,SARSA + PS,999,145,-281,200,9,0
5,SARSA + PS,999,146,-64,58,3,1
5,SARSA + PS,999,147,-60,72,1,1
5,SARSA + PS,999,148,-165,168,2,1
5,SARSA + PS,999,149,14,7,0,1
5,SARSA + PS,999,150,-263,200,7,0
5,SARSA + PS,999,151,-14,35,0,1
5,SARSA + PS,999,152,7,14,0,1
5,SARSA + PS,999,153,-80,83,2,1
5,SARSA + PS,999,154,14,7,0,1
5,SARSA + PS,999,155,-12,33,0,1
5,SARSA + PS,999,156,13,8,0,1
5,SARSA + PS,999,157,-34,46,1,1
5,SARSA + PS,999,158,-27,30,2,1
5,SARSA + PS,999,159,-125,119,3,1
5,SARSA + PS,999,160,-135,120,4,1
5,SARSA + PS,999,161,-10,22,1,1
5,SARSA + PS,999,162,-37,58,0,1
5,SARSA + PS,999,163,0,21,0,1
5,SARSA + PS,999,164,-17,38,0,1
5,SARSA + PS,999,165,-57,42,4,1
5,SARSA + PS,999,166,-290,200,10,0
5,SARSA + PS,999,167,-48,51,2,1
5,SARSA + PS,999,168,-61,64,2,1
5,SARSA + PS,999,169,-19,31,1,1
5,SARSA + PS,999,170,11,10,0,1
5,SARSA + PS,999,171,-1,22,0,1
5,SARSA + PS,999,172,-7,28,0,1
5,SARSA + PS,999,173,-7,28,0,1
5,SARSA + PS,999,174,2,10,1,1
5,SARSA + PS,999,175,7,14,0,1
5,SARSA + PS,999,176,-118,103,4,1
5,SARSA + PS,999,177,-10,13,2,1
5,SARSA + PS,999,178,-299,200,11,0
5,SARSA + PS,999,179,-72,75,2,1
5,SARSA + PS,999,180,11,10,0,1
5,SARSA + PS,999,181,12,9,0,1
5,SARSA + PS,999,182,-10,22,1,1
5,SARSA + PS,999,183,11,10,0,1
5,SARSA + PS,999,184,11,10,0,1
5,SARSA + PS,999,185,9,12,0,1
5,SARSA + PS,999,186,-214,190,5,1
5,SARSA + PS,999,187,4,17,0,1
5,SARSA + PS,999,188,8,13,0,1
5,SARSA + PS,999,189,-14,26,1,1
5,SARSA + PS,999,190,-125,128,2,1
5,SARSA + PS,999,191,-20,32,1,1
5,SARSA + PS,999,192,-104,71,6,1
5,SARSA + PS,999,193,-101,86,4,1
5,SARSA + PS,999,194,4,17,0,1
5,SARSA + PS,999,195,10,11,0,1
5,SARSA + PS,999,196,12,9,0,1
5,SARSA + PS,999,197,4,17,0,1
5,SARSA + PS,999,198,-281,200,9,0
5,SARSA + PS,999,199,10,11,0,1
5,SARSA + PS,999,200,-152,155,2,1
5,SARSA + PS,999,201,10,11,0,1
5,SARSA + PS,999,202,12,9,0,1
5,SARSA + PS,999,203,14,7,0,1
5,SARSA + PS,999,204,-14,17,2,1
5,SARSA + PS,999,205,10,11,0,1
5,SARSA + PS,999,206,-28,40,1,1
5,SARSA + PS,999,207,1,11,1,1
5,SARSA + PS,999,208,14,7,0,1
5,SARSA + PS,999,209,-20,32,1,1
5,SARSA + PS,999,210,-54,66,1,1
5,SARSA + PS,999,211,9,12,0,1
5,SARSA + PS,999,212,2,10,1,1
5,SARSA + PS,999,213,8,13,0,1
5,SARSA + PS,999,214,-69,81,1,1
5,SARSA + PS,999,215,-81,75,3,1
5,SARSA + PS,999,216,-53,47,3,1
5,SARSA + PS,999,217,7,14,0,1
5,SARSA + PS,999,218,-290,200,10,0
5,SARSA + PS,999,219,8,13,0,1
5,SARSA + PS,999,220,11,10,0,1
5,SARSA + PS,999,221,11,10,0,1
5,SARSA + PS,999,222,1,20,0,1
5,SARSA + PS,999,223,10,11,0,1
5,SARSA + PS,999,224,8,13,0,1
5,SARSA + PS,999,225,8,13,0,1
5,SARSA + PS,999,226,7,14,0,1
5,SARSA + PS,999,227,10,11,0,1
5,SARSA + PS,999,228,9,12,0,1
5,SARSA + PS,999,229,-142,118,5,1
5,SARSA + PS,999,230,-80,83,2,1
5,SARSA + PS,999,231,7,14,0,1
5,SARSA + PS,999,232,11,10,0,1
5,SARSA + PS,999,233,-17,38,0,1
5,SARSA + PS,999,234,10,11,0,1
5,SARSA + PS,999,235,8,13,0,1
5,SARSA + PS,999,236,14,7,0,1
5,SARSA + PS,999,237,4,8,1,1
5,SARSA + PS,999,238,11,10,0,1
5,SARSA + PS,999,239,-21,42,0,1
5,SARSA + PS,999,240,-27,39,1,1
5,SARSA + PS,999,241,-25,28,2,1
5,SARSA + PS,999,242,-5,26,0,1
5,SARSA + PS,999,243,14,7,0,1
5,SARSA + PS,999,244,-4,16,1,1
5,SARSA + PS,999,245,3,18,0,1
5,SARSA + PS,999,246,-6,27,0,1
5,SARSA + PS,999,247,14,7,0,1
5,SARSA + PS,999,248,-20,32,1,1
5,SARSA + PS,999,249,-37,31,3,1
5,SARSA + PS,999,250,7,14,0,1
5,SARSA + PS,999,251,-13,25,1,1
5,SARSA + PS,999,252,6,15,0,1
5,SARSA + PS,999,253,-90,93,2,1
5,SARSA + PS,999,254,-33,36,2,1
5,SARSA + PS,999,255,1,20,0,1
5,SARSA + PS,999,256,14,7,0,1
5,SARSA + PS,999,257,5,16,0,1
5,SARSA + PS,999,258,-102,105,2,1
5,SARSA + PS,999,259,0,21,0,1
5,SARSA + PS,999,260,5,7,1,1
5,SARSA + PS,999,261,0,21,0,1
5,SARSA + PS,999,262,-47,59,1,1
5,SARSA + PS,999,263,-50,35,4,1
5,SARSA + PS,999,264,-246,195,8,1
5,SARSA + PS,999,265,-3,15,1,1
5,SARSA + PS,999,266,-42,45,2,1
5,SARSA + PS,999,267,-8,20,1,1
5,SARSA + PS,999,268,-159,144,4,1
5,SARSA + PS,999,269,-85,79,3,1
5,SARSA + PS,999,270,3,18,0,1
5,SARSA + PS,999,271,14,7,0,1
5,SARSA + PS,999,272,-72,84,1,1
5,SARSA + PS,999,273,-32,35,2,1
5,SARSA + PS,999,274,-233,200,6,1
5,SARSA + PS,999,275,5,16,0,1
5,SARSA + PS,999,276,8,13,0,1
5,SARSA + PS,999,277,2,10,1,1
5,SARSA + PS,999,278,3,9,1,1
5,SARSA + PS,999,279,-56,50,3,1
5,SARSA + PS,999,280,-25,19,3,1
5,SARSA + PS,999,281,12,9,0,1
5,SARSA + PS,999,282,5,16,0,1
5,SARSA + PS,999,283,-11,14,2,1
5,SARSA + PS,999,284,7,14,0,1
5,SARSA + PS,999,285,-95,80,4,1
5,SARSA + PS,999,286,-35,47,1,1
5,SARSA + PS,999,287,-1,13,1,1
5,SARSA + PS,999,288,-75,69,3,1
5,SARSA + PS,999,289,11,10,0,1
5,SARSA + PS,999,290,-79,73,3,1
5,SARSA + PS,999,291,-263,200,7,0
5,SARSA + PS,999,292,-64,67,2,1
5,SARSA + PS,999,293,9,12,0,1
5,SARSA + PS,999,294,11,10,0,1
5,SARSA + PS,999,295,15,6,0,1
5,SARSA + PS,999,296,-216,183,6,1
5,SARSA + PS,999,297,-7,28,0,1
5,SARSA + PS,999,298,8,13,0,1
5,SARSA + PS,999,299,6,15,0,1
5,SARSA + PS,999,300,7,14,0,1
5,SARSA + PS,999,301,-20,23,2,1
5,SARSA + PS,999,302,-84,69,4,1
5,SARSA + PS,999,303,-6,18,1,1
5,SARSA + PS,999,304,11,10,0,1
5,SARSA + PS,999,305,-146,113,6,1
5,SARSA + PS,999,306,13,8,0,1
5,SARSA + PS,999,307,-67,61,3,1
5,SARSA + PS,999,308,-39,33,3,1
5,SARSA + PS,999,309,-123,117,3,1
5,SARSA + PS,999,310,-94,70,5,1
5,SARSA + PS,999,311,7,14,0,1
5,SARSA + PS,999,312,9,12,0,1
5,SARSA + PS,999,313,-49,52,2,1
5,SARSA + PS,999,314,6,15,0,1
5,SARSA + PS,999,315,-76,88,1,1
5,SARSA + PS,999,316,-23,35,1,1
5,SARSA + PS,999,317,7,14,0,1
5,SARSA + PS,999,318,-245,200,5,0
5,SARSA + PS,999,319,6,15,0,1
5,SARSA + PS,999,320,5,16,0,1
5,SARSA + PS,999,321,8,13,0,1
5,SARSA + PS,999,322,-28,31,2,1
5,SARSA + PS,999,323,-41,44,2,1
5,SARSA + PS,999,324,2,19,0,1
5,SARSA + PS,999,325,12,9,0,1
5,SARSA + PS,999,326,11,10,0,1
5,SARSA + PS,999,327,-1,13,1,1
5,SARSA + PS,999,328,-28,40,1,1
5,SARSA + PS,999,329,12,9,0,1
5,SARSA + PS,999,330,11,10,0,1
5,SARSA + PS,999,331,6,15,0,1
5,SARSA + PS,999,332,0,21,0,1
5,SARSA + PS,999,333,-24,36,1,1
5,SARSA + PS,999,334,8,13,0,1
5,SARSA + PS,999,335,-64,67,2,1
5,SARSA + PS,999,336,0,12,1,1
5,SARSA + PS,999,337,8,13,0,1
5,SARSA + PS,999,338,-6,27,0,1
5,SARSA + PS,999,339,1,20,0,1
5,SARSA + PS,999,340,-23,35,1,1
5,SARSA + PS,999,341,9,12,0,1
5,SARSA + PS,999,342,-5,17,1,1
5,SARSA + PS,999,343,-9,12,2,1
5,SARSA + PS,999,344,-23,26,2,1
5,SARSA + PS,999,345,-38,59,0,1
5,SARSA + PS,999,346,-43,46,2,1
5,SARSA + PS,999,347,-3,15,1,1
5,SARSA + PS,999,348,-5,17,1,1
5,SARSA + PS,999,349,0,21,0,1
5,SARSA + PS,999,350,-10,31,0,1
5,SARSA + PS,999,351,-272,200,8,0
5,SARSA + PS,999,352,4,17,0,1
5,SARSA + PS,999,353,-53,47,3,1
5,SARSA + PS,999,354,-3,15,1,1
5,SARSA + PS,999,355,-9,30,0,1
5,SARSA + PS,999,356,-55,58,2,1
5,SARSA + PS,999,357,9,12,0,1
5,SARSA + PS,999,358,-221,170,8,1
5,SARSA + PS,999,359,6,15,0,1
5,SARSA + PS,999,360,3,18,0,1
5,SARSA + PS,999,361,-4,16,1,1
5,SARSA + PS,999,362,-6,18,1,1
5,SARSA + PS,999,363,5,16,0,1
5,SARSA + PS,999,364,5,16,0,1
5,SARSA + PS,999,365,11,10,0,1
5,SARSA + PS,999,366,14,7,0,1
5,SARSA + PS,999,367,-32,53,0,1
5,SARSA + PS,999,368,11,10,0,1
5,SARSA + PS,999,369,-4,16,1,1
5,SARSA + PS,999,370,7,14,0,1
5,SARSA + PS,999,371,11,10,0,1
5,SARSA + PS,999,372,11,10,0,1
5,SARSA + PS,999,373,-236,200,4,0
5,SARSA + PS,999,374,3,9,1,1
5,SARSA + PS,999,375,-39,60,0,1
5,SARSA + PS,999,376,0,12,1,1
5,SARSA + PS,999,377,11,10,0,1
5,SARSA + PS,999,378,-1,13,1,1
5,SARSA + PS,999,379,4,17,0,1
5,SARSA + PS,999,380,12,9,0,1
5,SARSA + PS,999,381,-5,26,0,1
5,SARSA + PS,999,382,-44,47,2,1
5,SARSA + PS,999,383,-3,15,1,1
5,SARSA + PS,999,384,8,13,0,1
5,SARSA + PS,999,385,2,10,1,1
5,SARSA + PS,999,386,6,15,0,1
5,SARSA + PS,999,387,8,13,0,1
5,SARSA + PS,999,388,-4,25,0,1
5,SARSA + PS,999,389,-48,51,2,1
5,SARSA + PS,999,390,4,17,0,1
5,SARSA + PS,999,391,6,15,0,1
5,SARSA + PS,999,392,-33,45,1,1
5,SARSA + PS,999,393,8,13,0,1
5,SARSA + PS,999,394,-3,24,0,1
5,SARSA + PS,999,395,-62,56,3,1
5,SARSA + PS,999,396,-281,200,9,0
5,SARSA + PS,999,397,-11,14,2,1
5,SARSA + PS,999,398,-6,27,0,1
5,SARSA + PS,999,399,4,17,0,1
5,SARSA + PS,999,400,9,12,0,1
5,SARSA + PS,999,401,-13,16,2,1
5,SARSA + PS,999,402,1,11,1,1
5,SARSA + PS,999,403,-26,29,2,1
5,SARSA + PS,999,404,6,15,0,1
5,SARSA + PS,999,405,-10,22,1,1
5,SARSA + PS,999,406,-5,26,0,1
5,SARSA + PS,999,407,11,10,0,1
5,SARSA + PS,999,408,12,9,0,1
5,SARSA + PS,999,409,8,13,0,1
5,SARSA + PS,999,410,-7,28,0,1
5,SARSA + PS,999,411,8,13,0,1
5,SARSA + PS,999,412,-111,87,5,1
5,SARSA + PS,999,413,2,10,1,1
5,SARSA + PS,999,414,-80,56,5,1
5,SARSA + PS,999,415,12,9,0,1
5,SARSA + PS,999,416,-13,16,2,1
5,SARSA + PS,999,417,9,12,0,1
5,SARSA + PS,999,418,-29,32,2,1
5,SARSA + PS,999,419,9,12,0,1
5,SARSA + PS,999,420,0,21,0,1
5,SARSA + PS,999,421,2,10,1,1
5,SARSA + PS,999,422,-21,33,1,1
5,SARSA + PS,999,423,6,15,0,1
5,SARSA + PS,999,424,11,10,0,1
5,SARSA + PS,999,425,-6,18,1,1
5,SARSA + PS,999,426,-22,34,1,1
5,SARSA + PS,999,427,9,12,0,1
5,SARSA + PS,999,428,-10,13,2,1
5,SARSA + PS,999,429,3,18,0,1
5,SARSA + PS,999,430,3,18,0,1
5,SARSA + PS,999,431,-38,50,1,1
5,SARSA + PS,999,432,10,11,0,1
5,SARSA + PS,999,433,-10,22,1,1
5,SARSA + PS,999,434,6,15,0,1
5,SARSA + PS,999,435,14,7,0,1
5,SARSA + PS,999,436,9,12,0,1
5,SARSA + PS,999,437,2,19,0,1
5,SARSA + PS,999,438,10,11,0,1
5,SARSA + PS,999,439,7,14,0,1
5,SARSA + PS,999,440,12,9,0,1
5,SARSA + PS,999,441,-1,13,1,1
5,SARSA + PS,999,442,-10,13,2,1
5,SARSA + PS,999,443,14,7,0,1
5,SARSA + PS,999,444,-12,24,1,1
5,SARSA + PS,999,445,10,11,0,1
5,SARSA + PS,999,446,8,13,0,1
5,SARSA + PS,999,447,1,11,1,1
5,SARSA + PS,999,448,-17,29,1,1
5,SARSA + PS,999,449,9,12,0,1
5,SARSA + PS,999,450,7,14,0,1
5,SARSA + PS,999,451,10,11,0,1
5,SARSA + PS,999,452,13,8,0,1
5,SARSA + PS,999,453,-13,25,1,1
5,SARSA + PS,999,454,-20,32,1,1
5,SARSA + PS,999,455,-27,21,3,1
5,SARSA + PS,999,456,10,11,0,1
5,SARSA + PS,999,457,-254,200,6,0
5,SARSA + PS,999,458,-2,14,1,1
5,SARSA + PS,999,459,4,17,0,1
5,SARSA + PS,999,460,11,10,0,1
5,SARSA + PS,999,461,-6,18,1,1
5,SARSA + PS,999,462,2,19,0,1
5,SARSA + PS,999,463,-50,44,3,1
5,SARSA + PS,999,464,-5,17,1,1
5,SARSA + PS,999,465,10,11,0,1
5,SARSA + PS,999,466,-94,88,3,1
5,SARSA + PS,999,467,0,12,1,1
5,SARSA + PS,999,468,-34,46,1,1
5,SARSA + PS,999,469,6,15,0,1
5,SARSA + PS,999,470,-15,27,1,1
5,SARSA + PS,999,471,6,15,0,1
5,SARSA + PS,999,472,-49,61,1,1
5,SARSA + PS,999,473,-14,26,1,1
5,SARSA + PS,999,474,-21,24,2,1
5,SARSA + PS,999,475,7,14,0,1
5,SARSA + PS,999,476,5,16,0,1
5,SARSA + PS,999,477,2,19,0,1
5,SARSA + PS,999,478,-12,15,2,1
5,SARSA + PS,999,479,-1,13,1,1
5,SARSA + PS,999,480,10,11,0,1
5,SARSA + PS,999,481,-5,17,1,1
5,SARSA + PS,999,482,13,8,0,1
5,SARSA + PS,999,483,-21,24,2,1
5,SARSA + PS,999,484,6,15,0,1
5,SARSA + PS,999,485,-7,28,0,1
5,SARSA + PS,999,486,-61,64,2,1
5,SARSA + PS,999,487,8,13,0,1
5,SARSA + PS,999,488,12,9,0,1
5,SARSA + PS,999,489,9,12,0,1
5,SARSA + PS,999,490,-1,13,1,1
5,SARSA + PS,999,491,-2,23,0,1
5,SARSA + PS,999,492,11,10,0,1
5,SARSA + PS,999,493,-5,17,1,1
5,SARSA + PS,999,494,-37,49,1,1
5,SARSA + PS,999,495,0,12,1,1
5,SARSA + PS,999,496,13,8,0,1
5,SARSA + PS,999,497,-40,43,2,1
5,SARSA + PS,999,498,-3,15,1,1
5,SARSA + PS,999,499,-26,29,2,1
5,SARSA + PS,2024,0,-677,200,53,0
5,SARSA + PS,2024,1,-423,147,33,1
5,SARSA + PS,2024,2,-596,200,44,0
5,SARSA + PS,2024,3,-641,200,49,0
5,SARSA + PS,2024,4,-767,200,63,0
5,SARSA + PS,2024,5,-695,200,55,0
5,SARSA + PS,2024,6,-113,80,6,1
5,SARSA + PS,2024,7,-821,200,69,0
5,SARSA + PS,2024,8,-812,200,68,0
5,SARSA + PS,2024,9,-686,200,54,0
5,SARSA + PS,2024,10,-722,200,58,0
5,SARSA + PS,2024,11,-596,200,44,0
5,SARSA + PS,2024,12,-767,200,63,0
5,SARSA + PS,2024,13,-848,200,72,0
5,SARSA + PS,2024,14,-522,183,40,1
5,SARSA + PS,2024,15,-263,200,7,0
5,SARSA + PS,2024,16,-722,200,58,0
5,SARSA + PS,2024,17,-161,56,14,1
5,SARSA + PS,2024,18,-185,71,15,1
5,SARSA + PS,2024,19,-317,200,13,0
5,SARSA + PS,2024,20,-371,167,25,1
5,SARSA + PS,2024,21,-533,200,37,0
5,SARSA + PS,2024,22,-551,200,39,0
5,SARSA + PS,2024,23,-290,200,10,0
5,SARSA + PS,2024,24,-76,70,3,1
5,SARSA + PS,2024,25,-758,200,62,0
5,SARSA + PS,2024,26,-435,105,39,1
5,SARSA + PS,2024,27,-344,200,16,0
5,SARSA + PS,2024,28,-58,52,3,1
5,SARSA + PS,2024,29,-245,200,5,0
5,SARSA + PS,2024,30,-407,200,23,0
5,SARSA + PS,2024,31,-461,200,29,0
5,SARSA + PS,2024,32,-25,37,1,1
5,SARSA + PS,2024,33,-290,200,10,0
5,SARSA + PS,2024,34,-812,200,68,0
5,SARSA + PS,2024,35,-125,110,4,1
5,SARSA + PS,2024,36,-884,200,76,0
5,SARSA + PS,2024,37,-398,200,22,0
5,SARSA + PS,2024,38,-6,27,0,1
5,SARSA + PS,2024,39,-125,119,3,1
5,SARSA + PS,2024,40,-479,200,31,0
5,SARSA + PS,2024,41,-407,200,23,0
5,SARSA + PS,2024,42,-41,53,1,1
5,SARSA + PS,2024,43,-281,200,9,0
5,SARSA + PS,2024,44,8,13,0,1
5,SARSA + PS,2024,45,-272,200,8,0
5,SARSA + PS,2024,46,-218,200,2,0
5,SARSA + PS,2024,47,-63,66,2,1
5,SARSA + PS,2024,48,-44,56,1,1
5,SARSA + PS,2024,49,-380,200,20,0
5,SARSA + PS,2024,50,-245,200,5,0
5,SARSA + PS,2024,51,-143,128,4,1
5,SARSA + PS,2024,52,-133,109,5,1
5,SARSA + PS,2024,53,-145,130,4,1
5,SARSA + PS,2024,54,-236,200,4,0
5,SARSA + PS,2024,55,-20,23,2,1
5,SARSA + PS,2024,56,-316,184,17,1
5,SARSA + PS,2024,57,-263,200,7,0
5,SARSA + PS,2024,58,-263,200,7,0
5,SARSA + PS,2024,59,-106,64,7,1
5,SARSA + PS,2024,60,-167,71,13,1
5,SARSA + PS,2024,61,-5,17,1,1
5,SARSA + PS,2024,62,-632,200,48,0
5,SARSA + PS,2024,63,-307,193,15,1
5,SARSA + PS,2024,64,-16,19,2,1
5,SARSA + PS,2024,65,-142,127,4,1
5,SARSA + PS,2024,66,-56,59,2,1
5,SARSA + PS,2024,67,-281,200,9,0
5,SARSA + PS,2024,68,-228,195,6,1
5,SARSA + PS,2024,69,-76,70,3,1
5,SARSA + PS,2024,70,10,11,0,1
5,SARSA + PS,2024,71,-245,200,5,0
5,SARSA + PS,2024,72,-272,200,8,0
5,SARSA + PS,2024,73,-245,200,5,0
5,SARSA + PS,2024,74,-92,86,3,1
5,SARSA + PS,2024,75,7,14,0,1
5,SARSA + PS,2024,76,-4,25,0,1
5,SARSA + PS,2024,77,-272,200,8,0
5,SARSA + PS,2024,78,-254,200,6,0
5,SARSA + PS,2024,79,-64,76,1,1
5,SARSA + PS,2024,80,-130,133,2,1
5,SARSA + PS,2024,81,-281,200,9,0
5,SARSA + PS,2024,82,-32,35,2,1
5,SARSA + PS,2024,83,-202,169,6,1
5,SARSA + PS,2024,84,1,20,0,1
5,SARSA + PS,2024,85,-33,45,1,1
5,SARSA + PS,2024,86,-35,38,2,1
5,SARSA + PS,2024,87,-201,195,3,1
5,SARSA + PS,2024,88,2,19,0,1
5,SARSA + PS,2024,89,-111,114,2,1
5,SARSA + PS,2024,90,12,9,0,1
5,SARSA + PS,2024,91,-77,62,4,1
5,SARSA + PS,2024,92,-55,58,2,1
5,SARSA + PS,2024,93,2,10,1,1
5,SARSA + PS,2024,94,-77,89,1,1
5,SARSA + PS,2024,95,-51,45,3,1
5,SARSA + PS,2024,96,-272,200,8,0
5,SARSA + PS,2024,97,-272,200,8,0
5,SARSA + PS,2024,98,-5,17,1,1
5,SARSA + PS,2024,99,-72,75,2,1
5,SARSA + PS,2024,100,8,13,0,1
5,SARSA + PS,2024,101,8,13,0,1
5,SARSA + PS,2024,102,-233,200,6,1
5,SARSA + PS,2024,103,-193,151,7,1
5,SARSA + PS,2024,104,13,8,0,1
5,SARSA + PS,2024,105,9,12,0,1
5,SARSA + PS,2024,106,-236,200,4,0
5,SARSA + PS,2024,107,14,7,0,1
5,SARSA + PS,2024,108,-31,34,2,1
5,SARSA + PS,2024,109,-227,200,3,0
5,SARSA + PS,2024,110,-176,170,3,1
5,SARSA + PS,2024,111,-11,14,2,1
5,SARSA + PS,2024,112,-70,82,1,1
5,SARSA + PS,2024,113,10,11,0,1
5,SARSA + PS,2024,114,9,12,0,1
5,SARSA + PS,2024,115,-1,22,0,1
5,SARSA + PS,2024,116,-57,69,1,1
5,SARSA + PS,2024,117,-32,35,2,1
5,SARSA + PS,2024,118,0,21,0,1
5,SARSA + PS,2024,119,-120,51,10,1
5,SARSA + PS,2024,120,-92,95,2,1
5,SARSA + PS,2024,121,-22,43,0,1
5,SARSA + PS,2024,122,-5,17,1,1
5,SARSA + PS,2024,123,9,12,0,1
5,SARSA + PS,2024,124,-73,76,2,1
5,SARSA + PS,2024,125,11,10,0,1
5,SARSA + PS,2024,126,-2,14,1,1
5,SARSA + PS,2024,127,-68,71,2,1
5,SARSA + PS,2024,128,-272,200,8,0
5,SARSA + PS,2024,129,-179,155,5,1
5,SARSA + PS,2024,130,6,15,0,1
5,SARSA + PS,2024,131,-11,32,0,1
5,SARSA + PS,2024,132,12,9,0,1
5,SARSA + PS,2024,133,12,9,0,1
5,SARSA + PS,2024,134,4,17,0,1
5,SARSA + PS,2024,135,-67,61,3,1
5,SARSA + PS,2024,136,-263,200,7,0
5,SARSA + PS,2024,137,-57,69,1,1
5,SARSA + PS,2024,138,-112,115,2,1
5,SARSA + PS,2024,139,-24,27,2,1
5,SARSA + PS,2024,140,-147,114,6,1
5,SARSA + PS,2024,141,-103,79,5,1
5,SARSA + PS,2024,142,-109,121,1,1
5,SARSA + PS,2024,143,-69,63,3,1
5,SARSA + PS,2024,144,9,12,0,1
5,SARSA + PS,2024,145,9,12,0,1
5,SARSA + PS,2024,146,-9,30,0,1
5,SARSA + PS,2024,147,-22,43,0,1
5,SARSA + PS,2024,148,-6,27,0,1
5,SARSA + PS,2024,149,-78,81,2,1
5,SARSA + PS,2024,150,-61,55,3,1
5,SARSA + PS,2024,151,-42,45,2,1
5,SARSA + PS,2024,152,12,9,0,1
5,SARSA + PS,2024,153,11,10,0,1
5,SARSA + PS,2024,154,-14,17,2,1
5,SARSA + PS,2024,155,4,17,0,1
5,SARSA + PS,2024,156,-2,23,0,1
5,SARSA + PS,2024,157,-8,20,1,1
5,SARSA + PS,2024,158,1,11,1,1
5,SARSA + PS,2024,159,-2,14,1,1
5,SARSA + PS,2024,160,-55,58,2,1
5,SARSA + PS,2024,161,-61,73,1,1
5,SARSA + PS,2024,162,-55,58,2,1
5,SARSA + PS,2024,163,-8,20,1,1
5,SARSA + PS,2024,164,13,8,0,1
5,SARSA + PS,2024,165,-4,25,0,1
5,SARSA + PS,2024,166,4,17,0,1
5,SARSA + PS,2024,167,-272,200,8,0
5,SARSA + PS,2024,168,-76,88,1,1
5,SARSA + PS,2024,169,-222,189,6,1
5,SARSA + PS,2024,170,-19,31,1,1
5,SARSA + PS,2024,171,9,12,0,1
5,SARSA + PS,2024,172,-584,182,47,1
5,SARSA + PS,2024,173,-272,200,8,0
5,SARSA + PS,2024,174,-236,200,4,0
5,SARSA + PS,2024,175,-11,32,0,1
5,SARSA + PS,2024,176,-42,54,1,1
5,SARSA + PS,2024,177,-1,22,0,1
5,SARSA + PS,2024,178,-36,48,1,1
5,SARSA + PS,2024,179,-52,55,2,1
5,SARSA + PS,2024,180,-299,200,11,0
5,SARSA + PS,2024,181,0,21,0,1
5,SARSA + PS,2024,182,-3,15,1,1
5,SARSA + PS,2024,183,-27,39,1,1
5,SARSA + PS,2024,184,15,6,0,1
5,SARSA + PS,2024,185,4,17,0,1
5,SARSA + PS,2024,186,-7,28,0,1
5,SARSA + PS,2024,187,-24,27,2,1
5,SARSA + PS,2024,188,-20,32,1,1
5,SARSA + PS,2024,189,-60,72,1,1
5,SARSA + PS,2024,190,-99,93,3,1
5,SARSA + PS,2024,191,-129,123,3,1
5,SARSA + PS,2024,192,-179,155,5,1
5,SARSA + PS,2024,193,10,11,0,1
5,SARSA + PS,2024,194,-8,29,0,1
5,SARSA + PS,2024,195,-32,35,2,1
5,SARSA + PS,2024,196,4,17,0,1
5,SARSA + PS,2024,197,-53,47,3,1
5,SARSA + PS,2024,198,-61,55,3,1
5,SARSA + PS,2024,199,12,9,0,1
5,SARSA + PS,2024,200,2,19,0,1
5,SARSA + PS,2024,201,10,11,0,1
5,SARSA + PS,2024,202,-42,36,3,1
5,SARSA + PS,2024,203,3,9,1,1
5,SARSA + PS,2024,204,-254,200,6,0
5,SARSA + PS,2024,205,10,11,0,1
5,SARSA + PS,2024,206,12,9,0,1
5,SARSA + PS,2024,207,-173,149,5,1
5,SARSA + PS,2024,208,-8,29,0,1
5,SARSA + PS,2024,209,-60,72,1,1
5,SARSA + PS,2024,210,-96,90,3,1
5,SARSA + PS,2024,211,0,21,0,1
5,SARSA + PS,2024,212,8,13,0,1
5,SARSA + PS,2024,213,-48,60,1,1
5,SARSA + PS,2024,214,10,11,0,1
5,SARSA + PS,2024,215,-3,15,1,1
5,SARSA + PS,2024,216,-84,87,2,1
5,SARSA + PS,2024,217,-74,86,1,1
5,SARSA + PS,2024,218,-12,24,1,1
5,SARSA + PS,2024,219,-13,25,1,1
5,SARSA + PS,2024,220,-100,94,3,1
5,SARSA + PS,2024,221,-64,76,1,1
5,SARSA + PS,2024,222,-227,200,3,0
5,SARSA + PS,2024,223,-89,110,0,1
5,SARSA + PS,2024,224,-52,73,0,1
5,SARSA + PS,2024,225,-5,17,1,1
5,SARSA + PS,2024,226,-35,38,2,1
5,SARSA + PS,2024,227,8,13,0,1
5,SARSA + PS,2024,228,-36,48,1,1
5,SARSA + PS,2024,229,8,13,0,1
5,SARSA + PS,2024,230,-9,21,1,1
5,SARSA + PS,2024,231,-49,43,3,1
5,SARSA + PS,2024,232,-85,79,3,1
5,SARSA + PS,2024,233,7,14,0,1
5,SARSA + PS,2024,234,-83,95,1,1
5,SARSA + PS,2024,235,-141,99,7,1
5,SARSA + PS,2024,236,9,12,0,1
5,SARSA + PS,2024,237,-9,21,1,1
5,SARSA + PS,2024,238,-141,117,5,1
5,SARSA + PS,2024,239,8,13,0,1
5,SARSA + PS,2024,240,11,10,0,1
5,SARSA + PS,2024,241,-5,26,0,1
5,SARSA + PS,2024,242,15,6,0,1
5,SARSA + PS,2024,243,-61,55,3,1
5,SARSA + PS,2024,244,-2,23,0,1
5,SARSA + PS,2024,245,-10,31,0,1
5,SARSA + PS,2024,246,-114,99,4,1
5,SARSA + PS,2024,247,-2,14,1,1
5,SARSA + PS,2024,248,9,12,0,1
5,SARSA + PS,2024,249,-12,33,0,1
5,SARSA + PS,2024,250,-56,59,2,1
5,SARSA + PS,2024,251,-13,34,0,1
5,SARSA + PS,2024,252,2,19,0,1
5,SARSA + PS,2024,253,-211,196,4,1
5,SARSA + PS,2024,254,-29,41,1,1
5,SARSA + PS,2024,255,10,11,0,1
5,SARSA + PS,2024,256,0,12,1,1
5,SARSA + PS,2024,257,-11,14,2,1
5,SARSA + PS,2024,258,-116,119,2,1
5,SARSA + PS,2024,259,-128,131,2,1
5,SARSA + PS,2024,260,3,18,0,1
5,SARSA + PS,2024,261,-2,14,1,1
5,SARSA + PS,2024,262,10,11,0,1
5,SARSA + PS,2024,263,-116,119,2,1
5,SARSA + PS,2024,264,-18,30,1,1
5,SARSA + PS,2024,265,-24,27,2,1
5,SARSA + PS,2024,266,1,20,0,1
5,SARSA + PS,2024,267,-117,111,3,1
5,SARSA + PS,2024,268,-34,46,1,1
5,SARSA + PS,2024,269,14,7,0,1
5,SARSA + PS,2024,270,3,18,0,1
5,SARSA + PS,2024,271,11,10,0,1
5,SARSA + PS,2024,272,7,14,0,1
5,SARSA + PS,2024,273,7,14,0,1
5,SARSA + PS,2024,274,-10,13,2,1
5,SARSA + PS,2024,275,-263,200,7,0
5,SARSA + PS,2024,276,-21,33,1,1
5,SARSA + PS,2024,277,10,11,0,1
5,SARSA + PS,2024,278,1,11,1,1
5,SARSA + PS,2024,279,-5,26,0,1
5,SARSA + PS,2024,280,-1,22,0,1
5,SARSA + PS,2024,281,-54,57,2,1
5,SARSA + PS,2024,282,-28,31,2,1
5,SARSA + PS,2024,283,-71,83,1,1
5,SARSA + PS,2024,284,6,15,0,1
5,SARSA + PS,2024,285,-11,32,0,1
5,SARSA + PS,2024,286,0,12,1,1
5,SARSA + PS,2024,287,-23,26,2,1
5,SARSA + PS,2024,288,-32,35,2,1
5,SARSA + PS,2024,289,5,16,0,1
5,SARSA + PS,2024,290,-58,52,3,1
5,SARSA + PS,2024,291,-12,15,2,1
5,SARSA + PS,2024,292,7,14,0,1
5,SARSA + PS,2024,293,-22,34,1,1
5,SARSA + PS,2024,294,7,14,0,1
5,SARSA + PS,2024,295,-88,100,1,1
5,SARSA + PS,2024,296,-29,50,0,1
5,SARSA + PS,2024,297,-11,23,1,1
5,SARSA + PS,2024,298,-98,74,5,1
5,SARSA + PS,2024,299,0,12,1,1
5,SARSA + PS,2024,300,-1,22,0,1
5,SARSA + PS,2024,301,-6,18,1,1
5,SARSA + PS,2024,302,-1,13,1,1
5,SARSA + PS,2024,303,10,11,0,1
5,SARSA + PS,2024,304,10,11,0,1
5,SARSA + PS,2024,305,0,12,1,1
5,SARSA + PS,2024,306,9,12,0,1
5,SARSA + PS,2024,307,4,17,0,1
5,SARSA + PS,2024,308,6,15,0,1
5,SARSA + PS,2024,309,5,16,0,1
5,SARSA + PS,2024,310,-13,25,1,1
5,SARSA + PS,2024,311,0,21,0,1
5,SARSA + PS,2024,312,0,12,1,1
5,SARSA + PS,2024,313,-28,31,2,1
5,SARSA + PS,2024,314,-12,33,0,1
5,SARSA + PS,2024,315,-47,32,4,1
5,SARSA + PS,2024,316,-15,36,0,1
5,SARSA + PS,2024,317,-4,25,0,1
5,SARSA + PS,2024,318,-3,24,0,1
5,SARSA + PS,2024,319,-33,36,2,1
5,SARSA + PS,2024,320,-77,62,4,1
5,SARSA + PS,2024,321,-15,36,0,1
5,SARSA + PS,2024,322,-20,41,0,1
5,SARSA + PS,2024,323,-48,60,1,1
5,SARSA + PS,2024,324,6,15,0,1
5,SARSA + PS,2024,325,8,13,0,1
5,SARSA + PS,2024,326,-20,32,1,1
5,SARSA + PS,2024,327,6,15,0,1
5,SARSA + PS,2024,328,-13,34,0,1
5,SARSA + PS,2024,329,12,9,0,1
5,SARSA + PS,2024,330,7,14,0,1
5,SARSA + PS,2024,331,-1,22,0,1
5,SARSA + PS,2024,332,2,19,0,1
5,SARSA + PS,2024,333,7,14,0,1
5,SARSA + PS,2024,334,-4,16,1,1
5,SARSA + PS,2024,335,8,13,0,1
5,SARSA + PS,2024,336,9,12,0,1
5,SARSA + PS,2024,337,10,11,0,1
5,SARSA + PS,2024,338,12,9,0,1
5,SARSA + PS,2024,339,-82,94,1,1
5,SARSA + PS,2024,340,1,11,1,1
5,SARSA + PS,2024,341,1,11,1,1
5,SARSA + PS,2024,342,6,15,0,1
5,SARSA + PS,2024,343,12,9,0,1
5,SARSA + PS,2024,344,-17,20,2,1
5,SARSA + PS,2024,345,-17,20,2,1
5,SARSA + PS,2024,346,-67,70,2,1
5,SARSA + PS,2024,347,10,11,0,1
5,SARSA + PS,2024,348,0,21,0,1
5,SARSA + PS,2024,349,-12,15,2,1
5,SARSA + PS,2024,350,-19,40,0,1
5,SARSA + PS,2024,351,11,10,0,1
5,SARSA + PS,2024,352,-24,18,3,1
5,SARSA + PS,2024,353,-30,33,2,1
5,SARSA + PS,2024,354,10,11,0,1
5,SARSA + PS,2024,355,8,13,0,1
5,SARSA + PS,2024,356,0,21,0,1
5,SARSA + PS,2024,357,14,7,0,1
5,SARSA + PS,2024,358,4,17,0,1
5,SARSA + PS,2024,359,13,8,0,1
5,SARSA + PS,2024,360,-11,14,2,1
5,SARSA + PS,2024,361,-110,113,2,1
5,SARSA + PS,2024,362,-5,17,1,1
5,SARSA + PS,2024,363,8,13,0,1
5,SARSA + PS,2024,364,-3,15,1,1
5,SARSA + PS,2024,365,9,12,0,1
5,SARSA + PS,2024,366,-5,17,1,1
5,SARSA + PS,2024,367,-26,38,1,1
5,SARSA + PS,2024,368,10,11,0,1
5,SARSA + PS,2024,369,-8,20,1,1
5,SARSA + PS,2024,370,-6,27,0,1
5,SARSA + PS,2024,371,9,12,0,1
5,SARSA + PS,2024,372,-17,20,2,1
5,SARSA + PS,2024,373,13,8,0,1
5,SARSA + PS,2024,374,0,21,0,1
5,SARSA + PS,2024,375,0,21,0,1
5,SARSA + PS,2024,376,-1,22,0,1
5,SARSA + PS,2024,377,-13,25,1,1
5,SARSA + PS,2024,378,-2,23,0,1
5,SARSA + PS,2024,379,-36,30,3,1
5,SARSA + PS,2024,380,9,12,0,1
5,SARSA + PS,2024,381,-29,32,2,1
5,SARSA + PS,2024,382,9,12,0,1
5,SARSA + PS,2024,383,-28,31,2,1
5,SARSA + PS,2024,384,10,11,0,1
5,SARSA + PS,2024,385,-68,62,3,1
5,SARSA + PS,2024,386,-40,52,1,1
5,SARSA + PS,2024,387,0,12,1,1
5,SARSA + PS,2024,388,-6,27,0,1
5,SARSA + PS,2024,389,5,16,0,1
5,SARSA + PS,2024,390,-13,34,0,1
5,SARSA + PS,2024,391,7,14,0,1
5,SARSA + PS,2024,392,11,10,0,1
5,SARSA + PS,2024,393,-1,13,1,1
5,SARSA + PS,2024,394,-1,13,1,1
5,SARSA + PS,2024,395,1,20,0,1
5,SARSA + PS,2024,396,8,13,0,1
5,SARSA + PS,2024,397,-25,37,1,1
5,SARSA + PS,2024,398,-15,36,0,1
5,SARSA + PS,2024,399,6,15,0,1
5,SARSA + PS,2024,400,6,15,0,1
5,SARSA + PS,2024,401,9,12,0,1
5,SARSA + PS,2024,402,-6,18,1,1
5,SARSA + PS,2024,403,0,12,1,1
5,SARSA + PS,2024,404,-47,59,1,1
5,SARSA + PS,2024,405,13,8,0,1
5,SARSA + PS,2024,406,-4,16,1,1
5,SARSA + PS,2024,407,14,7,0,1
5,SARSA + PS,2024,408,-40,52,1,1
5,SARSA + PS,2024,409,-7,19,1,1
5,SARSA + PS,2024,410,7,14,0,1
5,SARSA + PS,2024,411,8,13,0,1
5,SARSA + PS,2024,412,-1,13,1,1
5,SARSA + PS,2024,413,11,10,0,1
5,SARSA + PS,2024,414,-4,25,0,1
5,SARSA + PS,2024,415,-29,41,1,1
5,SARSA + PS,2024,416,-102,114,1,1
5,SARSA + PS,2024,417,7,14,0,1
5,SARSA + PS,2024,418,9,12,0,1
5,SARSA + PS,2024,419,2,19,0,1
5,SARSA + PS,2024,420,10,11,0,1
5,SARSA + PS,2024,421,5,16,0,1
5,SARSA + PS,2024,422,-15,27,1,1
5,SARSA + PS,2024,423,-13,16,2,1
5,SARSA + PS,2024,424,-12,15,2,1
5,SARSA + PS,2024,425,9,12,0,1
5,SARSA + PS,2024,426,8,13,0,1
5,SARSA + PS,2024,427,9,12,0,1
5,SARSA + PS,2024,428,6,15,0,1
5,SARSA + PS,2024,429,15,6,0,1
5,SARSA + PS,2024,430,1,11,1,1
5,SARSA + PS,2024,431,-6,27,0,1
5,SARSA + PS,2024,432,10,11,0,1
5,SARSA + PS,2024,433,-12,33,0,1
5,SARSA + PS,2024,434,-27,30,2,1
5,SARSA + PS,2024,435,-5,17,1,1
5,SARSA + PS,2024,436,-11,23,1,1
5,SARSA + PS,2024,437,-4,16,1,1
5,SARSA + PS,2024,438,-37,49,1,1
5,SARSA + PS,2024,439,-9,21,1,1
5,SARSA + PS,2024,440,0,12,1,1
5,SARSA + PS,2024,441,-3,15,1,1
5,SARSA + PS,2024,442,5,16,0,1
5,SARSA + PS,2024,443,-10,31,0,1
5,SARSA + PS,2024,444,-11,23,1,1
5,SARSA + PS,2024,445,-24,36,1,1
5,SARSA + PS,2024,446,-3,15,1,1
5,SARSA + PS,2024,447,5,16,0,1
5,SARSA + PS,2024,448,12,9,0,1
5,SARSA + PS,2024,449,-18,39,0,1
5,SARSA + PS,2024,450,3,18,0,1
5,SARSA + PS,2024,451,-12,24,1,1
5,SARSA + PS,2024,452,8,13,0,1
5,SARSA + PS,2024,453,-34,37,2,1
5,SARSA + PS,2024,454,9,12,0,1
5,SARSA + PS,2024,455,10,11,0,1
5,SARSA + PS,2024,456,-15,27,1,1
5,SARSA + PS,2024,457,-2,14,1,1
5,SARSA + PS,2024,458,-3,24,0,1
5,SARSA + PS,2024,459,-4,16,1,1
5,SARSA + PS,2024,460,10,11,0,1
5,SARSA + PS,2024,461,-11,32,0,1
5,SARSA + PS,2024,462,-12,24,1,1
5,SARSA + PS,2024,463,-5,17,1,1
5,SARSA + PS,2024,464,5,16,0,1
5,SARSA + PS,2024,465,-12,15,2,1
5,SARSA + PS,2024,466,10,11,0,1
5,SARSA + PS,2024,467,-16,19,2,1
5,SARSA + PS,2024,468,11,10,0,1
5,SARSA + PS,2024,469,-13,25,1,1
5,SARSA + PS,2024,470,11,10,0,1
5,SARSA + PS,2024,471,2,19,0,1
5,SARSA + PS,2024,472,6,15,0,1
5,SARSA + PS,2024,473,11,10,0,1
5,SARSA + PS,2024,474,-52,64,1,1
5,SARSA + PS,2024,475,-3,15,1,1
5,SARSA + PS,2024,476,5,16,0,1
5,SARSA + PS,2024,477,-4,16,1,1
5,SARSA + PS,2024,478,1,11,1,1
5,SARSA + PS,2024,479,2,19,0,1
5,SARSA + PS,2024,480,-2,14,1,1
5,SARSA + PS,2024,481,10,11,0,1
5,SARSA + PS,2024,482,-109,94,4,1
5,SARSA + PS,2024,483,-4,25,0,1
5,SARSA + PS,2024,484,2,10,1,1
5,SARSA + PS,2024,485,10,11,0,1
5,SARSA + PS,2024,486,8,13,0,1
5,SARSA + PS,2024,487,1,11,1,1
5,SARSA + PS,2024,488,9,12,0,1
5,SARSA + PS,2024,489,3,18,0,1
5,SARSA + PS,2024,490,2,10,1,1
5,SARSA + PS,2024,491,-89,83,3,1
5,SARSA + PS,2024,492,5,16,0,1
5,SARSA + PS,2024,493,-13,25,1,1
5,SARSA + PS,2024,494,-4,16,1,1
5,SARSA + PS,2024,495,8,13,0,1
5,SARSA + PS,2024,496,-9,21,1,1
5,SARSA + PS,2024,497,10,11,0,1
5,SARSA + PS,2024,498,6,15,0,1
5,SARSA + PS,2024,499,10,11,0,1
5,SARSA + PS + Kernel,42,0,-632,200,48,0
5,SARSA + PS + Kernel,42,1,-650,200,50,0
5,SARSA + PS + Kernel,42,2,-596,200,44,0
5,SARSA + PS + Kernel,42,3,-551,200,39,0
5,SARSA + PS + Kernel,42,4,-551,200,39,0
5,SARSA + PS + Kernel,42,5,-596,200,44,0
5,SARSA + PS + Kernel,42,6,-614,200,46,0
5,SARSA + PS + Kernel,42,7,-596,200,44,0
5,SARSA + PS + Kernel,42,8,-506,200,34,0
5,SARSA + PS + Kernel,42,9,-422,146,33,1
5,SARSA + PS + Kernel,42,10,-596,200,44,0
5,SARSA + PS + Kernel,42,11,-515,200,35,0
5,SARSA + PS + Kernel,42,12,-292,142,19,1
5,SARSA + PS + Kernel,42,13,-524,200,36,0
5,SARSA + PS + Kernel,42,14,-605,200,45,0
5,SARSA + PS + Kernel,42,15,-488,200,32,0
5,SARSA + PS + Kernel,42,16,-372,150,27,1
5,SARSA + PS + Kernel,42,17,-326,200,14,0
5,SARSA + PS + Kernel,42,18,-488,200,32,0
5,SARSA + PS + Kernel,42,19,-416,200,24,0
5,SARSA + PS + Kernel,42,20,-551,200,39,0
5,SARSA + PS + Kernel,42,21,-515,200,35,0
5,SARSA + PS + Kernel,42,22,-524,200,36,0
5,SARSA + PS + Kernel,42,23,-560,200,40,0
5,SARSA + PS + Kernel,42,24,-297,120,22,1
5,SARSA + PS + Kernel,42,25,-313,163,19,1
5,SARSA + PS + Kernel,42,26,-166,88,11,1
5,SARSA + PS + Kernel,42,27,-416,200,24,0
5,SARSA + PS + Kernel,42,28,-254,200,6,0
5,SARSA + PS + Kernel,42,29,-243,129,15,1
5,SARSA + PS + Kernel,42,30,-488,200,32,0
5,SARSA + PS + Kernel,42,31,-153,93,9,1
5,SARSA + PS + Kernel,42,32,-362,200,18,0
5,SARSA + PS + Kernel,42,33,-254,200,6,0
5,SARSA + PS + Kernel,42,34,-38,41,2,1
5,SARSA + PS + Kernel,42,35,-353,200,17,0
5,SARSA + PS + Kernel,42,36,-542,200,38,0
5,SARSA + PS + Kernel,42,37,-416,200,24,0
5,SARSA + PS + Kernel,42,38,-63,57,3,1
5,SARSA + PS + Kernel,42,39,-614,200,46,0
5,SARSA + PS + Kernel,42,40,-169,145,5,1
5,SARSA + PS + Kernel,42,41,-380,200,20,0
5,SARSA + PS + Kernel,42,42,-127,49,11,1
5,SARSA + PS + Kernel,42,43,10,11,0,1
5,SARSA + PS + Kernel,42,44,-299,200,11,0
5,SARSA + PS + Kernel,42,45,9,12,0,1
5,SARSA + PS + Kernel,42,46,14,7,0,1
5,SARSA + PS + Kernel,42,47,-290,200,10,0
5,SARSA + PS + Kernel,42,48,-1,13,1,1
5,SARSA + PS + Kernel,42,49,-398,200,22,0
5,SARSA + PS + Kernel,42,50,-425,200,25,0
5,SARSA + PS + Kernel,42,51,-286,181,14,1
5,SARSA + PS + Kernel,42,52,-299,200,11,0
5,SARSA + PS + Kernel,42,53,-25,28,2,1
5,SARSA + PS + Kernel,42,54,-461,200,29,0
5,SARSA + PS + Kernel,42,55,-407,200,23,0
5,SARSA + PS + Kernel,42,56,-164,113,8,1
5,SARSA + PS + Kernel,42,57,-213,171,7,1
5,SARSA + PS + Kernel,42,58,-272,200,8,0
5,SARSA + PS + Kernel,42,59,-263,200,7,0
5,SARSA + PS + Kernel,42,60,-86,71,4,1
5,SARSA + PS + Kernel,42,61,-479,200,31,0
5,SARSA + PS + Kernel,42,62,-272,200,8,0
5,SARSA + PS + Kernel,42,63,-119,113,3,1
5,SARSA + PS + Kernel,42,64,-38,32,3,1
5,SARSA + PS + Kernel,42,65,-371,200,19,0
5,SARSA + PS + Kernel,42,66,-111,105,3,1
5,SARSA + PS + Kernel,42,67,-245,200,5,0
5,SARSA + PS + Kernel,42,68,-139,133,3,1
5,SARSA + PS + Kernel,42,69,-21,24,2,1
5,SARSA + PS + Kernel,42,70,-103,106,2,1
5,SARSA + PS + Kernel,42,71,-341,146,24,1
5,SARSA + PS + Kernel,42,72,-398,200,22,0
5,SARSA + PS + Kernel,42,73,-10,13,2,1
5,SARSA + PS + Kernel,42,74,-53,56,2,1
5,SARSA + PS + Kernel,42,75,-89,83,3,1
5,SARSA + PS + Kernel,42,76,-32,35,2,1
5,SARSA + PS + Kernel,42,77,2,10,1,1
5,SARSA + PS + Kernel,42,78,-88,100,1,1
5,SARSA + PS + Kernel,42,79,-290,200,10,0
5,SARSA + PS + Kernel,42,80,-254,200,6,0
5,SARSA + PS + Kernel,42,81,-92,68,5,1
5,SARSA + PS + Kernel,42,82,-272,200,8,0
5,SARSA + PS + Kernel,42,83,-107,101,3,1
5,SARSA + PS + Kernel,42,84,15,6,0,1
5,SARSA + PS + Kernel,42,85,2,19,0,1
5,SARSA + PS + Kernel,42,86,-140,71,10,1
5,SARSA + PS + Kernel,42,87,-254,200,6,0
5,SARSA + PS + Kernel,42,88,0,21,0,1
5,SARSA + PS + Kernel,42,89,-126,93,6,1
5,SARSA + PS + Kernel,42,90,1,20,0,1
5,SARSA + PS + Kernel,42,91,-15,27,1,1
5,SARSA + PS + Kernel,42,92,-299,200,11,0
5,SARSA + PS + Kernel,42,93,-109,58,8,1
5,SARSA + PS + Kernel,42,94,-207,156,8,1
5,SARSA + PS + Kernel,42,95,-287,146,18,1
5,SARSA + PS + Kernel,42,96,-15,36,0,1
5,SARSA + PS + Kernel,42,97,-185,98,12,1
5,SARSA + PS + Kernel,42,98,-55,49,3,1
5,SARSA + PS + Kernel,42,99,-150,153,2,1
5,SARSA + PS + Kernel,42,100,8,13,0,1
5,SARSA + PS + Kernel,42,101,-33,27,3,1
5,SARSA + PS + Kernel,42,102,-22,43,0,1
5,SARSA + PS + Kernel,42,103,-27,39,1,1
5,SARSA + PS + Kernel,42,104,-169,145,5,1
5,SARSA + PS + Kernel,42,105,-263,200,7,0
5,SARSA + PS + Kernel,42,106,-94,88,3,1
5,SARSA + PS + Kernel,42,107,-26,47,0,1
5,SARSA + PS + Kernel,42,108,3,9,1,1
5,SARSA + PS + Kernel,42,109,6,15,0,1
5,SARSA + PS + Kernel,42,110,-140,98,7,1
5,SARSA + PS + Kernel,42,111,-26,47,0,1
5,SARSA + PS + Kernel,42,112,-263,200,7,0
5,SARSA + PS + Kernel,42,113,-7,19,1,1
5,SARSA + PS + Kernel,42,114,12,9,0,1
5,SARSA + PS + Kernel,42,115,0,12,1,1
5,SARSA + PS + Kernel,42,116,-153,129,5,1
5,SARSA + PS + Kernel,42,117,6,15,0,1
5,SARSA + PS + Kernel,42,118,-4,16,1,1
5,SARSA + PS + Kernel,42,119,-121,97,5,1
5,SARSA + PS + Kernel,42,120,-79,91,1,1
5,SARSA + PS + Kernel,42,121,-12,15,2,1
5,SARSA + PS + Kernel,42,122,-135,147,1,1
5,SARSA + PS + Kernel,42,123,12,9,0,1
5,SARSA + PS + Kernel,42,124,-85,88,2,1
5,SARSA + PS + Kernel,42,125,7,14,0,1
5,SARSA + PS + Kernel,42,126,-119,113,3,1
5,SARSA + PS + Kernel,42,127,-37,40,2,1
5,SARSA + PS + Kernel,42,128,-13,34,0,1
5,SARSA + PS + Kernel,42,129,-6,18,1,1
5,SARSA + PS + Kernel,42,130,11,10,0,1
5,SARSA + PS + Kernel,42,131,-5,26,0,1
5,SARSA + PS + Kernel,42,132,-82,76,3,1
5,SARSA + PS + Kernel,42,133,-108,93,4,1
5,SARSA + PS + Kernel,42,134,-188,137,8,1
5,SARSA + PS + Kernel,42,135,-70,64,3,1
5,SARSA + PS + Kernel,42,136,-108,102,3,1
5,SARSA + PS + Kernel,42,137,-57,51,3,1
5,SARSA + PS + Kernel,42,138,-5,17,1,1
5,SARSA + PS + Kernel,42,139,-263,200,7,0
5,SARSA + PS + Kernel,42,140,-33,45,1,1
5,SARSA + PS + Kernel,42,141,11,10,0,1
5,SARSA + PS + Kernel,42,142,-15,36,0,1
5,SARSA + PS + Kernel,42,143,-74,77,2,1
5,SARSA + PS + Kernel,42,144,-128,104,5,1
5,SARSA + PS + Kernel,42,145,-128,122,3,1
5,SARSA + PS + Kernel,42,146,9,12,0,1
5,SARSA + PS + Kernel,42,147,-272,200,8,0
5,SARSA + PS + Kernel,42,148,7,14,0,1
5,SARSA + PS + Kernel,42,149,-32,53,0,1
5,SARSA + PS + Kernel,42,150,-56,68,1,1
5,SARSA + PS + Kernel,42,151,1,20,0,1
5,SARSA + PS + Kernel,42,152,-142,127,4,1
5,SARSA + PS + Kernel,42,153,-11,23,1,1
5,SARSA + PS + Kernel,42,154,-125,128,2,1
5,SARSA + PS + Kernel,42,155,0,21,0,1
5,SARSA + PS + Kernel,42,156,-12,15,2,1
5,SARSA + PS + Kernel,42,157,-39,51,1,1
5,SARSA + PS + Kernel,42,158,6,15,0,1
5,SARSA + PS + Kernel,42,159,1,11,1,1
5,SARSA + PS + Kernel,42,160,-204,171,6,1
5,SARSA + PS + Kernel,42,161,-111,96,4,1
5,SARSA + PS + Kernel,42,162,-17,38,0,1
5,SARSA + PS + Kernel,42,163,-236,200,4,0
5,SARSA + PS + Kernel,42,164,8,13,0,1
5,SARSA + PS + Kernel,42,165,-89,74,4,1
5,SARSA + PS + Kernel,42,166,2,10,1,1
5,SARSA + PS + Kernel,42,167,-27,30,2,1
5,SARSA + PS + Kernel,42,168,-8,29,0,1
5,SARSA + PS + Kernel,42,169,9,12,0,1
5,SARSA + PS + Kernel,42,170,9,12,0,1
5,SARSA + PS + Kernel,42,171,-60,54,3,1
5,SARSA + PS + Kernel,42,172,9,12,0,1
5,SARSA + PS + Kernel,42,173,-92,77,4,1
5,SARSA + PS + Kernel,42,174,-15,36,0,1
5,SARSA + PS + Kernel,42,175,-105,90,4,1
5,SARSA + PS + Kernel,42,176,-100,67,6,1
5,SARSA + PS + Kernel,42,177,1,20,0,1
5,SARSA + PS + Kernel,42,178,-28,40,1,1
5,SARSA + PS + Kernel,42,179,-90,93,2,1
5,SARSA + PS + Kernel,42,180,11,10,0,1
5,SARSA + PS + Kernel,42,181,-12,24,1,1
5,SARSA + PS + Kernel,42,182,10,11,0,1
5,SARSA + PS + Kernel,42,183,-4,16,1,1
5,SARSA + PS + Kernel,42,184,-16,19,2,1
5,SARSA + PS + Kernel,42,185,10,11,0,1
5,SARSA + PS + Kernel,42,186,9,12,0,1
5,SARSA + PS + Kernel,42,187,-64,67,2,1
5,SARSA + PS + Kernel,42,188,0,12,1,1
5,SARSA + PS + Kernel,42,189,-263,200,7,0
5,SARSA + PS + Kernel,42,190,-3,15,1,1
5,SARSA + PS + Kernel,42,191,9,12,0,1
5,SARSA + PS + Kernel,42,192,-24,27,2,1
5,SARSA + PS + Kernel,42,193,10,11,0,1
5,SARSA + PS + Kernel,42,194,-8,11,2,1
5,SARSA + PS + Kernel,42,195,-16,37,0,1
5,SARSA + PS + Kernel,42,196,-242,191,8,1
5,SARSA + PS + Kernel,42,197,-5,26,0,1
5,SARSA + PS + Kernel,42,198,-57,42,4,1
5,SARSA + PS + Kernel,42,199,10,11,0,1
5,SARSA + PS + Kernel,42,200,9,12,0,1
5,SARSA + PS + Kernel,42,201,-29,32,2,1
5,SARSA + PS + Kernel,42,202,6,15,0,1
5,SARSA + PS + Kernel,42,203,8,13,0,1
5,SARSA + PS + Kernel,42,204,-211,160,8,1
5,SARSA + PS + Kernel,42,205,9,12,0,1
5,SARSA + PS + Kernel,42,206,-103,88,4,1
5,SARSA + PS + Kernel,42,207,-13,25,1,1
5,SARSA + PS + Kernel,42,208,4,8,1,1
5,SARSA + PS + Kernel,42,209,6,15,0,1
5,SARSA + PS + Kernel,42,210,-263,200,7,0
5,SARSA + PS + Kernel,42,211,-58,52,3,1
5,SARSA + PS + Kernel,42,212,11,10,0,1
5,SARSA + PS + Kernel,42,213,8,13,0,1
5,SARSA + PS + Kernel,42,214,8,13,0,1
5,SARSA + PS + Kernel,42,215,-24,27,2,1
5,SARSA + PS + Kernel,42,216,9,12,0,1
5,SARSA + PS + Kernel,42,217,9,12,0,1
5,SARSA + PS + Kernel,42,218,-10,31,0,1
5,SARSA + PS + Kernel,42,219,-6,27,0,1
5,SARSA + PS + Kernel,42,220,-290,200,10,0
5,SARSA + PS + Kernel,42,221,10,11,0,1
5,SARSA + PS + Kernel,42,222,11,10,0,1
5,SARSA + PS + Kernel,42,223,10,11,0,1
5,SARSA + PS + Kernel,42,224,14,7,0,1
5,SARSA + PS + Kernel,42,225,1,11,1,1
5,SARSA + PS + Kernel,42,226,-254,200,6,0
5,SARSA + PS + Kernel,42,227,-6,27,0,1
5,SARSA + PS + Kernel,42,228,-116,92,5,1
5,SARSA + PS + Kernel,42,229,8,13,0,1
5,SARSA + PS + Kernel,42,230,0,21,0,1
5,SARSA + PS + Kernel,42,231,-3,24,0,1
5,SARSA + PS + Kernel,42,232,-23,35,1,1
5,SARSA + PS + Kernel,42,233,-19,31,1,1
5,SARSA + PS + Kernel,42,234,15,6,0,1
5,SARSA + PS + Kernel,42,235,8,13,0,1
5,SARSA + PS + Kernel,42,236,-7,28,0,1
5,SARSA + PS + Kernel,42,237,-33,36,2,1
5,SARSA + PS + Kernel,42,238,11,10,0,1
5,SARSA + PS + Kernel,42,239,10,11,0,1
5,SARSA + PS + Kernel,42,240,8,13,0,1
5,SARSA + PS + Kernel,42,241,-71,74,2,1
5,SARSA + PS + Kernel,42,242,-96,81,4,1
5,SARSA + PS + Kernel,42,243,10,11,0,1
5,SARSA + PS + Kernel,42,244,9,12,0,1
5,SARSA + PS + Kernel,42,245,2,19,0,1
5,SARSA + PS + Kernel,42,246,5,16,0,1
5,SARSA + PS + Kernel,42,247,-7,28,0,1
5,SARSA + PS + Kernel,42,248,-5,17,1,1
5,SARSA + PS + Kernel,42,249,5,16,0,1
5,SARSA + PS + Kernel,42,250,5,16,0,1
5,SARSA + PS + Kernel,42,251,6,15,0,1
5,SARSA + PS + Kernel,42,252,-227,200,3,0
5,SARSA + PS + Kernel,42,253,-20,32,1,1
5,SARSA + PS + Kernel,42,254,-22,34,1,1
5,SARSA + PS + Kernel,42,255,-10,22,1,1
5,SARSA + PS + Kernel,42,256,9,12,0,1
5,SARSA + PS + Kernel,42,257,-19,31,1,1
5,SARSA + PS + Kernel,42,258,3,18,0,1
5,SARSA + PS + Kernel,42,259,7,14,0,1
5,SARSA + PS + Kernel,42,260,1,11,1,1
5,SARSA + PS + Kernel,42,261,-31,52,0,1
5,SARSA + PS + Kernel,42,262,-145,130,4,1
5,SARSA + PS + Kernel,42,263,0,12,1,1
5,SARSA + PS + Kernel,42,264,-25,37,1,1
5,SARSA + PS + Kernel,42,265,-111,87,5,1
5,SARSA + PS + Kernel,42,266,10,11,0,1
5,SARSA + PS + Kernel,42,267,-3,15,1,1
5,SARSA + PS + Kernel,42,268,-5,17,1,1
5,SARSA + PS + Kernel,42,269,-4,16,1,1
5,SARSA + PS + Kernel,42,270,-43,46,2,1
5,SARSA + PS + Kernel,42,271,-2,23,0,1
5,SARSA + PS + Kernel,42,272,-134,128,3,1
5,SARSA + PS + Kernel,42,273,-85,97,1,1
5,SARSA + PS + Kernel,42,274,13,8,0,1
5,SARSA + PS + Kernel,42,275,-10,22,1,1
5,SARSA + PS + Kernel,42,276,12,9,0,1
5,SARSA + PS + Kernel,42,277,-54,57,2,1
5,SARSA + PS + Kernel,42,278,-68,71,2,1
5,SARSA + PS + Kernel,42,279,-14,17,2,1
5,SARSA + PS + Kernel,42,280,1,20,0,1
5,SARSA + PS + Kernel,42,281,-54,57,2,1
5,SARSA + PS + Kernel,42,282,13,8,0,1
5,SARSA + PS + Kernel,42,283,7,14,0,1
5,SARSA + PS + Kernel,42,284,11,10,0,1
5,SARSA + PS + Kernel,42,285,-81,66,4,1
5,SARSA + PS + Kernel,42,286,-85,79,3,1
5,SARSA + PS + Kernel,42,287,-24,36,1,1
5,SARSA + PS + Kernel,42,288,-23,35,1,1
5,SARSA + PS + Kernel,42,289,-2,14,1,1
5,SARSA + PS + Kernel,42,290,10,11,0,1
5,SARSA + PS + Kernel,42,291,-5,17,1,1
5,SARSA + PS + Kernel,42,292,12,9,0,1
5,SARSA + PS + Kernel,42,293,-115,109,3,1
5,SARSA + PS + Kernel,42,294,-73,58,4,1
5,SARSA + PS + Kernel,42,295,-21,33,1,1
5,SARSA + PS + Kernel,42,296,9,12,0,1
5,SARSA + PS + Kernel,42,297,7,14,0,1
5,SARSA + PS + Kernel,42,298,10,11,0,1
5,SARSA + PS + Kernel,42,299,-73,67,3,1
5,SARSA + PS + Kernel,42,300,9,12,0,1
5,SARSA + PS + Kernel,42,301,-7,28,0,1
5,SARSA + PS + Kernel,42,302,-3,15,1,1
5,SARSA + PS + Kernel,42,303,-40,52,1,1
5,SARSA + PS + Kernel,42,304,-42,36,3,1
5,SARSA + PS + Kernel,42,305,-4,16,1,1
5,SARSA + PS + Kernel,42,306,2,19,0,1
5,SARSA + PS + Kernel,42,307,7,14,0,1
5,SARSA + PS + Kernel,42,308,-40,25,4,1
5,SARSA + PS + Kernel,42,309,11,10,0,1
5,SARSA + PS + Kernel,42,310,-24,45,0,1
5,SARSA + PS + Kernel,42,311,-65,77,1,1
5,SARSA + PS + Kernel,42,312,-194,179,4,1
5,SARSA + PS + Kernel,42,313,9,12,0,1
5,SARSA + PS + Kernel,42,314,-8,29,0,1
5,SARSA + PS + Kernel,42,315,-125,110,4,1
5,SARSA + PS + Kernel,42,316,9,12,0,1
5,SARSA + PS + Kernel,42,317,12,9,0,1
5,SARSA + PS + Kernel,42,318,-6,27,0,1
5,SARSA + PS + Kernel,42,319,-2,14,1,1
5,SARSA + PS + Kernel,42,320,-17,20,2,1
5,SARSA + PS + Kernel,42,321,12,9,0,1
5,SARSA + PS + Kernel,42,322,-89,74,4,1
5,SARSA + PS + Kernel,42,323,11,10,0,1
5,SARSA + PS + Kernel,42,324,8,13,0,1
5,SARSA + PS + Kernel,42,325,10,11,0,1
5,SARSA + PS + Kernel,42,326,-23,17,3,1
5,SARSA + PS + Kernel,42,327,8,13,0,1
5,SARSA + PS + Kernel,42,328,3,18,0,1
5,SARSA + PS + Kernel,42,329,7,14,0,1
5,SARSA + PS + Kernel,42,330,0,12,1,1
5,SARSA + PS + Kernel,42,331,-20,32,1,1
5,SARSA + PS + Kernel,42,332,-58,79,0,1
5,SARSA + PS + Kernel,42,333,4,17,0,1
5,SARSA + PS + Kernel,42,334,-3,15,1,1
5,SARSA + PS + Kernel,42,335,10,11,0,1
5,SARSA + PS + Kernel,42,336,7,14,0,1
5,SARSA + PS + Kernel,42,337,-14,26,1,1
5,SARSA + PS + Kernel,42,338,-24,27,2,1
5,SARSA + PS + Kernel,42,339,8,13,0,1
5,SARSA + PS + Kernel,42,340,7,14,0,1
5,SARSA + PS + Kernel,42,341,-9,21,1,1
5,SARSA + PS + Kernel,42,342,9,12,0,1
5,SARSA + PS + Kernel,42,343,-20,23,2,1
5,SARSA + PS + Kernel,42,344,4,17,0,1
5,SARSA + PS + Kernel,42,345,-2,14,1,1
5,SARSA + PS + Kernel,42,346,-6,18,1,1
5,SARSA + PS + Kernel,42,347,12,9,0,1
5,SARSA + PS + Kernel,42,348,8,13,0,1
5,SARSA + PS + Kernel,42,349,14,7,0,1
5,SARSA + PS + Kernel,42,350,-21,24,2,1
5,SARSA + PS + Kernel,42,351,-3,15,1,1
5,SARSA + PS + Kernel,42,352,12,9,0,1
5,SARSA + PS + Kernel,42,353,-7,28,0,1
5,SARSA + PS + Kernel,42,354,3,18,0,1
5,SARSA + PS + Kernel,42,355,8,13,0,1
5,SARSA + PS + Kernel,42,356,11,10,0,1
5,SARSA + PS + Kernel,42,357,-63,75,1,1
5,SARSA + PS + Kernel,42,358,-15,18,2,1
5,SARSA + PS + Kernel,42,359,-35,47,1,1
5,SARSA + PS + Kernel,42,360,-1,22,0,1
5,SARSA + PS + Kernel,42,361,14,7,0,1
5,SARSA + PS + Kernel,42,362,10,11,0,1
5,SARSA + PS + Kernel,42,363,-20,23,2,1
5,SARSA + PS + Kernel,42,364,8,13,0,1
5,SARSA + PS + Kernel,42,365,8,13,0,1
5,SARSA + PS + Kernel,42,366,9,12,0,1
5,SARSA + PS + Kernel,42,367,-4,16,1,1
5,SARSA + PS + Kernel,42,368,-60,54,3,1
5,SARSA + PS + Kernel,42,369,-3,15,1,1
5,SARSA + PS + Kernel,42,370,8,13,0,1
5,SARSA + PS + Kernel,42,371,12,9,0,1
5,SARSA + PS + Kernel,42,372,11,10,0,1
5,SARSA + PS + Kernel,42,373,-9,30,0,1
5,SARSA + PS + Kernel,42,374,8,13,0,1
5,SARSA + PS + Kernel,42,375,0,12,1,1
5,SARSA + PS + Kernel,42,376,-5,17,1,1
5,SARSA + PS + Kernel,42,377,6,15,0,1
5,SARSA + PS + Kernel,42,378,-6,18,1,1
5,SARSA + PS + Kernel,42,379,5,16,0,1
5,SARSA + PS + Kernel,42,380,-29,41,1,1
5,SARSA + PS + Kernel,42,381,-3,15,1,1
5,SARSA + PS + Kernel,42,382,-35,38,2,1
5,SARSA + PS + Kernel,42,383,2,19,0,1
5,SARSA + PS + Kernel,42,384,-1,13,1,1
5,SARSA + PS + Kernel,42,385,-54,57,2,1
5,SARSA + PS + Kernel,42,386,-40,43,2,1
5,SARSA + PS + Kernel,42,387,10,11,0,1
5,SARSA + PS + Kernel,42,388,-6,18,1,1
5,SARSA + PS + Kernel,42,389,-23,26,2,1
5,SARSA + PS + Kernel,42,390,-2,14,1,1
5,SARSA + PS + Kernel,42,391,-7,28,0,1
5,SARSA + PS + Kernel,42,392,-5,26,0,1
5,SARSA + PS + Kernel,42,393,4,17,0,1
5,SARSA + PS + Kernel,42,394,-15,27,1,1
5,SARSA + PS + Kernel,42,395,10,11,0,1
5,SARSA + PS + Kernel,42,396,6,15,0,1
5,SARSA + PS + Kernel,42,397,3,18,0,1
5,SARSA + PS + Kernel,42,398,-3,15,1,1
5,SARSA + PS + Kernel,42,399,14,7,0,1
5,SARSA + PS + Kernel,42,400,10,11,0,1
5,SARSA + PS + Kernel,42,401,-3,24,0,1
5,SARSA + PS + Kernel,42,402,1,11,1,1
5,SARSA + PS + Kernel,42,403,8,13,0,1
5,SARSA + PS + Kernel,42,404,-12,33,0,1
5,SARSA + PS + Kernel,42,405,-54,66,1,1
5,SARSA + PS + Kernel,42,406,5,16,0,1
5,SARSA + PS + Kernel,42,407,4,17,0,1
5,SARSA + PS + Kernel,42,408,7,14,0,1
5,SARSA + PS + Kernel,42,409,9,12,0,1
5,SARSA + PS + Kernel,42,410,12,9,0,1
5,SARSA + PS + Kernel,42,411,-41,35,3,1
5,SARSA + PS + Kernel,42,412,-4,16,1,1
5,SARSA + PS + Kernel,42,413,-22,16,3,1
5,SARSA + PS + Kernel,42,414,9,12,0,1
5,SARSA + PS + Kernel,42,415,8,13,0,1
5,SARSA + PS + Kernel,42,416,-11,32,0,1
5,SARSA + PS + Kernel,42,417,3,18,0,1
5,SARSA + PS + Kernel,42,418,-38,32,3,1
5,SARSA + PS + Kernel,42,419,0,21,0,1
5,SARSA + PS + Kernel,42,420,4,17,0,1
5,SARSA + PS + Kernel,42,421,7,14,0,1
5,SARSA + PS + Kernel,42,422,-6,18,1,1
5,SARSA + PS + Kernel,42,423,-9,21,1,1
5,SARSA + PS + Kernel,42,424,7,14,0,1
5,SARSA + PS + Kernel,42,425,5,16,0,1
5,SARSA + PS + Kernel,42,426,11,10,0,1
5,SARSA + PS + Kernel,42,427,-15,18,2,1
5,SARSA + PS + Kernel,42,428,11,10,0,1
5,SARSA + PS + Kernel,42,429,-2,14,1,1
5,SARSA + PS + Kernel,42,430,11,10,0,1
5,SARSA + PS + Kernel,42,431,-3,15,1,1
5,SARSA + PS + Kernel,42,432,7,14,0,1
5,SARSA + PS + Kernel,42,433,-18,30,1,1
5,SARSA + PS + Kernel,42,434,-25,37,1,1
5,SARSA + PS + Kernel,42,435,1,20,0,1
5,SARSA + PS + Kernel,42,436,8,13,0,1
5,SARSA + PS + Kernel,42,437,6,15,0,1
5,SARSA + PS + Kernel,42,438,8,13,0,1
5,SARSA + PS + Kernel,42,439,4,17,0,1
5,SARSA + PS + Kernel,42,440,5,16,0,1
5,SARSA + PS + Kernel,42,441,1,20,0,1
5,SARSA + PS + Kernel,42,442,-23,35,1,1
5,SARSA + PS + Kernel,42,443,0,12,1,1
5,SARSA + PS + Kernel,42,444,-3,15,1,1
5,SARSA + PS + Kernel,42,445,9,12,0,1
5,SARSA + PS + Kernel,42,446,-11,23,1,1
5,SARSA + PS + Kernel,42,447,-4,16,1,1
5,SARSA + PS + Kernel,42,448,6,15,0,1
5,SARSA + PS + Kernel,42,449,6,15,0,1
5,SARSA + PS + Kernel,42,450,-2,23,0,1
5,SARSA + PS + Kernel,42,451,0,21,0,1
5,SARSA + PS + Kernel,42,452,-36,30,3,1
5,SARSA + PS + Kernel,42,453,-15,27,1,1
5,SARSA + PS + Kernel,42,454,-5,26,0,1
5,SARSA + PS + Kernel,42,455,4,17,0,1
5,SARSA + PS + Kernel,42,456,11,10,0,1
5,SARSA + PS + Kernel,42,457,6,15,0,1
5,SARSA + PS + Kernel,42,458,-13,25,1,1
5,SARSA + PS + Kernel,42,459,13,8,0,1
5,SARSA + PS + Kernel,42,460,12,9,0,1
5,SARSA + PS + Kernel,42,461,-53,56,2,1
5,SARSA + PS + Kernel,42,462,-36,39,2,1
5,SARSA + PS + Kernel,42,463,-22,25,2,1
5,SARSA + PS + Kernel,42,464,-12,15,2,1
5,SARSA + PS + Kernel,42,465,8,13,0,1
5,SARSA + PS + Kernel,42,466,8,13,0,1
5,SARSA + PS + Kernel,42,467,13,8,0,1
5,SARSA + PS + Kernel,42,468,7,14,0,1
5,SARSA + PS + Kernel,42,469,-76,61,4,1
5,SARSA + PS + Kernel,42,470,14,7,0,1
5,SARSA + PS + Kernel,42,471,-18,21,2,1
5,SARSA + PS + Kernel,42,472,-16,28,1,1
5,SARSA + PS + Kernel,42,473,6,15,0,1
5,SARSA + PS + Kernel,42,474,0,21,0,1
5,SARSA + PS + Kernel,42,475,-5,26,0,1
5,SARSA + PS + Kernel,42,476,-11,23,1,1
5,SARSA + PS + Kernel,42,477,-25,28,2,1
5,SARSA + PS + Kernel,42,478,9,12,0,1
5,SARSA + PS + Kernel,42,479,10,11,0,1
5,SARSA + PS + Kernel,42,480,0,21,0,1
5,SARSA + PS + Kernel,42,481,12,9,0,1
5,SARSA + PS + Kernel,42,482,-5,17,1,1
5,SARSA + PS + Kernel,42,483,8,13,0,1
5,SARSA + PS + Kernel,42,484,10,11,0,1
5,SARSA + PS + Kernel,42,485,8,13,0,1
5,SARSA + PS + Kernel,42,486,-3,24,0,1
5,SARSA + PS + Kernel,42,487,-37,31,3,1
5,SARSA + PS + Kernel,42,488,11,10,0,1
5,SARSA + PS + Kernel,42,489,-9,21,1,1
5,SARSA + PS + Kernel,42,490,0,21,0,1
5,SARSA + PS + Kernel,42,491,9,12,0,1
5,SARSA + PS + Kernel,42,492,11,10,0,1
5,SARSA + PS + Kernel,42,493,-88,82,3,1
5,SARSA + PS + Kernel,42,494,13,8,0,1
5,SARSA + PS + Kernel,42,495,9,12,0,1
5,SARSA + PS + Kernel,42,496,9,12,0,1
5,SARSA + PS + Kernel,42,497,6,15,0,1
5,SARSA + PS + Kernel,42,498,6,15,0,1
5,SARSA + PS + Kernel,42,499,7,14,0,1
5,SARSA + PS + Kernel,123,0,-587,200,43,0
5,SARSA + PS + Kernel,123,1,-560,200,40,0
5,SARSA + PS + Kernel,123,2,-623,200,47,0
5,SARSA + PS + Kernel,123,3,-659,200,51,0
5,SARSA + PS + Kernel,123,4,-623,200,47,0
5,SARSA + PS + Kernel,123,5,-641,200,49,0
5,SARSA + PS + Kernel,123,6,-560,200,40,0
5,SARSA + PS + Kernel,123,7,-479,200,31,0
5,SARSA + PS + Kernel,123,8,-587,200,43,0
5,SARSA + PS + Kernel,123,9,-478,193,34,1
5,SARSA + PS + Kernel,123,10,-560,200,40,0
5,SARSA + PS + Kernel,123,11,-614,200,46,0
5,SARSA + PS + Kernel,123,12,-632,200,48,0
5,SARSA + PS + Kernel,123,13,-443,200,27,0
5,SARSA + PS + Kernel,123,14,-542,200,38,0
5,SARSA + PS + Kernel,123,15,-569,200,41,0
5,SARSA + PS + Kernel,123,16,-407,200,23,0
5,SARSA + PS + Kernel,123,17,-416,200,24,0
5,SARSA + PS + Kernel,123,18,-479,200,31,0
5,SARSA + PS + Kernel,123,19,-434,200,26,0
5,SARSA + PS + Kernel,123,20,-407,194,26,1
5,SARSA + PS + Kernel,123,21,-452,200,28,0
5,SARSA + PS + Kernel,123,22,-524,200,36,0
5,SARSA + PS + Kernel,123,23,-461,200,29,0
5,SARSA + PS + Kernel,123,24,-416,200,24,0
5,SARSA + PS + Kernel,123,25,-569,200,41,0
5,SARSA + PS + Kernel,123,26,-281,200,9,0
5,SARSA + PS + Kernel,123,27,-122,62,9,1
5,SARSA + PS + Kernel,123,28,-416,200,24,0
5,SARSA + PS + Kernel,123,29,-290,200,10,0
5,SARSA + PS + Kernel,123,30,-181,103,11,1
5,SARSA + PS + Kernel,123,31,-344,200,16,0
5,SARSA + PS + Kernel,123,32,-470,200,30,0
5,SARSA + PS + Kernel,123,33,-533,200,37,0
5,SARSA + PS + Kernel,123,34,-13,25,1,1
5,SARSA + PS + Kernel,123,35,-443,200,27,0
5,SARSA + PS + Kernel,123,36,-308,200,12,0
5,SARSA + PS + Kernel,123,37,-659,200,51,0
5,SARSA + PS + Kernel,123,38,-290,200,10,0
5,SARSA + PS + Kernel,123,39,-380,200,20,0
5,SARSA + PS + Kernel,123,40,-371,200,19,0
5,SARSA + PS + Kernel,123,41,-236,200,4,0
5,SARSA + PS + Kernel,123,42,-254,200,6,0
5,SARSA + PS + Kernel,123,43,-380,200,20,0
5,SARSA + PS + Kernel,123,44,-479,200,31,0
5,SARSA + PS + Kernel,123,45,-218,200,2,0
5,SARSA + PS + Kernel,123,46,-398,200,22,0
5,SARSA + PS + Kernel,123,47,-254,200,6,0
5,SARSA + PS + Kernel,123,48,-55,67,1,1
5,SARSA + PS + Kernel,123,49,-156,150,3,1
5,SARSA + PS + Kernel,123,50,-308,200,12,0
5,SARSA + PS + Kernel,123,51,-281,200,9,0
5,SARSA + PS + Kernel,123,52,-245,200,5,0
5,SARSA + PS + Kernel,123,53,-371,200,19,0
5,SARSA + PS + Kernel,123,54,-470,200,30,0
5,SARSA + PS + Kernel,123,55,-317,200,13,0
5,SARSA + PS + Kernel,123,56,-497,200,33,0
5,SARSA + PS + Kernel,123,57,-71,47,5,1
5,SARSA + PS + Kernel,123,58,-242,128,15,1
5,SARSA + PS + Kernel,123,59,-290,200,10,0
5,SARSA + PS + Kernel,123,60,10,11,0,1
5,SARSA + PS + Kernel,123,61,-221,134,12,1
5,SARSA + PS + Kernel,123,62,-236,200,4,0
5,SARSA + PS + Kernel,123,63,-153,120,6,1
5,SARSA + PS + Kernel,123,64,-208,130,11,1
5,SARSA + PS + Kernel,123,65,-113,80,6,1
5,SARSA + PS + Kernel,123,66,-20,32,1,1
5,SARSA + PS + Kernel,123,67,4,17,0,1
5,SARSA + PS + Kernel,123,68,-60,63,2,1
5,SARSA + PS + Kernel,123,69,-11,23,1,1
5,SARSA + PS + Kernel,123,70,-170,119,8,1
5,SARSA + PS + Kernel,123,71,-161,101,9,1
5,SARSA + PS + Kernel,123,72,-143,146,2,1
5,SARSA + PS + Kernel,123,73,-91,94,2,1
5,SARSA + PS + Kernel,123,74,-236,200,4,0
5,SARSA + PS + Kernel,123,75,-152,92,9,1
5,SARSA + PS + Kernel,123,76,-51,54,2,1
5,SARSA + PS + Kernel,123,77,-53,47,3,1
5,SARSA + PS + Kernel,123,78,1,11,1,1
5,SARSA + PS + Kernel,123,79,-20,41,0,1
5,SARSA + PS + Kernel,123,80,-26,38,1,1
5,SARSA + PS + Kernel,123,81,-57,60,2,1
5,SARSA + PS + Kernel,123,82,-254,200,6,0
5,SARSA + PS + Kernel,123,83,-9,21,1,1
5,SARSA + PS + Kernel,123,84,-245,200,5,0
5,SARSA + PS + Kernel,123,85,12,9,0,1
5,SARSA + PS + Kernel,123,86,-185,152,6,1
5,SARSA + PS + Kernel,123,87,-41,53,1,1
5,SARSA + PS + Kernel,123,88,-8,20,1,1
5,SARSA + PS + Kernel,123,89,-6,18,1,1
5,SARSA + PS + Kernel,123,90,-54,48,3,1
5,SARSA + PS + Kernel,123,91,-37,40,2,1
5,SARSA + PS + Kernel,123,92,-58,61,2,1
5,SARSA + PS + Kernel,123,93,-43,55,1,1
5,SARSA + PS + Kernel,123,94,-59,53,3,1
5,SARSA + PS + Kernel,123,95,-245,200,5,0
5,SARSA + PS + Kernel,123,96,-272,200,8,0
5,SARSA + PS + Kernel,123,97,-1,22,0,1
5,SARSA + PS + Kernel,123,98,-188,164,5,1
5,SARSA + PS + Kernel,123,99,11,10,0,1
5,SARSA + PS + Kernel,123,100,-59,53,3,1
5,SARSA + PS + Kernel,123,101,-260,191,10,1
5,SARSA + PS + Kernel,123,102,-6,27,0,1
5,SARSA + PS + Kernel,123,103,5,16,0,1
5,SARSA + PS + Kernel,123,104,-17,20,2,1
5,SARSA + PS + Kernel,123,105,5,16,0,1
5,SARSA + PS + Kernel,123,106,-178,127,8,1
5,SARSA + PS + Kernel,123,107,12,9,0,1
5,SARSA + PS + Kernel,123,108,-254,200,6,0
5,SARSA + PS + Kernel,123,109,8,13,0,1
5,SARSA + PS + Kernel,123,110,-36,57,0,1
5,SARSA + PS + Kernel,123,111,-5,26,0,1
5,SARSA + PS + Kernel,123,112,8,13,0,1
5,SARSA + PS + Kernel,123,113,12,9,0,1
5,SARSA + PS + Kernel,123,114,-280,157,16,1
5,SARSA + PS + Kernel,123,115,-172,175,2,1
5,SARSA + PS + Kernel,123,116,-93,69,5,1
5,SARSA + PS + Kernel,123,117,6,15,0,1
5,SARSA + PS + Kernel,123,118,12,9,0,1
5,SARSA + PS + Kernel,123,119,-67,61,3,1
5,SARSA + PS + Kernel,123,120,-221,197,5,1
5,SARSA + PS + Kernel,123,121,-14,26,1,1
5,SARSA + PS + Kernel,123,122,-15,18,2,1
5,SARSA + PS + Kernel,123,123,-134,128,3,1
5,SARSA + PS + Kernel,123,124,-42,45,2,1
5,SARSA + PS + Kernel,123,125,-200,158,7,1
5,SARSA + PS + Kernel,123,126,-75,78,2,1
5,SARSA + PS + Kernel,123,127,4,8,1,1
5,SARSA + PS + Kernel,123,128,-132,90,7,1
5,SARSA + PS + Kernel,123,129,-19,40,0,1
5,SARSA + PS + Kernel,123,130,-123,117,3,1
5,SARSA + PS + Kernel,123,131,12,9,0,1
5,SARSA + PS + Kernel,123,132,-39,42,2,1
5,SARSA + PS + Kernel,123,133,-299,200,11,0
5,SARSA + PS + Kernel,123,134,-140,125,4,1
5,SARSA + PS + Kernel,123,135,9,12,0,1
5,SARSA + PS + Kernel,123,136,-123,99,5,1
5,SARSA + PS + Kernel,123,137,0,21,0,1
5,SARSA + PS + Kernel,123,138,-37,49,1,1
5,SARSA + PS + Kernel,123,139,-37,49,1,1
5,SARSA + PS + Kernel,123,140,2,10,1,1
5,SARSA + PS + Kernel,123,141,12,9,0,1
5,SARSA + PS + Kernel,123,142,-3,15,1,1
5,SARSA + PS + Kernel,123,143,11,10,0,1
5,SARSA + PS + Kernel,123,144,1,11,1,1
5,SARSA + PS + Kernel,123,145,-22,43,0,1
5,SARSA + PS + Kernel,123,146,-10,22,1,1
5,SARSA + PS + Kernel,123,147,-100,94,3,1
5,SARSA + PS + Kernel,123,148,-7,28,0,1
5,SARSA + PS + Kernel,123,149,-77,62,4,1
5,SARSA + PS + Kernel,123,150,-132,117,4,1
5,SARSA + PS + Kernel,123,151,-44,56,1,1
5,SARSA + PS + Kernel,123,152,-2,23,0,1
5,SARSA + PS + Kernel,123,153,15,6,0,1
5,SARSA + PS + Kernel,123,154,11,10,0,1
5,SARSA + PS + Kernel,123,155,-7,19,1,1
5,SARSA + PS + Kernel,123,156,-42,45,2,1
5,SARSA + PS + Kernel,123,157,-146,149,2,1
5,SARSA + PS + Kernel,123,158,12,9,0,1
5,SARSA + PS + Kernel,123,159,-189,102,12,1
5,SARSA + PS + Kernel,123,160,-63,66,2,1
5,SARSA + PS + Kernel,123,161,-82,76,3,1
5,SARSA + PS + Kernel,123,162,4,17,0,1
5,SARSA + PS + Kernel,123,163,-8,29,0,1
5,SARSA + PS + Kernel,123,164,-9,21,1,1
5,SARSA + PS + Kernel,123,165,-16,37,0,1
5,SARSA + PS + Kernel,123,166,-4,16,1,1
5,SARSA + PS + Kernel,123,167,-9,21,1,1
5,SARSA + PS + Kernel,123,168,-1,22,0,1
5,SARSA + PS + Kernel,123,169,-17,20,2,1
5,SARSA + PS + Kernel,123,170,-10,22,1,1
5,SARSA + PS + Kernel,123,171,-7,28,0,1
5,SARSA + PS + Kernel,123,172,-62,47,4,1
5,SARSA + PS + Kernel,123,173,-263,200,7,0
5,SARSA + PS + Kernel,123,174,-7,28,0,1
5,SARSA + PS + Kernel,123,175,-107,92,4,1
5,SARSA + PS + Kernel,123,176,4,17,0,1
5,SARSA + PS + Kernel,123,177,-35,38,2,1
5,SARSA + PS + Kernel,123,178,5,16,0,1
5,SARSA + PS + Kernel,123,179,-1,13,1,1
5,SARSA + PS + Kernel,123,180,-86,80,3,1
5,SARSA + PS + Kernel,123,181,-15,27,1,1
5,SARSA + PS + Kernel,123,182,-8,29,0,1
5,SARSA + PS + Kernel,123,183,7,14,0,1
5,SARSA + PS + Kernel,123,184,-59,62,2,1
5,SARSA + PS + Kernel,123,185,8,13,0,1
5,SARSA + PS + Kernel,123,186,-20,32,1,1
5,SARSA + PS + Kernel,123,187,-172,148,5,1
5,SARSA + PS + Kernel,123,188,8,13,0,1
5,SARSA + PS + Kernel,123,189,-39,51,1,1
5,SARSA + PS + Kernel,123,190,-14,35,0,1
5,SARSA + PS + Kernel,123,191,-49,52,2,1
5,SARSA + PS + Kernel,123,192,-236,200,4,0
5,SARSA + PS + Kernel,123,193,11,10,0,1
5,SARSA + PS + Kernel,123,194,-16,28,1,1
5,SARSA + PS + Kernel,123,195,10,11,0,1
5,SARSA + PS + Kernel,123,196,-6,27,0,1
5,SARSA + PS + Kernel,123,197,-89,92,2,1
5,SARSA + PS + Kernel,123,198,-6,18,1,1
5,SARSA + PS + Kernel,123,199,-51,54,2,1
5,SARSA + PS + Kernel,123,200,-245,200,5,0
5,SARSA + PS + Kernel,123,201,3,9,1,1
5,SARSA + PS + Kernel,123,202,-110,77,6,1
5,SARSA + PS + Kernel,123,203,-3,15,1,1
5,SARSA + PS + Kernel,123,204,-69,63,3,1
5,SARSA + PS + Kernel,123,205,-58,61,2,1
5,SARSA + PS + Kernel,123,206,-25,37,1,1
5,SARSA + PS + Kernel,123,207,-126,138,1,1
5,SARSA + PS + Kernel,123,208,12,9,0,1
5,SARSA + PS + Kernel,123,209,8,13,0,1
5,SARSA + PS + Kernel,123,210,-72,75,2,1
5,SARSA + PS + Kernel,123,211,12,9,0,1
5,SARSA + PS + Kernel,123,212,-25,37,1,1
5,SARSA + PS + Kernel,123,213,-89,83,3,1
5,SARSA + PS + Kernel,123,214,-236,200,4,0
5,SARSA + PS + Kernel,123,215,8,13,0,1
5,SARSA + PS + Kernel,123,216,7,14,0,1
5,SARSA + PS + Kernel,123,217,11,10,0,1
5,SARSA + PS + Kernel,123,218,-8,29,0,1
5,SARSA + PS + Kernel,123,219,9,12,0,1
5,SARSA + PS + Kernel,123,220,-63,66,2,1
5,SARSA + PS + Kernel,123,221,6,15,0,1
5,SARSA + PS + Kernel,123,222,6,15,0,1
5,SARSA + PS + Kernel,123,223,-9,30,0,1
5,SARSA + PS + Kernel,123,224,-24,27,2,1
5,SARSA + PS + Kernel,123,225,-10,22,1,1
5,SARSA + PS + Kernel,123,226,-3,15,1,1
5,SARSA + PS + Kernel,123,227,-17,20,2,1
5,SARSA + PS + Kernel,123,228,10,11,0,1
5,SARSA + PS + Kernel,123,229,5,16,0,1
5,SARSA + PS + Kernel,123,230,-77,89,1,1
5,SARSA + PS + Kernel,123,231,-51,45,3,1
5,SARSA + PS + Kernel,123,232,1,11,1,1
5,SARSA + PS + Kernel,123,233,-54,57,2,1
5,SARSA + PS + Kernel,123,234,-35,38,2,1
5,SARSA + PS + Kernel,123,235,9,12,0,1
5,SARSA + PS + Kernel,123,236,2,10,1,1
5,SARSA + PS + Kernel,123,237,1,20,0,1
5,SARSA + PS + Kernel,123,238,-28,22,3,1
5,SARSA + PS + Kernel,123,239,-62,65,2,1
5,SARSA + PS + Kernel,123,240,10,11,0,1
5,SARSA + PS + Kernel,123,241,-28,31,2,1
5,SARSA + PS + Kernel,123,242,11,10,0,1
5,SARSA + PS + Kernel,123,243,0,21,0,1
5,SARSA + PS + Kernel,123,244,8,13,0,1
5,SARSA + PS + Kernel,123,245,-7,19,1,1
5,SARSA + PS + Kernel,123,246,2,19,0,1
5,SARSA + PS + Kernel,123,247,-11,32,0,1
5,SARSA + PS + Kernel,123,248,-4,16,1,1
5,SARSA + PS + Kernel,123,249,9,12,0,1
5,SARSA + PS + Kernel,123,250,-6,18,1,1
5,SARSA + PS + Kernel,123,251,-11,23,1,1
5,SARSA + PS + Kernel,123,252,1,20,0,1
5,SARSA + PS + Kernel,123,253,-1,13,1,1
5,SARSA + PS + Kernel,123,254,-20,14,3,1
5,SARSA + PS + Kernel,123,255,-35,29,3,1
5,SARSA + PS + Kernel,123,256,-121,115,3,1
5,SARSA + PS + Kernel,123,257,-7,28,0,1
5,SARSA + PS + Kernel,123,258,-5,17,1,1
5,SARSA + PS + Kernel,123,259,-83,68,4,1
5,SARSA + PS + Kernel,123,260,-17,20,2,1
5,SARSA + PS + Kernel,123,261,9,12,0,1
5,SARSA + PS + Kernel,123,262,-47,41,3,1
5,SARSA + PS + Kernel,123,263,-5,17,1,1
5,SARSA + PS + Kernel,123,264,11,10,0,1
5,SARSA + PS + Kernel,123,265,3,18,0,1
5,SARSA + PS + Kernel,123,266,12,9,0,1
5,SARSA + PS + Kernel,123,267,-4,16,1,1
5,SARSA + PS + Kernel,123,268,3,9,1,1
5,SARSA + PS + Kernel,123,269,-11,23,1,1
5,SARSA + PS + Kernel,123,270,-48,51,2,1
5,SARSA + PS + Kernel,123,271,0,12,1,1
5,SARSA + PS + Kernel,123,272,-25,37,1,1
5,SARSA + PS + Kernel,123,273,-35,47,1,1
5,SARSA + PS + Kernel,123,274,9,12,0,1
5,SARSA + PS + Kernel,123,275,-1,13,1,1
5,SARSA + PS + Kernel,123,276,3,18,0,1
5,SARSA + PS + Kernel,123,277,7,14,0,1
5,SARSA + PS + Kernel,123,278,-154,121,6,1
5,SARSA + PS + Kernel,123,279,-37,49,1,1
5,SARSA + PS + Kernel,123,280,14,7,0,1
5,SARSA + PS + Kernel,123,281,0,12,1,1
5,SARSA + PS + Kernel,123,282,-18,21,2,1
5,SARSA + PS + Kernel,123,283,6,15,0,1
5,SARSA + PS + Kernel,123,284,-3,24,0,1
5,SARSA + PS + Kernel,123,285,8,13,0,1
5,SARSA + PS + Kernel,123,286,-4,16,1,1
5,SARSA + PS + Kernel,123,287,-16,28,1,1
5,SARSA + PS + Kernel,123,288,-6,18,1,1
5,SARSA + PS + Kernel,123,289,6,15,0,1
5,SARSA + PS + Kernel,123,290,-16,10,3,1
5,SARSA + PS + Kernel,123,291,1,11,1,1
5,SARSA + PS + Kernel,123,292,-5,26,0,1
5,SARSA + PS + Kernel,123,293,11,10,0,1
5,SARSA + PS + Kernel,123,294,12,9,0,1
5,SARSA + PS + Kernel,123,295,-10,22,1,1
5,SARSA + PS + Kernel,123,296,-11,23,1,1
5,SARSA + PS + Kernel,123,297,9,12,0,1
5,SARSA + PS + Kernel,123,298,-10,22,1,1
5,SARSA + PS + Kernel,123,299,2,19,0,1
5,SARSA + PS + Kernel,123,300,6,15,0,1
5,SARSA + PS + Kernel,123,301,-33,54,0,1
5,SARSA + PS + Kernel,123,302,-140,116,5,1
5,SARSA + PS + Kernel,123,303,10,11,0,1
5,SARSA + PS + Kernel,123,304,-105,99,3,1
5,SARSA + PS + Kernel,123,305,-86,80,3,1
5,SARSA + PS + Kernel,123,306,10,11,0,1
5,SARSA + PS + Kernel,123,307,-105,99,3,1
5,SARSA + PS + Kernel,123,308,4,17,0,1
5,SARSA + PS + Kernel,123,309,8,13,0,1
5,SARSA + PS + Kernel,123,310,-37,49,1,1
5,SARSA + PS + Kernel,123,311,-7,28,0,1
5,SARSA + PS + Kernel,123,312,-48,51,2,1
5,SARSA + PS + Kernel,123,313,-44,38,3,1
5,SARSA + PS + Kernel,123,314,0,12,1,1
5,SARSA + PS + Kernel,123,315,-1,22,0,1
5,SARSA + PS + Kernel,123,316,1,20,0,1
5,SARSA + PS + Kernel,123,317,-9,21,1,1
5,SARSA + PS + Kernel,123,318,3,9,1,1
5,SARSA + PS + Kernel,123,319,-1,13,1,1
5,SARSA + PS + Kernel,123,320,6,15,0,1
5,SARSA + PS + Kernel,123,321,10,11,0,1
5,SARSA + PS + Kernel,123,322,-22,34,1,1
5,SARSA + PS + Kernel,123,323,-63,66,2,1
5,SARSA + PS + Kernel,123,324,-44,56,1,1
5,SARSA + PS + Kernel,123,325,-36,39,2,1
5,SARSA + PS + Kernel,123,326,-2,23,0,1
5,SARSA + PS + Kernel,123,327,7,14,0,1
5,SARSA + PS + Kernel,123,328,9,12,0,1
5,SARSA + PS + Kernel,123,329,10,11,0,1
5,SARSA + PS + Kernel,123,330,-18,39,0,1
5,SARSA + PS + Kernel,123,331,-25,19,3,1
5,SARSA + PS + Kernel,123,332,7,14,0,1
5,SARSA + PS + Kernel,123,333,-245,200,5,0
5,SARSA + PS + Kernel,123,334,7,14,0,1
5,SARSA + PS + Kernel,123,335,-19,40,0,1
5,SARSA + PS + Kernel,123,336,-23,26,2,1
5,SARSA + PS + Kernel,123,337,-13,25,1,1
5,SARSA + PS + Kernel,123,338,-9,21,1,1
5,SARSA + PS + Kernel,123,339,2,19,0,1
5,SARSA + PS + Kernel,123,340,7,14,0,1
5,SARSA + PS + Kernel,123,341,10,11,0,1
5,SARSA + PS + Kernel,123,342,-12,24,1,1
5,SARSA + PS + Kernel,123,343,-7,19,1,1
5,SARSA + PS + Kernel,123,344,-7,19,1,1
5,SARSA + PS + Kernel,123,345,12,9,0,1
5,SARSA + PS + Kernel,123,346,-3,24,0,1
5,SARSA + PS + Kernel,123,347,12,9,0,1
5,SARSA + PS + Kernel,123,348,8,13,0,1
5,SARSA + PS + Kernel,123,349,11,10,0,1
5,SARSA + PS + Kernel,123,350,4,17,0,1
5,SARSA + PS + Kernel,123,351,9,12,0,1
5,SARSA + PS + Kernel,123,352,-9,21,1,1
5,SARSA + PS + Kernel,123,353,-72,66,3,1
5,SARSA + PS + Kernel,123,354,-33,54,0,1
5,SARSA + PS + Kernel,123,355,5,16,0,1
5,SARSA + PS + Kernel,123,356,6,15,0,1
5,SARSA + PS + Kernel,123,357,9,12,0,1
5,SARSA + PS + Kernel,123,358,-39,42,2,1
5,SARSA + PS + Kernel,123,359,-8,29,0,1
5,SARSA + PS + Kernel,123,360,-54,48,3,1
5,SARSA + PS + Kernel,123,361,-31,34,2,1
5,SARSA + PS + Kernel,123,362,7,14,0,1
5,SARSA + PS + Kernel,123,363,-13,34,0,1
5,SARSA + PS + Kernel,123,364,-2,14,1,1
5,SARSA + PS + Kernel,123,365,-3,24,0,1
5,SARSA + PS + Kernel,123,366,-13,34,0,1
5,SARSA + PS + Kernel,123,367,-8,20,1,1
5,SARSA + PS + Kernel,123,368,-9,21,1,1
5,SARSA + PS + Kernel,123,369,-21,42,0,1
5,SARSA + PS + Kernel,123,370,-19,40,0,1
5,SARSA + PS + Kernel,123,371,-18,30,1,1
5,SARSA + PS + Kernel,123,372,-34,37,2,1
5,SARSA + PS + Kernel,123,373,-52,64,1,1
5,SARSA + PS + Kernel,123,374,6,15,0,1
5,SARSA + PS + Kernel,123,375,11,10,0,1
5,SARSA + PS + Kernel,123,376,-3,24,0,1
5,SARSA + PS + Kernel,123,377,-119,86,6,1
5,SARSA + PS + Kernel,123,378,-7,10,2,1
5,SARSA + PS + Kernel,123,379,13,8,0,1
5,SARSA + PS + Kernel,123,380,1,20,0,1
5,SARSA + PS + Kernel,123,381,-37,49,1,1
5,SARSA + PS + Kernel,123,382,-20,32,1,1
5,SARSA + PS + Kernel,123,383,-14,17,2,1
5,SARSA + PS + Kernel,123,384,8,13,0,1
5,SARSA + PS + Kernel,123,385,5,16,0,1
5,SARSA + PS + Kernel,123,386,13,8,0,1
5,SARSA + PS + Kernel,123,387,-2,14,1,1
5,SARSA + PS + Kernel,123,388,-13,25,1,1
5,SARSA + PS + Kernel,123,389,10,11,0,1
5,SARSA + PS + Kernel,123,390,6,15,0,1
5,SARSA + PS + Kernel,123,391,-11,23,1,1
5,SARSA + PS + Kernel,123,392,5,16,0,1
5,SARSA + PS + Kernel,123,393,-32,35,2,1
5,SARSA + PS + Kernel,123,394,6,15,0,1
5,SARSA + PS + Kernel,123,395,-72,57,4,1
5,SARSA + PS + Kernel,123,396,-82,67,4,1
5,SARSA + PS + Kernel,123,397,9,12,0,1
5,SARSA + PS + Kernel,123,398,10,11,0,1
5,SARSA + PS + Kernel,123,399,-17,38,0,1
5,SARSA + PS + Kernel,123,400,12,9,0,1
5,SARSA + PS + Kernel,123,401,-1,13,1,1
5,SARSA + PS + Kernel,123,402,9,12,0,1
5,SARSA + PS + Kernel,123,403,2,10,1,1
5,SARSA + PS + Kernel,123,404,-3,15,1,1
5,SARSA + PS + Kernel,123,405,-1,22,0,1
5,SARSA + PS + Kernel,123,406,-42,54,1,1
5,SARSA + PS + Kernel,123,407,11,10,0,1
5,SARSA + PS + Kernel,123,408,0,21,0,1
5,SARSA + PS + Kernel,123,409,-1,22,0,1
5,SARSA + PS + Kernel,123,410,9,12,0,1
5,SARSA + PS + Kernel,123,411,11,10,0,1
5,SARSA + PS + Kernel,123,412,-1,22,0,1
5,SARSA + PS + Kernel,123,413,4,8,1,1
5,SARSA + PS + Kernel,123,414,7,14,0,1
5,SARSA + PS + Kernel,123,415,7,14,0,1
5,SARSA + PS + Kernel,123,416,4,17,0,1
5,SARSA + PS + Kernel,123,417,8,13,0,1
5,SARSA + PS + Kernel,123,418,-7,19,1,1
5,SARSA + PS + Kernel,123,419,0,12,1,1
5,SARSA + PS + Kernel,123,420,7,14,0,1
5,SARSA + PS + Kernel,123,421,-104,116,1,1
5,SARSA + PS + Kernel,123,422,9,12,0,1
5,SARSA + PS + Kernel,123,423,8,13,0,1
5,SARSA + PS + Kernel,123,424,3,18,0,1
5,SARSA + PS + Kernel,123,425,10,11,0,1
5,SARSA + PS + Kernel,123,426,-1,22,0,1
5,SARSA + PS + Kernel,123,427,3,18,0,1
5,SARSA + PS + Kernel,123,428,-23,35,1,1
5,SARSA + PS + Kernel,123,429,-2,23,0,1
5,SARSA + PS + Kernel,123,430,7,14,0,1
5,SARSA + PS + Kernel,123,431,11,10,0,1
5,SARSA + PS + Kernel,123,432,0,21,0,1
5,SARSA + PS + Kernel,123,433,5,16,0,1
5,SARSA + PS + Kernel,123,434,-4,25,0,1
5,SARSA + PS + Kernel,123,435,-19,22,2,1
5,SARSA + PS + Kernel,123,436,12,9,0,1
5,SARSA + PS + Kernel,123,437,8,13,0,1
5,SARSA + PS + Kernel,123,438,-1,13,1,1
5,SARSA + PS + Kernel,123,439,-26,29,2,1
5,SARSA + PS + Kernel,123,440,5,16,0,1
5,SARSA + PS + Kernel,123,441,1,11,1,1
5,SARSA + PS + Kernel,123,442,10,11,0,1
5,SARSA + PS + Kernel,123,443,-15,18,2,1
5,SARSA + PS + Kernel,123,444,-17,20,2,1
5,SARSA + PS + Kernel,123,445,10,11,0,1
5,SARSA + PS + Kernel,123,446,3,18,0,1
5,SARSA + PS + Kernel,123,447,-12,33,0,1
5,SARSA + PS + Kernel,123,448,-10,22,1,1
5,SARSA + PS + Kernel,123,449,7,14,0,1
5,SARSA + PS + Kernel,123,450,-1,22,0,1
5,SARSA + PS + Kernel,123,451,9,12,0,1
5,SARSA + PS + Kernel,123,452,9,12,0,1
5,SARSA + PS + Kernel,123,453,-66,60,3,1
5,SARSA + PS + Kernel,123,454,-14,35,0,1
5,SARSA + PS + Kernel,123,455,8,13,0,1
5,SARSA + PS + Kernel,123,456,3,18,0,1
5,SARSA + PS + Kernel,123,457,14,7,0,1
5,SARSA + PS + Kernel,123,458,-11,32,0,1
5,SARSA + PS + Kernel,123,459,-16,28,1,1
5,SARSA + PS + Kernel,123,460,-16,28,1,1
5,SARSA + PS + Kernel,123,461,-26,29,2,1
5,SARSA + PS + Kernel,123,462,-25,28,2,1
5,SARSA + PS + Kernel,123,463,11,10,0,1
5,SARSA + PS + Kernel,123,464,0,12,1,1
5,SARSA + PS + Kernel,123,465,9,12,0,1
5,SARSA + PS + Kernel,123,466,4,17,0,1
5,SARSA + PS + Kernel,123,467,-1,13,1,1
5,SARSA + PS + Kernel,123,468,-2,14,1,1
5,SARSA + PS + Kernel,123,469,4,17,0,1
5,SARSA + PS + Kernel,123,470,7,14,0,1
5,SARSA + PS + Kernel,123,471,8,13,0,1
5,SARSA + PS + Kernel,123,472,-55,67,1,1
5,SARSA + PS + Kernel,123,473,-3,15,1,1
5,SARSA + PS + Kernel,123,474,0,12,1,1
5,SARSA + PS + Kernel,123,475,4,17,0,1
5,SARSA + PS + Kernel,123,476,-4,16,1,1
5,SARSA + PS + Kernel,123,477,1,20,0,1
5,SARSA + PS + Kernel,123,478,-1,13,1,1
5,SARSA + PS + Kernel,123,479,-5,17,1,1
5,SARSA + PS + Kernel,123,480,5,16,0,1
5,SARSA + PS + Kernel,123,481,-5,17,1,1
5,SARSA + PS + Kernel,123,482,-3,15,1,1
5,SARSA + PS + Kernel,123,483,-4,16,1,1
5,SARSA + PS + Kernel,123,484,10,11,0,1
5,SARSA + PS + Kernel,123,485,11,10,0,1
5,SARSA + PS + Kernel,123,486,-2,23,0,1
5,SARSA + PS + Kernel,123,487,-10,22,1,1
5,SARSA + PS + Kernel,123,488,6,15,0,1
5,SARSA + PS + Kernel,123,489,8,13,0,1
5,SARSA + PS + Kernel,123,490,-4,25,0,1
5,SARSA + PS + Kernel,123,491,-14,26,1,1
5,SARSA + PS + Kernel,123,492,11,10,0,1
5,SARSA + PS + Kernel,123,493,4,17,0,1
5,SARSA + PS + Kernel,123,494,-54,57,2,1
5,SARSA + PS + Kernel,123,495,6,15,0,1
5,SARSA + PS + Kernel,123,496,6,15,0,1
5,SARSA + PS + Kernel,123,497,-4,16,1,1
5,SARSA + PS + Kernel,123,498,-2,14,1,1
5,SARSA + PS + Kernel,123,499,-12,33,0,1
5,SARSA + PS + Kernel,777,0,-578,200,42,0
5,SARSA + PS + Kernel,777,1,-677,200,53,0
5,SARSA + PS + Kernel,777,2,-605,200,45,0
5,SARSA + PS + Kernel,777,3,-596,200,44,0
5,SARSA + PS + Kernel,777,4,-668,200,52,0
5,SARSA + PS + Kernel,777,5,-623,200,47,0
5,SARSA + PS + Kernel,777,6,-632,200,48,0
5,SARSA + PS + Kernel,777,7,-650,200,50,0
5,SARSA + PS + Kernel,777,8,-623,200,47,0
5,SARSA + PS + Kernel,777,9,-452,200,28,0
5,SARSA + PS + Kernel,777,10,-542,200,38,0
5,SARSA + PS + Kernel,777,11,-524,200,36,0
5,SARSA + PS + Kernel,777,12,-533,200,37,0
5,SARSA + PS + Kernel,777,13,-551,200,39,0
5,SARSA + PS + Kernel,777,14,-416,200,24,0
5,SARSA + PS + Kernel,777,15,-497,200,33,0
5,SARSA + PS + Kernel,777,16,-443,200,27,0
5,SARSA + PS + Kernel,777,17,-479,200,31,0
5,SARSA + PS + Kernel,777,18,-407,200,23,0
5,SARSA + PS + Kernel,777,19,-434,200,26,0
5,SARSA + PS + Kernel,777,20,-542,200,38,0
5,SARSA + PS + Kernel,777,21,-258,117,18,1
5,SARSA + PS + Kernel,777,22,-551,200,39,0
5,SARSA + PS + Kernel,777,23,-443,200,27,0
5,SARSA + PS + Kernel,777,24,-452,200,28,0
5,SARSA + PS + Kernel,777,25,-569,200,41,0
5,SARSA + PS + Kernel,777,26,-281,200,9,0
5,SARSA + PS + Kernel,777,27,-119,68,8,1
5,SARSA + PS + Kernel,777,28,-353,200,17,0
5,SARSA + PS + Kernel,777,29,-641,200,49,0
5,SARSA + PS + Kernel,777,30,-268,118,19,1
5,SARSA + PS + Kernel,777,31,-461,200,29,0
5,SARSA + PS + Kernel,777,32,-364,178,23,1
5,SARSA + PS + Kernel,777,33,-398,200,22,0
5,SARSA + PS + Kernel,777,34,-425,200,25,0
5,SARSA + PS + Kernel,777,35,-156,96,9,1
5,SARSA + PS + Kernel,777,36,-44,65,0,1
5,SARSA + PS + Kernel,777,37,-129,96,6,1
5,SARSA + PS + Kernel,777,38,-389,200,21,0
5,SARSA + PS + Kernel,777,39,-497,200,33,0
5,SARSA + PS + Kernel,777,40,-371,200,19,0
5,SARSA + PS + Kernel,777,41,-281,200,9,0
5,SARSA + PS + Kernel,777,42,1,20,0,1
5,SARSA + PS + Kernel,777,43,-398,200,22,0
5,SARSA + PS + Kernel,777,44,-8,29,0,1
5,SARSA + PS + Kernel,777,45,-407,200,23,0
5,SARSA + PS + Kernel,777,46,-371,200,19,0
5,SARSA + PS + Kernel,777,47,-596,200,44,0
5,SARSA + PS + Kernel,777,48,-60,63,2,1
5,SARSA + PS + Kernel,777,49,-416,200,24,0
5,SARSA + PS + Kernel,777,50,-193,151,7,1
5,SARSA + PS + Kernel,777,51,-299,200,11,0
5,SARSA + PS + Kernel,777,52,-362,200,18,0
5,SARSA + PS + Kernel,777,53,-236,200,4,0
5,SARSA + PS + Kernel,777,54,10,11,0,1
5,SARSA + PS + Kernel,777,55,5,16,0,1
5,SARSA + PS + Kernel,777,56,-281,200,9,0
5,SARSA + PS + Kernel,777,57,-174,150,5,1
5,SARSA + PS + Kernel,777,58,-362,200,18,0
5,SARSA + PS + Kernel,777,59,-263,200,7,0
5,SARSA + PS + Kernel,777,60,-83,77,3,1
5,SARSA + PS + Kernel,777,61,-371,200,19,0
5,SARSA + PS + Kernel,777,62,-152,119,6,1
5,SARSA + PS + Kernel,777,63,-263,200,7,0
5,SARSA + PS + Kernel,777,64,12,9,0,1
5,SARSA + PS + Kernel,777,65,8,13,0,1
5,SARSA + PS + Kernel,777,66,-120,114,3,1
5,SARSA + PS + Kernel,777,67,-205,172,6,1
5,SARSA + PS + Kernel,777,68,-398,200,22,0
5,SARSA + PS + Kernel,777,69,-205,163,7,1
5,SARSA + PS + Kernel,777,70,-27,48,0,1
5,SARSA + PS + Kernel,777,71,-231,180,8,1
5,SARSA + PS + Kernel,777,72,-94,106,1,1
5,SARSA + PS + Kernel,777,73,0,21,0,1
5,SARSA + PS + Kernel,777,74,-153,138,4,1
5,SARSA + PS + Kernel,777,75,-236,200,4,0
5,SARSA + PS + Kernel,777,76,-63,57,3,1
5,SARSA + PS + Kernel,777,77,-72,57,4,1
5,SARSA + PS + Kernel,777,78,-122,134,1,1
5,SARSA + PS + Kernel,777,79,-47,41,3,1
5,SARSA + PS + Kernel,777,80,-263,200,7,0
5,SARSA + PS + Kernel,777,81,-185,152,6,1
5,SARSA + PS + Kernel,777,82,-254,200,6,0
5,SARSA + PS + Kernel,777,83,-1,22,0,1
5,SARSA + PS + Kernel,777,84,-245,200,5,0
5,SARSA + PS + Kernel,777,85,-245,200,5,0
5,SARSA + PS + Kernel,777,86,-112,106,3,1
5,SARSA + PS + Kernel,777,87,-17,38,0,1
5,SARSA + PS + Kernel,777,88,-52,55,2,1
5,SARSA + PS + Kernel,777,89,-1,22,0,1
5,SARSA + PS + Kernel,777,90,-47,41,3,1
5,SARSA + PS + Kernel,777,91,-263,200,7,0
5,SARSA + PS + Kernel,777,92,10,11,0,1
5,SARSA + PS + Kernel,777,93,-112,79,6,1
5,SARSA + PS + Kernel,777,94,-172,139,6,1
5,SARSA + PS + Kernel,777,95,11,10,0,1
5,SARSA + PS + Kernel,777,96,-71,65,3,1
5,SARSA + PS + Kernel,777,97,-35,56,0,1
5,SARSA + PS + Kernel,777,98,-217,157,9,1
5,SARSA + PS + Kernel,777,99,-178,118,9,1
5,SARSA + PS + Kernel,777,100,-217,193,5,1
5,SARSA + PS + Kernel,777,101,-44,56,1,1
5,SARSA + PS + Kernel,777,102,-39,60,0,1
5,SARSA + PS + Kernel,777,103,-23,17,3,1
5,SARSA + PS + Kernel,777,104,-281,200,9,0
5,SARSA + PS + Kernel,777,105,-299,200,11,0
5,SARSA + PS + Kernel,777,106,-272,200,8,0
5,SARSA + PS + Kernel,777,107,-272,200,8,0
5,SARSA + PS + Kernel,777,108,-53,56,2,1
5,SARSA + PS + Kernel,777,109,-6,27,0,1
5,SARSA + PS + Kernel,777,110,-25,37,1,1
5,SARSA + PS + Kernel,777,111,-1,22,0,1
5,SARSA + PS + Kernel,777,112,12,9,0,1
5,SARSA + PS + Kernel,777,113,-202,187,4,1
5,SARSA + PS + Kernel,777,114,-76,70,3,1
5,SARSA + PS + Kernel,777,115,14,7,0,1
5,SARSA + PS + Kernel,777,116,9,12,0,1
5,SARSA + PS + Kernel,777,117,-56,59,2,1
5,SARSA + PS + Kernel,777,118,-201,159,7,1
5,SARSA + PS + Kernel,777,119,-7,28,0,1
5,SARSA + PS + Kernel,777,120,-166,169,2,1
5,SARSA + PS + Kernel,777,121,-50,62,1,1
5,SARSA + PS + Kernel,777,122,-299,200,11,0
5,SARSA + PS + Kernel,777,123,14,7,0,1
5,SARSA + PS + Kernel,777,124,-186,162,5,1
5,SARSA + PS + Kernel,777,125,10,11,0,1
5,SARSA + PS + Kernel,777,126,-178,145,6,1
5,SARSA + PS + Kernel,777,127,-57,51,3,1
5,SARSA + PS + Kernel,777,128,2,10,1,1
5,SARSA + PS + Kernel,777,129,-155,122,6,1
5,SARSA + PS + Kernel,777,130,-263,200,7,0
5,SARSA + PS + Kernel,777,131,-22,34,1,1
5,SARSA + PS + Kernel,777,132,-196,145,8,1
5,SARSA + PS + Kernel,777,133,-59,62,2,1
5,SARSA + PS + Kernel,777,134,-125,119,3,1
5,SARSA + PS + Kernel,777,135,8,13,0,1
5,SARSA + PS + Kernel,777,136,-155,140,4,1
5,SARSA + PS + Kernel,777,137,-34,37,2,1
5,SARSA + PS + Kernel,777,138,11,10,0,1
5,SARSA + PS + Kernel,777,139,-219,186,6,1
5,SARSA + PS + Kernel,777,140,-37,49,1,1
5,SARSA + PS + Kernel,777,141,11,10,0,1
5,SARSA + PS + Kernel,777,142,2,10,1,1
5,SARSA + PS + Kernel,777,143,-109,103,3,1
5,SARSA + PS + Kernel,777,144,-236,200,4,0
5,SARSA + PS + Kernel,777,145,-18,30,1,1
5,SARSA + PS + Kernel,777,146,-82,94,1,1
5,SARSA + PS + Kernel,777,147,-4,16,1,1
5,SARSA + PS + Kernel,777,148,6,15,0,1
5,SARSA + PS + Kernel,777,149,-18,30,1,1
5,SARSA + PS + Kernel,777,150,-184,169,4,1
5,SARSA + PS + Kernel,777,151,-1,13,1,1
5,SARSA + PS + Kernel,777,152,-20,32,1,1
5,SARSA + PS + Kernel,777,153,-56,59,2,1
5,SARSA + PS + Kernel,777,154,-22,43,0,1
5,SARSA + PS + Kernel,777,155,-57,69,1,1
5,SARSA + PS + Kernel,777,156,-46,49,2,1
5,SARSA + PS + Kernel,777,157,-221,197,5,1
5,SARSA + PS + Kernel,777,158,-66,60,3,1
5,SARSA + PS + Kernel,777,159,-290,200,10,0
5,SARSA + PS + Kernel,777,160,10,11,0,1
5,SARSA + PS + Kernel,777,161,-44,47,2,1
5,SARSA + PS + Kernel,777,162,14,7,0,1
5,SARSA + PS + Kernel,777,163,11,10,0,1
5,SARSA + PS + Kernel,777,164,6,15,0,1
5,SARSA + PS + Kernel,777,165,-101,95,3,1
5,SARSA + PS + Kernel,777,166,-197,164,6,1
5,SARSA + PS + Kernel,777,167,-6,27,0,1
5,SARSA + PS + Kernel,777,168,-263,200,7,0
5,SARSA + PS + Kernel,777,169,9,12,0,1
5,SARSA + PS + Kernel,777,170,13,8,0,1
5,SARSA + PS + Kernel,777,171,-7,28,0,1
5,SARSA + PS + Kernel,777,172,1,11,1,1
5,SARSA + PS + Kernel,777,173,-43,37,3,1
5,SARSA + PS + Kernel,777,174,11,10,0,1
5,SARSA + PS + Kernel,777,175,-15,18,2,1
5,SARSA + PS + Kernel,777,176,10,11,0,1
5,SARSA + PS + Kernel,777,177,-1,13,1,1
5,SARSA + PS + Kernel,777,178,4,8,1,1
5,SARSA + PS + Kernel,777,179,-2,14,1,1
5,SARSA + PS + Kernel,777,180,-226,175,8,1
5,SARSA + PS + Kernel,777,181,-70,73,2,1
5,SARSA + PS + Kernel,777,182,-290,200,10,0
5,SARSA + PS + Kernel,777,183,-94,106,1,1
5,SARSA + PS + Kernel,777,184,-4,16,1,1
5,SARSA + PS + Kernel,777,185,-72,66,3,1
5,SARSA + PS + Kernel,777,186,-102,60,7,1
5,SARSA + PS + Kernel,777,187,13,8,0,1
5,SARSA + PS + Kernel,777,188,-102,96,3,1
5,SARSA + PS + Kernel,777,189,-1,13,1,1
5,SARSA + PS + Kernel,777,190,10,11,0,1
5,SARSA + PS + Kernel,777,191,-11,14,2,1
5,SARSA + PS + Kernel,777,192,-21,33,1,1
5,SARSA + PS + Kernel,777,193,-11,23,1,1
5,SARSA + PS + Kernel,777,194,-14,26,1,1
5,SARSA + PS + Kernel,777,195,-12,24,1,1
5,SARSA + PS + Kernel,777,196,13,8,0,1
5,SARSA + PS + Kernel,777,197,-31,43,1,1
5,SARSA + PS + Kernel,777,198,11,10,0,1
5,SARSA + PS + Kernel,777,199,4,17,0,1
5,SARSA + PS + Kernel,777,200,-54,57,2,1
5,SARSA + PS + Kernel,777,201,12,9,0,1
5,SARSA + PS + Kernel,777,202,-1,13,1,1
5,SARSA + PS + Kernel,777,203,-73,85,1,1
5,SARSA + PS + Kernel,777,204,-4,16,1,1
5,SARSA + PS + Kernel,777,205,-2,14,1,1
5,SARSA + PS + Kernel,777,206,-1,13,1,1
5,SARSA + PS + Kernel,777,207,-8,29,0,1
5,SARSA + PS + Kernel,777,208,9,12,0,1
5,SARSA + PS + Kernel,777,209,-3,15,1,1
5,SARSA + PS + Kernel,777,210,10,11,0,1
5,SARSA + PS + Kernel,777,211,10,11,0,1
5,SARSA + PS + Kernel,777,212,-27,39,1,1
5,SARSA + PS + Kernel,777,213,-92,104,1,1
5,SARSA + PS + Kernel,777,214,-1,13,1,1
5,SARSA + PS + Kernel,777,215,-16,28,1,1
5,SARSA + PS + Kernel,777,216,-7,28,0,1
5,SARSA + PS + Kernel,777,217,-36,39,2,1
5,SARSA + PS + Kernel,777,218,9,12,0,1
5,SARSA + PS + Kernel,777,219,-19,40,0,1
5,SARSA + PS + Kernel,777,220,-277,199,11,1
5,SARSA + PS + Kernel,777,221,7,14,0,1
5,SARSA + PS + Kernel,777,222,10,11,0,1
5,SARSA + PS + Kernel,777,223,-4,25,0,1
5,SARSA + PS + Kernel,777,224,-20,32,1,1
5,SARSA + PS + Kernel,777,225,-4,25,0,1
5,SARSA + PS + Kernel,777,226,-65,68,2,1
5,SARSA + PS + Kernel,777,227,11,10,0,1
5,SARSA + PS + Kernel,777,228,-13,34,0,1
5,SARSA + PS + Kernel,777,229,10,11,0,1
5,SARSA + PS + Kernel,777,230,-57,60,2,1
5,SARSA + PS + Kernel,777,231,0,21,0,1
5,SARSA + PS + Kernel,777,232,-18,39,0,1
5,SARSA + PS + Kernel,777,233,9,12,0,1
5,SARSA + PS + Kernel,777,234,8,13,0,1
5,SARSA + PS + Kernel,777,235,-91,85,3,1
5,SARSA + PS + Kernel,777,236,10,11,0,1
5,SARSA + PS + Kernel,777,237,8,13,0,1
5,SARSA + PS + Kernel,777,238,-27,48,0,1
5,SARSA + PS + Kernel,777,239,7,14,0,1
5,SARSA + PS + Kernel,777,240,-11,23,1,1
5,SARSA + PS + Kernel,777,241,11,10,0,1
5,SARSA + PS + Kernel,777,242,-7,19,1,1
5,SARSA + PS + Kernel,777,243,0,12,1,1
5,SARSA + PS + Kernel,777,244,10,11,0,1
5,SARSA + PS + Kernel,777,245,10,11,0,1
5,SARSA + PS + Kernel,777,246,10,11,0,1
5,SARSA + PS + Kernel,777,247,-12,24,1,1
5,SARSA + PS + Kernel,777,248,15,6,0,1
5,SARSA + PS + Kernel,777,249,11,10,0,1
5,SARSA + PS + Kernel,777,250,1,20,0,1
5,SARSA + PS + Kernel,777,251,-39,51,1,1
5,SARSA + PS + Kernel,777,252,-61,55,3,1
5,SARSA + PS + Kernel,777,253,-35,56,0,1
5,SARSA + PS + Kernel,777,254,-8,20,1,1
5,SARSA + PS + Kernel,777,255,-20,32,1,1
5,SARSA + PS + Kernel,777,256,2,10,1,1
5,SARSA + PS + Kernel,777,257,-19,40,0,1
5,SARSA + PS + Kernel,777,258,8,13,0,1
5,SARSA + PS + Kernel,777,259,8,13,0,1
5,SARSA + PS + Kernel,777,260,-61,64,2,1
5,SARSA + PS + Kernel,777,261,-31,43,1,1
5,SARSA + PS + Kernel,777,262,-8,29,0,1
5,SARSA + PS + Kernel,777,263,3,18,0,1
5,SARSA + PS + Kernel,777,264,9,12,0,1
5,SARSA + PS + Kernel,777,265,-1,13,1,1
5,SARSA + PS + Kernel,777,266,-4,25,0,1
5,SARSA + PS + Kernel,777,267,-26,38,1,1
5,SARSA + PS + Kernel,777,268,3,18,0,1
5,SARSA + PS + Kernel,777,269,2,19,0,1
5,SARSA + PS + Kernel,777,270,2,10,1,1
5,SARSA + PS + Kernel,777,271,-43,46,2,1
5,SARSA + PS + Kernel,777,272,2,19,0,1
5,SARSA + PS + Kernel,777,273,8,13,0,1
5,SARSA + PS + Kernel,777,274,-32,35,2,1
5,SARSA + PS + Kernel,777,275,-75,78,2,1
5,SARSA + PS + Kernel,777,276,10,11,0,1
5,SARSA + PS + Kernel,777,277,-9,21,1,1
5,SARSA + PS + Kernel,777,278,10,11,0,1
5,SARSA + PS + Kernel,777,279,-34,46,1,1
5,SARSA + PS + Kernel,777,280,6,15,0,1
5,SARSA + PS + Kernel,777,281,14,7,0,1
5,SARSA + PS + Kernel,777,282,-2,23,0,1
5,SARSA + PS + Kernel,777,283,-66,60,3,1
5,SARSA + PS + Kernel,777,284,-17,38,0,1
5,SARSA + PS + Kernel,777,285,-5,17,1,1
5,SARSA + PS + Kernel,777,286,-245,200,5,0
5,SARSA + PS + Kernel,777,287,-2,14,1,1
5,SARSA + PS + Kernel,777,288,11,10,0,1
5,SARSA + PS + Kernel,777,289,-18,30,1,1
5,SARSA + PS + Kernel,777,290,-18,21,2,1
5,SARSA + PS + Kernel,777,291,-22,34,1,1
5,SARSA + PS + Kernel,777,292,13,8,0,1
5,SARSA + PS + Kernel,777,293,8,13,0,1
5,SARSA + PS + Kernel,777,294,9,12,0,1
5,SARSA + PS + Kernel,777,295,9,12,0,1
5,SARSA + PS + Kernel,777,296,9,12,0,1
5,SARSA + PS + Kernel,777,297,11,10,0,1
5,SARSA + PS + Kernel,777,298,0,21,0,1
5,SARSA + PS + Kernel,777,299,-2,23,0,1
5,SARSA + PS + Kernel,777,300,-16,28,1,1
5,SARSA + PS + Kernel,777,301,3,18,0,1
5,SARSA + PS + Kernel,777,302,-2,14,1,1
5,SARSA + PS + Kernel,777,303,-51,45,3,1
5,SARSA + PS + Kernel,777,304,8,13,0,1
5,SARSA + PS + Kernel,777,305,-7,28,0,1
5,SARSA + PS + Kernel,777,306,3,9,1,1
5,SARSA + PS + Kernel,777,307,-5,26,0,1
5,SARSA + PS + Kernel,777,308,-7,28,0,1
5,SARSA + PS + Kernel,777,309,-17,20,2,1
5,SARSA + PS + Kernel,777,310,11,10,0,1
5,SARSA + PS + Kernel,777,311,-2,23,0,1
5,SARSA + PS + Kernel,777,312,1,11,1,1
5,SARSA + PS + Kernel,777,313,-25,37,1,1
5,SARSA + PS + Kernel,777,314,-125,92,6,1
5,SARSA + PS + Kernel,777,315,10,11,0,1
5,SARSA + PS + Kernel,777,316,-17,38,0,1
5,SARSA + PS + Kernel,777,317,5,16,0,1
5,SARSA + PS + Kernel,777,318,-18,12,3,1
5,SARSA + PS + Kernel,777,319,-11,23,1,1
5,SARSA + PS + Kernel,777,320,12,9,0,1
5,SARSA + PS + Kernel,777,321,-3,15,1,1
5,SARSA + PS + Kernel,777,322,5,16,0,1
5,SARSA + PS + Kernel,777,323,7,14,0,1
5,SARSA + PS + Kernel,777,324,-6,18,1,1
5,SARSA + PS + Kernel,777,325,-15,18,2,1
5,SARSA + PS + Kernel,777,326,9,12,0,1
5,SARSA + PS + Kernel,777,327,-45,48,2,1
5,SARSA + PS + Kernel,777,328,-20,23,2,1
5,SARSA + PS + Kernel,777,329,-35,47,1,1
5,SARSA + PS + Kernel,777,330,-4,16,1,1
5,SARSA + PS + Kernel,777,331,-15,18,2,1
5,SARSA + PS + Kernel,777,332,-105,90,4,1
5,SARSA + PS + Kernel,777,333,8,13,0,1
5,SARSA + PS + Kernel,777,334,3,18,0,1
5,SARSA + PS + Kernel,777,335,-27,30,2,1
5,SARSA + PS + Kernel,777,336,-3,24,0,1
5,SARSA + PS + Kernel,777,337,-2,23,0,1
5,SARSA + PS + Kernel,777,338,6,15,0,1
5,SARSA + PS + Kernel,777,339,-9,30,0,1
5,SARSA + PS + Kernel,777,340,1,11,1,1
5,SARSA + PS + Kernel,777,341,13,8,0,1
5,SARSA + PS + Kernel,777,342,8,13,0,1
5,SARSA + PS + Kernel,777,343,5,16,0,1
5,SARSA + PS + Kernel,777,344,-4,16,1,1
5,SARSA + PS + Kernel,777,345,1,11,1,1
5,SARSA + PS + Kernel,777,346,7,14,0,1
5,SARSA + PS + Kernel,777,347,-11,23,1,1
5,SARSA + PS + Kernel,777,348,6,15,0,1
5,SARSA + PS + Kernel,777,349,12,9,0,1
5,SARSA + PS + Kernel,777,350,11,10,0,1
5,SARSA + PS + Kernel,777,351,-32,26,3,1
5,SARSA + PS + Kernel,777,352,7,14,0,1
5,SARSA + PS + Kernel,777,353,-2,14,1,1
5,SARSA + PS + Kernel,777,354,9,12,0,1
5,SARSA + PS + Kernel,777,355,-33,36,2,1
5,SARSA + PS + Kernel,777,356,9,12,0,1
5,SARSA + PS + Kernel,777,357,6,15,0,1
5,SARSA + PS + Kernel,777,358,8,13,0,1
5,SARSA + PS + Kernel,777,359,1,20,0,1
5,SARSA + PS + Kernel,777,360,8,13,0,1
5,SARSA + PS + Kernel,777,361,10,11,0,1
5,SARSA + PS + Kernel,777,362,1,11,1,1
5,SARSA + PS + Kernel,777,363,8,13,0,1
5,SARSA + PS + Kernel,777,364,1,11,1,1
5,SARSA + PS + Kernel,777,365,1,11,1,1
5,SARSA + PS + Kernel,777,366,1,20,0,1
5,SARSA + PS + Kernel,777,367,-13,25,1,1
5,SARSA + PS + Kernel,777,368,5,16,0,1
5,SARSA + PS + Kernel,777,369,-33,45,1,1
5,SARSA + PS + Kernel,777,370,-27,30,2,1
5,SARSA + PS + Kernel,777,371,10,11,0,1
5,SARSA + PS + Kernel,777,372,9,12,0,1
5,SARSA + PS + Kernel,777,373,7,14,0,1
5,SARSA + PS + Kernel,777,374,11,10,0,1
5,SARSA + PS + Kernel,777,375,-18,30,1,1
5,SARSA + PS + Kernel,777,376,14,7,0,1
5,SARSA + PS + Kernel,777,377,7,14,0,1
5,SARSA + PS + Kernel,777,378,13,8,0,1
5,SARSA + PS + Kernel,777,379,-34,46,1,1
5,SARSA + PS + Kernel,777,380,-2,23,0,1
5,SARSA + PS + Kernel,777,381,7,14,0,1
5,SARSA + PS + Kernel,777,382,-3,15,1,1
5,SARSA + PS + Kernel,777,383,-4,16,1,1
5,SARSA + PS + Kernel,777,384,7,14,0,1
5,SARSA + PS + Kernel,777,385,10,11,0,1
5,SARSA + PS + Kernel,777,386,-4,16,1,1
5,SARSA + PS + Kernel,777,387,-6,18,1,1
5,SARSA + PS + Kernel,777,388,6,15,0,1
5,SARSA + PS + Kernel,777,389,-5,17,1,1
5,SARSA + PS + Kernel,777,390,4,17,0,1
5,SARSA + PS + Kernel,777,391,-15,18,2,1
5,SARSA + PS + Kernel,777,392,10,11,0,1
5,SARSA + PS + Kernel,777,393,4,17,0,1
5,SARSA + PS + Kernel,777,394,-1,22,0,1
5,SARSA + PS + Kernel,777,395,-17,20,2,1
5,SARSA + PS + Kernel,777,396,13,8,0,1
5,SARSA + PS + Kernel,777,397,9,12,0,1
5,SARSA + PS + Kernel,777,398,10,11,0,1
5,SARSA + PS + Kernel,777,399,11,10,0,1
5,SARSA + PS + Kernel,777,400,-46,49,2,1
5,SARSA + PS + Kernel,777,401,0,21,0,1
5,SARSA + PS + Kernel,777,402,9,12,0,1
5,SARSA + PS + Kernel,777,403,12,9,0,1
5,SARSA + PS + Kernel,777,404,9,12,0,1
5,SARSA + PS + Kernel,777,405,1,11,1,1
5,SARSA + PS + Kernel,777,406,10,11,0,1
5,SARSA + PS + Kernel,777,407,11,10,0,1
5,SARSA + PS + Kernel,777,408,6,15,0,1
5,SARSA + PS + Kernel,777,409,9,12,0,1
5,SARSA + PS + Kernel,777,410,10,11,0,1
5,SARSA + PS + Kernel,777,411,-2,14,1,1
5,SARSA + PS + Kernel,777,412,-8,29,0,1
5,SARSA + PS + Kernel,777,413,-3,15,1,1
5,SARSA + PS + Kernel,777,414,3,18,0,1
5,SARSA + PS + Kernel,777,415,-89,83,3,1
5,SARSA + PS + Kernel,777,416,7,14,0,1
5,SARSA + PS + Kernel,777,417,7,14,0,1
5,SARSA + PS + Kernel,777,418,11,10,0,1
5,SARSA + PS + Kernel,777,419,-15,27,1,1
5,SARSA + PS + Kernel,777,420,-2,23,0,1
5,SARSA + PS + Kernel,777,421,8,13,0,1
5,SARSA + PS + Kernel,777,422,3,18,0,1
5,SARSA + PS + Kernel,777,423,2,10,1,1
5,SARSA + PS + Kernel,777,424,7,14,0,1
5,SARSA + PS + Kernel,777,425,2,10,1,1
5,SARSA + PS + Kernel,777,426,-1,13,1,1
5,SARSA + PS + Kernel,777,427,10,11,0,1
5,SARSA + PS + Kernel,777,428,-5,17,1,1
5,SARSA + PS + Kernel,777,429,10,11,0,1
5,SARSA + PS + Kernel,777,430,-1,13,1,1
5,SARSA + PS + Kernel,777,431,-17,20,2,1
5,SARSA + PS + Kernel,777,432,6,15,0,1
5,SARSA + PS + Kernel,777,433,9,12,0,1
5,SARSA + PS + Kernel,777,434,-2,14,1,1
5,SARSA + PS + Kernel,777,435,10,11,0,1
5,SARSA + PS + Kernel,777,436,-23,35,1,1
5,SARSA + PS + Kernel,777,437,-29,32,2,1
5,SARSA + PS + Kernel,777,438,3,18,0,1
5,SARSA + PS + Kernel,777,439,6,15,0,1
5,SARSA + PS + Kernel,777,440,-9,30,0,1
5,SARSA + PS + Kernel,777,441,11,10,0,1
5,SARSA + PS + Kernel,777,442,9,12,0,1
5,SARSA + PS + Kernel,777,443,11,10,0,1
5,SARSA + PS + Kernel,777,444,4,17,0,1
5,SARSA + PS + Kernel,777,445,10,11,0,1
5,SARSA + PS + Kernel,777,446,0,12,1,1
5,SARSA + PS + Kernel,777,447,-1,13,1,1
5,SARSA + PS + Kernel,777,448,9,12,0,1
5,SARSA + PS + Kernel,777,449,-4,16,1,1
5,SARSA + PS + Kernel,777,450,-13,16,2,1
5,SARSA + PS + Kernel,777,451,-3,24,0,1
5,SARSA + PS + Kernel,777,452,7,14,0,1
5,SARSA + PS + Kernel,777,453,8,13,0,1
5,SARSA + PS + Kernel,777,454,10,11,0,1
5,SARSA + PS + Kernel,777,455,-102,87,4,1
5,SARSA + PS + Kernel,777,456,2,10,1,1
5,SARSA + PS + Kernel,777,457,9,12,0,1
5,SARSA + PS + Kernel,777,458,14,7,0,1
5,SARSA + PS + Kernel,777,459,14,7,0,1
5,SARSA + PS + Kernel,777,460,11,10,0,1
5,SARSA + PS + Kernel,777,461,-21,24,2,1
5,SARSA + PS + Kernel,777,462,-1,22,0,1
5,SARSA + PS + Kernel,777,463,7,14,0,1
5,SARSA + PS + Kernel,777,464,7,14,0,1
5,SARSA + PS + Kernel,777,465,14,7,0,1
5,SARSA + PS + Kernel,777,466,8,13,0,1
5,SARSA + PS + Kernel,777,467,-3,15,1,1
5,SARSA + PS + Kernel,777,468,-36,57,0,1
5,SARSA + PS + Kernel,777,469,14,7,0,1
5,SARSA + PS + Kernel,777,470,8,13,0,1
5,SARSA + PS + Kernel,777,471,4,17,0,1
5,SARSA + PS + Kernel,777,472,8,13,0,1
5,SARSA + PS + Kernel,777,473,-1,13,1,1
5,SARSA + PS + Kernel,777,474,7,14,0,1
5,SARSA + PS + Kernel,777,475,-16,19,2,1
5,SARSA + PS + Kernel,777,476,-4,16,1,1
5,SARSA + PS + Kernel,777,477,-13,16,2,1
5,SARSA + PS + Kernel,777,478,4,8,1,1
5,SARSA + PS + Kernel,777,479,3,18,0,1
5,SARSA + PS + Kernel,777,480,-5,17,1,1
5,SARSA + PS + Kernel,777,481,6,15,0,1
5,SARSA + PS + Kernel,777,482,15,6,0,1
5,SARSA + PS + Kernel,777,483,-38,50,1,1
5,SARSA + PS + Kernel,777,484,5,16,0,1
5,SARSA + PS + Kernel,777,485,-172,139,6,1
5,SARSA + PS + Kernel,777,486,-1,13,1,1
5,SARSA + PS + Kernel,777,487,7,14,0,1
5,SARSA + PS + Kernel,777,488,9,12,0,1
5,SARSA + PS + Kernel,777,489,9,12,0,1
5,SARSA + PS + Kernel,777,490,-22,34,1,1
5,SARSA + PS + Kernel,777,491,-8,29,0,1
5,SARSA + PS + Kernel,777,492,2,19,0,1
5,SARSA + PS + Kernel,777,493,12,9,0,1
5,SARSA + PS + Kernel,777,494,-28,31,2,1
5,SARSA + PS + Kernel,777,495,4,17,0,1
5,SARSA + PS + Kernel,777,496,3,18,0,1
5,SARSA + PS + Kernel,777,497,7,14,0,1
5,SARSA + PS + Kernel,777,498,9,12,0,1
5,SARSA + PS + Kernel,777,499,12,9,0,1
5,SARSA + PS + Kernel,999,0,-668,200,52,0
5,SARSA + PS + Kernel,999,1,-467,137,39,1
5,SARSA + PS + Kernel,999,2,-587,200,43,0
5,SARSA + PS + Kernel,999,3,-605,200,45,0
5,SARSA + PS + Kernel,999,4,-632,200,48,0
5,SARSA + PS + Kernel,999,5,-578,200,42,0
5,SARSA + PS + Kernel,999,6,-542,200,38,0
5,SARSA + PS + Kernel,999,7,-470,200,30,0
5,SARSA + PS + Kernel,999,8,-632,200,48,0
5,SARSA + PS + Kernel,999,9,-463,142,38,1
5,SARSA + PS + Kernel,999,10,-569,200,41,0
5,SARSA + PS + Kernel,999,11,-506,200,34,0
5,SARSA + PS + Kernel,999,12,-596,200,44,0
5,SARSA + PS + Kernel,999,13,-614,200,46,0
5,SARSA + PS + Kernel,999,14,-31,25,3,1
5,SARSA + PS + Kernel,999,15,-551,200,39,0
5,SARSA + PS + Kernel,999,16,-587,200,43,0
5,SARSA + PS + Kernel,999,17,-425,200,25,0
5,SARSA + PS + Kernel,999,18,-443,200,27,0
5,SARSA + PS + Kernel,999,19,-77,44,6,1
5,SARSA + PS + Kernel,999,20,-479,200,31,0
5,SARSA + PS + Kernel,999,21,-150,81,10,1
5,SARSA + PS + Kernel,999,22,-551,200,39,0
5,SARSA + PS + Kernel,999,23,-407,200,23,0
5,SARSA + PS + Kernel,999,24,-44,29,4,1
5,SARSA + PS + Kernel,999,25,-324,192,17,1
5,SARSA + PS + Kernel,999,26,-308,113,24,1
5,SARSA + PS + Kernel,999,27,-479,200,31,0
5,SARSA + PS + Kernel,999,28,-93,69,5,1
5,SARSA + PS + Kernel,999,29,-178,82,13,1
5,SARSA + PS + Kernel,999,30,-443,200,27,0
5,SARSA + PS + Kernel,999,31,-488,200,32,0
5,SARSA + PS + Kernel,999,32,-297,138,20,1
5,SARSA + PS + Kernel,999,33,-290,200,10,0
5,SARSA + PS + Kernel,999,34,-38,23,4,1
5,SARSA + PS + Kernel,999,35,-488,200,32,0
5,SARSA + PS + Kernel,999,36,-240,171,10,1
5,SARSA + PS + Kernel,999,37,-281,185,13,1
5,SARSA + PS + Kernel,999,38,-263,200,7,0
5,SARSA + PS + Kernel,999,39,-425,200,25,0
5,SARSA + PS + Kernel,999,40,-338,197,18,1
5,SARSA + PS + Kernel,999,41,-326,200,14,0
5,SARSA + PS + Kernel,999,42,-241,118,16,1
5,SARSA + PS + Kernel,999,43,-281,200,9,0
5,SARSA + PS + Kernel,999,44,-361,193,21,1
5,SARSA + PS + Kernel,999,45,-425,200,25,0
5,SARSA + PS + Kernel,999,46,-353,200,17,0
5,SARSA + PS + Kernel,999,47,-189,111,11,1
5,SARSA + PS + Kernel,999,48,-443,200,27,0
5,SARSA + PS + Kernel,999,49,-254,200,6,0
5,SARSA + PS + Kernel,999,50,-48,60,1,1
5,SARSA + PS + Kernel,999,51,-32,44,1,1
5,SARSA + PS + Kernel,999,52,-190,130,9,1
5,SARSA + PS + Kernel,999,53,-191,167,5,1
5,SARSA + PS + Kernel,999,54,-148,79,10,1
5,SARSA + PS + Kernel,999,55,-461,200,29,0
5,SARSA + PS + Kernel,999,56,-272,200,8,0
5,SARSA + PS + Kernel,999,57,-120,114,3,1
5,SARSA + PS + Kernel,999,58,-140,116,5,1
5,SARSA + PS + Kernel,999,59,12,9,0,1
5,SARSA + PS + Kernel,999,60,-189,147,7,1
5,SARSA + PS + Kernel,999,61,-389,200,21,0
5,SARSA + PS + Kernel,999,62,-233,191,7,1
5,SARSA + PS + Kernel,999,63,-263,200,7,0
5,SARSA + PS + Kernel,999,64,-254,200,6,0
5,SARSA + PS + Kernel,999,65,-26,29,2,1
5,SARSA + PS + Kernel,999,66,-5,26,0,1
5,SARSA + PS + Kernel,999,67,-212,170,7,1
5,SARSA + PS + Kernel,999,68,-56,59,2,1
5,SARSA + PS + Kernel,999,69,-39,42,2,1
5,SARSA + PS + Kernel,999,70,12,9,0,1
5,SARSA + PS + Kernel,999,71,-263,200,7,0
5,SARSA + PS + Kernel,999,72,-100,85,4,1
5,SARSA + PS + Kernel,999,73,-227,200,3,0
5,SARSA + PS + Kernel,999,74,-257,152,14,1
5,SARSA + PS + Kernel,999,75,7,14,0,1
5,SARSA + PS + Kernel,999,76,-157,115,7,1
5,SARSA + PS + Kernel,999,77,-151,118,6,1
5,SARSA + PS + Kernel,999,78,-54,66,1,1
5,SARSA + PS + Kernel,999,79,-266,188,11,1
5,SARSA + PS + Kernel,999,80,-308,200,12,0
5,SARSA + PS + Kernel,999,81,-19,40,0,1
5,SARSA + PS + Kernel,999,82,-203,98,14,1
5,SARSA + PS + Kernel,999,83,-12,33,0,1
5,SARSA + PS + Kernel,999,84,12,9,0,1
5,SARSA + PS + Kernel,999,85,-53,56,2,1
5,SARSA + PS + Kernel,999,86,-67,79,1,1
5,SARSA + PS + Kernel,999,87,-217,112,14,1
5,SARSA + PS + Kernel,999,88,-55,58,2,1
5,SARSA + PS + Kernel,999,89,-49,52,2,1
5,SARSA + PS + Kernel,999,90,-8,11,2,1
5,SARSA + PS + Kernel,999,91,-263,200,7,0
5,SARSA + PS + Kernel,999,92,-141,144,2,1
5,SARSA + PS + Kernel,999,93,-185,170,4,1
5,SARSA + PS + Kernel,999,94,-103,106,2,1
5,SARSA + PS + Kernel,999,95,-62,74,1,1
5,SARSA + PS + Kernel,999,96,2,19,0,1
5,SARSA + PS + Kernel,999,97,-125,83,7,1
5,SARSA + PS + Kernel,999,98,12,9,0,1
5,SARSA + PS + Kernel,999,99,-55,49,3,1
5,SARSA + PS + Kernel,999,100,-27,48,0,1
5,SARSA + PS + Kernel,999,101,-41,26,4,1
5,SARSA + PS + Kernel,999,102,-20,23,2,1
5,SARSA + PS + Kernel,999,103,-245,200,5,0
5,SARSA + PS + Kernel,999,104,9,12,0,1
5,SARSA + PS + Kernel,999,105,-389,176,26,1
5,SARSA + PS + Kernel,999,106,-79,64,4,1
5,SARSA + PS + Kernel,999,107,-137,131,3,1
5,SARSA + PS + Kernel,999,108,5,16,0,1
5,SARSA + PS + Kernel,999,109,-292,169,16,1
5,SARSA + PS + Kernel,999,110,-27,30,2,1
5,SARSA + PS + Kernel,999,111,-23,44,0,1
5,SARSA + PS + Kernel,999,112,-66,78,1,1
5,SARSA + PS + Kernel,999,113,-87,81,3,1
5,SARSA + PS + Kernel,999,114,-12,24,1,1
5,SARSA + PS + Kernel,999,115,-74,68,3,1
5,SARSA + PS + Kernel,999,116,-110,95,4,1
5,SARSA + PS + Kernel,999,117,-105,81,5,1
5,SARSA + PS + Kernel,999,118,7,14,0,1
5,SARSA + PS + Kernel,999,119,3,9,1,1
5,SARSA + PS + Kernel,999,120,6,15,0,1
5,SARSA + PS + Kernel,999,121,-108,102,3,1
5,SARSA + PS + Kernel,999,122,-43,46,2,1
5,SARSA + PS + Kernel,999,123,11,10,0,1
5,SARSA + PS + Kernel,999,124,-11,32,0,1
5,SARSA + PS + Kernel,999,125,-206,182,5,1
5,SARSA + PS + Kernel,999,126,3,18,0,1
5,SARSA + PS + Kernel,999,127,12,9,0,1
5,SARSA + PS + Kernel,999,128,11,10,0,1
5,SARSA + PS + Kernel,999,129,-55,67,1,1
5,SARSA + PS + Kernel,999,130,11,10,0,1
5,SARSA + PS + Kernel,999,131,-83,86,2,1
5,SARSA + PS + Kernel,999,132,11,10,0,1
5,SARSA + PS + Kernel,999,133,-6,27,0,1
5,SARSA + PS + Kernel,999,134,-4,16,1,1
5,SARSA + PS + Kernel,999,135,-254,200,6,0
5,SARSA + PS + Kernel,999,136,-23,35,1,1
5,SARSA + PS + Kernel,999,137,-20,23,2,1
5,SARSA + PS + Kernel,999,138,-35,29,3,1
5,SARSA + PS + Kernel,999,139,-91,85,3,1
5,SARSA + PS + Kernel,999,140,11,10,0,1
5,SARSA + PS + Kernel,999,141,-88,91,2,1
5,SARSA + PS + Kernel,999,142,14,7,0,1
5,SARSA + PS + Kernel,999,143,2,19,0,1
5,SARSA + PS + Kernel,999,144,-116,110,3,1
5,SARSA + PS + Kernel,999,145,-74,86,1,1
5,SARSA + PS + Kernel,999,146,-39,51,1,1
5,SARSA + PS + Kernel,999,147,-23,44,0,1
5,SARSA + PS + Kernel,999,148,-46,58,1,1
5,SARSA + PS + Kernel,999,149,-39,42,2,1
5,SARSA + PS + Kernel,999,150,-17,20,2,1
5,SARSA + PS + Kernel,999,151,-67,70,2,1
5,SARSA + PS + Kernel,999,152,11,10,0,1
5,SARSA + PS + Kernel,999,153,-73,76,2,1
5,SARSA + PS + Kernel,999,154,14,7,0,1
5,SARSA + PS + Kernel,999,155,-26,38,1,1
5,SARSA + PS + Kernel,999,156,13,8,0,1
5,SARSA + PS + Kernel,999,157,-9,30,0,1
5,SARSA + PS + Kernel,999,158,-134,128,3,1
5,SARSA + PS + Kernel,999,159,-3,24,0,1
5,SARSA + PS + Kernel,999,160,-22,43,0,1
5,SARSA + PS + Kernel,999,161,0,21,0,1
5,SARSA + PS + Kernel,999,162,7,14,0,1
5,SARSA + PS + Kernel,999,163,8,13,0,1
5,SARSA + PS + Kernel,999,164,-25,28,2,1
5,SARSA + PS + Kernel,999,165,-20,41,0,1
5,SARSA + PS + Kernel,999,166,-13,34,0,1
5,SARSA + PS + Kernel,999,167,-37,40,2,1
5,SARSA + PS + Kernel,999,168,-130,133,2,1
5,SARSA + PS + Kernel,999,169,-6,27,0,1
5,SARSA + PS + Kernel,999,170,11,10,0,1
5,SARSA + PS + Kernel,999,171,-4,25,0,1
5,SARSA + PS + Kernel,999,172,-5,17,1,1
5,SARSA + PS + Kernel,999,173,-3,24,0,1
5,SARSA + PS + Kernel,999,174,14,7,0,1
5,SARSA + PS + Kernel,999,175,9,12,0,1
5,SARSA + PS + Kernel,999,176,8,13,0,1
5,SARSA + PS + Kernel,999,177,10,11,0,1
5,SARSA + PS + Kernel,999,178,-257,179,11,1
5,SARSA + PS + Kernel,999,179,-190,157,6,1
5,SARSA + PS + Kernel,999,180,-1,13,1,1
5,SARSA + PS + Kernel,999,181,11,10,0,1
5,SARSA + PS + Kernel,999,182,-6,18,1,1
5,SARSA + PS + Kernel,999,183,1,11,1,1
5,SARSA + PS + Kernel,999,184,9,12,0,1
5,SARSA + PS + Kernel,999,185,11,10,0,1
5,SARSA + PS + Kernel,999,186,-13,25,1,1
5,SARSA + PS + Kernel,999,187,-1,22,0,1
5,SARSA + PS + Kernel,999,188,10,11,0,1
5,SARSA + PS + Kernel,999,189,-2,14,1,1
5,SARSA + PS + Kernel,999,190,-12,24,1,1
5,SARSA + PS + Kernel,999,191,7,14,0,1
5,SARSA + PS + Kernel,999,192,-20,41,0,1
5,SARSA + PS + Kernel,999,193,-32,44,1,1
5,SARSA + PS + Kernel,999,194,0,21,0,1
5,SARSA + PS + Kernel,999,195,-7,19,1,1
5,SARSA + PS + Kernel,999,196,10,11,0,1
5,SARSA + PS + Kernel,999,197,-9,21,1,1
5,SARSA + PS + Kernel,999,198,-208,148,9,1
5,SARSA + PS + Kernel,999,199,8,13,0,1
5,SARSA + PS + Kernel,999,200,-6,18,1,1
5,SARSA + PS + Kernel,999,201,-13,16,2,1
5,SARSA + PS + Kernel,999,202,11,10,0,1
5,SARSA + PS + Kernel,999,203,13,8,0,1
5,SARSA + PS + Kernel,999,204,-1,13,1,1
5,SARSA + PS + Kernel,999,205,9,12,0,1
5,SARSA + PS + Kernel,999,206,6,15,0,1
5,SARSA + PS + Kernel,999,207,-1,13,1,1
5,SARSA + PS + Kernel,999,208,14,7,0,1
5,SARSA + PS + Kernel,999,209,4,17,0,1
5,SARSA + PS + Kernel,999,210,-25,28,2,1
5,SARSA + PS + Kernel,999,211,-50,35,4,1
5,SARSA + PS + Kernel,999,212,10,11,0,1
5,SARSA + PS + Kernel,999,213,-14,17,2,1
5,SARSA + PS + Kernel,999,214,-42,63,0,1
5,SARSA + PS + Kernel,999,215,-28,31,2,1
5,SARSA + PS + Kernel,999,216,-1,22,0,1
5,SARSA + PS + Kernel,999,217,7,14,0,1
5,SARSA + PS + Kernel,999,218,-164,131,6,1
5,SARSA + PS + Kernel,999,219,11,10,0,1
5,SARSA + PS + Kernel,999,220,9,12,0,1
5,SARSA + PS + Kernel,999,221,11,10,0,1
5,SARSA + PS + Kernel,999,222,-8,29,0,1
5,SARSA + PS + Kernel,999,223,10,11,0,1
5,SARSA + PS + Kernel,999,224,10,11,0,1
5,SARSA + PS + Kernel,999,225,9,12,0,1
5,SARSA + PS + Kernel,999,226,-25,19,3,1
5,SARSA + PS + Kernel,999,227,9,12,0,1
5,SARSA + PS + Kernel,999,228,-4,25,0,1
5,SARSA + PS + Kernel,999,229,-18,21,2,1
5,SARSA + PS + Kernel,999,230,1,20,0,1
5,SARSA + PS + Kernel,999,231,9,12,0,1
5,SARSA + PS + Kernel,999,232,-1,13,1,1
5,SARSA + PS + Kernel,999,233,-50,53,2,1
5,SARSA + PS + Kernel,999,234,12,9,0,1
5,SARSA + PS + Kernel,999,235,-9,21,1,1
5,SARSA + PS + Kernel,999,236,-8,11,2,1
5,SARSA + PS + Kernel,999,237,13,8,0,1
5,SARSA + PS + Kernel,999,238,9,12,0,1
5,SARSA + PS + Kernel,999,239,-12,33,0,1
5,SARSA + PS + Kernel,999,240,-58,52,3,1
5,SARSA + PS + Kernel,999,241,-29,50,0,1
5,SARSA + PS + Kernel,999,242,3,18,0,1
5,SARSA + PS + Kernel,999,243,12,9,0,1
5,SARSA + PS + Kernel,999,244,10,11,0,1
5,SARSA + PS + Kernel,999,245,-5,17,1,1
5,SARSA + PS + Kernel,999,246,-58,52,3,1
5,SARSA + PS + Kernel,999,247,3,9,1,1
5,SARSA + PS + Kernel,999,248,-76,70,3,1
5,SARSA + PS + Kernel,999,249,-4,16,1,1
5,SARSA + PS + Kernel,999,250,11,10,0,1
5,SARSA + PS + Kernel,999,251,5,16,0,1
5,SARSA + PS + Kernel,999,252,7,14,0,1
5,SARSA + PS + Kernel,999,253,-14,26,1,1
5,SARSA + PS + Kernel,999,254,4,17,0,1
5,SARSA + PS + Kernel,999,255,-2,14,1,1
5,SARSA + PS + Kernel,999,256,14,7,0,1
5,SARSA + PS + Kernel,999,257,4,17,0,1
5,SARSA + PS + Kernel,999,258,-107,92,4,1
5,SARSA + PS + Kernel,999,259,-4,16,1,1
5,SARSA + PS + Kernel,999,260,15,6,0,1
5,SARSA + PS + Kernel,999,261,-16,28,1,1
5,SARSA + PS + Kernel,999,262,-61,64,2,1
5,SARSA + PS + Kernel,999,263,-42,45,2,1
5,SARSA + PS + Kernel,999,264,7,14,0,1
5,SARSA + PS + Kernel,999,265,6,15,0,1
5,SARSA + PS + Kernel,999,266,-2,14,1,1
5,SARSA + PS + Kernel,999,267,10,11,0,1
5,SARSA + PS + Kernel,999,268,-51,54,2,1
5,SARSA + PS + Kernel,999,269,-71,65,3,1
5,SARSA + PS + Kernel,999,270,5,16,0,1
5,SARSA + PS + Kernel,999,271,14,7,0,1
5,SARSA + PS + Kernel,999,272,-9,21,1,1
5,SARSA + PS + Kernel,999,273,8,13,0,1
5,SARSA + PS + Kernel,999,274,-51,54,2,1
5,SARSA + PS + Kernel,999,275,7,14,0,1
5,SARSA + PS + Kernel,999,276,7,14,0,1
5,SARSA + PS + Kernel,999,277,7,14,0,1
5,SARSA + PS + Kernel,999,278,3,9,1,1
5,SARSA + PS + Kernel,999,279,1,20,0,1
5,SARSA + PS + Kernel,999,280,5,16,0,1
5,SARSA + PS + Kernel,999,281,12,9,0,1
5,SARSA + PS + Kernel,999,282,-29,23,3,1
5,SARSA + PS + Kernel,999,283,10,11,0,1
5,SARSA + PS + Kernel,999,284,9,12,0,1
5,SARSA + PS + Kernel,999,285,-54,66,1,1
5,SARSA + PS + Kernel,999,286,-16,28,1,1
5,SARSA + PS + Kernel,999,287,10,11,0,1
5,SARSA + PS + Kernel,999,288,-70,73,2,1
5,SARSA + PS + Kernel,999,289,10,11,0,1
5,SARSA + PS + Kernel,999,290,-15,27,1,1
5,SARSA + PS + Kernel,999,291,-9,21,1,1
5,SARSA + PS + Kernel,999,292,-13,25,1,1
5,SARSA + PS + Kernel,999,293,6,15,0,1
5,SARSA + PS + Kernel,999,294,1,11,1,1
5,SARSA + PS + Kernel,999,295,13,8,0,1
5,SARSA + PS + Kernel,999,296,-33,27,3,1
5,SARSA + PS + Kernel,999,297,7,14,0,1
5,SARSA + PS + Kernel,999,298,7,14,0,1
5,SARSA + PS + Kernel,999,299,4,17,0,1
5,SARSA + PS + Kernel,999,300,9,12,0,1
5,SARSA + PS + Kernel,999,301,-3,24,0,1
5,SARSA + PS + Kernel,999,302,-81,93,1,1
5,SARSA + PS + Kernel,999,303,8,13,0,1
5,SARSA + PS + Kernel,999,304,8,13,0,1
5,SARSA + PS + Kernel,999,305,8,13,0,1
5,SARSA + PS + Kernel,999,306,13,8,0,1
5,SARSA + PS + Kernel,999,307,-236,200,4,0
5,SARSA + PS + Kernel,999,308,-50,53,2,1
5,SARSA + PS + Kernel,999,309,8,13,0,1
5,SARSA + PS + Kernel,999,310,-150,126,5,1
5,SARSA + PS + Kernel,999,311,9,12,0,1
5,SARSA + PS + Kernel,999,312,-1,13,1,1
5,SARSA + PS + Kernel,999,313,-106,64,7,1
5,SARSA + PS + Kernel,999,314,9,12,0,1
5,SARSA + PS + Kernel,999,315,-159,126,6,1
5,SARSA + PS + Kernel,999,316,-12,33,0,1
5,SARSA + PS + Kernel,999,317,-15,18,2,1
5,SARSA + PS + Kernel,999,318,-19,22,2,1
5,SARSA + PS + Kernel,999,319,-7,19,1,1
5,SARSA + PS + Kernel,999,320,-9,21,1,1
5,SARSA + PS + Kernel,999,321,-2,14,1,1
5,SARSA + PS + Kernel,999,322,-36,48,1,1
5,SARSA + PS + Kernel,999,323,7,14,0,1
5,SARSA + PS + Kernel,999,324,7,14,0,1
5,SARSA + PS + Kernel,999,325,0,12,1,1
5,SARSA + PS + Kernel,999,326,10,11,0,1
5,SARSA + PS + Kernel,999,327,9,12,0,1
5,SARSA + PS + Kernel,999,328,-12,33,0,1
5,SARSA + PS + Kernel,999,329,13,8,0,1
5,SARSA + PS + Kernel,999,330,11,10,0,1
5,SARSA + PS + Kernel,999,331,10,11,0,1
5,SARSA + PS + Kernel,999,332,6,15,0,1
5,SARSA + PS + Kernel,999,333,-100,76,5,1
5,SARSA + PS + Kernel,999,334,10,11,0,1
5,SARSA + PS + Kernel,999,335,0,21,0,1
5,SARSA + PS + Kernel,999,336,10,11,0,1
5,SARSA + PS + Kernel,999,337,-23,17,3,1
5,SARSA + PS + Kernel,999,338,-14,17,2,1
5,SARSA + PS + Kernel,999,339,0,21,0,1
5,SARSA + PS + Kernel,999,340,0,21,0,1
5,SARSA + PS + Kernel,999,341,-15,18,2,1
5,SARSA + PS + Kernel,999,342,9,12,0,1
5,SARSA + PS + Kernel,999,343,1,11,1,1
5,SARSA + PS + Kernel,999,344,-10,22,1,1
5,SARSA + PS + Kernel,999,345,-31,25,3,1
5,SARSA + PS + Kernel,999,346,3,18,0,1
5,SARSA + PS + Kernel,999,347,9,12,0,1
5,SARSA + PS + Kernel,999,348,7,14,0,1
5,SARSA + PS + Kernel,999,349,-165,141,5,1
5,SARSA + PS + Kernel,999,350,-34,46,1,1
5,SARSA + PS + Kernel,999,351,-263,200,7,0
5,SARSA + PS + Kernel,999,352,-2,14,1,1
5,SARSA + PS + Kernel,999,353,-23,35,1,1
5,SARSA + PS + Kernel,999,354,2,10,1,1
5,SARSA + PS + Kernel,999,355,-27,21,3,1
5,SARSA + PS + Kernel,999,356,-76,79,2,1
5,SARSA + PS + Kernel,999,357,10,11,0,1
5,SARSA + PS + Kernel,999,358,-26,38,1,1
5,SARSA + PS + Kernel,999,359,6,15,0,1
5,SARSA + PS + Kernel,999,360,7,14,0,1
5,SARSA + PS + Kernel,999,361,10,11,0,1
5,SARSA + PS + Kernel,999,362,4,17,0,1
5,SARSA + PS + Kernel,999,363,-13,25,1,1
5,SARSA + PS + Kernel,999,364,-11,14,2,1
5,SARSA + PS + Kernel,999,365,1,11,1,1
5,SARSA + PS + Kernel,999,366,14,7,0,1
5,SARSA + PS + Kernel,999,367,-8,20,1,1
5,SARSA + PS + Kernel,999,368,2,10,1,1
5,SARSA + PS + Kernel,999,369,-9,21,1,1
5,SARSA + PS + Kernel,999,370,5,16,0,1
5,SARSA + PS + Kernel,999,371,1,11,1,1
5,SARSA + PS + Kernel,999,372,11,10,0,1
5,SARSA + PS + Kernel,999,373,-100,94,3,1
5,SARSA + PS + Kernel,999,374,1,11,1,1
5,SARSA + PS + Kernel,999,375,-4,16,1,1
5,SARSA + PS + Kernel,999,376,0,12,1,1
5,SARSA + PS + Kernel,999,377,-3,15,1,1
5,SARSA + PS + Kernel,999,378,11,10,0,1
5,SARSA + PS + Kernel,999,379,8,13,0,1
5,SARSA + PS + Kernel,999,380,12,9,0,1
5,SARSA + PS + Kernel,999,381,-9,21,1,1
5,SARSA + PS + Kernel,999,382,-64,58,3,1
5,SARSA + PS + Kernel,999,383,-17,20,2,1
5,SARSA + PS + Kernel,999,384,8,13,0,1
5,SARSA + PS + Kernel,999,385,-9,12,2,1
5,SARSA + PS + Kernel,999,386,-2,14,1,1
5,SARSA + PS + Kernel,999,387,10,11,0,1
5,SARSA + PS + Kernel,999,388,-12,33,0,1
5,SARSA + PS + Kernel,999,389,-1,22,0,1
5,SARSA + PS + Kernel,999,390,-15,27,1,1
5,SARSA + PS + Kernel,999,391,6,15,0,1
5,SARSA + PS + Kernel,999,392,-121,106,4,1
5,SARSA + PS + Kernel,999,393,8,13,0,1
5,SARSA + PS + Kernel,999,394,-17,20,2,1
5,SARSA + PS + Kernel,999,395,7,14,0,1
5,SARSA + PS + Kernel,999,396,-35,47,1,1
5,SARSA + PS + Kernel,999,397,9,12,0,1
5,SARSA + PS + Kernel,999,398,-205,181,5,1
5,SARSA + PS + Kernel,999,399,2,19,0,1
5,SARSA + PS + Kernel,999,400,-2,14,1,1
5,SARSA + PS + Kernel,999,401,-11,14,2,1
5,SARSA + PS + Kernel,999,402,11,10,0,1
5,SARSA + PS + Kernel,999,403,5,16,0,1
5,SARSA + PS + Kernel,999,404,7,14,0,1
5,SARSA + PS + Kernel,999,405,-24,36,1,1
5,SARSA + PS + Kernel,999,406,-7,19,1,1
5,SARSA + PS + Kernel,999,407,6,15,0,1
5,SARSA + PS + Kernel,999,408,12,9,0,1
5,SARSA + PS + Kernel,999,409,-10,22,1,1
5,SARSA + PS + Kernel,999,410,-9,21,1,1
5,SARSA + PS + Kernel,999,411,-2,14,1,1
5,SARSA + PS + Kernel,999,412,-21,24,2,1
5,SARSA + PS + Kernel,999,413,10,11,0,1
5,SARSA + PS + Kernel,999,414,-87,99,1,1
5,SARSA + PS + Kernel,999,415,2,10,1,1
5,SARSA + PS + Kernel,999,416,9,12,0,1
5,SARSA + PS + Kernel,999,417,5,16,0,1
5,SARSA + PS + Kernel,999,418,-20,32,1,1
5,SARSA + PS + Kernel,999,419,10,11,0,1
5,SARSA + PS + Kernel,999,420,1,20,0,1
5,SARSA + PS + Kernel,999,421,6,15,0,1
5,SARSA + PS + Kernel,999,422,-16,28,1,1
5,SARSA + PS + Kernel,999,423,8,13,0,1
5,SARSA + PS + Kernel,999,424,11,10,0,1
5,SARSA + PS + Kernel,999,425,-29,23,3,1
5,SARSA + PS + Kernel,999,426,3,18,0,1
5,SARSA + PS + Kernel,999,427,5,16,0,1
5,SARSA + PS + Kernel,999,428,2,10,1,1
5,SARSA + PS + Kernel,999,429,-55,67,1,1
5,SARSA + PS + Kernel,999,430,5,16,0,1
5,SARSA + PS + Kernel,999,431,-31,25,3,1
5,SARSA + PS + Kernel,999,432,9,12,0,1
5,SARSA + PS + Kernel,999,433,4,17,0,1
5,SARSA + PS + Kernel,999,434,0,12,1,1
5,SARSA + PS + Kernel,999,435,14,7,0,1
5,SARSA + PS + Kernel,999,436,-10,13,2,1
5,SARSA + PS + Kernel,999,437,-7,19,1,1
5,SARSA + PS + Kernel,999,438,12,9,0,1
5,SARSA + PS + Kernel,999,439,-3,15,1,1
5,SARSA + PS + Kernel,999,440,12,9,0,1
5,SARSA + PS + Kernel,999,441,12,9,0,1
5,SARSA + PS + Kernel,999,442,-3,15,1,1
5,SARSA + PS + Kernel,999,443,13,8,0,1
5,SARSA + PS + Kernel,999,444,-40,43,2,1
5,SARSA + PS + Kernel,999,445,11,10,0,1
5,SARSA + PS + Kernel,999,446,11,10,0,1
5,SARSA + PS + Kernel,999,447,10,11,0,1
5,SARSA + PS + Kernel,999,448,-4,25,0,1
5,SARSA + PS + Kernel,999,449,9,12,0,1
5,SARSA + PS + Kernel,999,450,7,14,0,1
5,SARSA + PS + Kernel,999,451,-12,15,2,1
5,SARSA + PS + Kernel,999,452,-1,13,1,1
5,SARSA + PS + Kernel,999,453,3,18,0,1
5,SARSA + PS + Kernel,999,454,2,19,0,1
5,SARSA + PS + Kernel,999,455,5,16,0,1
5,SARSA + PS + Kernel,999,456,-12,15,2,1
5,SARSA + PS + Kernel,999,457,5,16,0,1
5,SARSA + PS + Kernel,999,458,7,14,0,1
5,SARSA + PS + Kernel,999,459,7,14,0,1
5,SARSA + PS + Kernel,999,460,11,10,0,1
5,SARSA + PS + Kernel,999,461,8,13,0,1
5,SARSA + PS + Kernel,999,462,-3,24,0,1
5,SARSA + PS + Kernel,999,463,-96,90,3,1
5,SARSA + PS + Kernel,999,464,2,19,0,1
5,SARSA + PS + Kernel,999,465,10,11,0,1
5,SARSA + PS + Kernel,999,466,-77,89,1,1
5,SARSA + PS + Kernel,999,467,8,13,0,1
5,SARSA + PS + Kernel,999,468,3,18,0,1
5,SARSA + PS + Kernel,999,469,7,14,0,1
5,SARSA + PS + Kernel,999,470,-1,22,0,1
5,SARSA + PS + Kernel,999,471,1,20,0,1
5,SARSA + PS + Kernel,999,472,-41,62,0,1
5,SARSA + PS + Kernel,999,473,5,16,0,1
5,SARSA + PS + Kernel,999,474,-27,30,2,1
5,SARSA + PS + Kernel,999,475,-1,13,1,1
5,SARSA + PS + Kernel,999,476,-11,23,1,1
5,SARSA + PS + Kernel,999,477,-16,19,2,1
5,SARSA + PS + Kernel,999,478,6,15,0,1
5,SARSA + PS + Kernel,999,479,-3,15,1,1
5,SARSA + PS + Kernel,999,480,10,11,0,1
5,SARSA + PS + Kernel,999,481,-1,22,0,1
5,SARSA + PS + Kernel,999,482,14,7,0,1
5,SARSA + PS + Kernel,999,483,3,18,0,1
5,SARSA + PS + Kernel,999,484,8,13,0,1
5,SARSA + PS + Kernel,999,485,-7,19,1,1
5,SARSA + PS + Kernel,999,486,-8,20,1,1
5,SARSA + PS + Kernel,999,487,4,17,0,1
5,SARSA + PS + Kernel,999,488,13,8,0,1
5,SARSA + PS + Kernel,999,489,7,14,0,1
5,SARSA + PS + Kernel,999,490,10,11,0,1
5,SARSA + PS + Kernel,999,491,7,14,0,1
5,SARSA + PS + Kernel,999,492,7,14,0,1
5,SARSA + PS + Kernel,999,493,-3,24,0,1
5,SARSA + PS + Kernel,999,494,-2,23,0,1
5,SARSA + PS + Kernel,999,495,10,11,0,1
5,SARSA + PS + Kernel,999,496,2,10,1,1
5,SARSA + PS + Kernel,999,497,-27,30,2,1
5,SARSA + PS + Kernel,999,498,-3,15,1,1
5,SARSA + PS + Kernel,999,499,-19,31,1,1
5,SARSA + PS + Kernel,2024,0,-623,200,47,0
5,SARSA + PS + Kernel,2024,1,-506,200,34,0
5,SARSA + PS + Kernel,2024,2,-623,200,47,0
5,SARSA + PS + Kernel,2024,3,-632,200,48,0
5,SARSA + PS + Kernel,2024,4,-569,200,41,0
5,SARSA + PS + Kernel,2024,5,-650,200,50,0
5,SARSA + PS + Kernel,2024,6,-569,200,41,0
5,SARSA + PS + Kernel,2024,7,-569,200,41,0
5,SARSA + PS + Kernel,2024,8,-596,200,44,0
5,SARSA + PS + Kernel,2024,9,-605,200,45,0
5,SARSA + PS + Kernel,2024,10,-650,200,50,0
5,SARSA + PS + Kernel,2024,11,-623,200,47,0
5,SARSA + PS + Kernel,2024,12,-506,200,34,0
5,SARSA + PS + Kernel,2024,13,-515,200,35,0
5,SARSA + PS + Kernel,2024,14,-470,200,30,0
5,SARSA + PS + Kernel,2024,15,-335,200,15,0
5,SARSA + PS + Kernel,2024,16,-497,200,33,0
5,SARSA + PS + Kernel,2024,17,-272,200,8,0
5,SARSA + PS + Kernel,2024,18,-425,200,25,0
5,SARSA + PS + Kernel,2024,19,-506,200,34,0
5,SARSA + PS + Kernel,2024,20,-281,200,9,0
5,SARSA + PS + Kernel,2024,21,-353,200,17,0
5,SARSA + PS + Kernel,2024,22,-614,200,46,0
5,SARSA + PS + Kernel,2024,23,-479,200,31,0
5,SARSA + PS + Kernel,2024,24,-425,200,25,0
5,SARSA + PS + Kernel,2024,25,-506,200,34,0
5,SARSA + PS + Kernel,2024,26,-330,135,24,1
5,SARSA + PS + Kernel,2024,27,-389,200,21,0
5,SARSA + PS + Kernel,2024,28,-148,70,11,1
5,SARSA + PS + Kernel,2024,29,-479,200,31,0
5,SARSA + PS + Kernel,2024,30,-452,200,28,0
5,SARSA + PS + Kernel,2024,31,-470,200,30,0
5,SARSA + PS + Kernel,2024,32,-272,200,8,0
5,SARSA + PS + Kernel,2024,33,-88,37,8,1
5,SARSA + PS + Kernel,2024,34,-380,200,20,0
5,SARSA + PS + Kernel,2024,35,-281,200,9,0
5,SARSA + PS + Kernel,2024,36,-370,157,26,1
5,SARSA + PS + Kernel,2024,37,-268,91,22,1
5,SARSA + PS + Kernel,2024,38,-97,100,2,1
5,SARSA + PS + Kernel,2024,39,-281,200,9,0
5,SARSA + PS + Kernel,2024,40,-560,200,40,0
5,SARSA + PS + Kernel,2024,41,-213,99,15,1
5,SARSA + PS + Kernel,2024,42,-335,200,15,0
5,SARSA + PS + Kernel,2024,43,-202,169,6,1
5,SARSA + PS + Kernel,2024,44,-17,20,2,1
5,SARSA + PS + Kernel,2024,45,-215,173,7,1
5,SARSA + PS + Kernel,2024,46,-409,196,26,1
5,SARSA + PS + Kernel,2024,47,-148,142,3,1
5,SARSA + PS + Kernel,2024,48,-254,200,6,0
5,SARSA + PS + Kernel,2024,49,-186,90,13,1
5,SARSA + PS + Kernel,2024,50,-272,200,8,0
5,SARSA + PS + Kernel,2024,51,-103,97,3,1
5,SARSA + PS + Kernel,2024,52,3,18,0,1
5,SARSA + PS + Kernel,2024,53,-317,200,13,0
5,SARSA + PS + Kernel,2024,54,-73,67,3,1
5,SARSA + PS + Kernel,2024,55,-236,200,4,0
5,SARSA + PS + Kernel,2024,56,-362,200,18,0
5,SARSA + PS + Kernel,2024,57,-236,200,4,0
5,SARSA + PS + Kernel,2024,58,-237,159,11,1
5,SARSA + PS + Kernel,2024,59,-208,139,10,1
5,SARSA + PS + Kernel,2024,60,-461,200,29,0
5,SARSA + PS + Kernel,2024,61,4,17,0,1
5,SARSA + PS + Kernel,2024,62,-569,200,41,0
5,SARSA + PS + Kernel,2024,63,-83,77,3,1
5,SARSA + PS + Kernel,2024,64,1,20,0,1
5,SARSA + PS + Kernel,2024,65,-180,93,12,1
5,SARSA + PS + Kernel,2024,66,3,18,0,1
5,SARSA + PS + Kernel,2024,67,8,13,0,1
5,SARSA + PS + Kernel,2024,68,-71,74,2,1
5,SARSA + PS + Kernel,2024,69,-105,99,3,1
5,SARSA + PS + Kernel,2024,70,12,9,0,1
5,SARSA + PS + Kernel,2024,71,-12,33,0,1
5,SARSA + PS + Kernel,2024,72,-6,27,0,1
5,SARSA + PS + Kernel,2024,73,-62,47,4,1
5,SARSA + PS + Kernel,2024,74,-111,78,6,1
5,SARSA + PS + Kernel,2024,75,-17,29,1,1
5,SARSA + PS + Kernel,2024,76,-9,21,1,1
5,SARSA + PS + Kernel,2024,77,-281,200,9,0
5,SARSA + PS + Kernel,2024,78,-317,200,13,0
5,SARSA + PS + Kernel,2024,79,-236,200,4,0
5,SARSA + PS + Kernel,2024,80,-4,16,1,1
5,SARSA + PS + Kernel,2024,81,-34,46,1,1
5,SARSA + PS + Kernel,2024,82,12,9,0,1
5,SARSA + PS + Kernel,2024,83,-27,30,2,1
5,SARSA + PS + Kernel,2024,84,7,14,0,1
5,SARSA + PS + Kernel,2024,85,-122,89,6,1
5,SARSA + PS + Kernel,2024,86,-19,22,2,1
5,SARSA + PS + Kernel,2024,87,-29,50,0,1
5,SARSA + PS + Kernel,2024,88,-112,88,5,1
5,SARSA + PS + Kernel,2024,89,-28,31,2,1
5,SARSA + PS + Kernel,2024,90,10,11,0,1
5,SARSA + PS + Kernel,2024,91,-290,200,10,0
5,SARSA + PS + Kernel,2024,92,-326,176,19,1
5,SARSA + PS + Kernel,2024,93,12,9,0,1
5,SARSA + PS + Kernel,2024,94,-142,109,6,1
5,SARSA + PS + Kernel,2024,95,-11,23,1,1
5,SARSA + PS + Kernel,2024,96,-290,194,13,1
5,SARSA + PS + Kernel,2024,97,-25,37,1,1
5,SARSA + PS + Kernel,2024,98,-29,23,3,1
5,SARSA + PS + Kernel,2024,99,-161,128,6,1
5,SARSA + PS + Kernel,2024,100,13,8,0,1
5,SARSA + PS + Kernel,2024,101,-1,13,1,1
5,SARSA + PS + Kernel,2024,102,-51,54,2,1
5,SARSA + PS + Kernel,2024,103,-239,197,7,1
5,SARSA + PS + Kernel,2024,104,11,10,0,1
5,SARSA + PS + Kernel,2024,105,8,13,0,1
5,SARSA + PS + Kernel,2024,106,-5,26,0,1
5,SARSA + PS + Kernel,2024,107,14,7,0,1
5,SARSA + PS + Kernel,2024,108,-95,71,5,1
5,SARSA + PS + Kernel,2024,109,-70,82,1,1
5,SARSA + PS + Kernel,2024,110,-230,197,6,1
5,SARSA + PS + Kernel,2024,111,9,12,0,1
5,SARSA + PS + Kernel,2024,112,-1,22,0,1
5,SARSA + PS + Kernel,2024,113,10,11,0,1
5,SARSA + PS + Kernel,2024,114,7,14,0,1
5,SARSA + PS + Kernel,2024,115,-1,22,0,1
5,SARSA + PS + Kernel,2024,116,-210,168,7,1
5,SARSA + PS + Kernel,2024,117,10,11,0,1
5,SARSA + PS + Kernel,2024,118,-2,14,1,1
5,SARSA + PS + Kernel,2024,119,-407,200,23,0
5,SARSA + PS + Kernel,2024,120,-23,44,0,1
5,SARSA + PS + Kernel,2024,121,7,14,0,1
5,SARSA + PS + Kernel,2024,122,-26,38,1,1
5,SARSA + PS + Kernel,2024,123,10,11,0,1
5,SARSA + PS + Kernel,2024,124,-66,69,2,1
5,SARSA + PS + Kernel,2024,125,2,10,1,1
5,SARSA + PS + Kernel,2024,126,-27,30,2,1
5,SARSA + PS + Kernel,2024,127,2,19,0,1
5,SARSA + PS + Kernel,2024,128,6,15,0,1
5,SARSA + PS + Kernel,2024,129,-19,40,0,1
5,SARSA + PS + Kernel,2024,130,10,11,0,1
5,SARSA + PS + Kernel,2024,131,-18,30,1,1
5,SARSA + PS + Kernel,2024,132,13,8,0,1
5,SARSA + PS + Kernel,2024,133,12,9,0,1
5,SARSA + PS + Kernel,2024,134,-7,28,0,1
5,SARSA + PS + Kernel,2024,135,-22,34,1,1
5,SARSA + PS + Kernel,2024,136,-40,61,0,1
5,SARSA + PS + Kernel,2024,137,-92,77,4,1
5,SARSA + PS + Kernel,2024,138,-10,22,1,1
5,SARSA + PS + Kernel,2024,139,7,14,0,1
5,SARSA + PS + Kernel,2024,140,-152,137,4,1
5,SARSA + PS + Kernel,2024,141,0,21,0,1
5,SARSA + PS + Kernel,2024,142,-53,65,1,1
5,SARSA + PS + Kernel,2024,143,-51,63,1,1
5,SARSA + PS + Kernel,2024,144,-43,64,0,1
5,SARSA + PS + Kernel,2024,145,11,10,0,1
5,SARSA + PS + Kernel,2024,146,-92,86,3,1
5,SARSA + PS + Kernel,2024,147,-7,19,1,1
5,SARSA + PS + Kernel,2024,148,-416,200,24,0
5,SARSA + PS + Kernel,2024,149,-157,115,7,1
5,SARSA + PS + Kernel,2024,150,-290,200,10,0
5,SARSA + PS + Kernel,2024,151,-1,22,0,1
5,SARSA + PS + Kernel,2024,152,11,10,0,1
5,SARSA + PS + Kernel,2024,153,11,10,0,1
5,SARSA + PS + Kernel,2024,154,2,10,1,1
5,SARSA + PS + Kernel,2024,155,-11,14,2,1
5,SARSA + PS + Kernel,2024,156,-2,23,0,1
5,SARSA + PS + Kernel,2024,157,-158,161,2,1
5,SARSA + PS + Kernel,2024,158,9,12,0,1
5,SARSA + PS + Kernel,2024,159,-77,71,3,1
5,SARSA + PS + Kernel,2024,160,-56,59,2,1
5,SARSA + PS + Kernel,2024,161,-12,24,1,1
5,SARSA + PS + Kernel,2024,162,-5,26,0,1
5,SARSA + PS + Kernel,2024,163,10,11,0,1
5,SARSA + PS + Kernel,2024,164,13,8,0,1
5,SARSA + PS + Kernel,2024,165,10,11,0,1
5,SARSA + PS + Kernel,2024,166,-308,200,12,0
5,SARSA + PS + Kernel,2024,167,-5,26,0,1
5,SARSA + PS + Kernel,2024,168,-9,30,0,1
5,SARSA + PS + Kernel,2024,169,-88,91,2,1
5,SARSA + PS + Kernel,2024,170,-61,55,3,1
5,SARSA + PS + Kernel,2024,171,-10,13,2,1
5,SARSA + PS + Kernel,2024,172,-254,200,6,0
5,SARSA + PS + Kernel,2024,173,-187,190,2,1
5,SARSA + PS + Kernel,2024,174,-87,90,2,1
5,SARSA + PS + Kernel,2024,175,-39,60,0,1
5,SARSA + PS + Kernel,2024,176,0,21,0,1
5,SARSA + PS + Kernel,2024,177,-3,15,1,1
5,SARSA + PS + Kernel,2024,178,-7,19,1,1
5,SARSA + PS + Kernel,2024,179,-47,59,1,1
5,SARSA + PS + Kernel,2024,180,1,20,0,1
5,SARSA + PS + Kernel,2024,181,-16,19,2,1
5,SARSA + PS + Kernel,2024,182,9,12,0,1
5,SARSA + PS + Kernel,2024,183,4,17,0,1
5,SARSA + PS + Kernel,2024,184,15,6,0,1
5,SARSA + PS + Kernel,2024,185,-8,29,0,1
5,SARSA + PS + Kernel,2024,186,-4,25,0,1
5,SARSA + PS + Kernel,2024,187,-16,28,1,1
5,SARSA + PS + Kernel,2024,188,-4,16,1,1
5,SARSA + PS + Kernel,2024,189,-17,29,1,1
5,SARSA + PS + Kernel,2024,190,-7,19,1,1
5,SARSA + PS + Kernel,2024,191,-88,64,5,1
5,SARSA + PS + Kernel,2024,192,6,15,0,1
5,SARSA + PS + Kernel,2024,193,-8,11,2,1
5,SARSA + PS + Kernel,2024,194,-1,13,1,1
5,SARSA + PS + Kernel,2024,195,-78,72,3,1
5,SARSA + PS + Kernel,2024,196,4,17,0,1
5,SARSA + PS + Kernel,2024,197,-178,145,6,1
5,SARSA + PS + Kernel,2024,198,-5,26,0,1
5,SARSA + PS + Kernel,2024,199,2,10,1,1
5,SARSA + PS + Kernel,2024,200,6,15,0,1
5,SARSA + PS + Kernel,2024,201,10,11,0,1
5,SARSA + PS + Kernel,2024,202,-138,132,3,1
5,SARSA + PS + Kernel,2024,203,11,10,0,1
5,SARSA + PS + Kernel,2024,204,-42,36,3,1
5,SARSA + PS + Kernel,2024,205,-15,18,2,1
5,SARSA + PS + Kernel,2024,206,12,9,0,1
5,SARSA + PS + Kernel,2024,207,-281,200,9,0
5,SARSA + PS + Kernel,2024,208,-75,78,2,1
5,SARSA + PS + Kernel,2024,209,-8,29,0,1
5,SARSA + PS + Kernel,2024,210,-107,83,5,1
5,SARSA + PS + Kernel,2024,211,-32,44,1,1
5,SARSA + PS + Kernel,2024,212,-5,17,1,1
5,SARSA + PS + Kernel,2024,213,-101,86,4,1
5,SARSA + PS + Kernel,2024,214,10,11,0,1
5,SARSA + PS + Kernel,2024,215,10,11,0,1
5,SARSA + PS + Kernel,2024,216,-100,103,2,1
5,SARSA + PS + Kernel,2024,217,-42,63,0,1
5,SARSA + PS + Kernel,2024,218,-92,104,1,1
5,SARSA + PS + Kernel,2024,219,-65,59,3,1
5,SARSA + PS + Kernel,2024,220,-6,27,0,1
5,SARSA + PS + Kernel,2024,221,-43,46,2,1
5,SARSA + PS + Kernel,2024,222,-45,39,3,1
5,SARSA + PS + Kernel,2024,223,-1,22,0,1
5,SARSA + PS + Kernel,2024,224,-45,57,1,1
5,SARSA + PS + Kernel,2024,225,6,15,0,1
5,SARSA + PS + Kernel,2024,226,-72,75,2,1
5,SARSA + PS + Kernel,2024,227,10,11,0,1
5,SARSA + PS + Kernel,2024,228,-2,23,0,1
5,SARSA + PS + Kernel,2024,229,9,12,0,1
5,SARSA + PS + Kernel,2024,230,-27,30,2,1
5,SARSA + PS + Kernel,2024,231,-15,27,1,1
5,SARSA + PS + Kernel,2024,232,-52,73,0,1
5,SARSA + PS + Kernel,2024,233,7,14,0,1
5,SARSA + PS + Kernel,2024,234,-24,36,1,1
5,SARSA + PS + Kernel,2024,235,-4,25,0,1
5,SARSA + PS + Kernel,2024,236,10,11,0,1
5,SARSA + PS + Kernel,2024,237,8,13,0,1
5,SARSA + PS + Kernel,2024,238,-138,123,4,1
5,SARSA + PS + Kernel,2024,239,9,12,0,1
5,SARSA + PS + Kernel,2024,240,11,10,0,1
5,SARSA + PS + Kernel,2024,241,-18,21,2,1
5,SARSA + PS + Kernel,2024,242,15,6,0,1
5,SARSA + PS + Kernel,2024,243,-79,73,3,1
5,SARSA + PS + Kernel,2024,244,7,14,0,1
5,SARSA + PS + Kernel,2024,245,-20,23,2,1
5,SARSA + PS + Kernel,2024,246,-29,32,2,1
5,SARSA + PS + Kernel,2024,247,7,14,0,1
5,SARSA + PS + Kernel,2024,248,7,14,0,1
5,SARSA + PS + Kernel,2024,249,-14,26,1,1
5,SARSA + PS + Kernel,2024,250,-190,184,3,1
5,SARSA + PS + Kernel,2024,251,-30,24,3,1
5,SARSA + PS + Kernel,2024,252,1,20,0,1
5,SARSA + PS + Kernel,2024,253,-17,20,2,1
5,SARSA + PS + Kernel,2024,254,-204,153,8,1
5,SARSA + PS + Kernel,2024,255,12,9,0,1
5,SARSA + PS + Kernel,2024,256,9,12,0,1
5,SARSA + PS + Kernel,2024,257,9,12,0,1
5,SARSA + PS + Kernel,2024,258,7,14,0,1
5,SARSA + PS + Kernel,2024,259,-15,18,2,1
5,SARSA + PS + Kernel,2024,260,-58,52,3,1
5,SARSA + PS + Kernel,2024,261,9,12,0,1
5,SARSA + PS + Kernel,2024,262,8,13,0,1
5,SARSA + PS + Kernel,2024,263,-9,30,0,1
5,SARSA + PS + Kernel,2024,264,3,18,0,1
5,SARSA + PS + Kernel,2024,265,-53,56,2,1
5,SARSA + PS + Kernel,2024,266,-26,38,1,1
5,SARSA + PS + Kernel,2024,267,-20,23,2,1
5,SARSA + PS + Kernel,2024,268,-218,200,2,0
5,SARSA + PS + Kernel,2024,269,14,7,0,1
5,SARSA + PS + Kernel,2024,270,-48,42,3,1
5,SARSA + PS + Kernel,2024,271,10,11,0,1
5,SARSA + PS + Kernel,2024,272,-31,43,1,1
5,SARSA + PS + Kernel,2024,273,-11,23,1,1
5,SARSA + PS + Kernel,2024,274,10,11,0,1
5,SARSA + PS + Kernel,2024,275,-7,19,1,1
5,SARSA + PS + Kernel,2024,276,3,18,0,1
5,SARSA + PS + Kernel,2024,277,0,12,1,1
5,SARSA + PS + Kernel,2024,278,-5,17,1,1
5,SARSA + PS + Kernel,2024,279,-22,25,2,1
5,SARSA + PS + Kernel,2024,280,5,16,0,1
5,SARSA + PS + Kernel,2024,281,-42,54,1,1
5,SARSA + PS + Kernel,2024,282,-49,70,0,1
5,SARSA + PS + Kernel,2024,283,-31,43,1,1
5,SARSA + PS + Kernel,2024,284,-2,14,1,1
5,SARSA + PS + Kernel,2024,285,-7,19,1,1
5,SARSA + PS + Kernel,2024,286,-4,16,1,1
5,SARSA + PS + Kernel,2024,287,-290,200,10,0
5,SARSA + PS + Kernel,2024,288,-23,35,1,1
5,SARSA + PS + Kernel,2024,289,7,14,0,1
5,SARSA + PS + Kernel,2024,290,2,19,0,1
5,SARSA + PS + Kernel,2024,291,4,17,0,1
5,SARSA + PS + Kernel,2024,292,9,12,0,1
5,SARSA + PS + Kernel,2024,293,-1,22,0,1
5,SARSA + PS + Kernel,2024,294,9,12,0,1
5,SARSA + PS + Kernel,2024,295,-157,115,7,1
5,SARSA + PS + Kernel,2024,296,-51,54,2,1
5,SARSA + PS + Kernel,2024,297,9,12,0,1
5,SARSA + PS + Kernel,2024,298,-13,34,0,1
5,SARSA + PS + Kernel,2024,299,-2,14,1,1
5,SARSA + PS + Kernel,2024,300,-28,22,3,1
5,SARSA + PS + Kernel,2024,301,-2,23,0,1
5,SARSA + PS + Kernel,2024,302,-15,18,2,1
5,SARSA + PS + Kernel,2024,303,-4,25,0,1
5,SARSA + PS + Kernel,2024,304,10,11,0,1
5,SARSA + PS + Kernel,2024,305,8,13,0,1
5,SARSA + PS + Kernel,2024,306,8,13,0,1
5,SARSA + PS + Kernel,2024,307,-32,26,3,1
5,SARSA + PS + Kernel,2024,308,-93,78,4,1
5,SARSA + PS + Kernel,2024,309,-10,22,1,1
5,SARSA + PS + Kernel,2024,310,-3,24,0,1
5,SARSA + PS + Kernel,2024,311,-8,20,1,1
5,SARSA + PS + Kernel,2024,312,10,11,0,1
5,SARSA + PS + Kernel,2024,313,6,15,0,1
5,SARSA + PS + Kernel,2024,314,-227,200,3,0
5,SARSA + PS + Kernel,2024,315,-32,53,0,1
5,SARSA + PS + Kernel,2024,316,-233,164,10,1
5,SARSA + PS + Kernel,2024,317,-26,47,0,1
5,SARSA + PS + Kernel,2024,318,5,16,0,1
5,SARSA + PS + Kernel,2024,319,-93,78,4,1
5,SARSA + PS + Kernel,2024,320,-43,55,1,1
5,SARSA + PS + Kernel,2024,321,-30,42,1,1
5,SARSA + PS + Kernel,2024,322,6,15,0,1
5,SARSA + PS + Kernel,2024,323,-59,44,4,1
5,SARSA + PS + Kernel,2024,324,8,13,0,1
5,SARSA + PS + Kernel,2024,325,8,13,0,1
5,SARSA + PS + Kernel,2024,326,0,21,0,1
5,SARSA + PS + Kernel,2024,327,8,13,0,1
5,SARSA + PS + Kernel,2024,328,-19,31,1,1
5,SARSA + PS + Kernel,2024,329,-13,16,2,1
5,SARSA + PS + Kernel,2024,330,-11,23,1,1
5,SARSA + PS + Kernel,2024,331,-99,102,2,1
5,SARSA + PS + Kernel,2024,332,2,19,0,1
5,SARSA + PS + Kernel,2024,333,-89,83,3,1
5,SARSA + PS + Kernel,2024,334,-26,20,3,1
5,SARSA + PS + Kernel,2024,335,-5,17,1,1
5,SARSA + PS + Kernel,2024,336,8,13,0,1
5,SARSA + PS + Kernel,2024,337,0,12,1,1
5,SARSA + PS + Kernel,2024,338,13,8,0,1
5,SARSA + PS + Kernel,2024,339,-61,73,1,1
5,SARSA + PS + Kernel,2024,340,0,12,1,1
5,SARSA + PS + Kernel,2024,341,-13,16,2,1
5,SARSA + PS + Kernel,2024,342,0,21,0,1
5,SARSA + PS + Kernel,2024,343,10,11,0,1
5,SARSA + PS + Kernel,2024,344,5,16,0,1
5,SARSA + PS + Kernel,2024,345,-7,19,1,1
5,SARSA + PS + Kernel,2024,346,-29,41,1,1
5,SARSA + PS + Kernel,2024,347,10,11,0,1
5,SARSA + PS + Kernel,2024,348,-4,25,0,1
5,SARSA + PS + Kernel,2024,349,-4,16,1,1
5,SARSA + PS + Kernel,2024,350,-114,135,0,1
5,SARSA + PS + Kernel,2024,351,-9,12,2,1
5,SARSA + PS + Kernel,2024,352,8,13,0,1
5,SARSA + PS + Kernel,2024,353,-74,77,2,1
5,SARSA + PS + Kernel,2024,354,8,13,0,1
5,SARSA + PS + Kernel,2024,355,-4,16,1,1
5,SARSA + PS + Kernel,2024,356,7,14,0,1
5,SARSA + PS + Kernel,2024,357,4,8,1,1
5,SARSA + PS + Kernel,2024,358,4,17,0,1
5,SARSA + PS + Kernel,2024,359,13,8,0,1
5,SARSA + PS + Kernel,2024,360,0,12,1,1
5,SARSA + PS + Kernel,2024,361,-20,32,1,1
5,SARSA + PS + Kernel,2024,362,7,14,0,1
5,SARSA + PS + Kernel,2024,363,5,16,0,1
5,SARSA + PS + Kernel,2024,364,1,20,0,1
5,SARSA + PS + Kernel,2024,365,9,12,0,1
5,SARSA + PS + Kernel,2024,366,9,12,0,1
5,SARSA + PS + Kernel,2024,367,-44,47,2,1
5,SARSA + PS + Kernel,2024,368,10,11,0,1
5,SARSA + PS + Kernel,2024,369,-6,27,0,1
5,SARSA + PS + Kernel,2024,370,-29,41,1,1
5,SARSA + PS + Kernel,2024,371,7,14,0,1
5,SARSA + PS + Kernel,2024,372,-6,18,1,1
5,SARSA + PS + Kernel,2024,373,9,12,0,1
5,SARSA + PS + Kernel,2024,374,-8,20,1,1
5,SARSA + PS + Kernel,2024,375,-19,22,2,1
5,SARSA + PS + Kernel,2024,376,-46,49,2,1
5,SARSA + PS + Kernel,2024,377,-29,32,2,1
5,SARSA + PS + Kernel,2024,378,-290,200,10,0
5,SARSA + PS + Kernel,2024,379,-112,88,5,1
5,SARSA + PS + Kernel,2024,380,-4,16,1,1
5,SARSA + PS + Kernel,2024,381,-36,39,2,1
5,SARSA + PS + Kernel,2024,382,11,10,0,1
5,SARSA + PS + Kernel,2024,383,-104,89,4,1
5,SARSA + PS + Kernel,2024,384,0,12,1,1
5,SARSA + PS + Kernel,2024,385,-22,34,1,1
5,SARSA + PS + Kernel,2024,386,-2,23,0,1
5,SARSA + PS + Kernel,2024,387,-12,15,2,1
5,SARSA + PS + Kernel,2024,388,-36,39,2,1
5,SARSA + PS + Kernel,2024,389,7,14,0,1
5,SARSA + PS + Kernel,2024,390,-18,30,1,1
5,SARSA + PS + Kernel,2024,391,5,16,0,1
5,SARSA + PS + Kernel,2024,392,8,13,0,1
5,SARSA + PS + Kernel,2024,393,-1,13,1,1
5,SARSA + PS + Kernel,2024,394,7,14,0,1
5,SARSA + PS + Kernel,2024,395,6,15,0,1
5,SARSA + PS + Kernel,2024,396,11,10,0,1
5,SARSA + PS + Kernel,2024,397,-28,31,2,1
5,SARSA + PS + Kernel,2024,398,-78,72,3,1
5,SARSA + PS + Kernel,2024,399,4,17,0,1
5,SARSA + PS + Kernel,2024,400,9,12,0,1
5,SARSA + PS + Kernel,2024,401,11,10,0,1
5,SARSA + PS + Kernel,2024,402,-13,25,1,1
5,SARSA + PS + Kernel,2024,403,11,10,0,1
5,SARSA + PS + Kernel,2024,404,-13,25,1,1
5,SARSA + PS + Kernel,2024,405,13,8,0,1
5,SARSA + PS + Kernel,2024,406,-3,15,1,1
5,SARSA + PS + Kernel,2024,407,4,8,1,1
5,SARSA + PS + Kernel,2024,408,-7,28,0,1
5,SARSA + PS + Kernel,2024,409,-10,22,1,1
5,SARSA + PS + Kernel,2024,410,8,13,0,1
5,SARSA + PS + Kernel,2024,411,5,16,0,1
5,SARSA + PS + Kernel,2024,412,9,12,0,1
5,SARSA + PS + Kernel,2024,413,1,11,1,1
5,SARSA + PS + Kernel,2024,414,-7,19,1,1
5,SARSA + PS + Kernel,2024,415,-40,34,3,1
5,SARSA + PS + Kernel,2024,416,-20,41,0,1
5,SARSA + PS + Kernel,2024,417,-8,20,1,1
5,SARSA + PS + Kernel,2024,418,7,14,0,1
5,SARSA + PS + Kernel,2024,419,-49,52,2,1
5,SARSA + PS + Kernel,2024,420,2,10,1,1
5,SARSA + PS + Kernel,2024,421,-19,22,2,1
5,SARSA + PS + Kernel,2024,422,-11,23,1,1
5,SARSA + PS + Kernel,2024,423,-20,14,3,1
5,SARSA + PS + Kernel,2024,424,6,15,0,1
5,SARSA + PS + Kernel,2024,425,-11,14,2,1
5,SARSA + PS + Kernel,2024,426,10,11,0,1
5,SARSA + PS + Kernel,2024,427,7,14,0,1
5,SARSA + PS + Kernel,2024,428,8,13,0,1
5,SARSA + PS + Kernel,2024,429,15,6,0,1
5,SARSA + PS + Kernel,2024,430,11,10,0,1
5,SARSA + PS + Kernel,2024,431,-34,37,2,1
5,SARSA + PS + Kernel,2024,432,-2,14,1,1
5,SARSA + PS + Kernel,2024,433,-21,33,1,1
5,SARSA + PS + Kernel,2024,434,3,18,0,1
5,SARSA + PS + Kernel,2024,435,1,20,0,1
5,SARSA + PS + Kernel,2024,436,-17,20,2,1
5,SARSA + PS + Kernel,2024,437,-6,18,1,1
5,SARSA + PS + Kernel,2024,438,4,17,0,1
5,SARSA + PS + Kernel,2024,439,1,20,0,1
5,SARSA + PS + Kernel,2024,440,6,15,0,1
5,SARSA + PS + Kernel,2024,441,11,10,0,1
5,SARSA + PS + Kernel,2024,442,7,14,0,1
5,SARSA + PS + Kernel,2024,443,-127,112,4,1
5,SARSA + PS + Kernel,2024,444,-1,22,0,1
5,SARSA + PS + Kernel,2024,445,2,19,0,1
5,SARSA + PS + Kernel,2024,446,5,16,0,1
5,SARSA + PS + Kernel,2024,447,-5,17,1,1
5,SARSA + PS + Kernel,2024,448,11,10,0,1
5,SARSA + PS + Kernel,2024,449,2,19,0,1
5,SARSA + PS + Kernel,2024,450,5,16,0,1
5,SARSA + PS + Kernel,2024,451,0,21,0,1
5,SARSA + PS + Kernel,2024,452,6,15,0,1
5,SARSA + PS + Kernel,2024,453,-13,25,1,1
5,SARSA + PS + Kernel,2024,454,-2,23,0,1
5,SARSA + PS + Kernel,2024,455,-15,18,2,1
5,SARSA + PS + Kernel,2024,456,-35,47,1,1
5,SARSA + PS + Kernel,2024,457,-2,14,1,1
5,SARSA + PS + Kernel,2024,458,-9,30,0,1
5,SARSA + PS + Kernel,2024,459,5,16,0,1
5,SARSA + PS + Kernel,2024,460,0,12,1,1
5,SARSA + PS + Kernel,2024,461,-1,22,0,1
5,SARSA + PS + Kernel,2024,462,3,18,0,1
5,SARSA + PS + Kernel,2024,463,7,14,0,1
5,SARSA + PS + Kernel,2024,464,2,19,0,1
5,SARSA + PS + Kernel,2024,465,-11,14,2,1
5,SARSA + PS + Kernel,2024,466,10,11,0,1
5,SARSA + PS + Kernel,2024,467,0,21,0,1
5,SARSA + PS + Kernel,2024,468,-1,13,1,1
5,SARSA + PS + Kernel,2024,469,-41,44,2,1
5,SARSA + PS + Kernel,2024,470,1,11,1,1
5,SARSA + PS + Kernel,2024,471,6,15,0,1
5,SARSA + PS + Kernel,2024,472,7,14,0,1
5,SARSA + PS + Kernel,2024,473,8,13,0,1
5,SARSA + PS + Kernel,2024,474,-40,43,2,1
5,SARSA + PS + Kernel,2024,475,7,14,0,1
5,SARSA + PS + Kernel,2024,476,7,14,0,1
5,SARSA + PS + Kernel,2024,477,8,13,0,1
5,SARSA + PS + Kernel,2024,478,9,12,0,1
5,SARSA + PS + Kernel,2024,479,0,21,0,1
5,SARSA + PS + Kernel,2024,480,6,15,0,1
5,SARSA + PS + Kernel,2024,481,8,13,0,1
5,SARSA + PS + Kernel,2024,482,-26,38,1,1
5,SARSA + PS + Kernel,2024,483,-21,33,1,1
5,SARSA + PS + Kernel,2024,484,10,11,0,1
5,SARSA + PS + Kernel,2024,485,0,12,1,1
5,SARSA + PS + Kernel,2024,486,7,14,0,1
5,SARSA + PS + Kernel,2024,487,9,12,0,1
5,SARSA + PS + Kernel,2024,488,-4,16,1,1
5,SARSA + PS + Kernel,2024,489,-11,23,1,1
5,SARSA + PS + Kernel,2024,490,1,11,1,1
5,SARSA + PS + Kernel,2024,491,0,21,0,1
5,SARSA + PS + Kernel,2024,492,3,18,0,1
5,SARSA + PS + Kernel,2024,493,-6,27,0,1
5,SARSA + PS + Kernel,2024,494,6,15,0,1
5,SARSA + PS + Kernel,2024,495,7,14,0,1
5,SARSA + PS + Kernel,2024,496,-56,41,4,1
5,SARSA + PS + Kernel,2024,497,10,11,0,1
5,SARSA + PS + Kernel,2024,498,-4,16,1,1
5,SARSA + PS + Kernel,2024,499,8,13,0,1
10,SARSA + PS,42,0,-632,200,48,0
10,SARSA + PS,42,1,-587,200,43,0
10,SARSA + PS,42,2,-713,200,57,0
10,SARSA + PS,42,3,-873,192,78,1
10,SARSA + PS,42,4,-776,200,64,0
10,SARSA + PS,42,5,-794,200,66,0
10,SARSA + PS,42,6,-758,200,62,0
10,SARSA + PS,42,7,-579,195,45,1
10,SARSA + PS,42,8,-614,200,46,0
10,SARSA + PS,42,9,-340,118,27,1
10,SARSA + PS,42,10,-515,200,35,0
10,SARSA + PS,42,11,-479,200,31,0
10,SARSA + PS,42,12,-126,129,2,1
10,SARSA + PS,42,13,-713,200,57,0
10,SARSA + PS,42,14,-758,200,62,0
10,SARSA + PS,42,15,-293,98,24,1
10,SARSA + PS,42,16,-398,200,22,0
10,SARSA + PS,42,17,-263,200,7,0
10,SARSA + PS,42,18,-560,200,40,0
10,SARSA + PS,42,19,-453,114,40,1
10,SARSA + PS,42,20,-659,200,51,0
10,SARSA + PS,42,21,-641,200,49,0
10,SARSA + PS,42,22,-461,200,29,0
10,SARSA + PS,42,23,-507,123,45,1
10,SARSA + PS,42,24,-125,65,9,1
10,SARSA + PS,42,25,-263,200,7,0
10,SARSA + PS,42,26,-38,59,0,1
10,SARSA + PS,42,27,-12,33,0,1
10,SARSA + PS,42,28,-84,78,3,1
10,SARSA + PS,42,29,-245,200,5,0
10,SARSA + PS,42,30,-695,200,55,0
10,SARSA + PS,42,31,-263,200,7,0
10,SARSA + PS,42,32,-650,200,50,0
10,SARSA + PS,42,33,-263,200,7,0
10,SARSA + PS,42,34,-46,40,3,1
10,SARSA + PS,42,35,-44,56,1,1
10,SARSA + PS,42,36,-803,200,67,0
10,SARSA + PS,42,37,-308,200,12,0
10,SARSA + PS,42,38,-254,200,6,0
10,SARSA + PS,42,39,-812,200,68,0
10,SARSA + PS,42,40,-96,63,6,1
10,SARSA + PS,42,41,-515,200,35,0
10,SARSA + PS,42,42,4,17,0,1
10,SARSA + PS,42,43,14,7,0,1
10,SARSA + PS,42,44,-97,100,2,1
10,SARSA + PS,42,45,9,12,0,1
10,SARSA + PS,42,46,4,8,1,1
10,SARSA + PS,42,47,-2,23,0,1
10,SARSA + PS,42,48,8,13,0,1
10,SARSA + PS,42,49,-53,56,2,1
10,SARSA + PS,42,50,-245,200,5,0
10,SARSA + PS,42,51,-272,200,8,0
10,SARSA + PS,42,52,-245,200,5,0
10,SARSA + PS,42,53,3,18,0,1
10,SARSA + PS,42,54,-695,200,55,0
10,SARSA + PS,42,55,-157,124,6,1
10,SARSA + PS,42,56,-60,63,2,1
10,SARSA + PS,42,57,-20,41,0,1
10,SARSA + PS,42,58,-56,68,1,1
10,SARSA + PS,42,59,-281,200,9,0
10,SARSA + PS,42,60,-87,81,3,1
10,SARSA + PS,42,61,-461,200,29,0
10,SARSA + PS,42,62,-162,156,3,1
10,SARSA + PS,42,63,-227,200,3,0
10,SARSA + PS,42,64,3,18,0,1
10,SARSA + PS,42,65,-263,200,7,0
10,SARSA + PS,42,66,-131,125,3,1
10,SARSA + PS,42,67,-113,80,6,1
10,SARSA + PS,42,68,-35,47,1,1
10,SARSA + PS,42,69,-132,126,3,1
10,SARSA + PS,42,70,0,21,0,1
10,SARSA + PS,42,71,-344,200,16,0
10,SARSA + PS,42,72,-227,200,3,0
10,SARSA + PS,42,73,3,18,0,1
10,SARSA + PS,42,74,11,10,0,1
10,SARSA + PS,42,75,0,21,0,1
10,SARSA + PS,42,76,1,20,0,1
10,SARSA + PS,42,77,14,7,0,1
10,SARSA + PS,42,78,-58,52,3,1
10,SARSA + PS,42,79,-254,200,6,0
10,SARSA + PS,42,80,-104,107,2,1
10,SARSA + PS,42,81,-248,188,9,1
10,SARSA + PS,42,82,-107,74,6,1
10,SARSA + PS,42,83,-81,84,2,1
10,SARSA + PS,42,84,15,6,0,1
10,SARSA + PS,42,85,8,13,0,1
10,SARSA + PS,42,86,-533,200,37,0
10,SARSA + PS,42,87,-254,200,6,0
10,SARSA + PS,42,88,-14,26,1,1
10,SARSA + PS,42,89,11,10,0,1
10,SARSA + PS,42,90,-1,22,0,1
10,SARSA + PS,42,91,-93,87,3,1
10,SARSA + PS,42,92,-263,200,7,0
10,SARSA + PS,42,93,-245,200,5,0
10,SARSA + PS,42,94,-245,200,5,0
10,SARSA + PS,42,95,-299,200,11,0
10,SARSA + PS,42,96,-22,25,2,1
10,SARSA + PS,42,97,-236,200,4,0
10,SARSA + PS,42,98,-227,200,3,0
10,SARSA + PS,42,99,-29,41,1,1
10,SARSA + PS,42,100,1,11,1,1
10,SARSA + PS,42,101,-23,35,1,1
10,SARSA + PS,42,102,7,14,0,1
10,SARSA + PS,42,103,-206,155,8,1
10,SARSA + PS,42,104,-102,87,4,1
10,SARSA + PS,42,105,-75,78,2,1
10,SARSA + PS,42,106,-18,39,0,1
10,SARSA + PS,42,107,-230,197,6,1
10,SARSA + PS,42,108,15,6,0,1
10,SARSA + PS,42,109,-19,31,1,1
10,SARSA + PS,42,110,-27,39,1,1
10,SARSA + PS,42,111,-11,23,1,1
10,SARSA + PS,42,112,-281,200,9,0
10,SARSA + PS,42,113,-68,62,3,1
10,SARSA + PS,42,114,-131,116,4,1
10,SARSA + PS,42,115,10,11,0,1
10,SARSA + PS,42,116,-236,200,4,0
10,SARSA + PS,42,117,-245,200,5,0
10,SARSA + PS,42,118,1,11,1,1
10,SARSA + PS,42,119,-14,35,0,1
10,SARSA + PS,42,120,-54,66,1,1
10,SARSA + PS,42,121,10,11,0,1
10,SARSA + PS,42,122,-69,72,2,1
10,SARSA + PS,42,123,12,9,0,1
10,SARSA + PS,42,124,6,15,0,1
10,SARSA + PS,42,125,9,12,0,1
10,SARSA + PS,42,126,-57,60,2,1
10,SARSA + PS,42,127,10,11,0,1
10,SARSA + PS,42,128,-31,34,2,1
10,SARSA + PS,42,129,3,18,0,1
10,SARSA + PS,42,130,11,10,0,1
10,SARSA + PS,42,131,-144,129,4,1
10,SARSA + PS,42,132,-95,89,3,1
10,SARSA + PS,42,133,-70,73,2,1
10,SARSA + PS,42,134,-120,132,1,1
10,SARSA + PS,42,135,11,10,0,1
10,SARSA + PS,42,136,-67,43,5,1
10,SARSA + PS,42,137,-67,61,3,1
10,SARSA + PS,42,138,-3,15,1,1
10,SARSA + PS,42,139,-43,55,1,1
10,SARSA + PS,42,140,7,14,0,1
10,SARSA + PS,42,141,12,9,0,1
10,SARSA + PS,42,142,-22,43,0,1
10,SARSA + PS,42,143,-30,33,2,1
10,SARSA + PS,42,144,-90,93,2,1
10,SARSA + PS,42,145,-39,51,1,1
10,SARSA + PS,42,146,2,19,0,1
10,SARSA + PS,42,147,-176,161,4,1
10,SARSA + PS,42,148,-90,102,1,1
10,SARSA + PS,42,149,7,14,0,1
10,SARSA + PS,42,150,-29,32,2,1
10,SARSA + PS,42,151,-218,200,2,0
10,SARSA + PS,42,152,-290,200,10,0
10,SARSA + PS,42,153,-21,24,2,1
10,SARSA + PS,42,154,-7,28,0,1
10,SARSA + PS,42,155,-8,20,1,1
10,SARSA + PS,42,156,-2,14,1,1
10,SARSA + PS,42,157,7,14,0,1
10,SARSA + PS,42,158,-236,200,4,0
10,SARSA + PS,42,159,11,10,0,1
10,SARSA + PS,42,160,1,20,0,1
10,SARSA + PS,42,161,-6,18,1,1
10,SARSA + PS,42,162,-6,18,1,1
10,SARSA + PS,42,163,-17,29,1,1
10,SARSA + PS,42,164,-4,16,1,1
10,SARSA + PS,42,165,-3,15,1,1
10,SARSA + PS,42,166,14,7,0,1
10,SARSA + PS,42,167,10,11,0,1
10,SARSA + PS,42,168,-94,97,2,1
10,SARSA + PS,42,169,-10,22,1,1
10,SARSA + PS,42,170,-13,16,2,1
10,SARSA + PS,42,171,-272,200,8,0
10,SARSA + PS,42,172,-6,18,1,1
10,SARSA + PS,42,173,0,21,0,1
10,SARSA + PS,42,174,-24,36,1,1
10,SARSA + PS,42,175,5,16,0,1
10,SARSA + PS,42,176,-5,17,1,1
10,SARSA + PS,42,177,-93,87,3,1
10,SARSA + PS,42,178,-263,200,7,0
10,SARSA + PS,42,179,-33,45,1,1
10,SARSA + PS,42,180,11,10,0,1
10,SARSA + PS,42,181,-1,22,0,1
10,SARSA + PS,42,182,-2,14,1,1
10,SARSA + PS,42,183,-5,17,1,1
10,SARSA + PS,42,184,-62,65,2,1
10,SARSA + PS,42,185,-10,13,2,1
10,SARSA + PS,42,186,10,11,0,1
10,SARSA + PS,42,187,0,21,0,1
10,SARSA + PS,42,188,12,9,0,1
10,SARSA + PS,42,189,-130,115,4,1
10,SARSA + PS,42,190,12,9,0,1
10,SARSA + PS,42,191,-5,17,1,1
10,SARSA + PS,42,192,5,16,0,1
10,SARSA + PS,42,193,-12,15,2,1
10,SARSA + PS,42,194,12,9,0,1
10,SARSA + PS,42,195,-16,28,1,1
10,SARSA + PS,42,196,-57,78,0,1
10,SARSA + PS,42,197,-108,84,5,1
10,SARSA + PS,42,198,-2,23,0,1
10,SARSA + PS,42,199,12,9,0,1
10,SARSA + PS,42,200,-4,16,1,1
10,SARSA + PS,42,201,-6,27,0,1
10,SARSA + PS,42,202,9,12,0,1
10,SARSA + PS,42,203,7,14,0,1
10,SARSA + PS,42,204,-104,71,6,1
10,SARSA + PS,42,205,-5,17,1,1
10,SARSA + PS,42,206,-16,28,1,1
10,SARSA + PS,42,207,-108,102,3,1
10,SARSA + PS,42,208,14,7,0,1
10,SARSA + PS,42,209,8,13,0,1
10,SARSA + PS,42,210,-52,73,0,1
10,SARSA + PS,42,211,-93,69,5,1
10,SARSA + PS,42,212,1,11,1,1
10,SARSA + PS,42,213,-4,25,0,1
10,SARSA + PS,42,214,10,11,0,1
10,SARSA + PS,42,215,-129,105,5,1
10,SARSA + PS,42,216,7,14,0,1
10,SARSA + PS,42,217,-3,15,1,1
10,SARSA + PS,42,218,-4,16,1,1
10,SARSA + PS,42,219,-190,175,4,1
10,SARSA + PS,42,220,0,21,0,1
10,SARSA + PS,42,221,12,9,0,1
10,SARSA + PS,42,222,3,9,1,1
10,SARSA + PS,42,223,10,11,0,1
10,SARSA + PS,42,224,3,9,1,1
10,SARSA + PS,42,225,12,9,0,1
10,SARSA + PS,42,226,-62,56,3,1
10,SARSA + PS,42,227,-4,16,1,1
10,SARSA + PS,42,228,-15,27,1,1
10,SARSA + PS,42,229,8,13,0,1
10,SARSA + PS,42,230,4,17,0,1
10,SARSA + PS,42,231,-13,16,2,1
10,SARSA + PS,42,232,-1,22,0,1
10,SARSA + PS,42,233,-3,15,1,1
10,SARSA + PS,42,234,15,6,0,1
10,SARSA + PS,42,235,1,11,1,1
10,SARSA + PS,42,236,-10,31,0,1
10,SARSA + PS,42,237,0,21,0,1
10,SARSA + PS,42,238,-3,15,1,1
10,SARSA + PS,42,239,12,9,0,1
10,SARSA + PS,42,240,10,11,0,1
10,SARSA + PS,42,241,-57,60,2,1
10,SARSA + PS,42,242,-37,49,1,1
10,SARSA + PS,42,243,-12,15,2,1
10,SARSA + PS,42,244,10,11,0,1
10,SARSA + PS,42,245,-1,22,0,1
10,SARSA + PS,42,246,-11,23,1,1
10,SARSA + PS,42,247,-2,23,0,1
10,SARSA + PS,42,248,-2,14,1,1
10,SARSA + PS,42,249,1,20,0,1
10,SARSA + PS,42,250,7,14,0,1
10,SARSA + PS,42,251,-4,16,1,1
10,SARSA + PS,42,252,-14,26,1,1
10,SARSA + PS,42,253,6,15,0,1
10,SARSA + PS,42,254,7,14,0,1
10,SARSA + PS,42,255,-3,15,1,1
10,SARSA + PS,42,256,5,16,0,1
10,SARSA + PS,42,257,-6,27,0,1
10,SARSA + PS,42,258,-15,18,2,1
10,SARSA + PS,42,259,-21,15,3,1
10,SARSA + PS,42,260,-1,13,1,1
10,SARSA + PS,42,261,-71,83,1,1
10,SARSA + PS,42,262,-3,24,0,1
10,SARSA + PS,42,263,-2,14,1,1
10,SARSA + PS,42,264,-12,24,1,1
10,SARSA + PS,42,265,-27,21,3,1
10,SARSA + PS,42,266,10,11,0,1
10,SARSA + PS,42,267,8,13,0,1
10,SARSA + PS,42,268,7,14,0,1
10,SARSA + PS,42,269,-3,15,1,1
10,SARSA + PS,42,270,-31,43,1,1
10,SARSA + PS,42,271,-4,25,0,1
10,SARSA + PS,42,272,-42,45,2,1
10,SARSA + PS,42,273,-64,67,2,1
10,SARSA + PS,42,274,13,8,0,1
10,SARSA + PS,42,275,-6,27,0,1
10,SARSA + PS,42,276,6,15,0,1
10,SARSA + PS,42,277,-15,27,1,1
10,SARSA + PS,42,278,-42,45,2,1
10,SARSA + PS,42,279,4,17,0,1
10,SARSA + PS,42,280,-15,27,1,1
10,SARSA + PS,42,281,-173,149,5,1
10,SARSA + PS,42,282,11,10,0,1
10,SARSA + PS,42,283,9,12,0,1
10,SARSA + PS,42,284,11,10,0,1
10,SARSA + PS,42,285,-33,54,0,1
10,SARSA + PS,42,286,-52,55,2,1
10,SARSA + PS,42,287,-1,22,0,1
10,SARSA + PS,42,288,-22,34,1,1
10,SARSA + PS,42,289,12,9,0,1
10,SARSA + PS,42,290,9,12,0,1
10,SARSA + PS,42,291,-57,60,2,1
10,SARSA + PS,42,292,9,12,0,1
10,SARSA + PS,42,293,-2,23,0,1
10,SARSA + PS,42,294,-96,108,1,1
10,SARSA + PS,42,295,-20,23,2,1
10,SARSA + PS,42,296,9,12,0,1
10,SARSA + PS,42,297,-27,21,3,1
10,SARSA + PS,42,298,12,9,0,1
10,SARSA + PS,42,299,-1,22,0,1
10,SARSA + PS,42,300,6,15,0,1
10,SARSA + PS,42,301,-66,42,5,1
10,SARSA + PS,42,302,9,12,0,1
10,SARSA + PS,42,303,8,13,0,1
10,SARSA + PS,42,304,-22,25,2,1
10,SARSA + PS,42,305,-6,18,1,1
10,SARSA + PS,42,306,-6,18,1,1
10,SARSA + PS,42,307,-13,16,2,1
10,SARSA + PS,42,308,-12,15,2,1
10,SARSA + PS,42,309,11,10,0,1
10,SARSA + PS,42,310,-25,28,2,1
10,SARSA + PS,42,311,-19,31,1,1
10,SARSA + PS,42,312,-106,82,5,1
10,SARSA + PS,42,313,8,13,0,1
10,SARSA + PS,42,314,-14,26,1,1
10,SARSA + PS,42,315,-272,200,8,0
10,SARSA + PS,42,316,9,12,0,1
10,SARSA + PS,42,317,12,9,0,1
10,SARSA + PS,42,318,7,14,0,1
10,SARSA + PS,42,319,8,13,0,1
10,SARSA + PS,42,320,-2,14,1,1
10,SARSA + PS,42,321,12,9,0,1
10,SARSA + PS,42,322,-272,200,8,0
10,SARSA + PS,42,323,9,12,0,1
10,SARSA + PS,42,324,5,16,0,1
10,SARSA + PS,42,325,8,13,0,1
10,SARSA + PS,42,326,9,12,0,1
10,SARSA + PS,42,327,-49,25,5,1
10,SARSA + PS,42,328,-15,36,0,1
10,SARSA + PS,42,329,9,12,0,1
10,SARSA + PS,42,330,8,13,0,1
10,SARSA + PS,42,331,7,14,0,1
10,SARSA + PS,42,332,-87,72,4,1
10,SARSA + PS,42,333,6,15,0,1
10,SARSA + PS,42,334,-12,15,2,1
10,SARSA + PS,42,335,10,11,0,1
10,SARSA + PS,42,336,9,12,0,1
10,SARSA + PS,42,337,-4,16,1,1
10,SARSA + PS,42,338,-3,15,1,1
10,SARSA + PS,42,339,-2,14,1,1
10,SARSA + PS,42,340,-3,24,0,1
10,SARSA + PS,42,341,-45,39,3,1
10,SARSA + PS,42,342,-3,15,1,1
10,SARSA + PS,42,343,-55,40,4,1
10,SARSA + PS,42,344,-6,18,1,1
10,SARSA + PS,42,345,9,12,0,1
10,SARSA + PS,42,346,-5,17,1,1
10,SARSA + PS,42,347,0,12,1,1
10,SARSA + PS,42,348,-2,14,1,1
10,SARSA + PS,42,349,13,8,0,1
10,SARSA + PS,42,350,-5,17,1,1
10,SARSA + PS,42,351,8,13,0,1
10,SARSA + PS,42,352,12,9,0,1
10,SARSA + PS,42,353,-21,24,2,1
10,SARSA + PS,42,354,-5,17,1,1
10,SARSA + PS,42,355,10,11,0,1
10,SARSA + PS,42,356,1,11,1,1
10,SARSA + PS,42,357,-6,18,1,1
10,SARSA + PS,42,358,-17,38,0,1
10,SARSA + PS,42,359,2,19,0,1
10,SARSA + PS,42,360,7,14,0,1
10,SARSA + PS,42,361,14,7,0,1
10,SARSA + PS,42,362,10,11,0,1
10,SARSA + PS,42,363,1,20,0,1
10,SARSA + PS,42,364,7,14,0,1
10,SARSA + PS,42,365,-1,22,0,1
10,SARSA + PS,42,366,-3,15,1,1
10,SARSA + PS,42,367,6,15,0,1
10,SARSA + PS,42,368,-272,200,8,0
10,SARSA + PS,42,369,-9,30,0,1
10,SARSA + PS,42,370,10,11,0,1
10,SARSA + PS,42,371,13,8,0,1
10,SARSA + PS,42,372,-1,13,1,1
10,SARSA + PS,42,373,-24,27,2,1
10,SARSA + PS,42,374,11,10,0,1
10,SARSA + PS,42,375,12,9,0,1
10,SARSA + PS,42,376,4,17,0,1
10,SARSA + PS,42,377,-9,21,1,1
10,SARSA + PS,42,378,9,12,0,1
10,SARSA + PS,42,379,3,18,0,1
10,SARSA + PS,42,380,7,14,0,1
10,SARSA + PS,42,381,7,14,0,1
10,SARSA + PS,42,382,-19,40,0,1
10,SARSA + PS,42,383,-8,20,1,1
10,SARSA + PS,42,384,-12,15,2,1
10,SARSA + PS,42,385,-5,17,1,1
10,SARSA + PS,42,386,-14,26,1,1
10,SARSA + PS,42,387,10,11,0,1
10,SARSA + PS,42,388,-36,57,0,1
10,SARSA + PS,42,389,7,14,0,1
10,SARSA + PS,42,390,4,17,0,1
10,SARSA + PS,42,391,-17,38,0,1
10,SARSA + PS,42,392,-6,18,1,1
10,SARSA + PS,42,393,8,13,0,1
10,SARSA + PS,42,394,-5,26,0,1
10,SARSA + PS,42,395,10,11,0,1
10,SARSA + PS,42,396,6,15,0,1
10,SARSA + PS,42,397,7,14,0,1
10,SARSA + PS,42,398,3,18,0,1
10,SARSA + PS,42,399,14,7,0,1
10,SARSA + PS,42,400,-2,14,1,1
10,SARSA + PS,42,401,-3,24,0,1
10,SARSA + PS,42,402,11,10,0,1
10,SARSA + PS,42,403,8,13,0,1
10,SARSA + PS,42,404,0,21,0,1
10,SARSA + PS,42,405,-87,99,1,1
10,SARSA + PS,42,406,3,18,0,1
10,SARSA + PS,42,407,-16,19,2,1
10,SARSA + PS,42,408,-4,16,1,1
10,SARSA + PS,42,409,9,12,0,1
10,SARSA + PS,42,410,8,13,0,1
10,SARSA + PS,42,411,2,19,0,1
10,SARSA + PS,42,412,5,16,0,1
10,SARSA + PS,42,413,10,11,0,1
10,SARSA + PS,42,414,-1,13,1,1
10,SARSA + PS,42,415,8,13,0,1
10,SARSA + PS,42,416,-34,37,2,1
10,SARSA + PS,42,417,-10,22,1,1
10,SARSA + PS,42,418,6,15,0,1
10,SARSA + PS,42,419,-13,16,2,1
10,SARSA + PS,42,420,-4,25,0,1
10,SARSA + PS,42,421,7,14,0,1
10,SARSA + PS,42,422,8,13,0,1
10,SARSA + PS,42,423,1,20,0,1
10,SARSA + PS,42,424,7,14,0,1
10,SARSA + PS,42,425,7,14,0,1
10,SARSA + PS,42,426,12,9,0,1
10,SARSA + PS,42,427,-15,18,2,1
10,SARSA + PS,42,428,10,11,0,1
10,SARSA + PS,42,429,0,21,0,1
10,SARSA + PS,42,430,11,10,0,1
10,SARSA + PS,42,431,8,13,0,1
10,SARSA + PS,42,432,8,13,0,1
10,SARSA + PS,42,433,-3,15,1,1
10,SARSA + PS,42,434,1,20,0,1
10,SARSA + PS,42,435,-12,33,0,1
10,SARSA + PS,42,436,6,15,0,1
10,SARSA + PS,42,437,6,15,0,1
10,SARSA + PS,42,438,5,16,0,1
10,SARSA + PS,42,439,-34,37,2,1
10,SARSA + PS,42,440,7,14,0,1
10,SARSA + PS,42,441,4,17,0,1
10,SARSA + PS,42,442,-40,43,2,1
10,SARSA + PS,42,443,10,11,0,1
10,SARSA + PS,42,444,-5,17,1,1
10,SARSA + PS,42,445,7,14,0,1
10,SARSA + PS,42,446,3,18,0,1
10,SARSA + PS,42,447,-1,22,0,1
10,SARSA + PS,42,448,-8,20,1,1
10,SARSA + PS,42,449,6,15,0,1
10,SARSA + PS,42,450,6,15,0,1
10,SARSA + PS,42,451,6,15,0,1
10,SARSA + PS,42,452,-6,27,0,1
10,SARSA + PS,42,453,-12,33,0,1
10,SARSA + PS,42,454,-5,17,1,1
10,SARSA + PS,42,455,8,13,0,1
10,SARSA + PS,42,456,11,10,0,1
10,SARSA + PS,42,457,-13,16,2,1
10,SARSA + PS,42,458,-1,22,0,1
10,SARSA + PS,42,459,13,8,0,1
10,SARSA + PS,42,460,13,8,0,1
10,SARSA + PS,42,461,5,16,0,1
10,SARSA + PS,42,462,-3,24,0,1
10,SARSA + PS,42,463,-10,22,1,1
10,SARSA + PS,42,464,6,15,0,1
10,SARSA + PS,42,465,8,13,0,1
10,SARSA + PS,42,466,10,11,0,1
10,SARSA + PS,42,467,13,8,0,1
10,SARSA + PS,42,468,9,12,0,1
10,SARSA + PS,42,469,-4,25,0,1
10,SARSA + PS,42,470,11,10,0,1
10,SARSA + PS,42,471,-2,14,1,1
10,SARSA + PS,42,472,-4,25,0,1
10,SARSA + PS,42,473,8,13,0,1
10,SARSA + PS,42,474,-12,33,0,1
10,SARSA + PS,42,475,-5,17,1,1
10,SARSA + PS,42,476,-33,54,0,1
10,SARSA + PS,42,477,-40,43,2,1
10,SARSA + PS,42,478,-3,15,1,1
10,SARSA + PS,42,479,9,12,0,1
10,SARSA + PS,42,480,1,20,0,1
10,SARSA + PS,42,481,12,9,0,1
10,SARSA + PS,42,482,-2,14,1,1
10,SARSA + PS,42,483,9,12,0,1
10,SARSA + PS,42,484,10,11,0,1
10,SARSA + PS,42,485,-1,13,1,1
10,SARSA + PS,42,486,-5,17,1,1
10,SARSA + PS,42,487,-15,27,1,1
10,SARSA + PS,42,488,11,10,0,1
10,SARSA + PS,42,489,5,16,0,1
10,SARSA + PS,42,490,4,17,0,1
10,SARSA + PS,42,491,8,13,0,1
10,SARSA + PS,42,492,11,10,0,1
10,SARSA + PS,42,493,-24,36,1,1
10,SARSA + PS,42,494,14,7,0,1
10,SARSA + PS,42,495,-11,32,0,1
10,SARSA + PS,42,496,5,16,0,1
10,SARSA + PS,42,497,3,18,0,1
10,SARSA + PS,42,498,8,13,0,1
10,SARSA + PS,42,499,4,17,0,1
10,SARSA + PS,123,0,-686,200,54,0
10,SARSA + PS,123,1,-740,200,60,0
10,SARSA + PS,123,2,-695,200,55,0
10,SARSA + PS,123,3,-659,200,51,0
10,SARSA + PS,123,4,-731,200,59,0
10,SARSA + PS,123,5,-713,200,57,0
10,SARSA + PS,123,6,-614,200,46,0
10,SARSA + PS,123,7,-587,200,43,0
10,SARSA + PS,123,8,-623,200,47,0
10,SARSA + PS,123,9,-668,200,52,0
10,SARSA + PS,123,10,-722,200,58,0
10,SARSA + PS,123,11,-641,200,49,0
10,SARSA + PS,123,12,-722,200,58,0
10,SARSA + PS,123,13,-677,200,53,0
10,SARSA + PS,123,14,-542,200,38,0
10,SARSA + PS,123,15,-560,200,40,0
10,SARSA + PS,123,16,-758,200,62,0
10,SARSA + PS,123,17,-560,200,40,0
10,SARSA + PS,123,18,-702,192,59,1
10,SARSA + PS,123,19,-308,200,12,0
10,SARSA + PS,123,20,-461,200,29,0
10,SARSA + PS,123,21,-587,200,43,0
10,SARSA + PS,123,22,-533,200,37,0
10,SARSA + PS,123,23,-497,200,33,0
10,SARSA + PS,123,24,-236,200,4,0
10,SARSA + PS,123,25,-668,200,52,0
10,SARSA + PS,123,26,-263,200,7,0
10,SARSA + PS,123,27,-121,79,7,1
10,SARSA + PS,123,28,-290,200,10,0
10,SARSA + PS,123,29,-443,200,27,0
10,SARSA + PS,123,30,-470,200,30,0
10,SARSA + PS,123,31,-290,200,10,0
10,SARSA + PS,123,32,-506,200,34,0
10,SARSA + PS,123,33,-108,48,9,1
10,SARSA + PS,123,34,-254,200,6,0
10,SARSA + PS,123,35,-223,199,5,1
10,SARSA + PS,123,36,-165,141,5,1
10,SARSA + PS,123,37,-713,200,57,0
10,SARSA + PS,123,38,-109,121,1,1
10,SARSA + PS,123,39,-254,200,6,0
10,SARSA + PS,123,40,5,16,0,1
10,SARSA + PS,123,41,-245,200,5,0
10,SARSA + PS,123,42,-87,81,3,1
10,SARSA + PS,123,43,-623,200,47,0
10,SARSA + PS,123,44,-407,194,26,1
10,SARSA + PS,123,45,-239,197,7,1
10,SARSA + PS,123,46,-272,200,8,0
10,SARSA + PS,123,47,-245,200,5,0
10,SARSA + PS,123,48,-133,91,7,1
10,SARSA + PS,123,49,-71,65,3,1
10,SARSA + PS,123,50,-98,65,6,1
10,SARSA + PS,123,51,-242,200,7,1
10,SARSA + PS,123,52,-140,134,3,1
10,SARSA + PS,123,53,-207,174,6,1
10,SARSA + PS,123,54,-281,200,9,0
10,SARSA + PS,123,55,-24,36,1,1
10,SARSA + PS,123,56,-668,200,52,0
10,SARSA + PS,123,57,-30,42,1,1
10,SARSA + PS,123,58,-93,69,5,1
10,SARSA + PS,123,59,-100,103,2,1
10,SARSA + PS,123,60,-39,51,1,1
10,SARSA + PS,123,61,-177,117,9,1
10,SARSA + PS,123,62,1,20,0,1
10,SARSA + PS,123,63,-5,17,1,1
10,SARSA + PS,123,64,-254,200,6,0
10,SARSA + PS,123,65,-23,35,1,1
10,SARSA + PS,123,66,-2,23,0,1
10,SARSA + PS,123,67,-127,130,2,1
10,SARSA + PS,123,68,-254,200,6,0
10,SARSA + PS,123,69,-4,16,1,1
10,SARSA + PS,123,70,-60,45,4,1
10,SARSA + PS,123,71,-254,200,6,0
10,SARSA + PS,123,72,-218,200,2,0
10,SARSA + PS,123,73,-11,32,0,1
10,SARSA + PS,123,74,-2,23,0,1
10,SARSA + PS,123,75,-46,49,2,1
10,SARSA + PS,123,76,-90,102,1,1
10,SARSA + PS,123,77,-6,18,1,1
10,SARSA + PS,123,78,8,13,0,1
10,SARSA + PS,123,79,-182,149,6,1
10,SARSA + PS,123,80,-245,200,5,0
10,SARSA + PS,123,81,-69,81,1,1
10,SARSA + PS,123,82,-228,177,8,1
10,SARSA + PS,123,83,-27,39,1,1
10,SARSA + PS,123,84,-75,60,4,1
10,SARSA + PS,123,85,14,7,0,1
10,SARSA + PS,123,86,-2,14,1,1
10,SARSA + PS,123,87,-46,49,2,1
10,SARSA + PS,123,88,1,20,0,1
10,SARSA + PS,123,89,-263,200,7,0
10,SARSA + PS,123,90,-272,200,8,0
10,SARSA + PS,123,91,-59,71,1,1
10,SARSA + PS,123,92,-20,41,0,1
10,SARSA + PS,123,93,-9,30,0,1
10,SARSA + PS,123,94,-5,26,0,1
10,SARSA + PS,123,95,-37,49,1,1
10,SARSA + PS,123,96,-5,17,1,1
10,SARSA + PS,123,97,-281,200,9,0
10,SARSA + PS,123,98,-26,29,2,1
10,SARSA + PS,123,99,-7,10,2,1
10,SARSA + PS,123,100,-22,25,2,1
10,SARSA + PS,123,101,-3,24,0,1
10,SARSA + PS,123,102,-16,28,1,1
10,SARSA + PS,123,103,-72,66,3,1
10,SARSA + PS,123,104,0,12,1,1
10,SARSA + PS,123,105,9,12,0,1
10,SARSA + PS,123,106,-25,37,1,1
10,SARSA + PS,123,107,12,9,0,1
10,SARSA + PS,123,108,-110,95,4,1
10,SARSA + PS,123,109,12,9,0,1
10,SARSA + PS,123,110,-9,21,1,1
10,SARSA + PS,123,111,5,16,0,1
10,SARSA + PS,123,112,-4,16,1,1
10,SARSA + PS,123,113,11,10,0,1
10,SARSA + PS,123,114,-281,200,9,0
10,SARSA + PS,123,115,-263,200,7,0
10,SARSA + PS,123,116,-100,85,4,1
10,SARSA + PS,123,117,2,19,0,1
10,SARSA + PS,123,118,1,11,1,1
10,SARSA + PS,123,119,9,12,0,1
10,SARSA + PS,123,120,-84,78,3,1
10,SARSA + PS,123,121,-171,165,3,1
10,SARSA + PS,123,122,8,13,0,1
10,SARSA + PS,123,123,-75,69,3,1
10,SARSA + PS,123,124,11,10,0,1
10,SARSA + PS,123,125,5,16,0,1
10,SARSA + PS,123,126,-24,45,0,1
10,SARSA + PS,123,127,14,7,0,1
10,SARSA + PS,123,128,10,11,0,1
10,SARSA + PS,123,129,-62,74,1,1
10,SARSA + PS,123,130,-25,28,2,1
10,SARSA + PS,123,131,10,11,0,1
10,SARSA + PS,123,132,7,14,0,1
10,SARSA + PS,123,133,9,12,0,1
10,SARSA + PS,123,134,-47,59,1,1
10,SARSA + PS,123,135,-1,13,1,1
10,SARSA + PS,123,136,-28,40,1,1
10,SARSA + PS,123,137,-43,37,3,1
10,SARSA + PS,123,138,-196,136,9,1
10,SARSA + PS,123,139,-14,26,1,1
10,SARSA + PS,123,140,10,11,0,1
10,SARSA + PS,123,141,7,14,0,1
10,SARSA + PS,123,142,0,21,0,1
10,SARSA + PS,123,143,14,7,0,1
10,SARSA + PS,123,144,0,12,1,1
10,SARSA + PS,123,145,-70,82,1,1
10,SARSA + PS,123,146,1,20,0,1
10,SARSA + PS,123,147,-84,60,5,1
10,SARSA + PS,123,148,-24,27,2,1
10,SARSA + PS,123,149,-31,34,2,1
10,SARSA + PS,123,150,-22,34,1,1
10,SARSA + PS,123,151,-25,37,1,1
10,SARSA + PS,123,152,6,15,0,1
10,SARSA + PS,123,153,11,10,0,1
10,SARSA + PS,123,154,11,10,0,1
10,SARSA + PS,123,155,5,16,0,1
10,SARSA + PS,123,156,-126,111,4,1
10,SARSA + PS,123,157,-4,16,1,1
10,SARSA + PS,123,158,12,9,0,1
10,SARSA + PS,123,159,-1,13,1,1
10,SARSA + PS,123,160,-31,43,1,1
10,SARSA + PS,123,161,-43,46,2,1
10,SARSA + PS,123,162,7,14,0,1
10,SARSA + PS,123,163,10,11,0,1
10,SARSA + PS,123,164,-58,61,2,1
10,SARSA + PS,123,165,3,18,0,1
10,SARSA + PS,123,166,-69,81,1,1
10,SARSA + PS,123,167,8,13,0,1
10,SARSA + PS,123,168,-7,28,0,1
10,SARSA + PS,123,169,7,14,0,1
10,SARSA + PS,123,170,-10,22,1,1
10,SARSA + PS,123,171,1,20,0,1
10,SARSA + PS,123,172,2,19,0,1
10,SARSA + PS,123,173,-20,32,1,1
10,SARSA + PS,123,174,-2,14,1,1
10,SARSA + PS,123,175,7,14,0,1
10,SARSA + PS,123,176,-16,37,0,1
10,SARSA + PS,123,177,-67,61,3,1
10,SARSA + PS,123,178,9,12,0,1
10,SARSA + PS,123,179,11,10,0,1
10,SARSA + PS,123,180,-72,66,3,1
10,SARSA + PS,123,181,-272,200,8,0
10,SARSA + PS,123,182,0,21,0,1
10,SARSA + PS,123,183,3,18,0,1
10,SARSA + PS,123,184,-33,45,1,1
10,SARSA + PS,123,185,10,11,0,1
10,SARSA + PS,123,186,-11,32,0,1
10,SARSA + PS,123,187,-9,21,1,1
10,SARSA + PS,123,188,0,21,0,1
10,SARSA + PS,123,189,-25,46,0,1
10,SARSA + PS,123,190,-192,159,6,1
10,SARSA + PS,123,191,-159,144,4,1
10,SARSA + PS,123,192,-69,63,3,1
10,SARSA + PS,123,193,3,9,1,1
10,SARSA + PS,123,194,-16,19,2,1
10,SARSA + PS,123,195,12,9,0,1
10,SARSA + PS,123,196,-26,38,1,1
10,SARSA + PS,123,197,-78,72,3,1
10,SARSA + PS,123,198,8,13,0,1
10,SARSA + PS,123,199,4,17,0,1
10,SARSA + PS,123,200,-21,33,1,1
10,SARSA + PS,123,201,11,10,0,1
10,SARSA + PS,123,202,-1,13,1,1
10,SARSA + PS,123,203,11,10,0,1
10,SARSA + PS,123,204,-4,16,1,1
10,SARSA + PS,123,205,-28,31,2,1
10,SARSA + PS,123,206,-49,43,3,1
10,SARSA + PS,123,207,-85,97,1,1
10,SARSA + PS,123,208,12,9,0,1
10,SARSA + PS,123,209,0,12,1,1
10,SARSA + PS,123,210,-7,28,0,1
10,SARSA + PS,123,211,12,9,0,1
10,SARSA + PS,123,212,-25,37,1,1
10,SARSA + PS,123,213,-65,59,3,1
10,SARSA + PS,123,214,8,13,0,1
10,SARSA + PS,123,215,11,10,0,1
10,SARSA + PS,123,216,8,13,0,1
10,SARSA + PS,123,217,-10,13,2,1
10,SARSA + PS,123,218,-54,57,2,1
10,SARSA + PS,123,219,9,12,0,1
10,SARSA + PS,123,220,-35,38,2,1
10,SARSA + PS,123,221,-3,15,1,1
10,SARSA + PS,123,222,6,15,0,1
10,SARSA + PS,123,223,-25,28,2,1
10,SARSA + PS,123,224,-4,25,0,1
10,SARSA + PS,123,225,-39,51,1,1
10,SARSA + PS,123,226,-14,26,1,1
10,SARSA + PS,123,227,-16,28,1,1
10,SARSA + PS,123,228,11,10,0,1
10,SARSA + PS,123,229,-46,49,2,1
10,SARSA + PS,123,230,-13,25,1,1
10,SARSA + PS,123,231,5,16,0,1
10,SARSA + PS,123,232,11,10,0,1
10,SARSA + PS,123,233,7,14,0,1
10,SARSA + PS,123,234,-15,36,0,1
10,SARSA + PS,123,235,9,12,0,1
10,SARSA + PS,123,236,12,9,0,1
10,SARSA + PS,123,237,8,13,0,1
10,SARSA + PS,123,238,-7,19,1,1
10,SARSA + PS,123,239,4,17,0,1
10,SARSA + PS,123,240,11,10,0,1
10,SARSA + PS,123,241,-73,67,3,1
10,SARSA + PS,123,242,11,10,0,1
10,SARSA + PS,123,243,0,21,0,1
10,SARSA + PS,123,244,10,11,0,1
10,SARSA + PS,123,245,7,14,0,1
10,SARSA + PS,123,246,-13,16,2,1
10,SARSA + PS,123,247,-28,49,0,1
10,SARSA + PS,123,248,-3,15,1,1
10,SARSA + PS,123,249,7,14,0,1
10,SARSA + PS,123,250,6,15,0,1
10,SARSA + PS,123,251,-24,36,1,1
10,SARSA + PS,123,252,-12,24,1,1
10,SARSA + PS,123,253,10,11,0,1
10,SARSA + PS,123,254,10,11,0,1
10,SARSA + PS,123,255,9,12,0,1
10,SARSA + PS,123,256,-67,79,1,1
10,SARSA + PS,123,257,-15,18,2,1
10,SARSA + PS,123,258,4,17,0,1
10,SARSA + PS,123,259,4,17,0,1
10,SARSA + PS,123,260,-37,49,1,1
10,SARSA + PS,123,261,9,12,0,1
10,SARSA + PS,123,262,-43,37,3,1
10,SARSA + PS,123,263,-14,35,0,1
10,SARSA + PS,123,264,11,10,0,1
10,SARSA + PS,123,265,-17,20,2,1
10,SARSA + PS,123,266,7,14,0,1
10,SARSA + PS,123,267,-29,32,2,1
10,SARSA + PS,123,268,5,7,1,1
10,SARSA + PS,123,269,-44,56,1,1
10,SARSA + PS,123,270,8,13,0,1
10,SARSA + PS,123,271,11,10,0,1
10,SARSA + PS,123,272,-8,29,0,1
10,SARSA + PS,123,273,-2,14,1,1
10,SARSA + PS,123,274,10,11,0,1
10,SARSA + PS,123,275,11,10,0,1
10,SARSA + PS,123,276,-181,175,3,1
10,SARSA + PS,123,277,1,20,0,1
10,SARSA + PS,123,278,-21,33,1,1
10,SARSA + PS,123,279,7,14,0,1
10,SARSA + PS,123,280,2,10,1,1
10,SARSA + PS,123,281,8,13,0,1
10,SARSA + PS,123,282,4,17,0,1
10,SARSA + PS,123,283,3,18,0,1
10,SARSA + PS,123,284,-14,26,1,1
10,SARSA + PS,123,285,-1,13,1,1
10,SARSA + PS,123,286,5,16,0,1
10,SARSA + PS,123,287,-185,134,8,1
10,SARSA + PS,123,288,6,15,0,1
10,SARSA + PS,123,289,-4,16,1,1
10,SARSA + PS,123,290,14,7,0,1
10,SARSA + PS,123,291,2,10,1,1
10,SARSA + PS,123,292,-26,47,0,1
10,SARSA + PS,123,293,1,11,1,1
10,SARSA + PS,123,294,12,9,0,1
10,SARSA + PS,123,295,-6,18,1,1
10,SARSA + PS,123,296,-8,29,0,1
10,SARSA + PS,123,297,11,10,0,1
10,SARSA + PS,123,298,2,19,0,1
10,SARSA + PS,123,299,7,14,0,1
10,SARSA + PS,123,300,-14,17,2,1
10,SARSA + PS,123,301,-199,157,7,1
10,SARSA + PS,123,302,-25,28,2,1
10,SARSA + PS,123,303,5,16,0,1
10,SARSA + PS,123,304,-49,52,2,1
10,SARSA + PS,123,305,-62,38,5,1
10,SARSA + PS,123,306,0,12,1,1
10,SARSA + PS,123,307,4,17,0,1
10,SARSA + PS,123,308,-5,17,1,1
10,SARSA + PS,123,309,8,13,0,1
10,SARSA + PS,123,310,-3,24,0,1
10,SARSA + PS,123,311,-34,28,3,1
10,SARSA + PS,123,312,6,15,0,1
10,SARSA + PS,123,313,-30,42,1,1
10,SARSA + PS,123,314,8,13,0,1
10,SARSA + PS,123,315,-4,16,1,1
10,SARSA + PS,123,316,7,14,0,1
10,SARSA + PS,123,317,1,20,0,1
10,SARSA + PS,123,318,3,9,1,1
10,SARSA + PS,123,319,8,13,0,1
10,SARSA + PS,123,320,-3,24,0,1
10,SARSA + PS,123,321,1,11,1,1
10,SARSA + PS,123,322,6,15,0,1
10,SARSA + PS,123,323,4,17,0,1
10,SARSA + PS,123,324,-15,36,0,1
10,SARSA + PS,123,325,-11,23,1,1
10,SARSA + PS,123,326,-20,23,2,1
10,SARSA + PS,123,327,-3,15,1,1
10,SARSA + PS,123,328,6,15,0,1
10,SARSA + PS,123,329,8,13,0,1
10,SARSA + PS,123,330,-17,29,1,1
10,SARSA + PS,123,331,5,16,0,1
10,SARSA + PS,123,332,7,14,0,1
10,SARSA + PS,123,333,9,12,0,1
10,SARSA + PS,123,334,-5,17,1,1
10,SARSA + PS,123,335,-272,200,8,0
10,SARSA + PS,123,336,-1,22,0,1
10,SARSA + PS,123,337,-4,25,0,1
10,SARSA + PS,123,338,-17,20,2,1
10,SARSA + PS,123,339,-10,31,0,1
10,SARSA + PS,123,340,3,18,0,1
10,SARSA + PS,123,341,8,13,0,1
10,SARSA + PS,123,342,0,21,0,1
10,SARSA + PS,123,343,-4,16,1,1
10,SARSA + PS,123,344,-23,17,3,1
10,SARSA + PS,123,345,12,9,0,1
10,SARSA + PS,123,346,6,15,0,1
10,SARSA + PS,123,347,11,10,0,1
10,SARSA + PS,123,348,8,13,0,1
10,SARSA + PS,123,349,10,11,0,1
10,SARSA + PS,123,350,6,15,0,1
10,SARSA + PS,123,351,-1,13,1,1
10,SARSA + PS,123,352,7,14,0,1
10,SARSA + PS,123,353,-14,26,1,1
10,SARSA + PS,123,354,-13,25,1,1
10,SARSA + PS,123,355,6,15,0,1
10,SARSA + PS,123,356,6,15,0,1
10,SARSA + PS,123,357,-2,14,1,1
10,SARSA + PS,123,358,-7,19,1,1
10,SARSA + PS,123,359,8,13,0,1
10,SARSA + PS,123,360,-4,25,0,1
10,SARSA + PS,123,361,-15,27,1,1
10,SARSA + PS,123,362,8,13,0,1
10,SARSA + PS,123,363,-3,15,1,1
10,SARSA + PS,123,364,9,12,0,1
10,SARSA + PS,123,365,-5,26,0,1
10,SARSA + PS,123,366,0,21,0,1
10,SARSA + PS,123,367,8,13,0,1
10,SARSA + PS,123,368,-3,15,1,1
10,SARSA + PS,123,369,0,21,0,1
10,SARSA + PS,123,370,-18,21,2,1
10,SARSA + PS,123,371,0,21,0,1
10,SARSA + PS,123,372,-31,43,1,1
10,SARSA + PS,123,373,7,14,0,1
10,SARSA + PS,123,374,8,13,0,1
10,SARSA + PS,123,375,10,11,0,1
10,SARSA + PS,123,376,8,13,0,1
10,SARSA + PS,123,377,2,19,0,1
10,SARSA + PS,123,378,3,9,1,1
10,SARSA + PS,123,379,13,8,0,1
10,SARSA + PS,123,380,-12,24,1,1
10,SARSA + PS,123,381,-1,22,0,1
10,SARSA + PS,123,382,-8,20,1,1
10,SARSA + PS,123,383,10,11,0,1
10,SARSA + PS,123,384,0,21,0,1
10,SARSA + PS,123,385,-11,14,2,1
10,SARSA + PS,123,386,13,8,0,1
10,SARSA + PS,123,387,7,14,0,1
10,SARSA + PS,123,388,-69,63,3,1
10,SARSA + PS,123,389,12,9,0,1
10,SARSA + PS,123,390,-2,14,1,1
10,SARSA + PS,123,391,-13,25,1,1
10,SARSA + PS,123,392,-3,15,1,1
10,SARSA + PS,123,393,-8,29,0,1
10,SARSA + PS,123,394,-6,18,1,1
10,SARSA + PS,123,395,-49,52,2,1
10,SARSA + PS,123,396,-23,26,2,1
10,SARSA + PS,123,397,5,16,0,1
10,SARSA + PS,123,398,0,12,1,1
10,SARSA + PS,123,399,1,20,0,1
10,SARSA + PS,123,400,12,9,0,1
10,SARSA + PS,123,401,9,12,0,1
10,SARSA + PS,123,402,9,12,0,1
10,SARSA + PS,123,403,10,11,0,1
10,SARSA + PS,123,404,-11,14,2,1
10,SARSA + PS,123,405,1,20,0,1
10,SARSA + PS,123,406,-63,48,4,1
10,SARSA + PS,123,407,11,10,0,1
10,SARSA + PS,123,408,-38,41,2,1
10,SARSA + PS,123,409,5,16,0,1
10,SARSA + PS,123,410,7,14,0,1
10,SARSA + PS,123,411,11,10,0,1
10,SARSA + PS,123,412,-32,44,1,1
10,SARSA + PS,123,413,14,7,0,1
10,SARSA + PS,123,414,9,12,0,1
10,SARSA + PS,123,415,6,15,0,1
10,SARSA + PS,123,416,6,15,0,1
10,SARSA + PS,123,417,7,14,0,1
10,SARSA + PS,123,418,-5,17,1,1
10,SARSA + PS,123,419,-1,13,1,1
10,SARSA + PS,123,420,8,13,0,1
10,SARSA + PS,123,421,-34,37,2,1
10,SARSA + PS,123,422,9,12,0,1
10,SARSA + PS,123,423,2,19,0,1
10,SARSA + PS,123,424,-10,22,1,1
10,SARSA + PS,123,425,10,11,0,1
10,SARSA + PS,123,426,7,14,0,1
10,SARSA + PS,123,427,-8,20,1,1
10,SARSA + PS,123,428,5,16,0,1
10,SARSA + PS,123,429,1,20,0,1
10,SARSA + PS,123,430,-8,20,1,1
10,SARSA + PS,123,431,-1,13,1,1
10,SARSA + PS,123,432,-44,47,2,1
10,SARSA + PS,123,433,3,18,0,1
10,SARSA + PS,123,434,4,17,0,1
10,SARSA + PS,123,435,1,20,0,1
10,SARSA + PS,123,436,12,9,0,1
10,SARSA + PS,123,437,8,13,0,1
10,SARSA + PS,123,438,9,12,0,1
10,SARSA + PS,123,439,-12,15,2,1
10,SARSA + PS,123,440,-6,18,1,1
10,SARSA + PS,123,441,10,11,0,1
10,SARSA + PS,123,442,-10,13,2,1
10,SARSA + PS,123,443,-3,15,1,1
10,SARSA + PS,123,444,-9,30,0,1
10,SARSA + PS,123,445,11,10,0,1
10,SARSA + PS,123,446,7,14,0,1
10,SARSA + PS,123,447,0,21,0,1
10,SARSA + PS,123,448,-4,16,1,1
10,SARSA + PS,123,449,12,9,0,1
10,SARSA + PS,123,450,-18,21,2,1
10,SARSA + PS,123,451,9,12,0,1
10,SARSA + PS,123,452,8,13,0,1
10,SARSA + PS,123,453,-36,48,1,1
10,SARSA + PS,123,454,-1,22,0,1
10,SARSA + PS,123,455,8,13,0,1
10,SARSA + PS,123,456,-20,23,2,1
10,SARSA + PS,123,457,13,8,0,1
10,SARSA + PS,123,458,5,16,0,1
10,SARSA + PS,123,459,-109,112,2,1
10,SARSA + PS,123,460,0,21,0,1
10,SARSA + PS,123,461,-56,59,2,1
10,SARSA + PS,123,462,4,17,0,1
10,SARSA + PS,123,463,3,9,1,1
10,SARSA + PS,123,464,10,11,0,1
10,SARSA + PS,123,465,11,10,0,1
10,SARSA + PS,123,466,4,17,0,1
10,SARSA + PS,123,467,10,11,0,1
10,SARSA + PS,123,468,10,11,0,1
10,SARSA + PS,123,469,-6,18,1,1
10,SARSA + PS,123,470,-8,20,1,1
10,SARSA + PS,123,471,-2,14,1,1
10,SARSA + PS,123,472,-7,19,1,1
10,SARSA + PS,123,473,7,14,0,1
10,SARSA + PS,123,474,13,8,0,1
10,SARSA + PS,123,475,4,17,0,1
10,SARSA + PS,123,476,2,19,0,1
10,SARSA + PS,123,477,-4,25,0,1
10,SARSA + PS,123,478,11,10,0,1
10,SARSA + PS,123,479,2,19,0,1
10,SARSA + PS,123,480,-10,22,1,1
10,SARSA + PS,123,481,-4,16,1,1
10,SARSA + PS,123,482,-16,19,2,1
10,SARSA + PS,123,483,2,19,0,1
10,SARSA + PS,123,484,11,10,0,1
10,SARSA + PS,123,485,11,10,0,1
10,SARSA + PS,123,486,6,15,0,1
10,SARSA + PS,123,487,-14,17,2,1
10,SARSA + PS,123,488,10,11,0,1
10,SARSA + PS,123,489,5,16,0,1
10,SARSA + PS,123,490,-23,26,2,1
10,SARSA + PS,123,491,0,21,0,1
10,SARSA + PS,123,492,9,12,0,1
10,SARSA + PS,123,493,8,13,0,1
10,SARSA + PS,123,494,-40,52,1,1
10,SARSA + PS,123,495,6,15,0,1
10,SARSA + PS,123,496,8,13,0,1
10,SARSA + PS,123,497,-4,25,0,1
10,SARSA + PS,123,498,9,12,0,1
10,SARSA + PS,123,499,-44,47,2,1
10,SARSA + PS,777,0,-695,200,55,0
10,SARSA + PS,777,1,-758,200,62,0
10,SARSA + PS,777,2,-776,200,64,0
10,SARSA + PS,777,3,-767,200,63,0
10,SARSA + PS,777,4,-704,200,56,0
10,SARSA + PS,777,5,-749,200,61,0
10,SARSA + PS,777,6,-677,200,53,0
10,SARSA + PS,777,7,-668,200,52,0
10,SARSA + PS,777,8,-758,200,62,0
10,SARSA + PS,777,9,-776,200,64,0
10,SARSA + PS,777,10,-830,200,70,0
10,SARSA + PS,777,11,-524,200,36,0
10,SARSA + PS,777,12,-704,200,56,0
10,SARSA + PS,777,13,-560,176,45,1
10,SARSA + PS,777,14,-407,200,23,0
10,SARSA + PS,777,15,-362,200,18,0
10,SARSA + PS,777,16,-713,200,57,0
10,SARSA + PS,777,17,-668,200,52,0
10,SARSA + PS,777,18,-284,143,18,1
10,SARSA + PS,777,19,-713,200,57,0
10,SARSA + PS,777,20,-749,200,61,0
10,SARSA + PS,777,21,-44,47,2,1
10,SARSA + PS,777,22,-605,200,45,0
10,SARSA + PS,777,23,-299,200,11,0
10,SARSA + PS,777,24,-523,193,39,1
10,SARSA + PS,777,25,-632,200,48,0
10,SARSA + PS,777,26,-106,100,3,1
10,SARSA + PS,777,27,-333,138,24,1
10,SARSA + PS,777,28,-281,200,9,0
10,SARSA + PS,777,29,-570,132,51,1
10,SARSA + PS,777,30,-174,78,13,1
10,SARSA + PS,777,31,-704,200,56,0
10,SARSA + PS,777,32,-254,200,6,0
10,SARSA + PS,777,33,-79,73,3,1
10,SARSA + PS,777,34,-605,200,45,0
10,SARSA + PS,777,35,-272,200,8,0
10,SARSA + PS,777,36,-7,19,1,1
10,SARSA + PS,777,37,-6,18,1,1
10,SARSA + PS,777,38,-281,200,9,0
10,SARSA + PS,777,39,-160,127,6,1
10,SARSA + PS,777,40,-263,200,7,0
10,SARSA + PS,777,41,-263,200,7,0
10,SARSA + PS,777,42,-8,20,1,1
10,SARSA + PS,777,43,-127,58,10,1
10,SARSA + PS,777,44,-86,89,2,1
10,SARSA + PS,777,45,-227,200,3,0
10,SARSA + PS,777,46,-175,142,6,1
10,SARSA + PS,777,47,-79,82,2,1
10,SARSA + PS,777,48,-24,27,2,1
10,SARSA + PS,777,49,-254,200,6,0
10,SARSA + PS,777,50,-425,200,25,0
10,SARSA + PS,777,51,-77,62,4,1
10,SARSA + PS,777,52,-36,48,1,1
10,SARSA + PS,777,53,2,10,1,1
10,SARSA + PS,777,54,-6,9,2,1
10,SARSA + PS,777,55,-36,57,0,1
10,SARSA + PS,777,56,-8,20,1,1
10,SARSA + PS,777,57,-5,17,1,1
10,SARSA + PS,777,58,-147,132,4,1
10,SARSA + PS,777,59,-115,73,7,1
10,SARSA + PS,777,60,-79,82,2,1
10,SARSA + PS,777,61,-344,200,16,0
10,SARSA + PS,777,62,-93,87,3,1
10,SARSA + PS,777,63,-25,37,1,1
10,SARSA + PS,777,64,0,21,0,1
10,SARSA + PS,777,65,-50,35,4,1
10,SARSA + PS,777,66,-272,200,8,0
10,SARSA + PS,777,67,-153,129,5,1
10,SARSA + PS,777,68,-25,37,1,1
10,SARSA + PS,777,69,-30,42,1,1
10,SARSA + PS,777,70,-112,88,5,1
10,SARSA + PS,777,71,-245,200,5,0
10,SARSA + PS,777,72,-10,31,0,1
10,SARSA + PS,777,73,-8,29,0,1
10,SARSA + PS,777,74,-35,38,2,1
10,SARSA + PS,777,75,6,15,0,1
10,SARSA + PS,777,76,-107,92,4,1
10,SARSA + PS,777,77,-53,47,3,1
10,SARSA + PS,777,78,-140,134,3,1
10,SARSA + PS,777,79,11,10,0,1
10,SARSA + PS,777,80,-8,20,1,1
10,SARSA + PS,777,81,-254,200,6,0
10,SARSA + PS,777,82,-272,200,8,0
10,SARSA + PS,777,83,-38,59,0,1
10,SARSA + PS,777,84,-52,55,2,1
10,SARSA + PS,777,85,-106,109,2,1
10,SARSA + PS,777,86,-162,138,5,1
10,SARSA + PS,777,87,-227,200,3,0
10,SARSA + PS,777,88,-73,76,2,1
10,SARSA + PS,777,89,-10,31,0,1
10,SARSA + PS,777,90,-165,132,6,1
10,SARSA + PS,777,91,2,19,0,1
10,SARSA + PS,777,92,-9,30,0,1
10,SARSA + PS,777,93,-99,93,3,1
10,SARSA + PS,777,94,-290,200,10,0
10,SARSA + PS,777,95,1,11,1,1
10,SARSA + PS,777,96,-41,44,2,1
10,SARSA + PS,777,97,-26,38,1,1
10,SARSA + PS,777,98,-235,175,9,1
10,SARSA + PS,777,99,-15,36,0,1
10,SARSA + PS,777,100,-254,200,6,0
10,SARSA + PS,777,101,-196,154,7,1
10,SARSA + PS,777,102,7,14,0,1
10,SARSA + PS,777,103,11,10,0,1
10,SARSA + PS,777,104,-22,34,1,1
10,SARSA + PS,777,105,-218,200,2,0
10,SARSA + PS,777,106,-36,39,2,1
10,SARSA + PS,777,107,-85,79,3,1
10,SARSA + PS,777,108,-6,18,1,1
10,SARSA + PS,777,109,5,16,0,1
10,SARSA + PS,777,110,-5,17,1,1
10,SARSA + PS,777,111,6,15,0,1
10,SARSA + PS,777,112,9,12,0,1
10,SARSA + PS,777,113,-12,33,0,1
10,SARSA + PS,777,114,-5,26,0,1
10,SARSA + PS,777,115,14,7,0,1
10,SARSA + PS,777,116,9,12,0,1
10,SARSA + PS,777,117,-10,22,1,1
10,SARSA + PS,777,118,8,13,0,1
10,SARSA + PS,777,119,-21,33,1,1
10,SARSA + PS,777,120,-59,71,1,1
10,SARSA + PS,777,121,-58,52,3,1
10,SARSA + PS,777,122,-153,111,7,1
10,SARSA + PS,777,123,15,6,0,1
10,SARSA + PS,777,124,-17,29,1,1
10,SARSA + PS,777,125,8,13,0,1
10,SARSA + PS,777,126,-92,86,3,1
10,SARSA + PS,777,127,-72,57,4,1
10,SARSA + PS,777,128,10,11,0,1
10,SARSA + PS,777,129,-12,24,1,1
10,SARSA + PS,777,130,-14,26,1,1
10,SARSA + PS,777,131,-40,43,2,1
10,SARSA + PS,777,132,-290,200,10,0
10,SARSA + PS,777,133,-8,20,1,1
10,SARSA + PS,777,134,-14,17,2,1
10,SARSA + PS,777,135,9,12,0,1
10,SARSA + PS,777,136,7,14,0,1
10,SARSA + PS,777,137,-22,34,1,1
10,SARSA + PS,777,138,9,12,0,1
10,SARSA + PS,777,139,-158,152,3,1
10,SARSA + PS,777,140,-13,25,1,1
10,SARSA + PS,777,141,9,12,0,1
10,SARSA + PS,777,142,-3,15,1,1
10,SARSA + PS,777,143,-12,24,1,1
10,SARSA + PS,777,144,-91,85,3,1
10,SARSA + PS,777,145,4,17,0,1
10,SARSA + PS,777,146,-59,80,0,1
10,SARSA + PS,777,147,-5,17,1,1
10,SARSA + PS,777,148,-8,29,0,1
10,SARSA + PS,777,149,-37,31,3,1
10,SARSA + PS,777,150,-68,62,3,1
10,SARSA + PS,777,151,-21,33,1,1
10,SARSA + PS,777,152,-39,33,3,1
10,SARSA + PS,777,153,-162,138,5,1
10,SARSA + PS,777,154,-27,39,1,1
10,SARSA + PS,777,155,-39,51,1,1
10,SARSA + PS,777,156,-9,21,1,1
10,SARSA + PS,777,157,-23,26,2,1
10,SARSA + PS,777,158,-127,121,3,1
10,SARSA + PS,777,159,-5,26,0,1
10,SARSA + PS,777,160,-10,13,2,1
10,SARSA + PS,777,161,-106,100,3,1
10,SARSA + PS,777,162,14,7,0,1
10,SARSA + PS,777,163,11,10,0,1
10,SARSA + PS,777,164,8,13,0,1
10,SARSA + PS,777,165,-21,42,0,1
10,SARSA + PS,777,166,-35,47,1,1
10,SARSA + PS,777,167,2,19,0,1
10,SARSA + PS,777,168,-54,39,4,1
10,SARSA + PS,777,169,-85,79,3,1
10,SARSA + PS,777,170,12,9,0,1
10,SARSA + PS,777,171,-1,22,0,1
10,SARSA + PS,777,172,10,11,0,1
10,SARSA + PS,777,173,-16,37,0,1
10,SARSA + PS,777,174,1,11,1,1
10,SARSA + PS,777,175,3,18,0,1
10,SARSA + PS,777,176,8,13,0,1
10,SARSA + PS,777,177,10,11,0,1
10,SARSA + PS,777,178,4,8,1,1
10,SARSA + PS,777,179,8,13,0,1
10,SARSA + PS,777,180,-39,51,1,1
10,SARSA + PS,777,181,-14,26,1,1
10,SARSA + PS,777,182,-29,41,1,1
10,SARSA + PS,777,183,-16,37,0,1
10,SARSA + PS,777,184,9,12,0,1
10,SARSA + PS,777,185,3,18,0,1
10,SARSA + PS,777,186,4,17,0,1
10,SARSA + PS,777,187,2,10,1,1
10,SARSA + PS,777,188,-2,23,0,1
10,SARSA + PS,777,189,7,14,0,1
10,SARSA + PS,777,190,-1,22,0,1
10,SARSA + PS,777,191,10,11,0,1
10,SARSA + PS,777,192,6,15,0,1
10,SARSA + PS,777,193,-78,72,3,1
10,SARSA + PS,777,194,-5,17,1,1
10,SARSA + PS,777,195,1,20,0,1
10,SARSA + PS,777,196,10,11,0,1
10,SARSA + PS,777,197,7,14,0,1
10,SARSA + PS,777,198,11,10,0,1
10,SARSA + PS,777,199,9,12,0,1
10,SARSA + PS,777,200,-272,200,8,0
10,SARSA + PS,777,201,-2,14,1,1
10,SARSA + PS,777,202,-1,13,1,1
10,SARSA + PS,777,203,-53,47,3,1
10,SARSA + PS,777,204,-15,18,2,1
10,SARSA + PS,777,205,-4,16,1,1
10,SARSA + PS,777,206,-1,13,1,1
10,SARSA + PS,777,207,5,16,0,1
10,SARSA + PS,777,208,9,12,0,1
10,SARSA + PS,777,209,9,12,0,1
10,SARSA + PS,777,210,1,11,1,1
10,SARSA + PS,777,211,10,11,0,1
10,SARSA + PS,777,212,-25,28,2,1
10,SARSA + PS,777,213,2,19,0,1
10,SARSA + PS,777,214,9,12,0,1
10,SARSA + PS,777,215,2,19,0,1
10,SARSA + PS,777,216,7,14,0,1
10,SARSA + PS,777,217,7,14,0,1
10,SARSA + PS,777,218,9,12,0,1
10,SARSA + PS,777,219,-17,29,1,1
10,SARSA + PS,777,220,-16,19,2,1
10,SARSA + PS,777,221,4,17,0,1
10,SARSA + PS,777,222,-1,13,1,1
10,SARSA + PS,777,223,-6,18,1,1
10,SARSA + PS,777,224,-28,31,2,1
10,SARSA + PS,777,225,3,18,0,1
10,SARSA + PS,777,226,-38,50,1,1
10,SARSA + PS,777,227,11,10,0,1
10,SARSA + PS,777,228,0,21,0,1
10,SARSA + PS,777,229,-11,14,2,1
10,SARSA + PS,777,230,-15,27,1,1
10,SARSA + PS,777,231,-20,41,0,1
10,SARSA + PS,777,232,-49,70,0,1
10,SARSA + PS,777,233,-2,14,1,1
10,SARSA + PS,777,234,-1,13,1,1
10,SARSA + PS,777,235,-8,29,0,1
10,SARSA + PS,777,236,0,12,1,1
10,SARSA + PS,777,237,9,12,0,1
10,SARSA + PS,777,238,9,12,0,1
10,SARSA + PS,777,239,7,14,0,1
10,SARSA + PS,777,240,-31,25,3,1
10,SARSA + PS,777,241,11,10,0,1
10,SARSA + PS,777,242,-24,18,3,1
10,SARSA + PS,777,243,-6,18,1,1
10,SARSA + PS,777,244,8,13,0,1
10,SARSA + PS,777,245,7,14,0,1
10,SARSA + PS,777,246,11,10,0,1
10,SARSA + PS,777,247,3,18,0,1
10,SARSA + PS,777,248,5,7,1,1
10,SARSA + PS,777,249,9,12,0,1
10,SARSA + PS,777,250,-5,17,1,1
10,SARSA + PS,777,251,-44,56,1,1
10,SARSA + PS,777,252,-10,22,1,1
10,SARSA + PS,777,253,-64,58,3,1
10,SARSA + PS,777,254,4,17,0,1
10,SARSA + PS,777,255,-6,27,0,1
10,SARSA + PS,777,256,12,9,0,1
10,SARSA + PS,777,257,-19,22,2,1
10,SARSA + PS,777,258,8,13,0,1
10,SARSA + PS,777,259,6,15,0,1
10,SARSA + PS,777,260,-30,42,1,1
10,SARSA + PS,777,261,4,17,0,1
10,SARSA + PS,777,262,-35,47,1,1
10,SARSA + PS,777,263,-26,20,3,1
10,SARSA + PS,777,264,9,12,0,1
10,SARSA + PS,777,265,8,13,0,1
10,SARSA + PS,777,266,-20,23,2,1
10,SARSA + PS,777,267,-18,30,1,1
10,SARSA + PS,777,268,-21,33,1,1
10,SARSA + PS,777,269,-6,18,1,1
10,SARSA + PS,777,270,12,9,0,1
10,SARSA + PS,777,271,-39,51,1,1
10,SARSA + PS,777,272,-6,18,1,1
10,SARSA + PS,777,273,10,11,0,1
10,SARSA + PS,777,274,-2,14,1,1
10,SARSA + PS,777,275,-42,36,3,1
10,SARSA + PS,777,276,-1,13,1,1
10,SARSA + PS,777,277,-2,23,0,1
10,SARSA + PS,777,278,-3,15,1,1
10,SARSA + PS,777,279,-66,78,1,1
10,SARSA + PS,777,280,8,13,0,1
10,SARSA + PS,777,281,1,11,1,1
10,SARSA + PS,777,282,4,17,0,1
10,SARSA + PS,777,283,-4,25,0,1
10,SARSA + PS,777,284,-6,18,1,1
10,SARSA + PS,777,285,0,21,0,1
10,SARSA + PS,777,286,-50,62,1,1
10,SARSA + PS,777,287,8,13,0,1
10,SARSA + PS,777,288,0,12,1,1
10,SARSA + PS,777,289,-32,44,1,1
10,SARSA + PS,777,290,-44,56,1,1
10,SARSA + PS,777,291,-68,62,3,1
10,SARSA + PS,777,292,13,8,0,1
10,SARSA + PS,777,293,-2,14,1,1
10,SARSA + PS,777,294,6,15,0,1
10,SARSA + PS,777,295,9,12,0,1
10,SARSA + PS,777,296,7,14,0,1
10,SARSA + PS,777,297,9,12,0,1
10,SARSA + PS,777,298,-29,41,1,1
10,SARSA + PS,777,299,-35,47,1,1
10,SARSA + PS,777,300,-71,74,2,1
10,SARSA + PS,777,301,-6,27,0,1
10,SARSA + PS,777,302,-2,14,1,1
10,SARSA + PS,777,303,2,19,0,1
10,SARSA + PS,777,304,12,9,0,1
10,SARSA + PS,777,305,-4,16,1,1
10,SARSA + PS,777,306,13,8,0,1
10,SARSA + PS,777,307,0,21,0,1
10,SARSA + PS,777,308,-231,180,8,1
10,SARSA + PS,777,309,-4,25,0,1
10,SARSA + PS,777,310,9,12,0,1
10,SARSA + PS,777,311,-24,27,2,1
10,SARSA + PS,777,312,12,9,0,1
10,SARSA + PS,777,313,-1,22,0,1
10,SARSA + PS,777,314,-22,25,2,1
10,SARSA + PS,777,315,11,10,0,1
10,SARSA + PS,777,316,-13,34,0,1
10,SARSA + PS,777,317,7,14,0,1
10,SARSA + PS,777,318,12,9,0,1
10,SARSA + PS,777,319,-90,93,2,1
10,SARSA + PS,777,320,1,11,1,1
10,SARSA + PS,777,321,7,14,0,1
10,SARSA + PS,777,322,-5,17,1,1
10,SARSA + PS,777,323,-1,13,1,1
10,SARSA + PS,777,324,4,17,0,1
10,SARSA + PS,777,325,-21,33,1,1
10,SARSA + PS,777,326,-1,13,1,1
10,SARSA + PS,777,327,6,15,0,1
10,SARSA + PS,777,328,-15,36,0,1
10,SARSA + PS,777,329,-69,72,2,1
10,SARSA + PS,777,330,7,14,0,1
10,SARSA + PS,777,331,2,19,0,1
10,SARSA + PS,777,332,-7,19,1,1
10,SARSA + PS,777,333,8,13,0,1
10,SARSA + PS,777,334,-3,15,1,1
10,SARSA + PS,777,335,-45,48,2,1
10,SARSA + PS,777,336,-1,22,0,1
10,SARSA + PS,777,337,-39,42,2,1
10,SARSA + PS,777,338,-14,17,2,1
10,SARSA + PS,777,339,2,19,0,1
10,SARSA + PS,777,340,11,10,0,1
10,SARSA + PS,777,341,11,10,0,1
10,SARSA + PS,777,342,8,13,0,1
10,SARSA + PS,777,343,-5,17,1,1
10,SARSA + PS,777,344,-6,18,1,1
10,SARSA + PS,777,345,7,14,0,1
10,SARSA + PS,777,346,6,15,0,1
10,SARSA + PS,777,347,6,15,0,1
10,SARSA + PS,777,348,-5,17,1,1
10,SARSA + PS,777,349,7,14,0,1
10,SARSA + PS,777,350,9,12,0,1
10,SARSA + PS,777,351,-21,33,1,1
10,SARSA + PS,777,352,1,11,1,1
10,SARSA + PS,777,353,-22,16,3,1
10,SARSA + PS,777,354,6,15,0,1
10,SARSA + PS,777,355,6,15,0,1
10,SARSA + PS,777,356,9,12,0,1
10,SARSA + PS,777,357,-18,39,0,1
10,SARSA + PS,777,358,8,13,0,1
10,SARSA + PS,777,359,5,16,0,1
10,SARSA + PS,777,360,-4,16,1,1
10,SARSA + PS,777,361,-2,14,1,1
10,SARSA + PS,777,362,11,10,0,1
10,SARSA + PS,777,363,-10,13,2,1
10,SARSA + PS,777,364,14,7,0,1
10,SARSA + PS,777,365,11,10,0,1
10,SARSA + PS,777,366,-10,22,1,1
10,SARSA + PS,777,367,-37,49,1,1
10,SARSA + PS,777,368,2,19,0,1
10,SARSA + PS,777,369,-92,77,4,1
10,SARSA + PS,777,370,-30,42,1,1
10,SARSA + PS,777,371,9,12,0,1
10,SARSA + PS,777,372,-3,15,1,1
10,SARSA + PS,777,373,9,12,0,1
10,SARSA + PS,777,374,11,10,0,1
10,SARSA + PS,777,375,2,19,0,1
10,SARSA + PS,777,376,2,10,1,1
10,SARSA + PS,777,377,8,13,0,1
10,SARSA + PS,777,378,13,8,0,1
10,SARSA + PS,777,379,-17,20,2,1
10,SARSA + PS,777,380,-3,24,0,1
10,SARSA + PS,777,381,7,14,0,1
10,SARSA + PS,777,382,-7,19,1,1
10,SARSA + PS,777,383,7,14,0,1
10,SARSA + PS,777,384,-3,15,1,1
10,SARSA + PS,777,385,9,12,0,1
10,SARSA + PS,777,386,8,13,0,1
10,SARSA + PS,777,387,7,14,0,1
10,SARSA + PS,777,388,-14,26,1,1
10,SARSA + PS,777,389,-3,15,1,1
10,SARSA + PS,777,390,0,21,0,1
10,SARSA + PS,777,391,9,12,0,1
10,SARSA + PS,777,392,11,10,0,1
10,SARSA + PS,777,393,7,14,0,1
10,SARSA + PS,777,394,6,15,0,1
10,SARSA + PS,777,395,5,16,0,1
10,SARSA + PS,777,396,14,7,0,1
10,SARSA + PS,777,397,7,14,0,1
10,SARSA + PS,777,398,10,11,0,1
10,SARSA + PS,777,399,11,10,0,1
10,SARSA + PS,777,400,-10,31,0,1
10,SARSA + PS,777,401,-8,20,1,1
10,SARSA + PS,777,402,10,11,0,1
10,SARSA + PS,777,403,10,11,0,1
10,SARSA + PS,777,404,9,12,0,1
10,SARSA + PS,777,405,11,10,0,1
10,SARSA + PS,777,406,11,10,0,1
10,SARSA + PS,777,407,1,11,1,1
10,SARSA + PS,777,408,-2,14,1,1
10,SARSA + PS,777,409,-2,14,1,1
10,SARSA + PS,777,410,9,12,0,1
10,SARSA + PS,777,411,10,11,0,1
10,SARSA + PS,777,412,-11,23,1,1
10,SARSA + PS,777,413,-15,18,2,1
10,SARSA + PS,777,414,0,21,0,1
10,SARSA + PS,777,415,4,17,0,1
10,SARSA + PS,777,416,7,14,0,1
10,SARSA + PS,777,417,9,12,0,1
10,SARSA + PS,777,418,12,9,0,1
10,SARSA + PS,777,419,-3,15,1,1
10,SARSA + PS,777,420,-20,23,2,1
10,SARSA + PS,777,421,0,12,1,1
10,SARSA + PS,777,422,7,14,0,1
10,SARSA + PS,777,423,12,9,0,1
10,SARSA + PS,777,424,11,10,0,1
10,SARSA + PS,777,425,14,7,0,1
10,SARSA + PS,777,426,10,11,0,1
10,SARSA + PS,777,427,0,12,1,1
10,SARSA + PS,777,428,-17,20,2,1
10,SARSA + PS,777,429,-1,13,1,1
10,SARSA + PS,777,430,14,7,0,1
10,SARSA + PS,777,431,-16,19,2,1
10,SARSA + PS,777,432,8,13,0,1
10,SARSA + PS,777,433,7,14,0,1
10,SARSA + PS,777,434,10,11,0,1
10,SARSA + PS,777,435,9,12,0,1
10,SARSA + PS,777,436,-6,18,1,1
10,SARSA + PS,777,437,-14,35,0,1
10,SARSA + PS,777,438,-10,22,1,1
10,SARSA + PS,777,439,-3,15,1,1
10,SARSA + PS,777,440,7,14,0,1
10,SARSA + PS,777,441,11,10,0,1
10,SARSA + PS,777,442,8,13,0,1
10,SARSA + PS,777,443,-19,13,3,1
10,SARSA + PS,777,444,8,13,0,1
10,SARSA + PS,777,445,10,11,0,1
10,SARSA + PS,777,446,0,12,1,1
10,SARSA + PS,777,447,-6,18,1,1
10,SARSA + PS,777,448,9,12,0,1
10,SARSA + PS,777,449,8,13,0,1
10,SARSA + PS,777,450,-4,16,1,1
10,SARSA + PS,777,451,-8,20,1,1
10,SARSA + PS,777,452,-13,16,2,1
10,SARSA + PS,777,453,8,13,0,1
10,SARSA + PS,777,454,9,12,0,1
10,SARSA + PS,777,455,-13,25,1,1
10,SARSA + PS,777,456,2,10,1,1
10,SARSA + PS,777,457,8,13,0,1
10,SARSA + PS,777,458,-8,11,2,1
10,SARSA + PS,777,459,13,8,0,1
10,SARSA + PS,777,460,1,11,1,1
10,SARSA + PS,777,461,-1,22,0,1
10,SARSA + PS,777,462,-18,21,2,1
10,SARSA + PS,777,463,7,14,0,1
10,SARSA + PS,777,464,5,16,0,1
10,SARSA + PS,777,465,14,7,0,1
10,SARSA + PS,777,466,0,12,1,1
10,SARSA + PS,777,467,4,17,0,1
10,SARSA + PS,777,468,1,20,0,1
10,SARSA + PS,777,469,14,7,0,1
10,SARSA + PS,777,470,8,13,0,1
10,SARSA + PS,777,471,-2,14,1,1
10,SARSA + PS,777,472,11,10,0,1
10,SARSA + PS,777,473,4,17,0,1
10,SARSA + PS,777,474,6,15,0,1
10,SARSA + PS,777,475,1,20,0,1
10,SARSA + PS,777,476,-1,13,1,1
10,SARSA + PS,777,477,9,12,0,1
10,SARSA + PS,777,478,12,9,0,1
10,SARSA + PS,777,479,6,15,0,1
10,SARSA + PS,777,480,-11,23,1,1
10,SARSA + PS,777,481,6,15,0,1
10,SARSA + PS,777,482,15,6,0,1
10,SARSA + PS,777,483,6,15,0,1
10,SARSA + PS,777,484,-5,17,1,1
10,SARSA + PS,777,485,-28,40,1,1
10,SARSA + PS,777,486,5,16,0,1
10,SARSA + PS,777,487,9,12,0,1
10,SARSA + PS,777,488,8,13,0,1
10,SARSA + PS,777,489,10,11,0,1
10,SARSA + PS,777,490,-18,39,0,1
10,SARSA + PS,777,491,-6,27,0,1
10,SARSA + PS,777,492,5,16,0,1
10,SARSA + PS,777,493,14,7,0,1
10,SARSA + PS,777,494,2,19,0,1
10,SARSA + PS,777,495,2,19,0,1
10,SARSA + PS,777,496,-8,20,1,1
10,SARSA + PS,777,497,5,16,0,1
10,SARSA + PS,777,498,9,12,0,1
10,SARSA + PS,777,499,12,9,0,1
10,SARSA + PS,999,0,-569,200,41,0
10,SARSA + PS,999,1,-731,200,59,0
10,SARSA + PS,999,2,-695,200,55,0
10,SARSA + PS,999,3,-731,200,59,0
10,SARSA + PS,999,4,-686,200,54,0
10,SARSA + PS,999,5,-623,200,47,0
10,SARSA + PS,999,6,-299,200,11,0
10,SARSA + PS,999,7,-731,200,59,0
10,SARSA + PS,999,8,-713,200,57,0
10,SARSA + PS,999,9,-758,200,62,0
10,SARSA + PS,999,10,-713,200,57,0
10,SARSA + PS,999,11,-722,200,58,0
10,SARSA + PS,999,12,-596,200,44,0
10,SARSA + PS,999,13,-776,200,64,0
10,SARSA + PS,999,14,-749,200,61,0
10,SARSA + PS,999,15,-497,200,33,0
10,SARSA + PS,999,16,-749,200,61,0
10,SARSA + PS,999,17,-587,200,43,0
10,SARSA + PS,999,18,-578,200,42,0
10,SARSA + PS,999,19,-235,85,19,1
10,SARSA + PS,999,20,-273,96,22,1
10,SARSA + PS,999,21,-686,200,54,0
10,SARSA + PS,999,22,-884,200,76,0
10,SARSA + PS,999,23,-365,98,32,1
10,SARSA + PS,999,24,7,14,0,1
10,SARSA + PS,999,25,-479,200,31,0
10,SARSA + PS,999,26,-641,200,49,0
10,SARSA + PS,999,27,-488,131,42,1
10,SARSA + PS,999,28,-533,200,37,0
10,SARSA + PS,999,29,-299,200,11,0
10,SARSA + PS,999,30,-299,200,11,0
10,SARSA + PS,999,31,-218,200,2,0
10,SARSA + PS,999,32,-344,200,16,0
10,SARSA + PS,999,33,-254,200,6,0
10,SARSA + PS,999,34,-317,200,13,0
10,SARSA + PS,999,35,-442,193,30,1
10,SARSA + PS,999,36,-254,200,6,0
10,SARSA + PS,999,37,-227,200,3,0
10,SARSA + PS,999,38,-63,66,2,1
10,SARSA + PS,999,39,-371,200,19,0
10,SARSA + PS,999,40,-54,57,2,1
10,SARSA + PS,999,41,-434,200,26,0
10,SARSA + PS,999,42,-71,74,2,1
10,SARSA + PS,999,43,-254,200,6,0
10,SARSA + PS,999,44,-22,34,1,1
10,SARSA + PS,999,45,-407,200,23,0
10,SARSA + PS,999,46,-105,90,4,1
10,SARSA + PS,999,47,-218,200,2,0
10,SARSA + PS,999,48,9,12,0,1
10,SARSA + PS,999,49,-11,32,0,1
10,SARSA + PS,999,50,-143,110,6,1
10,SARSA + PS,999,51,8,13,0,1
10,SARSA + PS,999,52,-208,94,15,1
10,SARSA + PS,999,53,-281,200,9,0
10,SARSA + PS,999,54,-263,200,7,0
10,SARSA + PS,999,55,-281,200,9,0
10,SARSA + PS,999,56,-223,154,10,1
10,SARSA + PS,999,57,-149,125,5,1
10,SARSA + PS,999,58,-245,200,5,0
10,SARSA + PS,999,59,-281,200,9,0
10,SARSA + PS,999,60,-81,75,3,1
10,SARSA + PS,999,61,-263,200,7,0
10,SARSA + PS,999,62,-281,200,9,0
10,SARSA + PS,999,63,-44,38,3,1
10,SARSA + PS,999,64,-56,68,1,1
10,SARSA + PS,999,65,-35,38,2,1
10,SARSA + PS,999,66,-4,16,1,1
10,SARSA + PS,999,67,-111,114,2,1
10,SARSA + PS,999,68,-47,50,2,1
10,SARSA + PS,999,69,-254,200,6,0
10,SARSA + PS,999,70,2,10,1,1
10,SARSA + PS,999,71,-137,122,4,1
10,SARSA + PS,999,72,-11,23,1,1
10,SARSA + PS,999,73,-116,110,3,1
10,SARSA + PS,999,74,-43,55,1,1
10,SARSA + PS,999,75,-142,109,6,1
10,SARSA + PS,999,76,-299,200,11,0
10,SARSA + PS,999,77,-60,45,4,1
10,SARSA + PS,999,78,-33,54,0,1
10,SARSA + PS,999,79,-95,62,6,1
10,SARSA + PS,999,80,-290,200,10,0
10,SARSA + PS,999,81,-281,200,9,0
10,SARSA + PS,999,82,1,11,1,1
10,SARSA + PS,999,83,-96,90,3,1
10,SARSA + PS,999,84,11,10,0,1
10,SARSA + PS,999,85,-56,50,3,1
10,SARSA + PS,999,86,-86,89,2,1
10,SARSA + PS,999,87,-308,200,12,0
10,SARSA + PS,999,88,11,10,0,1
10,SARSA + PS,999,89,-176,134,7,1
10,SARSA + PS,999,90,12,9,0,1
10,SARSA + PS,999,91,-245,200,5,0
10,SARSA + PS,999,92,-236,200,4,0
10,SARSA + PS,999,93,11,10,0,1
10,SARSA + PS,999,94,-81,57,5,1
10,SARSA + PS,999,95,-19,31,1,1
10,SARSA + PS,999,96,12,9,0,1
10,SARSA + PS,999,97,-43,55,1,1
10,SARSA + PS,999,98,12,9,0,1
10,SARSA + PS,999,99,-62,83,0,1
10,SARSA + PS,999,100,5,16,0,1
10,SARSA + PS,999,101,-14,26,1,1
10,SARSA + PS,999,102,-4,25,0,1
10,SARSA + PS,999,103,-67,79,1,1
10,SARSA + PS,999,104,-165,159,3,1
10,SARSA + PS,999,105,-389,200,21,0
10,SARSA + PS,999,106,-25,46,0,1
10,SARSA + PS,999,107,-245,194,8,1
10,SARSA + PS,999,108,-9,30,0,1
10,SARSA + PS,999,109,-238,169,10,1
10,SARSA + PS,999,110,-166,169,2,1
10,SARSA + PS,999,111,6,15,0,1
10,SARSA + PS,999,112,-10,31,0,1
10,SARSA + PS,999,113,-21,24,2,1
10,SARSA + PS,999,114,-109,94,4,1
10,SARSA + PS,999,115,-69,54,4,1
10,SARSA + PS,999,116,-146,131,4,1
10,SARSA + PS,999,117,-176,170,3,1
10,SARSA + PS,999,118,11,10,0,1
10,SARSA + PS,999,119,11,10,0,1
10,SARSA + PS,999,120,-56,59,2,1
10,SARSA + PS,999,121,-9,21,1,1
10,SARSA + PS,999,122,-13,25,1,1
10,SARSA + PS,999,123,11,10,0,1
10,SARSA + PS,999,124,-108,111,2,1
10,SARSA + PS,999,125,-15,18,2,1
10,SARSA + PS,999,126,-38,41,2,1
10,SARSA + PS,999,127,11,10,0,1
10,SARSA + PS,999,128,9,12,0,1
10,SARSA + PS,999,129,-239,161,11,1
10,SARSA + PS,999,130,9,12,0,1
10,SARSA + PS,999,131,-109,103,3,1
10,SARSA + PS,999,132,9,12,0,1
10,SARSA + PS,999,133,-55,49,3,1
10,SARSA + PS,999,134,9,12,0,1
10,SARSA + PS,999,135,-11,23,1,1
10,SARSA + PS,999,136,-8,29,0,1
10,SARSA + PS,999,137,0,21,0,1
10,SARSA + PS,999,138,-40,43,2,1
10,SARSA + PS,999,139,8,13,0,1
10,SARSA + PS,999,140,10,11,0,1
10,SARSA + PS,999,141,-11,23,1,1
10,SARSA + PS,999,142,14,7,0,1
10,SARSA + PS,999,143,-9,12,2,1
10,SARSA + PS,999,144,-31,52,0,1
10,SARSA + PS,999,145,-64,67,2,1
10,SARSA + PS,999,146,-42,45,2,1
10,SARSA + PS,999,147,-44,56,1,1
10,SARSA + PS,999,148,-207,183,5,1
10,SARSA + PS,999,149,14,7,0,1
10,SARSA + PS,999,150,3,18,0,1
10,SARSA + PS,999,151,-13,16,2,1
10,SARSA + PS,999,152,9,12,0,1
10,SARSA + PS,999,153,-49,52,2,1
10,SARSA + PS,999,154,14,7,0,1
10,SARSA + PS,999,155,6,15,0,1
10,SARSA + PS,999,156,-1,13,1,1
10,SARSA + PS,999,157,-27,39,1,1
10,SARSA + PS,999,158,-38,41,2,1
10,SARSA + PS,999,159,-23,26,2,1
10,SARSA + PS,999,160,-15,27,1,1
10,SARSA + PS,999,161,1,20,0,1
10,SARSA + PS,999,162,-152,110,7,1
10,SARSA + PS,999,163,0,12,1,1
10,SARSA + PS,999,164,4,17,0,1
10,SARSA + PS,999,165,-135,120,4,1
10,SARSA + PS,999,166,-85,97,1,1
10,SARSA + PS,999,167,-26,29,2,1
10,SARSA + PS,999,168,-308,200,12,0
10,SARSA + PS,999,169,9,12,0,1
10,SARSA + PS,999,170,11,10,0,1
10,SARSA + PS,999,171,2,19,0,1
10,SARSA + PS,999,172,-24,36,1,1
10,SARSA + PS,999,173,-31,52,0,1
10,SARSA + PS,999,174,-6,9,2,1
10,SARSA + PS,999,175,9,12,0,1
10,SARSA + PS,999,176,10,11,0,1
10,SARSA + PS,999,177,8,13,0,1
10,SARSA + PS,999,178,-39,51,1,1
10,SARSA + PS,999,179,6,15,0,1
10,SARSA + PS,999,180,11,10,0,1
10,SARSA + PS,999,181,12,9,0,1
10,SARSA + PS,999,182,-74,59,4,1
10,SARSA + PS,999,183,10,11,0,1
10,SARSA + PS,999,184,10,11,0,1
10,SARSA + PS,999,185,9,12,0,1
10,SARSA + PS,999,186,8,13,0,1
10,SARSA + PS,999,187,7,14,0,1
10,SARSA + PS,999,188,10,11,0,1
10,SARSA + PS,999,189,0,12,1,1
10,SARSA + PS,999,190,-38,59,0,1
10,SARSA + PS,999,191,5,16,0,1
10,SARSA + PS,999,192,-88,82,3,1
10,SARSA + PS,999,193,-36,39,2,1
10,SARSA + PS,999,194,-21,33,1,1
10,SARSA + PS,999,195,7,14,0,1
10,SARSA + PS,999,196,0,12,1,1
10,SARSA + PS,999,197,-64,58,3,1
10,SARSA + PS,999,198,2,19,0,1
10,SARSA + PS,999,199,10,11,0,1
10,SARSA + PS,999,200,-27,30,2,1
10,SARSA + PS,999,201,11,10,0,1
10,SARSA + PS,999,202,-4,16,1,1
10,SARSA + PS,999,203,14,7,0,1
10,SARSA + PS,999,204,8,13,0,1
10,SARSA + PS,999,205,10,11,0,1
10,SARSA + PS,999,206,-5,17,1,1
10,SARSA + PS,999,207,1,11,1,1
10,SARSA + PS,999,208,9,12,0,1
10,SARSA + PS,999,209,7,14,0,1
10,SARSA + PS,999,210,7,14,0,1
10,SARSA + PS,999,211,9,12,0,1
10,SARSA + PS,999,212,12,9,0,1
10,SARSA + PS,999,213,10,11,0,1
10,SARSA + PS,999,214,-146,140,3,1
10,SARSA + PS,999,215,-13,25,1,1
10,SARSA + PS,999,216,-7,28,0,1
10,SARSA + PS,999,217,-3,15,1,1
10,SARSA + PS,999,218,-33,36,2,1
10,SARSA + PS,999,219,9,12,0,1
10,SARSA + PS,999,220,11,10,0,1
10,SARSA + PS,999,221,-1,13,1,1
10,SARSA + PS,999,222,8,13,0,1
10,SARSA + PS,999,223,-2,14,1,1
10,SARSA + PS,999,224,-1,13,1,1
10,SARSA + PS,999,225,-5,17,1,1
10,SARSA + PS,999,226,-21,15,3,1
10,SARSA + PS,999,227,4,17,0,1
10,SARSA + PS,999,228,8,13,0,1
10,SARSA + PS,999,229,-55,58,2,1
10,SARSA + PS,999,230,1,20,0,1
10,SARSA + PS,999,231,9,12,0,1
10,SARSA + PS,999,232,11,10,0,1
10,SARSA + PS,999,233,-4,25,0,1
10,SARSA + PS,999,234,2,10,1,1
10,SARSA + PS,999,235,10,11,0,1
10,SARSA + PS,999,236,14,7,0,1
10,SARSA + PS,999,237,-8,11,2,1
10,SARSA + PS,999,238,11,10,0,1
10,SARSA + PS,999,239,-13,25,1,1
10,SARSA + PS,999,240,-40,43,2,1
10,SARSA + PS,999,241,-8,29,0,1
10,SARSA + PS,999,242,4,17,0,1
10,SARSA + PS,999,243,14,7,0,1
10,SARSA + PS,999,244,8,13,0,1
10,SARSA + PS,999,245,7,14,0,1
10,SARSA + PS,999,246,-41,35,3,1
10,SARSA + PS,999,247,14,7,0,1
10,SARSA + PS,999,248,2,19,0,1
10,SARSA + PS,999,249,2,19,0,1
10,SARSA + PS,999,250,8,13,0,1
10,SARSA + PS,999,251,-2,14,1,1
10,SARSA + PS,999,252,8,13,0,1
10,SARSA + PS,999,253,-26,29,2,1
10,SARSA + PS,999,254,9,12,0,1
10,SARSA + PS,999,255,7,14,0,1
10,SARSA + PS,999,256,3,9,1,1
10,SARSA + PS,999,257,5,16,0,1
10,SARSA + PS,999,258,5,16,0,1
10,SARSA + PS,999,259,8,13,0,1
10,SARSA + PS,999,260,13,8,0,1
10,SARSA + PS,999,261,-17,38,0,1
10,SARSA + PS,999,262,2,19,0,1
10,SARSA + PS,999,263,-10,22,1,1
10,SARSA + PS,999,264,-12,15,2,1
10,SARSA + PS,999,265,-3,15,1,1
10,SARSA + PS,999,266,-2,14,1,1
10,SARSA + PS,999,267,10,11,0,1
10,SARSA + PS,999,268,-22,43,0,1
10,SARSA + PS,999,269,-27,48,0,1
10,SARSA + PS,999,270,6,15,0,1
10,SARSA + PS,999,271,14,7,0,1
10,SARSA + PS,999,272,-3,24,0,1
10,SARSA + PS,999,273,0,21,0,1
10,SARSA + PS,999,274,-52,55,2,1
10,SARSA + PS,999,275,7,14,0,1
10,SARSA + PS,999,276,9,12,0,1
10,SARSA + PS,999,277,10,11,0,1
10,SARSA + PS,999,278,13,8,0,1
10,SARSA + PS,999,279,-32,44,1,1
10,SARSA + PS,999,280,7,14,0,1
10,SARSA + PS,999,281,14,7,0,1
10,SARSA + PS,999,282,5,16,0,1
10,SARSA + PS,999,283,9,12,0,1
10,SARSA + PS,999,284,-11,14,2,1
10,SARSA + PS,999,285,-33,36,2,1
10,SARSA + PS,999,286,-30,51,0,1
10,SARSA + PS,999,287,0,12,1,1
10,SARSA + PS,999,288,-71,65,3,1
10,SARSA + PS,999,289,-1,13,1,1
10,SARSA + PS,999,290,-5,17,1,1
10,SARSA + PS,999,291,-107,74,6,1
10,SARSA + PS,999,292,2,19,0,1
10,SARSA + PS,999,293,-14,17,2,1
10,SARSA + PS,999,294,-3,15,1,1
10,SARSA + PS,999,295,15,6,0,1
10,SARSA + PS,999,296,5,16,0,1
10,SARSA + PS,999,297,-1,22,0,1
10,SARSA + PS,999,298,8,13,0,1
10,SARSA + PS,999,299,5,16,0,1
10,SARSA + PS,999,300,7,14,0,1
10,SARSA + PS,999,301,-7,19,1,1
10,SARSA + PS,999,302,-1,22,0,1
10,SARSA + PS,999,303,-3,15,1,1
10,SARSA + PS,999,304,-9,12,2,1
10,SARSA + PS,999,305,6,15,0,1
10,SARSA + PS,999,306,13,8,0,1
10,SARSA + PS,999,307,-60,54,3,1
10,SARSA + PS,999,308,4,17,0,1
10,SARSA + PS,999,309,-18,30,1,1
10,SARSA + PS,999,310,-70,73,2,1
10,SARSA + PS,999,311,-1,13,1,1
10,SARSA + PS,999,312,-3,15,1,1
10,SARSA + PS,999,313,-33,36,2,1
10,SARSA + PS,999,314,6,15,0,1
10,SARSA + PS,999,315,3,18,0,1
10,SARSA + PS,999,316,-27,30,2,1
10,SARSA + PS,999,317,8,13,0,1
10,SARSA + PS,999,318,-54,48,3,1
10,SARSA + PS,999,319,6,15,0,1
10,SARSA + PS,999,320,7,14,0,1
10,SARSA + PS,999,321,-3,15,1,1
10,SARSA + PS,999,322,2,19,0,1
10,SARSA + PS,999,323,7,14,0,1
10,SARSA + PS,999,324,-19,22,2,1
10,SARSA + PS,999,325,12,9,0,1
10,SARSA + PS,999,326,12,9,0,1
10,SARSA + PS,999,327,9,12,0,1
10,SARSA + PS,999,328,-49,52,2,1
10,SARSA + PS,999,329,11,10,0,1
10,SARSA + PS,999,330,11,10,0,1
10,SARSA + PS,999,331,-24,18,3,1
10,SARSA + PS,999,332,-15,18,2,1
10,SARSA + PS,999,333,-56,50,3,1
10,SARSA + PS,999,334,-24,18,3,1
10,SARSA + PS,999,335,-3,15,1,1
10,SARSA + PS,999,336,9,12,0,1
10,SARSA + PS,999,337,8,13,0,1
10,SARSA + PS,999,338,4,17,0,1
10,SARSA + PS,999,339,-213,162,8,1
10,SARSA + PS,999,340,-7,28,0,1
10,SARSA + PS,999,341,5,16,0,1
10,SARSA + PS,999,342,7,14,0,1
10,SARSA + PS,999,343,9,12,0,1
10,SARSA + PS,999,344,-21,24,2,1
10,SARSA + PS,999,345,8,13,0,1
10,SARSA + PS,999,346,5,16,0,1
10,SARSA + PS,999,347,7,14,0,1
10,SARSA + PS,999,348,7,14,0,1
10,SARSA + PS,999,349,-55,49,3,1
10,SARSA + PS,999,350,-2,14,1,1
10,SARSA + PS,999,351,-84,69,4,1
10,SARSA + PS,999,352,8,13,0,1
10,SARSA + PS,999,353,2,19,0,1
10,SARSA + PS,999,354,9,12,0,1
10,SARSA + PS,999,355,-23,17,3,1
10,SARSA + PS,999,356,-48,42,3,1
10,SARSA + PS,999,357,9,12,0,1
10,SARSA + PS,999,358,3,18,0,1
10,SARSA + PS,999,359,-34,37,2,1
10,SARSA + PS,999,360,-1,13,1,1
10,SARSA + PS,999,361,10,11,0,1
10,SARSA + PS,999,362,-6,18,1,1
10,SARSA + PS,999,363,-10,22,1,1
10,SARSA + PS,999,364,8,13,0,1
10,SARSA + PS,999,365,-14,17,2,1
10,SARSA + PS,999,366,14,7,0,1
10,SARSA + PS,999,367,1,20,0,1
10,SARSA + PS,999,368,13,8,0,1
10,SARSA + PS,999,369,-14,35,0,1
10,SARSA + PS,999,370,5,16,0,1
10,SARSA + PS,999,371,-1,13,1,1
10,SARSA + PS,999,372,11,10,0,1
10,SARSA + PS,999,373,-2,23,0,1
10,SARSA + PS,999,374,13,8,0,1
10,SARSA + PS,999,375,-5,26,0,1
10,SARSA + PS,999,376,5,16,0,1
10,SARSA + PS,999,377,-31,16,4,1
10,SARSA + PS,999,378,12,9,0,1
10,SARSA + PS,999,379,8,13,0,1
10,SARSA + PS,999,380,10,11,0,1
10,SARSA + PS,999,381,-7,19,1,1
10,SARSA + PS,999,382,-57,42,4,1
10,SARSA + PS,999,383,-6,18,1,1
10,SARSA + PS,999,384,8,13,0,1
10,SARSA + PS,999,385,-8,11,2,1
10,SARSA + PS,999,386,8,13,0,1
10,SARSA + PS,999,387,10,11,0,1
10,SARSA + PS,999,388,-8,29,0,1
10,SARSA + PS,999,389,-6,18,1,1
10,SARSA + PS,999,390,7,14,0,1
10,SARSA + PS,999,391,8,13,0,1
10,SARSA + PS,999,392,-6,27,0,1
10,SARSA + PS,999,393,8,13,0,1
10,SARSA + PS,999,394,7,14,0,1
10,SARSA + PS,999,395,4,17,0,1
10,SARSA + PS,999,396,-1,22,0,1
10,SARSA + PS,999,397,10,11,0,1
10,SARSA + PS,999,398,2,19,0,1
10,SARSA + PS,999,399,2,19,0,1
10,SARSA + PS,999,400,7,14,0,1
10,SARSA + PS,999,401,9,12,0,1
10,SARSA + PS,999,402,9,12,0,1
10,SARSA + PS,999,403,6,15,0,1
10,SARSA + PS,999,404,8,13,0,1
10,SARSA + PS,999,405,-6,27,0,1
10,SARSA + PS,999,406,-11,14,2,1
10,SARSA + PS,999,407,11,10,0,1
10,SARSA + PS,999,408,12,9,0,1
10,SARSA + PS,999,409,-16,19,2,1
10,SARSA + PS,999,410,-3,24,0,1
10,SARSA + PS,999,411,4,17,0,1
10,SARSA + PS,999,412,-7,28,0,1
10,SARSA + PS,999,413,12,9,0,1
10,SARSA + PS,999,414,-15,27,1,1
10,SARSA + PS,999,415,12,9,0,1
10,SARSA + PS,999,416,-1,13,1,1
10,SARSA + PS,999,417,7,14,0,1
10,SARSA + PS,999,418,2,19,0,1
10,SARSA + PS,999,419,8,13,0,1
10,SARSA + PS,999,420,-24,18,3,1
10,SARSA + PS,999,421,10,11,0,1
10,SARSA + PS,999,422,-56,59,2,1
10,SARSA + PS,999,423,-14,17,2,1
10,SARSA + PS,999,424,1,11,1,1
10,SARSA + PS,999,425,5,16,0,1
10,SARSA + PS,999,426,6,15,0,1
10,SARSA + PS,999,427,9,12,0,1
10,SARSA + PS,999,428,12,9,0,1
10,SARSA + PS,999,429,7,14,0,1
10,SARSA + PS,999,430,5,16,0,1
10,SARSA + PS,999,431,-9,30,0,1
10,SARSA + PS,999,432,6,15,0,1
10,SARSA + PS,999,433,6,15,0,1
10,SARSA + PS,999,434,0,12,1,1
10,SARSA + PS,999,435,14,7,0,1
10,SARSA + PS,999,436,8,13,0,1
10,SARSA + PS,999,437,-5,17,1,1
10,SARSA + PS,999,438,9,12,0,1
10,SARSA + PS,999,439,9,12,0,1
10,SARSA + PS,999,440,0,12,1,1
10,SARSA + PS,999,441,12,9,0,1
10,SARSA + PS,999,442,8,13,0,1
10,SARSA + PS,999,443,14,7,0,1
10,SARSA + PS,999,444,-5,17,1,1
10,SARSA + PS,999,445,1,11,1,1
10,SARSA + PS,999,446,9,12,0,1
10,SARSA + PS,999,447,1,11,1,1
10,SARSA + PS,999,448,-13,34,0,1
10,SARSA + PS,999,449,8,13,0,1
10,SARSA + PS,999,450,9,12,0,1
10,SARSA + PS,999,451,10,11,0,1
10,SARSA + PS,999,452,13,8,0,1
10,SARSA + PS,999,453,-13,25,1,1
10,SARSA + PS,999,454,-4,16,1,1
10,SARSA + PS,999,455,-17,20,2,1
10,SARSA + PS,999,456,10,11,0,1
10,SARSA + PS,999,457,5,16,0,1
10,SARSA + PS,999,458,9,12,0,1
10,SARSA + PS,999,459,-4,16,1,1
10,SARSA + PS,999,460,9,12,0,1
10,SARSA + PS,999,461,-7,19,1,1
10,SARSA + PS,999,462,-1,22,0,1
10,SARSA + PS,999,463,-30,42,1,1
10,SARSA + PS,999,464,-13,16,2,1
10,SARSA + PS,999,465,8,13,0,1
10,SARSA + PS,999,466,-4,16,1,1
10,SARSA + PS,999,467,5,16,0,1
10,SARSA + PS,999,468,-11,32,0,1
10,SARSA + PS,999,469,1,20,0,1
10,SARSA + PS,999,470,-20,23,2,1
10,SARSA + PS,999,471,4,17,0,1
10,SARSA + PS,999,472,-67,88,0,1
10,SARSA + PS,999,473,7,14,0,1
10,SARSA + PS,999,474,-25,28,2,1
10,SARSA + PS,999,475,-1,13,1,1
10,SARSA + PS,999,476,-9,21,1,1
10,SARSA + PS,999,477,3,18,0,1
10,SARSA + PS,999,478,-2,14,1,1
10,SARSA + PS,999,479,9,12,0,1
10,SARSA + PS,999,480,-11,14,2,1
10,SARSA + PS,999,481,-40,52,1,1
10,SARSA + PS,999,482,14,7,0,1
10,SARSA + PS,999,483,-55,40,4,1
10,SARSA + PS,999,484,-2,14,1,1
10,SARSA + PS,999,485,4,17,0,1
10,SARSA + PS,999,486,-1,22,0,1
10,SARSA + PS,999,487,6,15,0,1
10,SARSA + PS,999,488,11,10,0,1
10,SARSA + PS,999,489,7,14,0,1
10,SARSA + PS,999,490,10,11,0,1
10,SARSA + PS,999,491,-17,20,2,1
10,SARSA + PS,999,492,11,10,0,1
10,SARSA + PS,999,493,8,13,0,1
10,SARSA + PS,999,494,-2,23,0,1
10,SARSA + PS,999,495,-22,16,3,1
10,SARSA + PS,999,496,12,9,0,1
10,SARSA + PS,999,497,-8,29,0,1
10,SARSA + PS,999,498,7,14,0,1
10,SARSA + PS,999,499,-7,28,0,1
10,SARSA + PS,2024,0,-650,200,50,0
10,SARSA + PS,2024,1,-238,61,22,1
10,SARSA + PS,2024,2,-686,200,54,0
10,SARSA + PS,2024,3,-713,200,57,0
10,SARSA + PS,2024,4,-821,200,69,0
10,SARSA + PS,2024,5,-767,200,63,0
10,SARSA + PS,2024,6,-713,200,57,0
10,SARSA + PS,2024,7,-713,200,57,0
10,SARSA + PS,2024,8,-542,200,38,0
10,SARSA + PS,2024,9,-587,200,43,0
10,SARSA + PS,2024,10,-839,200,71,0
10,SARSA + PS,2024,11,-695,200,55,0
10,SARSA + PS,2024,12,-239,80,20,1
10,SARSA + PS,2024,13,-641,200,49,0
10,SARSA + PS,2024,14,-292,151,18,1
10,SARSA + PS,2024,15,-28,49,0,1
10,SARSA + PS,2024,16,-767,200,63,0
10,SARSA + PS,2024,17,6,15,0,1
10,SARSA + PS,2024,18,-262,85,22,1
10,SARSA + PS,2024,19,-389,200,21,0
10,SARSA + PS,2024,20,-344,200,16,0
10,SARSA + PS,2024,21,-344,200,16,0
10,SARSA + PS,2024,22,-533,200,37,0
10,SARSA + PS,2024,23,-479,200,31,0
10,SARSA + PS,2024,24,-2,23,0,1
10,SARSA + PS,2024,25,-740,200,60,0
10,SARSA + PS,2024,26,-346,97,30,1
10,SARSA + PS,2024,27,-605,200,45,0
10,SARSA + PS,2024,28,-152,83,10,1
10,SARSA + PS,2024,29,-133,109,5,1
10,SARSA + PS,2024,30,-506,200,34,0
10,SARSA + PS,2024,31,-353,200,17,0
10,SARSA + PS,2024,32,-27,30,2,1
10,SARSA + PS,2024,33,-167,152,4,1
10,SARSA + PS,2024,34,-497,200,33,0
10,SARSA + PS,2024,35,-245,200,5,0
10,SARSA + PS,2024,36,-704,200,56,0
10,SARSA + PS,2024,37,-389,200,21,0
10,SARSA + PS,2024,38,-51,45,3,1
10,SARSA + PS,2024,39,-29,32,2,1
10,SARSA + PS,2024,40,-506,200,34,0
10,SARSA + PS,2024,41,-686,200,54,0
10,SARSA + PS,2024,42,10,11,0,1
10,SARSA + PS,2024,43,-191,131,9,1
10,SARSA + PS,2024,44,-272,200,8,0
10,SARSA + PS,2024,45,-317,200,13,0
10,SARSA + PS,2024,46,-272,200,8,0
10,SARSA + PS,2024,47,-174,168,3,1
10,SARSA + PS,2024,48,-134,128,3,1
10,SARSA + PS,2024,49,-281,200,9,0
10,SARSA + PS,2024,50,-155,158,2,1
10,SARSA + PS,2024,51,-254,200,6,0
10,SARSA + PS,2024,52,-16,37,0,1
10,SARSA + PS,2024,53,-27,30,2,1
10,SARSA + PS,2024,54,6,15,0,1
10,SARSA + PS,2024,55,10,11,0,1
10,SARSA + PS,2024,56,-207,129,11,1
10,SARSA + PS,2024,57,-236,200,4,0
10,SARSA + PS,2024,58,-76,70,3,1
10,SARSA + PS,2024,59,-353,200,17,0
10,SARSA + PS,2024,60,-281,200,9,0
10,SARSA + PS,2024,61,12,9,0,1
10,SARSA + PS,2024,62,-605,200,45,0
10,SARSA + PS,2024,63,-67,70,2,1
10,SARSA + PS,2024,64,-2,23,0,1
10,SARSA + PS,2024,65,-70,73,2,1
10,SARSA + PS,2024,66,7,14,0,1
10,SARSA + PS,2024,67,10,11,0,1
10,SARSA + PS,2024,68,-102,105,2,1
10,SARSA + PS,2024,69,-190,184,3,1
10,SARSA + PS,2024,70,14,7,0,1
10,SARSA + PS,2024,71,-8,29,0,1
10,SARSA + PS,2024,72,-85,88,2,1
10,SARSA + PS,2024,73,-263,200,7,0
10,SARSA + PS,2024,74,-28,31,2,1
10,SARSA + PS,2024,75,0,12,1,1
10,SARSA + PS,2024,76,-1,13,1,1
10,SARSA + PS,2024,77,-203,161,7,1
10,SARSA + PS,2024,78,-227,200,3,0
10,SARSA + PS,2024,79,-93,96,2,1
10,SARSA + PS,2024,80,6,15,0,1
10,SARSA + PS,2024,81,-105,90,4,1
10,SARSA + PS,2024,82,-67,70,2,1
10,SARSA + PS,2024,83,-1,13,1,1
10,SARSA + PS,2024,84,-39,42,2,1
10,SARSA + PS,2024,85,-2,23,0,1
10,SARSA + PS,2024,86,-36,57,0,1
10,SARSA + PS,2024,87,-133,127,3,1
10,SARSA + PS,2024,88,-11,23,1,1
10,SARSA + PS,2024,89,9,12,0,1
10,SARSA + PS,2024,90,8,13,0,1
10,SARSA + PS,2024,91,-121,115,3,1
10,SARSA + PS,2024,92,-191,176,4,1
10,SARSA + PS,2024,93,12,9,0,1
10,SARSA + PS,2024,94,-12,33,0,1
10,SARSA + PS,2024,95,1,20,0,1
10,SARSA + PS,2024,96,-159,144,4,1
10,SARSA + PS,2024,97,-14,26,1,1
10,SARSA + PS,2024,98,-12,24,1,1
10,SARSA + PS,2024,99,-42,63,0,1
10,SARSA + PS,2024,100,13,8,0,1
10,SARSA + PS,2024,101,-73,76,2,1
10,SARSA + PS,2024,102,-4,16,1,1
10,SARSA + PS,2024,103,-281,200,9,0
10,SARSA + PS,2024,104,9,12,0,1
10,SARSA + PS,2024,105,11,10,0,1
10,SARSA + PS,2024,106,-272,200,8,0
10,SARSA + PS,2024,107,14,7,0,1
10,SARSA + PS,2024,108,-11,23,1,1
10,SARSA + PS,2024,109,-15,36,0,1
10,SARSA + PS,2024,110,-37,49,1,1
10,SARSA + PS,2024,111,-17,38,0,1
10,SARSA + PS,2024,112,-299,200,11,0
10,SARSA + PS,2024,113,8,13,0,1
10,SARSA + PS,2024,114,2,19,0,1
10,SARSA + PS,2024,115,-146,41,14,1
10,SARSA + PS,2024,116,-99,84,4,1
10,SARSA + PS,2024,117,0,12,1,1
10,SARSA + PS,2024,118,-5,17,1,1
10,SARSA + PS,2024,119,-146,59,12,1
10,SARSA + PS,2024,120,-107,83,5,1
10,SARSA + PS,2024,121,-281,200,9,0
10,SARSA + PS,2024,122,7,14,0,1
10,SARSA + PS,2024,123,7,14,0,1
10,SARSA + PS,2024,124,-35,47,1,1
10,SARSA + PS,2024,125,11,10,0,1
10,SARSA + PS,2024,126,8,13,0,1
10,SARSA + PS,2024,127,-16,37,0,1
10,SARSA + PS,2024,128,11,10,0,1
10,SARSA + PS,2024,129,-47,50,2,1
10,SARSA + PS,2024,130,10,11,0,1
10,SARSA + PS,2024,131,-67,61,3,1
10,SARSA + PS,2024,132,13,8,0,1
10,SARSA + PS,2024,133,12,9,0,1
10,SARSA + PS,2024,134,10,11,0,1
10,SARSA + PS,2024,135,-236,200,4,0
10,SARSA + PS,2024,136,10,11,0,1
10,SARSA + PS,2024,137,-168,144,5,1
10,SARSA + PS,2024,138,-78,72,3,1
10,SARSA + PS,2024,139,-12,15,2,1
10,SARSA + PS,2024,140,-101,95,3,1
10,SARSA + PS,2024,141,-52,55,2,1
10,SARSA + PS,2024,142,-290,200,10,0
10,SARSA + PS,2024,143,-43,37,3,1
10,SARSA + PS,2024,144,11,10,0,1
10,SARSA + PS,2024,145,-200,176,5,1
10,SARSA + PS,2024,146,-3,24,0,1
10,SARSA + PS,2024,147,10,11,0,1
10,SARSA + PS,2024,148,-526,196,39,1
10,SARSA + PS,2024,149,-204,153,8,1
10,SARSA + PS,2024,150,-6,18,1,1
10,SARSA + PS,2024,151,2,19,0,1
10,SARSA + PS,2024,152,13,8,0,1
10,SARSA + PS,2024,153,11,10,0,1
10,SARSA + PS,2024,154,11,10,0,1
10,SARSA + PS,2024,155,11,10,0,1
10,SARSA + PS,2024,156,-209,176,6,1
10,SARSA + PS,2024,157,-17,20,2,1
10,SARSA + PS,2024,158,1,11,1,1
10,SARSA + PS,2024,159,6,15,0,1
10,SARSA + PS,2024,160,-23,35,1,1
10,SARSA + PS,2024,161,-8,20,1,1
10,SARSA + PS,2024,162,-75,69,3,1
10,SARSA + PS,2024,163,10,11,0,1
10,SARSA + PS,2024,164,12,9,0,1
10,SARSA + PS,2024,165,-3,15,1,1
10,SARSA + PS,2024,166,9,12,0,1
10,SARSA + PS,2024,167,-3,24,0,1
10,SARSA + PS,2024,168,-12,24,1,1
10,SARSA + PS,2024,169,-254,200,6,0
10,SARSA + PS,2024,170,-58,52,3,1
10,SARSA + PS,2024,171,-1,13,1,1
10,SARSA + PS,2024,172,-254,200,6,0
10,SARSA + PS,2024,173,-89,74,4,1
10,SARSA + PS,2024,174,-172,166,3,1
10,SARSA + PS,2024,175,-27,48,0,1
10,SARSA + PS,2024,176,-33,36,2,1
10,SARSA + PS,2024,177,-18,30,1,1
10,SARSA + PS,2024,178,-53,38,4,1
10,SARSA + PS,2024,179,-290,200,10,0
10,SARSA + PS,2024,180,-40,43,2,1
10,SARSA + PS,2024,181,-32,44,1,1
10,SARSA + PS,2024,182,11,10,0,1
10,SARSA + PS,2024,183,-43,37,3,1
10,SARSA + PS,2024,184,13,8,0,1
10,SARSA + PS,2024,185,-209,194,4,1
10,SARSA + PS,2024,186,-60,63,2,1
10,SARSA + PS,2024,187,-24,18,3,1
10,SARSA + PS,2024,188,-9,21,1,1
10,SARSA + PS,2024,189,-93,87,3,1
10,SARSA + PS,2024,190,-13,25,1,1
10,SARSA + PS,2024,191,-281,200,9,0
10,SARSA + PS,2024,192,6,15,0,1
10,SARSA + PS,2024,193,11,10,0,1
10,SARSA + PS,2024,194,-29,41,1,1
10,SARSA + PS,2024,195,-62,65,2,1
10,SARSA + PS,2024,196,6,15,0,1
10,SARSA + PS,2024,197,-1,13,1,1
10,SARSA + PS,2024,198,8,13,0,1
10,SARSA + PS,2024,199,12,9,0,1
10,SARSA + PS,2024,200,-4,25,0,1
10,SARSA + PS,2024,201,10,11,0,1
10,SARSA + PS,2024,202,-155,131,5,1
10,SARSA + PS,2024,203,13,8,0,1
10,SARSA + PS,2024,204,-57,78,0,1
10,SARSA + PS,2024,205,-9,12,2,1
10,SARSA + PS,2024,206,12,9,0,1
10,SARSA + PS,2024,207,-128,122,3,1
10,SARSA + PS,2024,208,-36,39,2,1
10,SARSA + PS,2024,209,-48,51,2,1
10,SARSA + PS,2024,210,-317,200,13,0
10,SARSA + PS,2024,211,-3,15,1,1
10,SARSA + PS,2024,212,7,14,0,1
10,SARSA + PS,2024,213,-152,146,3,1
10,SARSA + PS,2024,214,10,11,0,1
10,SARSA + PS,2024,215,9,12,0,1
10,SARSA + PS,2024,216,-86,80,3,1
10,SARSA + PS,2024,217,5,16,0,1
10,SARSA + PS,2024,218,7,14,0,1
10,SARSA + PS,2024,219,-18,21,2,1
10,SARSA + PS,2024,220,-116,110,3,1
10,SARSA + PS,2024,221,-19,40,0,1
10,SARSA + PS,2024,222,-290,200,10,0
10,SARSA + PS,2024,223,-44,47,2,1
10,SARSA + PS,2024,224,-21,42,0,1
10,SARSA + PS,2024,225,7,14,0,1
10,SARSA + PS,2024,226,-29,41,1,1
10,SARSA + PS,2024,227,-2,14,1,1
10,SARSA + PS,2024,228,-48,42,3,1
10,SARSA + PS,2024,229,6,15,0,1
10,SARSA + PS,2024,230,-35,38,2,1
10,SARSA + PS,2024,231,-27,39,1,1
10,SARSA + PS,2024,232,1,20,0,1
10,SARSA + PS,2024,233,-13,16,2,1
10,SARSA + PS,2024,234,-13,25,1,1
10,SARSA + PS,2024,235,-150,153,2,1
10,SARSA + PS,2024,236,0,12,1,1
10,SARSA + PS,2024,237,6,15,0,1
10,SARSA + PS,2024,238,0,21,0,1
10,SARSA + PS,2024,239,-173,140,6,1
10,SARSA + PS,2024,240,9,12,0,1
10,SARSA + PS,2024,241,7,14,0,1
10,SARSA + PS,2024,242,15,6,0,1
10,SARSA + PS,2024,243,4,17,0,1
10,SARSA + PS,2024,244,6,15,0,1
10,SARSA + PS,2024,245,-52,64,1,1
10,SARSA + PS,2024,246,-5,17,1,1
10,SARSA + PS,2024,247,8,13,0,1
10,SARSA + PS,2024,248,5,16,0,1
10,SARSA + PS,2024,249,4,17,0,1
10,SARSA + PS,2024,250,5,16,0,1
10,SARSA + PS,2024,251,4,17,0,1
10,SARSA + PS,2024,252,8,13,0,1
10,SARSA + PS,2024,253,-2,23,0,1
10,SARSA + PS,2024,254,-263,200,7,0
10,SARSA + PS,2024,255,-8,11,2,1
10,SARSA + PS,2024,256,11,10,0,1
10,SARSA + PS,2024,257,-8,20,1,1
10,SARSA + PS,2024,258,-19,22,2,1
10,SARSA + PS,2024,259,9,12,0,1
10,SARSA + PS,2024,260,-9,21,1,1
10,SARSA + PS,2024,261,-3,15,1,1
10,SARSA + PS,2024,262,-5,17,1,1
10,SARSA + PS,2024,263,-87,63,5,1
10,SARSA + PS,2024,264,6,15,0,1
10,SARSA + PS,2024,265,-21,33,1,1
10,SARSA + PS,2024,266,-13,25,1,1
10,SARSA + PS,2024,267,-19,22,2,1
10,SARSA + PS,2024,268,-263,200,7,0
10,SARSA + PS,2024,269,14,7,0,1
10,SARSA + PS,2024,270,-10,22,1,1
10,SARSA + PS,2024,271,11,10,0,1
10,SARSA + PS,2024,272,-3,15,1,1
10,SARSA + PS,2024,273,9,12,0,1
10,SARSA + PS,2024,274,8,13,0,1
10,SARSA + PS,2024,275,-37,40,2,1
10,SARSA + PS,2024,276,7,14,0,1
10,SARSA + PS,2024,277,8,13,0,1
10,SARSA + PS,2024,278,11,10,0,1
10,SARSA + PS,2024,279,-7,19,1,1
10,SARSA + PS,2024,280,-6,18,1,1
10,SARSA + PS,2024,281,-138,141,2,1
10,SARSA + PS,2024,282,-30,33,2,1
10,SARSA + PS,2024,283,-76,97,0,1
10,SARSA + PS,2024,284,-2,14,1,1
10,SARSA + PS,2024,285,-3,15,1,1
10,SARSA + PS,2024,286,10,11,0,1
10,SARSA + PS,2024,287,-128,104,5,1
10,SARSA + PS,2024,288,-87,72,4,1
10,SARSA + PS,2024,289,9,12,0,1
10,SARSA + PS,2024,290,-3,15,1,1
10,SARSA + PS,2024,291,-4,16,1,1
10,SARSA + PS,2024,292,8,13,0,1
10,SARSA + PS,2024,293,-31,43,1,1
10,SARSA + PS,2024,294,8,13,0,1
10,SARSA + PS,2024,295,-120,132,1,1
10,SARSA + PS,2024,296,-67,52,4,1
10,SARSA + PS,2024,297,9,12,0,1
10,SARSA + PS,2024,298,-46,67,0,1
10,SARSA + PS,2024,299,-3,15,1,1
10,SARSA + PS,2024,300,-20,23,2,1
10,SARSA + PS,2024,301,-14,26,1,1
10,SARSA + PS,2024,302,-2,14,1,1
10,SARSA + PS,2024,303,10,11,0,1
10,SARSA + PS,2024,304,10,11,0,1
10,SARSA + PS,2024,305,0,12,1,1
10,SARSA + PS,2024,306,9,12,0,1
10,SARSA + PS,2024,307,-4,25,0,1
10,SARSA + PS,2024,308,-8,20,1,1
10,SARSA + PS,2024,309,3,18,0,1
10,SARSA + PS,2024,310,-2,23,0,1
10,SARSA + PS,2024,311,-30,42,1,1
10,SARSA + PS,2024,312,10,11,0,1
10,SARSA + PS,2024,313,-6,18,1,1
10,SARSA + PS,2024,314,-5,26,0,1
10,SARSA + PS,2024,315,-236,200,4,0
10,SARSA + PS,2024,316,-15,36,0,1
10,SARSA + PS,2024,317,-8,20,1,1
10,SARSA + PS,2024,318,-201,168,6,1
10,SARSA + PS,2024,319,-62,65,2,1
10,SARSA + PS,2024,320,-20,32,1,1
10,SARSA + PS,2024,321,-61,82,0,1
10,SARSA + PS,2024,322,5,16,0,1
10,SARSA + PS,2024,323,-57,51,3,1
10,SARSA + PS,2024,324,-4,16,1,1
10,SARSA + PS,2024,325,8,13,0,1
10,SARSA + PS,2024,326,-12,33,0,1
10,SARSA + PS,2024,327,-12,24,1,1
10,SARSA + PS,2024,328,-13,25,1,1
10,SARSA + PS,2024,329,12,9,0,1
10,SARSA + PS,2024,330,-7,19,1,1
10,SARSA + PS,2024,331,-25,28,2,1
10,SARSA + PS,2024,332,-5,17,1,1
10,SARSA + PS,2024,333,-5,17,1,1
10,SARSA + PS,2024,334,8,13,0,1
10,SARSA + PS,2024,335,8,13,0,1
10,SARSA + PS,2024,336,8,13,0,1
10,SARSA + PS,2024,337,10,11,0,1
10,SARSA + PS,2024,338,3,9,1,1
10,SARSA + PS,2024,339,-37,49,1,1
10,SARSA + PS,2024,340,12,9,0,1
10,SARSA + PS,2024,341,11,10,0,1
10,SARSA + PS,2024,342,-9,30,0,1
10,SARSA + PS,2024,343,12,9,0,1
10,SARSA + PS,2024,344,-5,17,1,1
10,SARSA + PS,2024,345,7,14,0,1
10,SARSA + PS,2024,346,6,15,0,1
10,SARSA + PS,2024,347,10,11,0,1
10,SARSA + PS,2024,348,-7,19,1,1
10,SARSA + PS,2024,349,6,15,0,1
10,SARSA + PS,2024,350,-65,68,2,1
10,SARSA + PS,2024,351,9,12,0,1
10,SARSA + PS,2024,352,-2,14,1,1
10,SARSA + PS,2024,353,-53,56,2,1
10,SARSA + PS,2024,354,-1,13,1,1
10,SARSA + PS,2024,355,-5,17,1,1
10,SARSA + PS,2024,356,3,18,0,1
10,SARSA + PS,2024,357,12,9,0,1
10,SARSA + PS,2024,358,-77,80,2,1
10,SARSA + PS,2024,359,13,8,0,1
10,SARSA + PS,2024,360,10,11,0,1
10,SARSA + PS,2024,361,-9,30,0,1
10,SARSA + PS,2024,362,9,12,0,1
10,SARSA + PS,2024,363,7,14,0,1
10,SARSA + PS,2024,364,5,16,0,1
10,SARSA + PS,2024,365,-12,15,2,1
10,SARSA + PS,2024,366,7,14,0,1
10,SARSA + PS,2024,367,-124,100,5,1
10,SARSA + PS,2024,368,6,15,0,1
10,SARSA + PS,2024,369,-3,15,1,1
10,SARSA + PS,2024,370,-49,52,2,1
10,SARSA + PS,2024,371,7,14,0,1
10,SARSA + PS,2024,372,4,17,0,1
10,SARSA + PS,2024,373,1,11,1,1
10,SARSA + PS,2024,374,-15,27,1,1
10,SARSA + PS,2024,375,-5,17,1,1
10,SARSA + PS,2024,376,-58,52,3,1
10,SARSA + PS,2024,377,-16,28,1,1
10,SARSA + PS,2024,378,-18,21,2,1
10,SARSA + PS,2024,379,-39,33,3,1
10,SARSA + PS,2024,380,11,10,0,1
10,SARSA + PS,2024,381,-14,26,1,1
10,SARSA + PS,2024,382,-9,12,2,1
10,SARSA + PS,2024,383,-17,38,0,1
10,SARSA + PS,2024,384,10,11,0,1
10,SARSA + PS,2024,385,-34,46,1,1
10,SARSA + PS,2024,386,-61,46,4,1
10,SARSA + PS,2024,387,-11,14,2,1
10,SARSA + PS,2024,388,-3,24,0,1
10,SARSA + PS,2024,389,7,14,0,1
10,SARSA + PS,2024,390,-44,38,3,1
10,SARSA + PS,2024,391,-4,16,1,1
10,SARSA + PS,2024,392,11,10,0,1
10,SARSA + PS,2024,393,9,12,0,1
10,SARSA + PS,2024,394,9,12,0,1
10,SARSA + PS,2024,395,7,14,0,1
10,SARSA + PS,2024,396,10,11,0,1
10,SARSA + PS,2024,397,-272,200,8,0
10,SARSA + PS,2024,398,6,15,0,1
10,SARSA + PS,2024,399,-4,16,1,1
10,SARSA + PS,2024,400,5,16,0,1
10,SARSA + PS,2024,401,11,10,0,1
10,SARSA + PS,2024,402,-10,13,2,1
10,SARSA + PS,2024,403,10,11,0,1
10,SARSA + PS,2024,404,-15,27,1,1
10,SARSA + PS,2024,405,13,8,0,1
10,SARSA + PS,2024,406,6,15,0,1
10,SARSA + PS,2024,407,12,9,0,1
10,SARSA + PS,2024,408,-13,25,1,1
10,SARSA + PS,2024,409,2,19,0,1
10,SARSA + PS,2024,410,9,12,0,1
10,SARSA + PS,2024,411,8,13,0,1
10,SARSA + PS,2024,412,-15,18,2,1
10,SARSA + PS,2024,413,10,11,0,1
10,SARSA + PS,2024,414,-71,74,2,1
10,SARSA + PS,2024,415,-6,27,0,1
10,SARSA + PS,2024,416,-3,24,0,1
10,SARSA + PS,2024,417,-5,17,1,1
10,SARSA + PS,2024,418,9,12,0,1
10,SARSA + PS,2024,419,-30,42,1,1
10,SARSA + PS,2024,420,12,9,0,1
10,SARSA + PS,2024,421,7,14,0,1
10,SARSA + PS,2024,422,-55,49,3,1
10,SARSA + PS,2024,423,-1,13,1,1
10,SARSA + PS,2024,424,8,13,0,1
10,SARSA + PS,2024,425,11,10,0,1
10,SARSA + PS,2024,426,10,11,0,1
10,SARSA + PS,2024,427,9,12,0,1
10,SARSA + PS,2024,428,7,14,0,1
10,SARSA + PS,2024,429,15,6,0,1
10,SARSA + PS,2024,430,11,10,0,1
10,SARSA + PS,2024,431,7,14,0,1
10,SARSA + PS,2024,432,10,11,0,1
10,SARSA + PS,2024,433,6,15,0,1
10,SARSA + PS,2024,434,-24,27,2,1
10,SARSA + PS,2024,435,4,17,0,1
10,SARSA + PS,2024,436,7,14,0,1
10,SARSA + PS,2024,437,5,16,0,1
10,SARSA + PS,2024,438,-18,30,1,1
10,SARSA + PS,2024,439,-10,31,0,1
10,SARSA + PS,2024,440,9,12,0,1
10,SARSA + PS,2024,441,1,11,1,1
10,SARSA + PS,2024,442,-3,15,1,1
10,SARSA + PS,2024,443,1,20,0,1
10,SARSA + PS,2024,444,-89,92,2,1
10,SARSA + PS,2024,445,6,15,0,1
10,SARSA + PS,2024,446,-5,17,1,1
10,SARSA + PS,2024,447,-22,25,2,1
10,SARSA + PS,2024,448,1,11,1,1
10,SARSA + PS,2024,449,6,15,0,1
10,SARSA + PS,2024,450,7,14,0,1
10,SARSA + PS,2024,451,-4,25,0,1
10,SARSA + PS,2024,452,-12,24,1,1
10,SARSA + PS,2024,453,3,18,0,1
10,SARSA + PS,2024,454,9,12,0,1
10,SARSA + PS,2024,455,-15,18,2,1
10,SARSA + PS,2024,456,-1,22,0,1
10,SARSA + PS,2024,457,10,11,0,1
10,SARSA + PS,2024,458,3,18,0,1
10,SARSA + PS,2024,459,5,16,0,1
10,SARSA + PS,2024,460,10,11,0,1
10,SARSA + PS,2024,461,-15,27,1,1
10,SARSA + PS,2024,462,3,18,0,1
10,SARSA + PS,2024,463,-20,23,2,1
10,SARSA + PS,2024,464,-22,25,2,1
10,SARSA + PS,2024,465,-2,14,1,1
10,SARSA + PS,2024,466,9,12,0,1
10,SARSA + PS,2024,467,5,16,0,1
10,SARSA + PS,2024,468,11,10,0,1
10,SARSA + PS,2024,469,-5,17,1,1
10,SARSA + PS,2024,470,11,10,0,1
10,SARSA + PS,2024,471,4,17,0,1
10,SARSA + PS,2024,472,8,13,0,1
10,SARSA + PS,2024,473,1,11,1,1
10,SARSA + PS,2024,474,-34,46,1,1
10,SARSA + PS,2024,475,7,14,0,1
10,SARSA + PS,2024,476,3,18,0,1
10,SARSA + PS,2024,477,-2,14,1,1
10,SARSA + PS,2024,478,11,10,0,1
10,SARSA + PS,2024,479,-18,30,1,1
10,SARSA + PS,2024,480,6,15,0,1
10,SARSA + PS,2024,481,10,11,0,1
10,SARSA + PS,2024,482,-16,19,2,1
10,SARSA + PS,2024,483,2,19,0,1
10,SARSA + PS,2024,484,12,9,0,1
10,SARSA + PS,2024,485,10,11,0,1
10,SARSA + PS,2024,486,9,12,0,1
10,SARSA + PS,2024,487,1,11,1,1
10,SARSA + PS,2024,488,10,11,0,1
10,SARSA + PS,2024,489,-13,25,1,1
10,SARSA + PS,2024,490,10,11,0,1
10,SARSA + PS,2024,491,4,17,0,1
10,SARSA + PS,2024,492,-2,14,1,1
10,SARSA + PS,2024,493,-22,34,1,1
10,SARSA + PS,2024,494,8,13,0,1
10,SARSA + PS,2024,495,-3,15,1,1
10,SARSA + PS,2024,496,-67,70,2,1
10,SARSA + PS,2024,497,-22,16,3,1
10,SARSA + PS,2024,498,7,14,0,1
10,SARSA + PS,2024,499,10,11,0,1
10,SARSA + PS + Kernel,42,0,-731,200,59,0
10,SARSA + PS + Kernel,42,1,-731,200,59,0
10,SARSA + PS + Kernel,42,2,-713,200,57,0
10,SARSA + PS + Kernel,42,3,-650,200,50,0
10,SARSA + PS + Kernel,42,4,-695,200,55,0
10,SARSA + PS + Kernel,42,5,-668,200,52,0
10,SARSA + PS + Kernel,42,6,-677,200,53,0
10,SARSA + PS + Kernel,42,7,-600,189,48,1
10,SARSA + PS + Kernel,42,8,-596,200,44,0
10,SARSA + PS + Kernel,42,9,-677,200,53,0
10,SARSA + PS + Kernel,42,10,-506,200,34,0
10,SARSA + PS + Kernel,42,11,-430,199,28,1
10,SARSA + PS + Kernel,42,12,-326,200,14,0
10,SARSA + PS + Kernel,42,13,-273,87,23,1
10,SARSA + PS + Kernel,42,14,-632,200,48,0
10,SARSA + PS + Kernel,42,15,-479,200,31,0
10,SARSA + PS + Kernel,42,16,-479,200,31,0
10,SARSA + PS + Kernel,42,17,-335,200,15,0
10,SARSA + PS + Kernel,42,18,-416,200,24,0
10,SARSA + PS + Kernel,42,19,-605,200,45,0
10,SARSA + PS + Kernel,42,20,-587,200,43,0
10,SARSA + PS + Kernel,42,21,-533,200,37,0
10,SARSA + PS + Kernel,42,22,-488,200,32,0
10,SARSA + PS + Kernel,42,23,-587,200,43,0
10,SARSA + PS + Kernel,42,24,-416,200,24,0
10,SARSA + PS + Kernel,42,25,-373,151,27,1
10,SARSA + PS + Kernel,42,26,-175,115,9,1
10,SARSA + PS + Kernel,42,27,-183,159,5,1
10,SARSA + PS + Kernel,42,28,-236,200,4,0
10,SARSA + PS + Kernel,42,29,-515,200,35,0
10,SARSA + PS + Kernel,42,30,-434,200,26,0
10,SARSA + PS + Kernel,42,31,-23,35,1,1
10,SARSA + PS + Kernel,42,32,-37,49,1,1
10,SARSA + PS + Kernel,42,33,-66,51,4,1
10,SARSA + PS + Kernel,42,34,-64,67,2,1
10,SARSA + PS + Kernel,42,35,-245,200,5,0
10,SARSA + PS + Kernel,42,36,-339,135,25,1
10,SARSA + PS + Kernel,42,37,-251,137,15,1
10,SARSA + PS + Kernel,42,38,-28,40,1,1
10,SARSA + PS + Kernel,42,39,-551,200,39,0
10,SARSA + PS + Kernel,42,40,-1,13,1,1
10,SARSA + PS + Kernel,42,41,-461,200,29,0
10,SARSA + PS + Kernel,42,42,-2,23,0,1
10,SARSA + PS + Kernel,42,43,14,7,0,1
10,SARSA + PS + Kernel,42,44,-8,29,0,1
10,SARSA + PS + Kernel,42,45,-1,22,0,1
10,SARSA + PS + Kernel,42,46,12,9,0,1
10,SARSA + PS + Kernel,42,47,-11,32,0,1
10,SARSA + PS + Kernel,42,48,-9,21,1,1
10,SARSA + PS + Kernel,42,49,-255,87,21,1
10,SARSA + PS + Kernel,42,50,-136,112,5,1
10,SARSA + PS + Kernel,42,51,-281,200,9,0
10,SARSA + PS + Kernel,42,52,-281,200,9,0
10,SARSA + PS + Kernel,42,53,-14,35,0,1
10,SARSA + PS + Kernel,42,54,-335,200,15,0
10,SARSA + PS + Kernel,42,55,-77,53,5,1
10,SARSA + PS + Kernel,42,56,-218,185,6,1
10,SARSA + PS + Kernel,42,57,-187,181,3,1
10,SARSA + PS + Kernel,42,58,-443,200,27,0
10,SARSA + PS + Kernel,42,59,-123,108,4,1
10,SARSA + PS + Kernel,42,60,-38,50,1,1
10,SARSA + PS + Kernel,42,61,-342,129,26,1
10,SARSA + PS + Kernel,42,62,-36,57,0,1
10,SARSA + PS + Kernel,42,63,-101,104,2,1
10,SARSA + PS + Kernel,42,64,-13,25,1,1
10,SARSA + PS + Kernel,42,65,-416,200,24,0
10,SARSA + PS + Kernel,42,66,-30,33,2,1
10,SARSA + PS + Kernel,42,67,-102,96,3,1
10,SARSA + PS + Kernel,42,68,2,19,0,1
10,SARSA + PS + Kernel,42,69,-58,52,3,1
10,SARSA + PS + Kernel,42,70,-20,32,1,1
10,SARSA + PS + Kernel,42,71,-338,188,19,1
10,SARSA + PS + Kernel,42,72,-398,200,22,0
10,SARSA + PS + Kernel,42,73,6,15,0,1
10,SARSA + PS + Kernel,42,74,11,10,0,1
10,SARSA + PS + Kernel,42,75,-25,28,2,1
10,SARSA + PS + Kernel,42,76,-17,20,2,1
10,SARSA + PS + Kernel,42,77,4,8,1,1
10,SARSA + PS + Kernel,42,78,-11,23,1,1
10,SARSA + PS + Kernel,42,79,-169,109,9,1
10,SARSA + PS + Kernel,42,80,11,10,0,1
10,SARSA + PS + Kernel,42,81,4,17,0,1
10,SARSA + PS + Kernel,42,82,-77,71,3,1
10,SARSA + PS + Kernel,42,83,-58,52,3,1
10,SARSA + PS + Kernel,42,84,11,10,0,1
10,SARSA + PS + Kernel,42,85,10,11,0,1
10,SARSA + PS + Kernel,42,86,-184,88,13,1
10,SARSA + PS + Kernel,42,87,-123,99,5,1
10,SARSA + PS + Kernel,42,88,2,19,0,1
10,SARSA + PS + Kernel,42,89,11,10,0,1
10,SARSA + PS + Kernel,42,90,8,13,0,1
10,SARSA + PS + Kernel,42,91,-18,30,1,1
10,SARSA + PS + Kernel,42,92,-254,200,6,0
10,SARSA + PS + Kernel,42,93,-62,56,3,1
10,SARSA + PS + Kernel,42,94,-227,200,3,0
10,SARSA + PS + Kernel,42,95,-434,200,26,0
10,SARSA + PS + Kernel,42,96,-5,17,1,1
10,SARSA + PS + Kernel,42,97,-380,200,20,0
10,SARSA + PS + Kernel,42,98,-28,31,2,1
10,SARSA + PS + Kernel,42,99,-8,29,0,1
10,SARSA + PS + Kernel,42,100,-3,15,1,1
10,SARSA + PS + Kernel,42,101,-16,19,2,1
10,SARSA + PS + Kernel,42,102,5,16,0,1
10,SARSA + PS + Kernel,42,103,2,19,0,1
10,SARSA + PS + Kernel,42,104,-48,33,4,1
10,SARSA + PS + Kernel,42,105,-15,36,0,1
10,SARSA + PS + Kernel,42,106,-44,56,1,1
10,SARSA + PS + Kernel,42,107,-29,41,1,1
10,SARSA + PS + Kernel,42,108,14,7,0,1
10,SARSA + PS + Kernel,42,109,5,16,0,1
10,SARSA + PS + Kernel,42,110,-239,197,7,1
10,SARSA + PS + Kernel,42,111,-12,24,1,1
10,SARSA + PS + Kernel,42,112,-201,150,8,1
10,SARSA + PS + Kernel,42,113,-82,67,4,1
10,SARSA + PS + Kernel,42,114,12,9,0,1
10,SARSA + PS + Kernel,42,115,9,12,0,1
10,SARSA + PS + Kernel,42,116,-72,84,1,1
10,SARSA + PS + Kernel,42,117,-5,17,1,1
10,SARSA + PS + Kernel,42,118,2,10,1,1
10,SARSA + PS + Kernel,42,119,-9,30,0,1
10,SARSA + PS + Kernel,42,120,-223,163,9,1
10,SARSA + PS + Kernel,42,121,9,12,0,1
10,SARSA + PS + Kernel,42,122,-65,59,3,1
10,SARSA + PS + Kernel,42,123,12,9,0,1
10,SARSA + PS + Kernel,42,124,-91,76,4,1
10,SARSA + PS + Kernel,42,125,-13,16,2,1
10,SARSA + PS + Kernel,42,126,-54,48,3,1
10,SARSA + PS + Kernel,42,127,0,12,1,1
10,SARSA + PS + Kernel,42,128,2,19,0,1
10,SARSA + PS + Kernel,42,129,8,13,0,1
10,SARSA + PS + Kernel,42,130,1,11,1,1
10,SARSA + PS + Kernel,42,131,-24,27,2,1
10,SARSA + PS + Kernel,42,132,-36,39,2,1
10,SARSA + PS + Kernel,42,133,-39,33,3,1
10,SARSA + PS + Kernel,42,134,-44,65,0,1
10,SARSA + PS + Kernel,42,135,9,12,0,1
10,SARSA + PS + Kernel,42,136,-76,88,1,1
10,SARSA + PS + Kernel,42,137,-56,59,2,1
10,SARSA + PS + Kernel,42,138,8,13,0,1
10,SARSA + PS + Kernel,42,139,-70,73,2,1
10,SARSA + PS + Kernel,42,140,-94,106,1,1
10,SARSA + PS + Kernel,42,141,12,9,0,1
10,SARSA + PS + Kernel,42,142,-46,58,1,1
10,SARSA + PS + Kernel,42,143,-27,48,0,1
10,SARSA + PS + Kernel,42,144,-8,20,1,1
10,SARSA + PS + Kernel,42,145,-41,35,3,1
10,SARSA + PS + Kernel,42,146,9,12,0,1
10,SARSA + PS + Kernel,42,147,-2,23,0,1
10,SARSA + PS + Kernel,42,148,6,15,0,1
10,SARSA + PS + Kernel,42,149,3,18,0,1
10,SARSA + PS + Kernel,42,150,-12,15,2,1
10,SARSA + PS + Kernel,42,151,-31,34,2,1
10,SARSA + PS + Kernel,42,152,-2,23,0,1
10,SARSA + PS + Kernel,42,153,-13,25,1,1
10,SARSA + PS + Kernel,42,154,-8,20,1,1
10,SARSA + PS + Kernel,42,155,-18,30,1,1
10,SARSA + PS + Kernel,42,156,10,11,0,1
10,SARSA + PS + Kernel,42,157,5,16,0,1
10,SARSA + PS + Kernel,42,158,-4,16,1,1
10,SARSA + PS + Kernel,42,159,11,10,0,1
10,SARSA + PS + Kernel,42,160,-160,136,5,1
10,SARSA + PS + Kernel,42,161,5,16,0,1
10,SARSA + PS + Kernel,42,162,-245,200,5,0
10,SARSA + PS + Kernel,42,163,-46,40,3,1
10,SARSA + PS + Kernel,42,164,10,11,0,1
10,SARSA + PS + Kernel,42,165,-5,17,1,1
10,SARSA + PS + Kernel,42,166,-16,10,3,1
10,SARSA + PS + Kernel,42,167,7,14,0,1
10,SARSA + PS + Kernel,42,168,-64,67,2,1
10,SARSA + PS + Kernel,42,169,5,16,0,1
10,SARSA + PS + Kernel,42,170,9,12,0,1
10,SARSA + PS + Kernel,42,171,-15,18,2,1
10,SARSA + PS + Kernel,42,172,9,12,0,1
10,SARSA + PS + Kernel,42,173,-43,55,1,1
10,SARSA + PS + Kernel,42,174,-21,33,1,1
10,SARSA + PS + Kernel,42,175,6,15,0,1
10,SARSA + PS + Kernel,42,176,-7,19,1,1
10,SARSA + PS + Kernel,42,177,-12,24,1,1
10,SARSA + PS + Kernel,42,178,-4,25,0,1
10,SARSA + PS + Kernel,42,179,-8,20,1,1
10,SARSA + PS + Kernel,42,180,13,8,0,1
10,SARSA + PS + Kernel,42,181,1,20,0,1
10,SARSA + PS + Kernel,42,182,10,11,0,1
10,SARSA + PS + Kernel,42,183,7,14,0,1
10,SARSA + PS + Kernel,42,184,-42,54,1,1
10,SARSA + PS + Kernel,42,185,-10,13,2,1
10,SARSA + PS + Kernel,42,186,1,11,1,1
10,SARSA + PS + Kernel,42,187,1,20,0,1
10,SARSA + PS + Kernel,42,188,2,10,1,1
10,SARSA + PS + Kernel,42,189,-26,29,2,1
10,SARSA + PS + Kernel,42,190,10,11,0,1
10,SARSA + PS + Kernel,42,191,-1,13,1,1
10,SARSA + PS + Kernel,42,192,2,19,0,1
10,SARSA + PS + Kernel,42,193,10,11,0,1
10,SARSA + PS + Kernel,42,194,12,9,0,1
10,SARSA + PS + Kernel,42,195,-10,31,0,1
10,SARSA + PS + Kernel,42,196,-16,19,2,1
10,SARSA + PS + Kernel,42,197,-143,146,2,1
10,SARSA + PS + Kernel,42,198,6,15,0,1
10,SARSA + PS + Kernel,42,199,12,9,0,1
10,SARSA + PS + Kernel,42,200,-1,13,1,1
10,SARSA + PS + Kernel,42,201,-32,44,1,1
10,SARSA + PS + Kernel,42,202,9,12,0,1
10,SARSA + PS + Kernel,42,203,0,12,1,1
10,SARSA + PS + Kernel,42,204,-19,31,1,1
10,SARSA + PS + Kernel,42,205,-3,15,1,1
10,SARSA + PS + Kernel,42,206,3,18,0,1
10,SARSA + PS + Kernel,42,207,-31,34,2,1
10,SARSA + PS + Kernel,42,208,14,7,0,1
10,SARSA + PS + Kernel,42,209,10,11,0,1
10,SARSA + PS + Kernel,42,210,-10,31,0,1
10,SARSA + PS + Kernel,42,211,-81,93,1,1
10,SARSA + PS + Kernel,42,212,12,9,0,1
10,SARSA + PS + Kernel,42,213,6,15,0,1
10,SARSA + PS + Kernel,42,214,10,11,0,1
10,SARSA + PS + Kernel,42,215,4,17,0,1
10,SARSA + PS + Kernel,42,216,-13,16,2,1
10,SARSA + PS + Kernel,42,217,-12,24,1,1
10,SARSA + PS + Kernel,42,218,5,16,0,1
10,SARSA + PS + Kernel,42,219,-19,40,0,1
10,SARSA + PS + Kernel,42,220,-52,55,2,1
10,SARSA + PS + Kernel,42,221,12,9,0,1
10,SARSA + PS + Kernel,42,222,3,9,1,1
10,SARSA + PS + Kernel,42,223,8,13,0,1
10,SARSA + PS + Kernel,42,224,12,9,0,1
10,SARSA + PS + Kernel,42,225,12,9,0,1
10,SARSA + PS + Kernel,42,226,-16,37,0,1
10,SARSA + PS + Kernel,42,227,-96,90,3,1
10,SARSA + PS + Kernel,42,228,-7,19,1,1
10,SARSA + PS + Kernel,42,229,7,14,0,1
10,SARSA + PS + Kernel,42,230,1,20,0,1
10,SARSA + PS + Kernel,42,231,-8,20,1,1
10,SARSA + PS + Kernel,42,232,1,20,0,1
10,SARSA + PS + Kernel,42,233,-8,20,1,1
10,SARSA + PS + Kernel,42,234,15,6,0,1
10,SARSA + PS + Kernel,42,235,7,14,0,1
10,SARSA + PS + Kernel,42,236,9,12,0,1
10,SARSA + PS + Kernel,42,237,-11,23,1,1
10,SARSA + PS + Kernel,42,238,11,10,0,1
10,SARSA + PS + Kernel,42,239,12,9,0,1
10,SARSA + PS + Kernel,42,240,10,11,0,1
10,SARSA + PS + Kernel,42,241,-16,37,0,1
10,SARSA + PS + Kernel,42,242,-58,61,2,1
10,SARSA + PS + Kernel,42,243,-10,13,2,1
10,SARSA + PS + Kernel,42,244,0,12,1,1
10,SARSA + PS + Kernel,42,245,2,19,0,1
10,SARSA + PS + Kernel,42,246,-1,22,0,1
10,SARSA + PS + Kernel,42,247,-20,32,1,1
10,SARSA + PS + Kernel,42,248,-4,16,1,1
10,SARSA + PS + Kernel,42,249,-3,15,1,1
10,SARSA + PS + Kernel,42,250,7,14,0,1
10,SARSA + PS + Kernel,42,251,3,18,0,1
10,SARSA + PS + Kernel,42,252,-4,16,1,1
10,SARSA + PS + Kernel,42,253,6,15,0,1
10,SARSA + PS + Kernel,42,254,2,19,0,1
10,SARSA + PS + Kernel,42,255,-11,23,1,1
10,SARSA + PS + Kernel,42,256,9,12,0,1
10,SARSA + PS + Kernel,42,257,-6,18,1,1
10,SARSA + PS + Kernel,42,258,-25,46,0,1
10,SARSA + PS + Kernel,42,259,7,14,0,1
10,SARSA + PS + Kernel,42,260,1,11,1,1
10,SARSA + PS + Kernel,42,261,-14,26,1,1
10,SARSA + PS + Kernel,42,262,-112,106,3,1
10,SARSA + PS + Kernel,42,263,10,11,0,1
10,SARSA + PS + Kernel,42,264,-3,24,0,1
10,SARSA + PS + Kernel,42,265,-15,27,1,1
10,SARSA + PS + Kernel,42,266,10,11,0,1
10,SARSA + PS + Kernel,42,267,-4,16,1,1
10,SARSA + PS + Kernel,42,268,9,12,0,1
10,SARSA + PS + Kernel,42,269,8,13,0,1
10,SARSA + PS + Kernel,42,270,-5,17,1,1
10,SARSA + PS + Kernel,42,271,-35,47,1,1
10,SARSA + PS + Kernel,42,272,-62,74,1,1
10,SARSA + PS + Kernel,42,273,-86,89,2,1
10,SARSA + PS + Kernel,42,274,13,8,0,1
10,SARSA + PS + Kernel,42,275,-16,28,1,1
10,SARSA + PS + Kernel,42,276,10,11,0,1
10,SARSA + PS + Kernel,42,277,-43,28,4,1
10,SARSA + PS + Kernel,42,278,-87,81,3,1
10,SARSA + PS + Kernel,42,279,8,13,0,1
10,SARSA + PS + Kernel,42,280,7,14,0,1
10,SARSA + PS + Kernel,42,281,-98,83,4,1
10,SARSA + PS + Kernel,42,282,13,8,0,1
10,SARSA + PS + Kernel,42,283,9,12,0,1
10,SARSA + PS + Kernel,42,284,11,10,0,1
10,SARSA + PS + Kernel,42,285,-14,26,1,1
10,SARSA + PS + Kernel,42,286,-88,91,2,1
10,SARSA + PS + Kernel,42,287,-10,31,0,1
10,SARSA + PS + Kernel,42,288,-6,27,0,1
10,SARSA + PS + Kernel,42,289,2,10,1,1
10,SARSA + PS + Kernel,42,290,10,11,0,1
10,SARSA + PS + Kernel,42,291,-33,27,3,1
10,SARSA + PS + Kernel,42,292,-1,13,1,1
10,SARSA + PS + Kernel,42,293,-18,39,0,1
10,SARSA + PS + Kernel,42,294,-42,45,2,1
10,SARSA + PS + Kernel,42,295,8,13,0,1
10,SARSA + PS + Kernel,42,296,10,11,0,1
10,SARSA + PS + Kernel,42,297,-6,18,1,1
10,SARSA + PS + Kernel,42,298,-8,11,2,1
10,SARSA + PS + Kernel,42,299,-21,33,1,1
10,SARSA + PS + Kernel,42,300,6,15,0,1
10,SARSA + PS + Kernel,42,301,1,20,0,1
10,SARSA + PS + Kernel,42,302,8,13,0,1
10,SARSA + PS + Kernel,42,303,6,15,0,1
10,SARSA + PS + Kernel,42,304,-7,19,1,1
10,SARSA + PS + Kernel,42,305,-58,79,0,1
10,SARSA + PS + Kernel,42,306,-21,24,2,1
10,SARSA + PS + Kernel,42,307,9,12,0,1
10,SARSA + PS + Kernel,42,308,8,13,0,1
10,SARSA + PS + Kernel,42,309,-1,13,1,1
10,SARSA + PS + Kernel,42,310,5,16,0,1
10,SARSA + PS + Kernel,42,311,5,16,0,1
10,SARSA + PS + Kernel,42,312,-30,51,0,1
10,SARSA + PS + Kernel,42,313,-1,13,1,1
10,SARSA + PS + Kernel,42,314,-1,22,0,1
10,SARSA + PS + Kernel,42,315,-236,200,4,0
10,SARSA + PS + Kernel,42,316,-3,15,1,1
10,SARSA + PS + Kernel,42,317,12,9,0,1
10,SARSA + PS + Kernel,42,318,8,13,0,1
10,SARSA + PS + Kernel,42,319,6,15,0,1
10,SARSA + PS + Kernel,42,320,8,13,0,1
10,SARSA + PS + Kernel,42,321,2,10,1,1
10,SARSA + PS + Kernel,42,322,-14,35,0,1
10,SARSA + PS + Kernel,42,323,11,10,0,1
10,SARSA + PS + Kernel,42,324,8,13,0,1
10,SARSA + PS + Kernel,42,325,10,11,0,1
10,SARSA + PS + Kernel,42,326,-13,16,2,1
10,SARSA + PS + Kernel,42,327,10,11,0,1
10,SARSA + PS + Kernel,42,328,-18,39,0,1
10,SARSA + PS + Kernel,42,329,8,13,0,1
10,SARSA + PS + Kernel,42,330,8,13,0,1
10,SARSA + PS + Kernel,42,331,6,15,0,1
10,SARSA + PS + Kernel,42,332,-184,160,5,1
10,SARSA + PS + Kernel,42,333,6,15,0,1
10,SARSA + PS + Kernel,42,334,10,11,0,1
10,SARSA + PS + Kernel,42,335,-6,18,1,1
10,SARSA + PS + Kernel,42,336,9,12,0,1
10,SARSA + PS + Kernel,42,337,-5,17,1,1
10,SARSA + PS + Kernel,42,338,-4,16,1,1
10,SARSA + PS + Kernel,42,339,8,13,0,1
10,SARSA + PS + Kernel,42,340,-1,22,0,1
10,SARSA + PS + Kernel,42,341,1,20,0,1
10,SARSA + PS + Kernel,42,342,9,12,0,1
10,SARSA + PS + Kernel,42,343,-11,23,1,1
10,SARSA + PS + Kernel,42,344,6,15,0,1
10,SARSA + PS + Kernel,42,345,-6,18,1,1
10,SARSA + PS + Kernel,42,346,-4,16,1,1
10,SARSA + PS + Kernel,42,347,2,10,1,1
10,SARSA + PS + Kernel,42,348,-9,21,1,1
10,SARSA + PS + Kernel,42,349,14,7,0,1
10,SARSA + PS + Kernel,42,350,-7,19,1,1
10,SARSA + PS + Kernel,42,351,6,15,0,1
10,SARSA + PS + Kernel,42,352,12,9,0,1
10,SARSA + PS + Kernel,42,353,-12,33,0,1
10,SARSA + PS + Kernel,42,354,-2,14,1,1
10,SARSA + PS + Kernel,42,355,8,13,0,1
10,SARSA + PS + Kernel,42,356,-2,14,1,1
10,SARSA + PS + Kernel,42,357,-14,17,2,1
10,SARSA + PS + Kernel,42,358,-3,15,1,1
10,SARSA + PS + Kernel,42,359,-2,23,0,1
10,SARSA + PS + Kernel,42,360,-13,16,2,1
10,SARSA + PS + Kernel,42,361,12,9,0,1
10,SARSA + PS + Kernel,42,362,9,12,0,1
10,SARSA + PS + Kernel,42,363,-11,23,1,1
10,SARSA + PS + Kernel,42,364,-6,18,1,1
10,SARSA + PS + Kernel,42,365,6,15,0,1
10,SARSA + PS + Kernel,42,366,9,12,0,1
10,SARSA + PS + Kernel,42,367,4,17,0,1
10,SARSA + PS + Kernel,42,368,4,17,0,1
10,SARSA + PS + Kernel,42,369,7,14,0,1
10,SARSA + PS + Kernel,42,370,4,17,0,1
10,SARSA + PS + Kernel,42,371,12,9,0,1
10,SARSA + PS + Kernel,42,372,0,12,1,1
10,SARSA + PS + Kernel,42,373,-3,24,0,1
10,SARSA + PS + Kernel,42,374,9,12,0,1
10,SARSA + PS + Kernel,42,375,12,9,0,1
10,SARSA + PS + Kernel,42,376,4,17,0,1
10,SARSA + PS + Kernel,42,377,6,15,0,1
10,SARSA + PS + Kernel,42,378,-1,13,1,1
10,SARSA + PS + Kernel,42,379,7,14,0,1
10,SARSA + PS + Kernel,42,380,-10,31,0,1
10,SARSA + PS + Kernel,42,381,6,15,0,1
10,SARSA + PS + Kernel,42,382,-53,47,3,1
10,SARSA + PS + Kernel,42,383,-16,28,1,1
10,SARSA + PS + Kernel,42,384,8,13,0,1
10,SARSA + PS + Kernel,42,385,0,21,0,1
10,SARSA + PS + Kernel,42,386,-20,23,2,1
10,SARSA + PS + Kernel,42,387,10,11,0,1
10,SARSA + PS + Kernel,42,388,-6,18,1,1
10,SARSA + PS + Kernel,42,389,0,21,0,1
10,SARSA + PS + Kernel,42,390,8,13,0,1
10,SARSA + PS + Kernel,42,391,-23,26,2,1
10,SARSA + PS + Kernel,42,392,6,15,0,1
10,SARSA + PS + Kernel,42,393,8,13,0,1
10,SARSA + PS + Kernel,42,394,-48,42,3,1
10,SARSA + PS + Kernel,42,395,-3,15,1,1
10,SARSA + PS + Kernel,42,396,-10,22,1,1
10,SARSA + PS + Kernel,42,397,-3,24,0,1
10,SARSA + PS + Kernel,42,398,7,14,0,1
10,SARSA + PS + Kernel,42,399,14,7,0,1
10,SARSA + PS + Kernel,42,400,-10,13,2,1
10,SARSA + PS + Kernel,42,401,0,21,0,1
10,SARSA + PS + Kernel,42,402,11,10,0,1
10,SARSA + PS + Kernel,42,403,10,11,0,1
10,SARSA + PS + Kernel,42,404,-15,36,0,1
10,SARSA + PS + Kernel,42,405,4,17,0,1
10,SARSA + PS + Kernel,42,406,-9,30,0,1
10,SARSA + PS + Kernel,42,407,4,17,0,1
10,SARSA + PS + Kernel,42,408,7,14,0,1
10,SARSA + PS + Kernel,42,409,-3,15,1,1
10,SARSA + PS + Kernel,42,410,12,9,0,1
10,SARSA + PS + Kernel,42,411,0,21,0,1
10,SARSA + PS + Kernel,42,412,7,14,0,1
10,SARSA + PS + Kernel,42,413,8,13,0,1
10,SARSA + PS + Kernel,42,414,7,14,0,1
10,SARSA + PS + Kernel,42,415,6,15,0,1
10,SARSA + PS + Kernel,42,416,2,19,0,1
10,SARSA + PS + Kernel,42,417,-15,27,1,1
10,SARSA + PS + Kernel,42,418,3,18,0,1
10,SARSA + PS + Kernel,42,419,-3,15,1,1
10,SARSA + PS + Kernel,42,420,5,16,0,1
10,SARSA + PS + Kernel,42,421,3,18,0,1
10,SARSA + PS + Kernel,42,422,6,15,0,1
10,SARSA + PS + Kernel,42,423,-22,25,2,1
10,SARSA + PS + Kernel,42,424,-3,15,1,1
10,SARSA + PS + Kernel,42,425,7,14,0,1
10,SARSA + PS + Kernel,42,426,11,10,0,1
10,SARSA + PS + Kernel,42,427,6,15,0,1
10,SARSA + PS + Kernel,42,428,12,9,0,1
10,SARSA + PS + Kernel,42,429,8,13,0,1
10,SARSA + PS + Kernel,42,430,1,11,1,1
10,SARSA + PS + Kernel,42,431,8,13,0,1
10,SARSA + PS + Kernel,42,432,8,13,0,1
10,SARSA + PS + Kernel,42,433,2,19,0,1
10,SARSA + PS + Kernel,42,434,-81,30,8,1
10,SARSA + PS + Kernel,42,435,-11,23,1,1
10,SARSA + PS + Kernel,42,436,6,15,0,1
10,SARSA + PS + Kernel,42,437,8,13,0,1
10,SARSA + PS + Kernel,42,438,9,12,0,1
10,SARSA + PS + Kernel,42,439,-4,16,1,1
10,SARSA + PS + Kernel,42,440,9,12,0,1
10,SARSA + PS + Kernel,42,441,-19,31,1,1
10,SARSA + PS + Kernel,42,442,-7,19,1,1
10,SARSA + PS + Kernel,42,443,0,12,1,1
10,SARSA + PS + Kernel,42,444,7,14,0,1
10,SARSA + PS + Kernel,42,445,-3,15,1,1
10,SARSA + PS + Kernel,42,446,-39,60,0,1
10,SARSA + PS + Kernel,42,447,-7,19,1,1
10,SARSA + PS + Kernel,42,448,7,14,0,1
10,SARSA + PS + Kernel,42,449,4,17,0,1
10,SARSA + PS + Kernel,42,450,4,17,0,1
10,SARSA + PS + Kernel,42,451,5,16,0,1
10,SARSA + PS + Kernel,42,452,3,18,0,1
10,SARSA + PS + Kernel,42,453,-8,20,1,1
10,SARSA + PS + Kernel,42,454,5,16,0,1
10,SARSA + PS + Kernel,42,455,7,14,0,1
10,SARSA + PS + Kernel,42,456,1,11,1,1
10,SARSA + PS + Kernel,42,457,6,15,0,1
10,SARSA + PS + Kernel,42,458,6,15,0,1
10,SARSA + PS + Kernel,42,459,11,10,0,1
10,SARSA + PS + Kernel,42,460,13,8,0,1
10,SARSA + PS + Kernel,42,461,-5,17,1,1
10,SARSA + PS + Kernel,42,462,-13,25,1,1
10,SARSA + PS + Kernel,42,463,-10,22,1,1
10,SARSA + PS + Kernel,42,464,7,14,0,1
10,SARSA + PS + Kernel,42,465,6,15,0,1
10,SARSA + PS + Kernel,42,466,10,11,0,1
10,SARSA + PS + Kernel,42,467,12,9,0,1
10,SARSA + PS + Kernel,42,468,7,14,0,1
10,SARSA + PS + Kernel,42,469,-59,44,4,1
10,SARSA + PS + Kernel,42,470,14,7,0,1
10,SARSA + PS + Kernel,42,471,6,15,0,1
10,SARSA + PS + Kernel,42,472,-27,21,3,1
10,SARSA + PS + Kernel,42,473,6,15,0,1
10,SARSA + PS + Kernel,42,474,-14,26,1,1
10,SARSA + PS + Kernel,42,475,-2,14,1,1
10,SARSA + PS + Kernel,42,476,-7,19,1,1
10,SARSA + PS + Kernel,42,477,-38,59,0,1
10,SARSA + PS + Kernel,42,478,8,13,0,1
10,SARSA + PS + Kernel,42,479,-4,16,1,1
10,SARSA + PS + Kernel,42,480,-85,79,3,1
10,SARSA + PS + Kernel,42,481,9,12,0,1
10,SARSA + PS + Kernel,42,482,-1,13,1,1
10,SARSA + PS + Kernel,42,483,8,13,0,1
10,SARSA + PS + Kernel,42,484,10,11,0,1
10,SARSA + PS + Kernel,42,485,7,14,0,1
10,SARSA + PS + Kernel,42,486,2,19,0,1
10,SARSA + PS + Kernel,42,487,-25,46,0,1
10,SARSA + PS + Kernel,42,488,10,11,0,1
10,SARSA + PS + Kernel,42,489,2,19,0,1
10,SARSA + PS + Kernel,42,490,-5,17,1,1
10,SARSA + PS + Kernel,42,491,9,12,0,1
10,SARSA + PS + Kernel,42,492,11,10,0,1
10,SARSA + PS + Kernel,42,493,-35,56,0,1
10,SARSA + PS + Kernel,42,494,14,7,0,1
10,SARSA + PS + Kernel,42,495,8,13,0,1
10,SARSA + PS + Kernel,42,496,10,11,0,1
10,SARSA + PS + Kernel,42,497,-4,16,1,1
10,SARSA + PS + Kernel,42,498,8,13,0,1
10,SARSA + PS + Kernel,42,499,-3,15,1,1
10,SARSA + PS + Kernel,123,0,-740,200,60,0
10,SARSA + PS + Kernel,123,1,-740,200,60,0
10,SARSA + PS + Kernel,123,2,-659,200,51,0
10,SARSA + PS + Kernel,123,3,-108,39,10,1
10,SARSA + PS + Kernel,123,4,-677,200,53,0
10,SARSA + PS + Kernel,123,5,-695,200,55,0
10,SARSA + PS + Kernel,123,6,-623,200,47,0
10,SARSA + PS + Kernel,123,7,-668,200,52,0
10,SARSA + PS + Kernel,123,8,-677,200,53,0
10,SARSA + PS + Kernel,123,9,-587,200,43,0
10,SARSA + PS + Kernel,123,10,-632,200,48,0
10,SARSA + PS + Kernel,123,11,-668,200,52,0
10,SARSA + PS + Kernel,123,12,-668,200,52,0
10,SARSA + PS + Kernel,123,13,-569,200,41,0
10,SARSA + PS + Kernel,123,14,-659,200,51,0
10,SARSA + PS + Kernel,123,15,-188,65,16,1
10,SARSA + PS + Kernel,123,16,-351,165,23,1
10,SARSA + PS + Kernel,123,17,-430,181,30,1
10,SARSA + PS + Kernel,123,18,-560,200,40,0
10,SARSA + PS + Kernel,123,19,-290,200,10,0
10,SARSA + PS + Kernel,123,20,-358,190,21,1
10,SARSA + PS + Kernel,123,21,-587,200,43,0
10,SARSA + PS + Kernel,123,22,-470,200,30,0
10,SARSA + PS + Kernel,123,23,-524,200,36,0
10,SARSA + PS + Kernel,123,24,-398,200,22,0
10,SARSA + PS + Kernel,123,25,-578,200,42,0
10,SARSA + PS + Kernel,123,26,-506,200,34,0
10,SARSA + PS + Kernel,123,27,-569,200,41,0
10,SARSA + PS + Kernel,123,28,-76,97,0,1
10,SARSA + PS + Kernel,123,29,-85,70,4,1
10,SARSA + PS + Kernel,123,30,-443,200,27,0
10,SARSA + PS + Kernel,123,31,-416,200,24,0
10,SARSA + PS + Kernel,123,32,-506,200,34,0
10,SARSA + PS + Kernel,123,33,-1,13,1,1
10,SARSA + PS + Kernel,123,34,-263,200,7,0
10,SARSA + PS + Kernel,123,35,-335,200,15,0
10,SARSA + PS + Kernel,123,36,-117,84,6,1
10,SARSA + PS + Kernel,123,37,-506,200,34,0
10,SARSA + PS + Kernel,123,38,-141,108,6,1
10,SARSA + PS + Kernel,123,39,-366,189,22,1
10,SARSA + PS + Kernel,123,40,-143,92,8,1
10,SARSA + PS + Kernel,123,41,-272,200,8,0
10,SARSA + PS + Kernel,123,42,-281,200,9,0
10,SARSA + PS + Kernel,123,43,-506,200,34,0
10,SARSA + PS + Kernel,123,44,-353,200,17,0
10,SARSA + PS + Kernel,123,45,-198,192,3,1
10,SARSA + PS + Kernel,123,46,-245,200,5,0
10,SARSA + PS + Kernel,123,47,-254,200,6,0
10,SARSA + PS + Kernel,123,48,-39,33,3,1
10,SARSA + PS + Kernel,123,49,11,10,0,1
10,SARSA + PS + Kernel,123,50,-10,22,1,1
10,SARSA + PS + Kernel,123,51,-121,70,8,1
10,SARSA + PS + Kernel,123,52,-218,200,2,0
10,SARSA + PS + Kernel,123,53,-54,57,2,1
10,SARSA + PS + Kernel,123,54,-244,157,12,1
10,SARSA + PS + Kernel,123,55,-44,47,2,1
10,SARSA + PS + Kernel,123,56,-542,200,38,0
10,SARSA + PS + Kernel,123,57,-53,29,5,1
10,SARSA + PS + Kernel,123,58,-195,162,6,1
10,SARSA + PS + Kernel,123,59,-104,80,5,1
10,SARSA + PS + Kernel,123,60,11,10,0,1
10,SARSA + PS + Kernel,123,61,-88,91,2,1
10,SARSA + PS + Kernel,123,62,3,18,0,1
10,SARSA + PS + Kernel,123,63,-254,200,6,0
10,SARSA + PS + Kernel,123,64,-389,200,21,0
10,SARSA + PS + Kernel,123,65,-263,200,7,0
10,SARSA + PS + Kernel,123,66,4,17,0,1
10,SARSA + PS + Kernel,123,67,-11,32,0,1
10,SARSA + PS + Kernel,123,68,3,18,0,1
10,SARSA + PS + Kernel,123,69,-45,48,2,1
10,SARSA + PS + Kernel,123,70,-124,100,5,1
10,SARSA + PS + Kernel,123,71,-51,63,1,1
10,SARSA + PS + Kernel,123,72,-222,180,7,1
10,SARSA + PS + Kernel,123,73,-201,159,7,1
10,SARSA + PS + Kernel,123,74,-93,96,2,1
10,SARSA + PS + Kernel,123,75,-344,200,16,0
10,SARSA + PS + Kernel,123,76,-3,24,0,1
10,SARSA + PS + Kernel,123,77,-17,29,1,1
10,SARSA + PS + Kernel,123,78,-134,110,5,1
10,SARSA + PS + Kernel,123,79,-130,97,6,1
10,SARSA + PS + Kernel,123,80,-5,17,1,1
10,SARSA + PS + Kernel,123,81,-290,200,10,0
10,SARSA + PS + Kernel,123,82,-61,37,5,1
10,SARSA + PS + Kernel,123,83,10,11,0,1
10,SARSA + PS + Kernel,123,84,-25,46,0,1
10,SARSA + PS + Kernel,123,85,14,7,0,1
10,SARSA + PS + Kernel,123,86,-26,38,1,1
10,SARSA + PS + Kernel,123,87,-281,200,9,0
10,SARSA + PS + Kernel,123,88,-46,22,5,1
10,SARSA + PS + Kernel,123,89,6,15,0,1
10,SARSA + PS + Kernel,123,90,1,20,0,1
10,SARSA + PS + Kernel,123,91,2,19,0,1
10,SARSA + PS + Kernel,123,92,-284,197,12,1
10,SARSA + PS + Kernel,123,93,-317,200,13,0
10,SARSA + PS + Kernel,123,94,-36,30,3,1
10,SARSA + PS + Kernel,123,95,-6,18,1,1
10,SARSA + PS + Kernel,123,96,-32,44,1,1
10,SARSA + PS + Kernel,123,97,-17,20,2,1
10,SARSA + PS + Kernel,123,98,-39,42,2,1
10,SARSA + PS + Kernel,123,99,3,9,1,1
10,SARSA + PS + Kernel,123,100,-7,28,0,1
10,SARSA + PS + Kernel,123,101,9,12,0,1
10,SARSA + PS + Kernel,123,102,-10,31,0,1
10,SARSA + PS + Kernel,123,103,-61,64,2,1
10,SARSA + PS + Kernel,123,104,10,11,0,1
10,SARSA + PS + Kernel,123,105,11,10,0,1
10,SARSA + PS + Kernel,123,106,-272,200,8,0
10,SARSA + PS + Kernel,123,107,8,13,0,1
10,SARSA + PS + Kernel,123,108,-272,200,8,0
10,SARSA + PS + Kernel,123,109,12,9,0,1
10,SARSA + PS + Kernel,123,110,-3,15,1,1
10,SARSA + PS + Kernel,123,111,-4,16,1,1
10,SARSA + PS + Kernel,123,112,10,11,0,1
10,SARSA + PS + Kernel,123,113,5,16,0,1
10,SARSA + PS + Kernel,123,114,-4,25,0,1
10,SARSA + PS + Kernel,123,115,-212,188,5,1
10,SARSA + PS + Kernel,123,116,-81,84,2,1
10,SARSA + PS + Kernel,123,117,2,19,0,1
10,SARSA + PS + Kernel,123,118,11,10,0,1
10,SARSA + PS + Kernel,123,119,-227,176,8,1
10,SARSA + PS + Kernel,123,120,-66,69,2,1
10,SARSA + PS + Kernel,123,121,7,14,0,1
10,SARSA + PS + Kernel,123,122,-7,19,1,1
10,SARSA + PS + Kernel,123,123,-53,47,3,1
10,SARSA + PS + Kernel,123,124,9,12,0,1
10,SARSA + PS + Kernel,123,125,-22,34,1,1
10,SARSA + PS + Kernel,123,126,-179,155,5,1
10,SARSA + PS + Kernel,123,127,12,9,0,1
10,SARSA + PS + Kernel,123,128,10,11,0,1
10,SARSA + PS + Kernel,123,129,-155,122,6,1
10,SARSA + PS + Kernel,123,130,-90,75,4,1
10,SARSA + PS + Kernel,123,131,8,13,0,1
10,SARSA + PS + Kernel,123,132,2,19,0,1
10,SARSA + PS + Kernel,123,133,10,11,0,1
10,SARSA + PS + Kernel,123,134,1,20,0,1
10,SARSA + PS + Kernel,123,135,-6,27,0,1
10,SARSA + PS + Kernel,123,136,-317,200,13,0
10,SARSA + PS + Kernel,123,137,-31,34,2,1
10,SARSA + PS + Kernel,123,138,-64,76,1,1
10,SARSA + PS + Kernel,123,139,-20,23,2,1
10,SARSA + PS + Kernel,123,140,12,9,0,1
10,SARSA + PS + Kernel,123,141,3,9,1,1
10,SARSA + PS + Kernel,123,142,9,12,0,1
10,SARSA + PS + Kernel,123,143,14,7,0,1
10,SARSA + PS + Kernel,123,144,0,12,1,1
10,SARSA + PS + Kernel,123,145,-194,170,5,1
10,SARSA + PS + Kernel,123,146,-24,45,0,1
10,SARSA + PS + Kernel,123,147,-45,39,3,1
10,SARSA + PS + Kernel,123,148,6,15,0,1
10,SARSA + PS + Kernel,123,149,-21,15,3,1
10,SARSA + PS + Kernel,123,150,3,18,0,1
10,SARSA + PS + Kernel,123,151,-2,23,0,1
10,SARSA + PS + Kernel,123,152,-6,27,0,1
10,SARSA + PS + Kernel,123,153,15,6,0,1
10,SARSA + PS + Kernel,123,154,1,11,1,1
10,SARSA + PS + Kernel,123,155,-1,13,1,1
10,SARSA + PS + Kernel,123,156,-75,78,2,1
10,SARSA + PS + Kernel,123,157,-13,16,2,1
10,SARSA + PS + Kernel,123,158,7,14,0,1
10,SARSA + PS + Kernel,123,159,9,12,0,1
10,SARSA + PS + Kernel,123,160,-18,30,1,1
10,SARSA + PS + Kernel,123,161,-40,52,1,1
10,SARSA + PS + Kernel,123,162,10,11,0,1
10,SARSA + PS + Kernel,123,163,7,14,0,1
10,SARSA + PS + Kernel,123,164,-24,27,2,1
10,SARSA + PS + Kernel,123,165,0,21,0,1
10,SARSA + PS + Kernel,123,166,-26,29,2,1
10,SARSA + PS + Kernel,123,167,4,17,0,1
10,SARSA + PS + Kernel,123,168,7,14,0,1
10,SARSA + PS + Kernel,123,169,-18,21,2,1
10,SARSA + PS + Kernel,123,170,4,17,0,1
10,SARSA + PS + Kernel,123,171,-6,27,0,1
10,SARSA + PS + Kernel,123,172,8,13,0,1
10,SARSA + PS + Kernel,123,173,-4,25,0,1
10,SARSA + PS + Kernel,123,174,-14,17,2,1
10,SARSA + PS + Kernel,123,175,-19,40,0,1
10,SARSA + PS + Kernel,123,176,-28,49,0,1
10,SARSA + PS + Kernel,123,177,-15,27,1,1
10,SARSA + PS + Kernel,123,178,8,13,0,1
10,SARSA + PS + Kernel,123,179,7,14,0,1
10,SARSA + PS + Kernel,123,180,-38,50,1,1
10,SARSA + PS + Kernel,123,181,-18,39,0,1
10,SARSA + PS + Kernel,123,182,8,13,0,1
10,SARSA + PS + Kernel,123,183,-1,22,0,1
10,SARSA + PS + Kernel,123,184,-96,99,2,1
10,SARSA + PS + Kernel,123,185,10,11,0,1
10,SARSA + PS + Kernel,123,186,-4,16,1,1
10,SARSA + PS + Kernel,123,187,-45,57,1,1
10,SARSA + PS + Kernel,123,188,8,13,0,1
10,SARSA + PS + Kernel,123,189,-5,17,1,1
10,SARSA + PS + Kernel,123,190,-21,24,2,1
10,SARSA + PS + Kernel,123,191,-47,68,0,1
10,SARSA + PS + Kernel,123,192,-38,41,2,1
10,SARSA + PS + Kernel,123,193,13,8,0,1
10,SARSA + PS + Kernel,123,194,6,15,0,1
10,SARSA + PS + Kernel,123,195,0,12,1,1
10,SARSA + PS + Kernel,123,196,-76,79,2,1
10,SARSA + PS + Kernel,123,197,-58,61,2,1
10,SARSA + PS + Kernel,123,198,-12,15,2,1
10,SARSA + PS + Kernel,123,199,-18,30,1,1
10,SARSA + PS + Kernel,123,200,-57,60,2,1
10,SARSA + PS + Kernel,123,201,-13,16,2,1
10,SARSA + PS + Kernel,123,202,6,15,0,1
10,SARSA + PS + Kernel,123,203,-11,14,2,1
10,SARSA + PS + Kernel,123,204,-88,100,1,1
10,SARSA + PS + Kernel,123,205,-17,38,0,1
10,SARSA + PS + Kernel,123,206,-37,58,0,1
10,SARSA + PS + Kernel,123,207,-70,64,3,1
10,SARSA + PS + Kernel,123,208,11,10,0,1
10,SARSA + PS + Kernel,123,209,8,13,0,1
10,SARSA + PS + Kernel,123,210,-40,52,1,1
10,SARSA + PS + Kernel,123,211,12,9,0,1
10,SARSA + PS + Kernel,123,212,-4,25,0,1
10,SARSA + PS + Kernel,123,213,-4,25,0,1
10,SARSA + PS + Kernel,123,214,-6,18,1,1
10,SARSA + PS + Kernel,123,215,-1,13,1,1
10,SARSA + PS + Kernel,123,216,-2,14,1,1
10,SARSA + PS + Kernel,123,217,8,13,0,1
10,SARSA + PS + Kernel,123,218,-4,25,0,1
10,SARSA + PS + Kernel,123,219,-1,13,1,1
10,SARSA + PS + Kernel,123,220,-52,37,4,1
10,SARSA + PS + Kernel,123,221,-1,13,1,1
10,SARSA + PS + Kernel,123,222,-19,31,1,1
10,SARSA + PS + Kernel,123,223,-20,41,0,1
10,SARSA + PS + Kernel,123,224,-120,78,7,1
10,SARSA + PS + Kernel,123,225,-290,200,10,0
10,SARSA + PS + Kernel,123,226,-13,25,1,1
10,SARSA + PS + Kernel,123,227,8,13,0,1
10,SARSA + PS + Kernel,123,228,11,10,0,1
10,SARSA + PS + Kernel,123,229,-63,75,1,1
10,SARSA + PS + Kernel,123,230,-5,17,1,1
10,SARSA + PS + Kernel,123,231,-5,17,1,1
10,SARSA + PS + Kernel,123,232,8,13,0,1
10,SARSA + PS + Kernel,123,233,-41,53,1,1
10,SARSA + PS + Kernel,123,234,-205,163,7,1
10,SARSA + PS + Kernel,123,235,9,12,0,1
10,SARSA + PS + Kernel,123,236,2,10,1,1
10,SARSA + PS + Kernel,123,237,-6,18,1,1
10,SARSA + PS + Kernel,123,238,-2,14,1,1
10,SARSA + PS + Kernel,123,239,8,13,0,1
10,SARSA + PS + Kernel,123,240,-1,13,1,1
10,SARSA + PS + Kernel,123,241,-23,44,0,1
10,SARSA + PS + Kernel,123,242,11,10,0,1
10,SARSA + PS + Kernel,123,243,-2,14,1,1
10,SARSA + PS + Kernel,123,244,8,13,0,1
10,SARSA + PS + Kernel,123,245,6,15,0,1
10,SARSA + PS + Kernel,123,246,7,14,0,1
10,SARSA + PS + Kernel,123,247,-49,70,0,1
10,SARSA + PS + Kernel,123,248,5,16,0,1
10,SARSA + PS + Kernel,123,249,-10,13,2,1
10,SARSA + PS + Kernel,123,250,-3,15,1,1
10,SARSA + PS + Kernel,123,251,-15,27,1,1
10,SARSA + PS + Kernel,123,252,-1,22,0,1
10,SARSA + PS + Kernel,123,253,-3,15,1,1
10,SARSA + PS + Kernel,123,254,10,11,0,1
10,SARSA + PS + Kernel,123,255,5,16,0,1
10,SARSA + PS + Kernel,123,256,5,16,0,1
10,SARSA + PS + Kernel,123,257,7,14,0,1
10,SARSA + PS + Kernel,123,258,-6,18,1,1
10,SARSA + PS + Kernel,123,259,0,21,0,1
10,SARSA + PS + Kernel,123,260,-47,50,2,1
10,SARSA + PS + Kernel,123,261,6,15,0,1
10,SARSA + PS + Kernel,123,262,-23,35,1,1
10,SARSA + PS + Kernel,123,263,-26,29,2,1
10,SARSA + PS + Kernel,123,264,11,10,0,1
10,SARSA + PS + Kernel,123,265,5,16,0,1
10,SARSA + PS + Kernel,123,266,12,9,0,1
10,SARSA + PS + Kernel,123,267,8,13,0,1
10,SARSA + PS + Kernel,123,268,15,6,0,1
10,SARSA + PS + Kernel,123,269,-156,123,6,1
10,SARSA + PS + Kernel,123,270,-4,16,1,1
10,SARSA + PS + Kernel,123,271,10,11,0,1
10,SARSA + PS + Kernel,123,272,-18,30,1,1
10,SARSA + PS + Kernel,123,273,-12,15,2,1
10,SARSA + PS + Kernel,123,274,10,11,0,1
10,SARSA + PS + Kernel,123,275,1,11,1,1
10,SARSA + PS + Kernel,123,276,-6,18,1,1
10,SARSA + PS + Kernel,123,277,5,16,0,1
10,SARSA + PS + Kernel,123,278,-3,24,0,1
10,SARSA + PS + Kernel,123,279,-2,23,0,1
10,SARSA + PS + Kernel,123,280,14,7,0,1
10,SARSA + PS + Kernel,123,281,6,15,0,1
10,SARSA + PS + Kernel,123,282,4,17,0,1
10,SARSA + PS + Kernel,123,283,8,13,0,1
10,SARSA + PS + Kernel,123,284,-16,19,2,1
10,SARSA + PS + Kernel,123,285,-1,13,1,1
10,SARSA + PS + Kernel,123,286,8,13,0,1
10,SARSA + PS + Kernel,123,287,-11,23,1,1
10,SARSA + PS + Kernel,123,288,0,21,0,1
10,SARSA + PS + Kernel,123,289,8,13,0,1
10,SARSA + PS + Kernel,123,290,3,9,1,1
10,SARSA + PS + Kernel,123,291,2,10,1,1
10,SARSA + PS + Kernel,123,292,-8,20,1,1
10,SARSA + PS + Kernel,123,293,10,11,0,1
10,SARSA + PS + Kernel,123,294,12,9,0,1
10,SARSA + PS + Kernel,123,295,4,17,0,1
10,SARSA + PS + Kernel,123,296,-3,15,1,1
10,SARSA + PS + Kernel,123,297,1,11,1,1
10,SARSA + PS + Kernel,123,298,5,16,0,1
10,SARSA + PS + Kernel,123,299,-23,17,3,1
10,SARSA + PS + Kernel,123,300,9,12,0,1
10,SARSA + PS + Kernel,123,301,-66,51,4,1
10,SARSA + PS + Kernel,123,302,-8,20,1,1
10,SARSA + PS + Kernel,123,303,10,11,0,1
10,SARSA + PS + Kernel,123,304,-5,17,1,1
10,SARSA + PS + Kernel,123,305,-40,43,2,1
10,SARSA + PS + Kernel,123,306,6,15,0,1
10,SARSA + PS + Kernel,123,307,-16,19,2,1
10,SARSA + PS + Kernel,123,308,-5,17,1,1
10,SARSA + PS + Kernel,123,309,-12,15,2,1
10,SARSA + PS + Kernel,123,310,-8,20,1,1
10,SARSA + PS + Kernel,123,311,-6,27,0,1
10,SARSA + PS + Kernel,123,312,-18,21,2,1
10,SARSA + PS + Kernel,123,313,-23,35,1,1
10,SARSA + PS + Kernel,123,314,7,14,0,1
10,SARSA + PS + Kernel,123,315,-7,19,1,1
10,SARSA + PS + Kernel,123,316,1,20,0,1
10,SARSA + PS + Kernel,123,317,-18,21,2,1
10,SARSA + PS + Kernel,123,318,1,11,1,1
10,SARSA + PS + Kernel,123,319,-10,13,2,1
10,SARSA + PS + Kernel,123,320,-20,41,0,1
10,SARSA + PS + Kernel,123,321,11,10,0,1
10,SARSA + PS + Kernel,123,322,8,13,0,1
10,SARSA + PS + Kernel,123,323,4,17,0,1
10,SARSA + PS + Kernel,123,324,-6,27,0,1
10,SARSA + PS + Kernel,123,325,-16,28,1,1
10,SARSA + PS + Kernel,123,326,-4,16,1,1
10,SARSA + PS + Kernel,123,327,5,16,0,1
10,SARSA + PS + Kernel,123,328,9,12,0,1
10,SARSA + PS + Kernel,123,329,2,10,1,1
10,SARSA + PS + Kernel,123,330,-21,33,1,1
10,SARSA + PS + Kernel,123,331,5,16,0,1
10,SARSA + PS + Kernel,123,332,10,11,0,1
10,SARSA + PS + Kernel,123,333,9,12,0,1
10,SARSA + PS + Kernel,123,334,6,15,0,1
10,SARSA + PS + Kernel,123,335,-91,85,3,1
10,SARSA + PS + Kernel,123,336,-2,23,0,1
10,SARSA + PS + Kernel,123,337,-8,20,1,1
10,SARSA + PS + Kernel,123,338,7,14,0,1
10,SARSA + PS + Kernel,123,339,6,15,0,1
10,SARSA + PS + Kernel,123,340,7,14,0,1
10,SARSA + PS + Kernel,123,341,8,13,0,1
10,SARSA + PS + Kernel,123,342,-37,31,3,1
10,SARSA + PS + Kernel,123,343,-3,15,1,1
10,SARSA + PS + Kernel,123,344,-13,16,2,1
10,SARSA + PS + Kernel,123,345,-4,16,1,1
10,SARSA + PS + Kernel,123,346,-34,37,2,1
10,SARSA + PS + Kernel,123,347,-10,13,2,1
10,SARSA + PS + Kernel,123,348,8,13,0,1
10,SARSA + PS + Kernel,123,349,11,10,0,1
10,SARSA + PS + Kernel,123,350,8,13,0,1
10,SARSA + PS + Kernel,123,351,6,15,0,1
10,SARSA + PS + Kernel,123,352,-21,33,1,1
10,SARSA + PS + Kernel,123,353,-19,31,1,1
10,SARSA + PS + Kernel,123,354,0,21,0,1
10,SARSA + PS + Kernel,123,355,-3,15,1,1
10,SARSA + PS + Kernel,123,356,-2,14,1,1
10,SARSA + PS + Kernel,123,357,9,12,0,1
10,SARSA + PS + Kernel,123,358,-28,31,2,1
10,SARSA + PS + Kernel,123,359,9,12,0,1
10,SARSA + PS + Kernel,123,360,4,17,0,1
10,SARSA + PS + Kernel,123,361,-161,137,5,1
10,SARSA + PS + Kernel,123,362,0,12,1,1
10,SARSA + PS + Kernel,123,363,-15,27,1,1
10,SARSA + PS + Kernel,123,364,9,12,0,1
10,SARSA + PS + Kernel,123,365,-13,25,1,1
10,SARSA + PS + Kernel,123,366,-6,18,1,1
10,SARSA + PS + Kernel,123,367,4,17,0,1
10,SARSA + PS + Kernel,123,368,8,13,0,1
10,SARSA + PS + Kernel,123,369,-4,16,1,1
10,SARSA + PS + Kernel,123,370,2,19,0,1
10,SARSA + PS + Kernel,123,371,-20,41,0,1
10,SARSA + PS + Kernel,123,372,-14,35,0,1
10,SARSA + PS + Kernel,123,373,6,15,0,1
10,SARSA + PS + Kernel,123,374,7,14,0,1
10,SARSA + PS + Kernel,123,375,11,10,0,1
10,SARSA + PS + Kernel,123,376,-12,15,2,1
10,SARSA + PS + Kernel,123,377,6,15,0,1
10,SARSA + PS + Kernel,123,378,13,8,0,1
10,SARSA + PS + Kernel,123,379,13,8,0,1
10,SARSA + PS + Kernel,123,380,-5,17,1,1
10,SARSA + PS + Kernel,123,381,3,18,0,1
10,SARSA + PS + Kernel,123,382,-38,32,3,1
10,SARSA + PS + Kernel,123,383,9,12,0,1
10,SARSA + PS + Kernel,123,384,8,13,0,1
10,SARSA + PS + Kernel,123,385,10,11,0,1
10,SARSA + PS + Kernel,123,386,13,8,0,1
10,SARSA + PS + Kernel,123,387,9,12,0,1
10,SARSA + PS + Kernel,123,388,-8,20,1,1
10,SARSA + PS + Kernel,123,389,10,11,0,1
10,SARSA + PS + Kernel,123,390,7,14,0,1
10,SARSA + PS + Kernel,123,391,5,16,0,1
10,SARSA + PS + Kernel,123,392,6,15,0,1
10,SARSA + PS + Kernel,123,393,-22,34,1,1
10,SARSA + PS + Kernel,123,394,7,14,0,1
10,SARSA + PS + Kernel,123,395,-6,18,1,1
10,SARSA + PS + Kernel,123,396,-25,28,2,1
10,SARSA + PS + Kernel,123,397,9,12,0,1
10,SARSA + PS + Kernel,123,398,0,12,1,1
10,SARSA + PS + Kernel,123,399,-21,33,1,1
10,SARSA + PS + Kernel,123,400,12,9,0,1
10,SARSA + PS + Kernel,123,401,-1,13,1,1
10,SARSA + PS + Kernel,123,402,9,12,0,1
10,SARSA + PS + Kernel,123,403,12,9,0,1
10,SARSA + PS + Kernel,123,404,-1,13,1,1
10,SARSA + PS + Kernel,123,405,-7,19,1,1
10,SARSA + PS + Kernel,123,406,-7,19,1,1
10,SARSA + PS + Kernel,123,407,11,10,0,1
10,SARSA + PS + Kernel,123,408,5,16,0,1
10,SARSA + PS + Kernel,123,409,-6,18,1,1
10,SARSA + PS + Kernel,123,410,-11,14,2,1
10,SARSA + PS + Kernel,123,411,11,10,0,1
10,SARSA + PS + Kernel,123,412,-19,22,2,1
10,SARSA + PS + Kernel,123,413,14,7,0,1
10,SARSA + PS + Kernel,123,414,6,15,0,1
10,SARSA + PS + Kernel,123,415,0,12,1,1
10,SARSA + PS + Kernel,123,416,-28,40,1,1
10,SARSA + PS + Kernel,123,417,8,13,0,1
10,SARSA + PS + Kernel,123,418,6,15,0,1
10,SARSA + PS + Kernel,123,419,8,13,0,1
10,SARSA + PS + Kernel,123,420,-2,14,1,1
10,SARSA + PS + Kernel,123,421,4,17,0,1
10,SARSA + PS + Kernel,123,422,8,13,0,1
10,SARSA + PS + Kernel,123,423,8,13,0,1
10,SARSA + PS + Kernel,123,424,5,16,0,1
10,SARSA + PS + Kernel,123,425,-1,13,1,1
10,SARSA + PS + Kernel,123,426,-5,17,1,1
10,SARSA + PS + Kernel,123,427,-17,20,2,1
10,SARSA + PS + Kernel,123,428,-22,25,2,1
10,SARSA + PS + Kernel,123,429,4,17,0,1
10,SARSA + PS + Kernel,123,430,7,14,0,1
10,SARSA + PS + Kernel,123,431,9,12,0,1
10,SARSA + PS + Kernel,123,432,-8,20,1,1
10,SARSA + PS + Kernel,123,433,5,16,0,1
10,SARSA + PS + Kernel,123,434,6,15,0,1
10,SARSA + PS + Kernel,123,435,-9,21,1,1
10,SARSA + PS + Kernel,123,436,2,10,1,1
10,SARSA + PS + Kernel,123,437,9,12,0,1
10,SARSA + PS + Kernel,123,438,7,14,0,1
10,SARSA + PS + Kernel,123,439,8,13,0,1
10,SARSA + PS + Kernel,123,440,-3,15,1,1
10,SARSA + PS + Kernel,123,441,10,11,0,1
10,SARSA + PS + Kernel,123,442,-10,13,2,1
10,SARSA + PS + Kernel,123,443,-9,21,1,1
10,SARSA + PS + Kernel,123,444,3,18,0,1
10,SARSA + PS + Kernel,123,445,11,10,0,1
10,SARSA + PS + Kernel,123,446,7,14,0,1
10,SARSA + PS + Kernel,123,447,4,17,0,1
10,SARSA + PS + Kernel,123,448,6,15,0,1
10,SARSA + PS + Kernel,123,449,12,9,0,1
10,SARSA + PS + Kernel,123,450,-9,21,1,1
10,SARSA + PS + Kernel,123,451,9,12,0,1
10,SARSA + PS + Kernel,123,452,9,12,0,1
10,SARSA + PS + Kernel,123,453,-18,30,1,1
10,SARSA + PS + Kernel,123,454,5,16,0,1
10,SARSA + PS + Kernel,123,455,8,13,0,1
10,SARSA + PS + Kernel,123,456,-2,23,0,1
10,SARSA + PS + Kernel,123,457,13,8,0,1
10,SARSA + PS + Kernel,123,458,-29,23,3,1
10,SARSA + PS + Kernel,123,459,5,16,0,1
10,SARSA + PS + Kernel,123,460,-4,25,0,1
10,SARSA + PS + Kernel,123,461,2,19,0,1
10,SARSA + PS + Kernel,123,462,-4,16,1,1
10,SARSA + PS + Kernel,123,463,13,8,0,1
10,SARSA + PS + Kernel,123,464,10,11,0,1
10,SARSA + PS + Kernel,123,465,11,10,0,1
10,SARSA + PS + Kernel,123,466,-4,16,1,1
10,SARSA + PS + Kernel,123,467,-4,16,1,1
10,SARSA + PS + Kernel,123,468,10,11,0,1
10,SARSA + PS + Kernel,123,469,0,21,0,1
10,SARSA + PS + Kernel,123,470,2,19,0,1
10,SARSA + PS + Kernel,123,471,4,17,0,1
10,SARSA + PS + Kernel,123,472,4,17,0,1
10,SARSA + PS + Kernel,123,473,4,17,0,1
10,SARSA + PS + Kernel,123,474,12,9,0,1
10,SARSA + PS + Kernel,123,475,6,15,0,1
10,SARSA + PS + Kernel,123,476,6,15,0,1
10,SARSA + PS + Kernel,123,477,2,19,0,1
10,SARSA + PS + Kernel,123,478,8,13,0,1
10,SARSA + PS + Kernel,123,479,7,14,0,1
10,SARSA + PS + Kernel,123,480,7,14,0,1
10,SARSA + PS + Kernel,123,481,2,19,0,1
10,SARSA + PS + Kernel,123,482,-3,15,1,1
10,SARSA + PS + Kernel,123,483,-3,15,1,1
10,SARSA + PS + Kernel,123,484,8,13,0,1
10,SARSA + PS + Kernel,123,485,8,13,0,1
10,SARSA + PS + Kernel,123,486,6,15,0,1
10,SARSA + PS + Kernel,123,487,-8,20,1,1
10,SARSA + PS + Kernel,123,488,9,12,0,1
10,SARSA + PS + Kernel,123,489,-12,15,2,1
10,SARSA + PS + Kernel,123,490,-28,22,3,1
10,SARSA + PS + Kernel,123,491,4,17,0,1
10,SARSA + PS + Kernel,123,492,11,10,0,1
10,SARSA + PS + Kernel,123,493,-4,16,1,1
10,SARSA + PS + Kernel,123,494,-39,33,3,1
10,SARSA + PS + Kernel,123,495,-6,18,1,1
10,SARSA + PS + Kernel,123,496,6,15,0,1
10,SARSA + PS + Kernel,123,497,-13,16,2,1
10,SARSA + PS + Kernel,123,498,-14,17,2,1
10,SARSA + PS + Kernel,123,499,-12,24,1,1
10,SARSA + PS + Kernel,777,0,-695,200,55,0
10,SARSA + PS + Kernel,777,1,-704,200,56,0
10,SARSA + PS + Kernel,777,2,-695,200,55,0
10,SARSA + PS + Kernel,777,3,-713,200,57,0
10,SARSA + PS + Kernel,777,4,-659,200,51,0
10,SARSA + PS + Kernel,777,5,-713,200,57,0
10,SARSA + PS + Kernel,777,6,-677,200,53,0
10,SARSA + PS + Kernel,777,7,-524,200,36,0
10,SARSA + PS + Kernel,777,8,-677,200,53,0
10,SARSA + PS + Kernel,777,9,-349,109,29,1
10,SARSA + PS + Kernel,777,10,-596,200,44,0
10,SARSA + PS + Kernel,777,11,-623,200,47,0
10,SARSA + PS + Kernel,777,12,-569,200,41,0
10,SARSA + PS + Kernel,777,13,-668,200,52,0
10,SARSA + PS + Kernel,777,14,-650,200,50,0
10,SARSA + PS + Kernel,777,15,-371,200,19,0
10,SARSA + PS + Kernel,777,16,-677,200,53,0
10,SARSA + PS + Kernel,777,17,-569,200,41,0
10,SARSA + PS + Kernel,777,18,-233,164,10,1
10,SARSA + PS + Kernel,777,19,-213,63,19,1
10,SARSA + PS + Kernel,777,20,-596,200,44,0
10,SARSA + PS + Kernel,777,21,-122,53,10,1
10,SARSA + PS + Kernel,777,22,-569,200,41,0
10,SARSA + PS + Kernel,777,23,-335,200,15,0
10,SARSA + PS + Kernel,777,24,-578,200,42,0
10,SARSA + PS + Kernel,777,25,-533,200,37,0
10,SARSA + PS + Kernel,777,26,-258,108,19,1
10,SARSA + PS + Kernel,777,27,-497,200,33,0
10,SARSA + PS + Kernel,777,28,-443,200,27,0
10,SARSA + PS + Kernel,777,29,-515,200,35,0
10,SARSA + PS + Kernel,777,30,-461,200,29,0
10,SARSA + PS + Kernel,777,31,-587,200,43,0
10,SARSA + PS + Kernel,777,32,-22,34,1,1
10,SARSA + PS + Kernel,777,33,-58,25,6,1
10,SARSA + PS + Kernel,777,34,-551,200,39,0
10,SARSA + PS + Kernel,777,35,-3,24,0,1
10,SARSA + PS + Kernel,777,36,-42,63,0,1
10,SARSA + PS + Kernel,777,37,-2,23,0,1
10,SARSA + PS + Kernel,777,38,-416,200,24,0
10,SARSA + PS + Kernel,777,39,-524,200,36,0
10,SARSA + PS + Kernel,777,40,-156,141,4,1
10,SARSA + PS + Kernel,777,41,-335,200,15,0
10,SARSA + PS + Kernel,777,42,-19,31,1,1
10,SARSA + PS + Kernel,777,43,-380,200,20,0
10,SARSA + PS + Kernel,777,44,0,21,0,1
10,SARSA + PS + Kernel,777,45,-344,200,16,0
10,SARSA + PS + Kernel,777,46,-389,200,21,0
10,SARSA + PS + Kernel,777,47,-371,200,19,0
10,SARSA + PS + Kernel,777,48,5,16,0,1
10,SARSA + PS + Kernel,777,49,-308,200,12,0
10,SARSA + PS + Kernel,777,50,-398,200,22,0
10,SARSA + PS + Kernel,777,51,-291,150,18,1
10,SARSA + PS + Kernel,777,52,-64,67,2,1
10,SARSA + PS + Kernel,777,53,-82,76,3,1
10,SARSA + PS + Kernel,777,54,13,8,0,1
10,SARSA + PS + Kernel,777,55,-353,200,17,0
10,SARSA + PS + Kernel,777,56,-20,23,2,1
10,SARSA + PS + Kernel,777,57,6,15,0,1
10,SARSA + PS + Kernel,777,58,-317,200,13,0
10,SARSA + PS + Kernel,777,59,-236,200,4,0
10,SARSA + PS + Kernel,777,60,-36,57,0,1
10,SARSA + PS + Kernel,777,61,-107,92,4,1
10,SARSA + PS + Kernel,777,62,-128,122,3,1
10,SARSA + PS + Kernel,777,63,-326,200,14,0
10,SARSA + PS + Kernel,777,64,0,12,1,1
10,SARSA + PS + Kernel,777,65,-5,17,1,1
10,SARSA + PS + Kernel,777,66,-236,200,4,0
10,SARSA + PS + Kernel,777,67,3,18,0,1
10,SARSA + PS + Kernel,777,68,-4,16,1,1
10,SARSA + PS + Kernel,777,69,-47,59,1,1
10,SARSA + PS + Kernel,777,70,4,17,0,1
10,SARSA + PS + Kernel,777,71,-116,101,4,1
10,SARSA + PS + Kernel,777,72,-166,97,10,1
10,SARSA + PS + Kernel,777,73,-220,196,5,1
10,SARSA + PS + Kernel,777,74,-47,68,0,1
10,SARSA + PS + Kernel,777,75,7,14,0,1
10,SARSA + PS + Kernel,777,76,-21,15,3,1
10,SARSA + PS + Kernel,777,77,-137,131,3,1
10,SARSA + PS + Kernel,777,78,-254,200,6,0
10,SARSA + PS + Kernel,777,79,9,12,0,1
10,SARSA + PS + Kernel,777,80,-2,23,0,1
10,SARSA + PS + Kernel,777,81,-175,133,7,1
10,SARSA + PS + Kernel,777,82,-25,46,0,1
10,SARSA + PS + Kernel,777,83,-18,39,0,1
10,SARSA + PS + Kernel,777,84,-245,200,5,0
10,SARSA + PS + Kernel,777,85,-65,77,1,1
10,SARSA + PS + Kernel,777,86,-97,91,3,1
10,SARSA + PS + Kernel,777,87,-52,73,0,1
10,SARSA + PS + Kernel,777,88,-99,93,3,1
10,SARSA + PS + Kernel,777,89,-100,85,4,1
10,SARSA + PS + Kernel,777,90,-141,117,5,1
10,SARSA + PS + Kernel,777,91,8,13,0,1
10,SARSA + PS + Kernel,777,92,-22,43,0,1
10,SARSA + PS + Kernel,777,93,-56,50,3,1
10,SARSA + PS + Kernel,777,94,-2,23,0,1
10,SARSA + PS + Kernel,777,95,1,11,1,1
10,SARSA + PS + Kernel,777,96,-3,24,0,1
10,SARSA + PS + Kernel,777,97,-2,23,0,1
10,SARSA + PS + Kernel,777,98,-3,15,1,1
10,SARSA + PS + Kernel,777,99,-13,25,1,1
10,SARSA + PS + Kernel,777,100,-6,27,0,1
10,SARSA + PS + Kernel,777,101,11,10,0,1
10,SARSA + PS + Kernel,777,102,7,14,0,1
10,SARSA + PS + Kernel,777,103,11,10,0,1
10,SARSA + PS + Kernel,777,104,-42,36,3,1
10,SARSA + PS + Kernel,777,105,-20,23,2,1
10,SARSA + PS + Kernel,777,106,-2,14,1,1
10,SARSA + PS + Kernel,777,107,-80,65,4,1
10,SARSA + PS + Kernel,777,108,6,15,0,1
10,SARSA + PS + Kernel,777,109,-7,19,1,1
10,SARSA + PS + Kernel,777,110,7,14,0,1
10,SARSA + PS + Kernel,777,111,-74,86,1,1
10,SARSA + PS + Kernel,777,112,-1,13,1,1
10,SARSA + PS + Kernel,777,113,-227,200,3,0
10,SARSA + PS + Kernel,777,114,-9,21,1,1
10,SARSA + PS + Kernel,777,115,14,7,0,1
10,SARSA + PS + Kernel,777,116,-2,14,1,1
10,SARSA + PS + Kernel,777,117,-57,69,1,1
10,SARSA + PS + Kernel,777,118,0,12,1,1
10,SARSA + PS + Kernel,777,119,-263,200,7,0
10,SARSA + PS + Kernel,777,120,-33,45,1,1
10,SARSA + PS + Kernel,777,121,-15,36,0,1
10,SARSA + PS + Kernel,777,122,-263,200,7,0
10,SARSA + PS + Kernel,777,123,15,6,0,1
10,SARSA + PS + Kernel,777,124,-46,67,0,1
10,SARSA + PS + Kernel,777,125,-2,14,1,1
10,SARSA + PS + Kernel,777,126,-143,146,2,1
10,SARSA + PS + Kernel,777,127,-45,48,2,1
10,SARSA + PS + Kernel,777,128,12,9,0,1
10,SARSA + PS + Kernel,777,129,-4,25,0,1
10,SARSA + PS + Kernel,777,130,-22,34,1,1
10,SARSA + PS + Kernel,777,131,9,12,0,1
10,SARSA + PS + Kernel,777,132,-15,27,1,1
10,SARSA + PS + Kernel,777,133,-1,13,1,1
10,SARSA + PS + Kernel,777,134,-6,18,1,1
10,SARSA + PS + Kernel,777,135,11,10,0,1
10,SARSA + PS + Kernel,777,136,9,12,0,1
10,SARSA + PS + Kernel,777,137,-8,20,1,1
10,SARSA + PS + Kernel,777,138,-9,12,2,1
10,SARSA + PS + Kernel,777,139,-43,46,2,1
10,SARSA + PS + Kernel,777,140,-4,25,0,1
10,SARSA + PS + Kernel,777,141,11,10,0,1
10,SARSA + PS + Kernel,777,142,-2,14,1,1
10,SARSA + PS + Kernel,777,143,-22,43,0,1
10,SARSA + PS + Kernel,777,144,-88,100,1,1
10,SARSA + PS + Kernel,777,145,6,15,0,1
10,SARSA + PS + Kernel,777,146,-236,200,4,0
10,SARSA + PS + Kernel,777,147,-12,15,2,1
10,SARSA + PS + Kernel,777,148,-4,16,1,1
10,SARSA + PS + Kernel,777,149,7,14,0,1
10,SARSA + PS + Kernel,777,150,-40,52,1,1
10,SARSA + PS + Kernel,777,151,-49,61,1,1
10,SARSA + PS + Kernel,777,152,-17,20,2,1
10,SARSA + PS + Kernel,777,153,-146,140,3,1
10,SARSA + PS + Kernel,777,154,-15,36,0,1
10,SARSA + PS + Kernel,777,155,-16,28,1,1
10,SARSA + PS + Kernel,777,156,-33,36,2,1
10,SARSA + PS + Kernel,777,157,-10,22,1,1
10,SARSA + PS + Kernel,777,158,-1,22,0,1
10,SARSA + PS + Kernel,777,159,-197,182,4,1
10,SARSA + PS + Kernel,777,160,10,11,0,1
10,SARSA + PS + Kernel,777,161,-54,57,2,1
10,SARSA + PS + Kernel,777,162,14,7,0,1
10,SARSA + PS + Kernel,777,163,9,12,0,1
10,SARSA + PS + Kernel,777,164,10,11,0,1
10,SARSA + PS + Kernel,777,165,-43,55,1,1
10,SARSA + PS + Kernel,777,166,-220,196,5,1
10,SARSA + PS + Kernel,777,167,-18,21,2,1
10,SARSA + PS + Kernel,777,168,3,18,0,1
10,SARSA + PS + Kernel,777,169,6,15,0,1
10,SARSA + PS + Kernel,777,170,13,8,0,1
10,SARSA + PS + Kernel,777,171,-68,62,3,1
10,SARSA + PS + Kernel,777,172,10,11,0,1
10,SARSA + PS + Kernel,777,173,-21,33,1,1
10,SARSA + PS + Kernel,777,174,10,11,0,1
10,SARSA + PS + Kernel,777,175,1,20,0,1
10,SARSA + PS + Kernel,777,176,10,11,0,1
10,SARSA + PS + Kernel,777,177,10,11,0,1
10,SARSA + PS + Kernel,777,178,2,10,1,1
10,SARSA + PS + Kernel,777,179,7,14,0,1
10,SARSA + PS + Kernel,777,180,-29,32,2,1
10,SARSA + PS + Kernel,777,181,-38,50,1,1
10,SARSA + PS + Kernel,777,182,-5,26,0,1
10,SARSA + PS + Kernel,777,183,-32,26,3,1
10,SARSA + PS + Kernel,777,184,7,14,0,1
10,SARSA + PS + Kernel,777,185,8,13,0,1
10,SARSA + PS + Kernel,777,186,-48,51,2,1
10,SARSA + PS + Kernel,777,187,13,8,0,1
10,SARSA + PS + Kernel,777,188,-22,25,2,1
10,SARSA + PS + Kernel,777,189,8,13,0,1
10,SARSA + PS + Kernel,777,190,10,11,0,1
10,SARSA + PS + Kernel,777,191,9,12,0,1
10,SARSA + PS + Kernel,777,192,-24,36,1,1
10,SARSA + PS + Kernel,777,193,-34,55,0,1
10,SARSA + PS + Kernel,777,194,-36,39,2,1
10,SARSA + PS + Kernel,777,195,8,13,0,1
10,SARSA + PS + Kernel,777,196,13,8,0,1
10,SARSA + PS + Kernel,777,197,1,20,0,1
10,SARSA + PS + Kernel,777,198,11,10,0,1
10,SARSA + PS + Kernel,777,199,9,12,0,1
10,SARSA + PS + Kernel,777,200,-88,100,1,1
10,SARSA + PS + Kernel,777,201,11,10,0,1
10,SARSA + PS + Kernel,777,202,-13,16,2,1
10,SARSA + PS + Kernel,777,203,-10,22,1,1
10,SARSA + PS + Kernel,777,204,6,15,0,1
10,SARSA + PS + Kernel,777,205,4,17,0,1
10,SARSA + PS + Kernel,777,206,9,12,0,1
10,SARSA + PS + Kernel,777,207,-5,17,1,1
10,SARSA + PS + Kernel,777,208,10,11,0,1
10,SARSA + PS + Kernel,777,209,5,16,0,1
10,SARSA + PS + Kernel,777,210,-11,14,2,1
10,SARSA + PS + Kernel,777,211,-15,18,2,1
10,SARSA + PS + Kernel,777,212,7,14,0,1
10,SARSA + PS + Kernel,777,213,-30,42,1,1
10,SARSA + PS + Kernel,777,214,9,12,0,1
10,SARSA + PS + Kernel,777,215,-30,42,1,1
10,SARSA + PS + Kernel,777,216,7,14,0,1
10,SARSA + PS + Kernel,777,217,8,13,0,1
10,SARSA + PS + Kernel,777,218,-4,16,1,1
10,SARSA + PS + Kernel,777,219,-9,30,0,1
10,SARSA + PS + Kernel,777,220,-6,27,0,1
10,SARSA + PS + Kernel,777,221,9,12,0,1
10,SARSA + PS + Kernel,777,222,-1,13,1,1
10,SARSA + PS + Kernel,777,223,-8,20,1,1
10,SARSA + PS + Kernel,777,224,-30,33,2,1
10,SARSA + PS + Kernel,777,225,6,15,0,1
10,SARSA + PS + Kernel,777,226,-53,65,1,1
10,SARSA + PS + Kernel,777,227,-11,14,2,1
10,SARSA + PS + Kernel,777,228,-19,31,1,1
10,SARSA + PS + Kernel,777,229,12,9,0,1
10,SARSA + PS + Kernel,777,230,-5,26,0,1
10,SARSA + PS + Kernel,777,231,-53,47,3,1
10,SARSA + PS + Kernel,777,232,-14,26,1,1
10,SARSA + PS + Kernel,777,233,-2,14,1,1
10,SARSA + PS + Kernel,777,234,10,11,0,1
10,SARSA + PS + Kernel,777,235,-6,18,1,1
10,SARSA + PS + Kernel,777,236,11,10,0,1
10,SARSA + PS + Kernel,777,237,5,16,0,1
10,SARSA + PS + Kernel,777,238,5,16,0,1
10,SARSA + PS + Kernel,777,239,9,12,0,1
10,SARSA + PS + Kernel,777,240,5,16,0,1
10,SARSA + PS + Kernel,777,241,11,10,0,1
10,SARSA + PS + Kernel,777,242,4,17,0,1
10,SARSA + PS + Kernel,777,243,2,10,1,1
10,SARSA + PS + Kernel,777,244,10,11,0,1
10,SARSA + PS + Kernel,777,245,11,10,0,1
10,SARSA + PS + Kernel,777,246,12,9,0,1
10,SARSA + PS + Kernel,777,247,-29,32,2,1
10,SARSA + PS + Kernel,777,248,15,6,0,1
10,SARSA + PS + Kernel,777,249,11,10,0,1
10,SARSA + PS + Kernel,777,250,-3,24,0,1
10,SARSA + PS + Kernel,777,251,-263,200,7,0
10,SARSA + PS + Kernel,777,252,-245,200,5,0
10,SARSA + PS + Kernel,777,253,-113,116,2,1
10,SARSA + PS + Kernel,777,254,6,15,0,1
10,SARSA + PS + Kernel,777,255,-57,60,2,1
10,SARSA + PS + Kernel,777,256,12,9,0,1
10,SARSA + PS + Kernel,777,257,7,14,0,1
10,SARSA + PS + Kernel,777,258,-25,28,2,1
10,SARSA + PS + Kernel,777,259,-1,22,0,1
10,SARSA + PS + Kernel,777,260,-30,33,2,1
10,SARSA + PS + Kernel,777,261,-13,34,0,1
10,SARSA + PS + Kernel,777,262,-5,26,0,1
10,SARSA + PS + Kernel,777,263,-24,27,2,1
10,SARSA + PS + Kernel,777,264,9,12,0,1
10,SARSA + PS + Kernel,777,265,-3,15,1,1
10,SARSA + PS + Kernel,777,266,-9,21,1,1
10,SARSA + PS + Kernel,777,267,1,20,0,1
10,SARSA + PS + Kernel,777,268,-15,27,1,1
10,SARSA + PS + Kernel,777,269,-33,36,2,1
10,SARSA + PS + Kernel,777,270,9,12,0,1
10,SARSA + PS + Kernel,777,271,-6,27,0,1
10,SARSA + PS + Kernel,777,272,-5,26,0,1
10,SARSA + PS + Kernel,777,273,8,13,0,1
10,SARSA + PS + Kernel,777,274,7,14,0,1
10,SARSA + PS + Kernel,777,275,-9,30,0,1
10,SARSA + PS + Kernel,777,276,8,13,0,1
10,SARSA + PS + Kernel,777,277,7,14,0,1
10,SARSA + PS + Kernel,777,278,-12,15,2,1
10,SARSA + PS + Kernel,777,279,-47,59,1,1
10,SARSA + PS + Kernel,777,280,-14,26,1,1
10,SARSA + PS + Kernel,777,281,10,11,0,1
10,SARSA + PS + Kernel,777,282,-14,26,1,1
10,SARSA + PS + Kernel,777,283,-14,26,1,1
10,SARSA + PS + Kernel,777,284,-12,24,1,1
10,SARSA + PS + Kernel,777,285,-7,19,1,1
10,SARSA + PS + Kernel,777,286,-30,42,1,1
10,SARSA + PS + Kernel,777,287,-4,16,1,1
10,SARSA + PS + Kernel,777,288,1,11,1,1
10,SARSA + PS + Kernel,777,289,-9,21,1,1
10,SARSA + PS + Kernel,777,290,-28,40,1,1
10,SARSA + PS + Kernel,777,291,-42,36,3,1
10,SARSA + PS + Kernel,777,292,11,10,0,1
10,SARSA + PS + Kernel,777,293,6,15,0,1
10,SARSA + PS + Kernel,777,294,9,12,0,1
10,SARSA + PS + Kernel,777,295,9,12,0,1
10,SARSA + PS + Kernel,777,296,7,14,0,1
10,SARSA + PS + Kernel,777,297,1,11,1,1
10,SARSA + PS + Kernel,777,298,-28,40,1,1
10,SARSA + PS + Kernel,777,299,-9,21,1,1
10,SARSA + PS + Kernel,777,300,-14,26,1,1
10,SARSA + PS + Kernel,777,301,-10,22,1,1
10,SARSA + PS + Kernel,777,302,8,13,0,1
10,SARSA + PS + Kernel,777,303,-18,30,1,1
10,SARSA + PS + Kernel,777,304,12,9,0,1
10,SARSA + PS + Kernel,777,305,0,21,0,1
10,SARSA + PS + Kernel,777,306,13,8,0,1
10,SARSA + PS + Kernel,777,307,-9,21,1,1
10,SARSA + PS + Kernel,777,308,2,19,0,1
10,SARSA + PS + Kernel,777,309,-39,51,1,1
10,SARSA + PS + Kernel,777,310,11,10,0,1
10,SARSA + PS + Kernel,777,311,6,15,0,1
10,SARSA + PS + Kernel,777,312,10,11,0,1
10,SARSA + PS + Kernel,777,313,-5,17,1,1
10,SARSA + PS + Kernel,777,314,-32,35,2,1
10,SARSA + PS + Kernel,777,315,9,12,0,1
10,SARSA + PS + Kernel,777,316,-76,88,1,1
10,SARSA + PS + Kernel,777,317,-14,17,2,1
10,SARSA + PS + Kernel,777,318,12,9,0,1
10,SARSA + PS + Kernel,777,319,-72,84,1,1
10,SARSA + PS + Kernel,777,320,12,9,0,1
10,SARSA + PS + Kernel,777,321,4,17,0,1
10,SARSA + PS + Kernel,777,322,7,14,0,1
10,SARSA + PS + Kernel,777,323,-2,14,1,1
10,SARSA + PS + Kernel,777,324,4,17,0,1
10,SARSA + PS + Kernel,777,325,6,15,0,1
10,SARSA + PS + Kernel,777,326,9,12,0,1
10,SARSA + PS + Kernel,777,327,-43,55,1,1
10,SARSA + PS + Kernel,777,328,-1,22,0,1
10,SARSA + PS + Kernel,777,329,-35,47,1,1
10,SARSA + PS + Kernel,777,330,7,14,0,1
10,SARSA + PS + Kernel,777,331,7,14,0,1
10,SARSA + PS + Kernel,777,332,-13,16,2,1
10,SARSA + PS + Kernel,777,333,-5,17,1,1
10,SARSA + PS + Kernel,777,334,2,19,0,1
10,SARSA + PS + Kernel,777,335,-25,28,2,1
10,SARSA + PS + Kernel,777,336,7,14,0,1
10,SARSA + PS + Kernel,777,337,-24,45,0,1
10,SARSA + PS + Kernel,777,338,1,20,0,1
10,SARSA + PS + Kernel,777,339,6,15,0,1
10,SARSA + PS + Kernel,777,340,-2,14,1,1
10,SARSA + PS + Kernel,777,341,13,8,0,1
10,SARSA + PS + Kernel,777,342,8,13,0,1
10,SARSA + PS + Kernel,777,343,6,15,0,1
10,SARSA + PS + Kernel,777,344,-16,19,2,1
10,SARSA + PS + Kernel,777,345,11,10,0,1
10,SARSA + PS + Kernel,777,346,-10,22,1,1
10,SARSA + PS + Kernel,777,347,7,14,0,1
10,SARSA + PS + Kernel,777,348,7,14,0,1
10,SARSA + PS + Kernel,777,349,12,9,0,1
10,SARSA + PS + Kernel,777,350,-1,13,1,1
10,SARSA + PS + Kernel,777,351,-4,25,0,1
10,SARSA + PS + Kernel,777,352,9,12,0,1
10,SARSA + PS + Kernel,777,353,8,13,0,1
10,SARSA + PS + Kernel,777,354,11,10,0,1
10,SARSA + PS + Kernel,777,355,-2,23,0,1
10,SARSA + PS + Kernel,777,356,-1,13,1,1
10,SARSA + PS + Kernel,777,357,6,15,0,1
10,SARSA + PS + Kernel,777,358,8,13,0,1
10,SARSA + PS + Kernel,777,359,7,14,0,1
10,SARSA + PS + Kernel,777,360,6,15,0,1
10,SARSA + PS + Kernel,777,361,8,13,0,1
10,SARSA + PS + Kernel,777,362,11,10,0,1
10,SARSA + PS + Kernel,777,363,8,13,0,1
10,SARSA + PS + Kernel,777,364,3,9,1,1
10,SARSA + PS + Kernel,777,365,11,10,0,1
10,SARSA + PS + Kernel,777,366,-60,45,4,1
10,SARSA + PS + Kernel,777,367,-254,200,6,0
10,SARSA + PS + Kernel,777,368,-13,16,2,1
10,SARSA + PS + Kernel,777,369,-8,20,1,1
10,SARSA + PS + Kernel,777,370,-4,25,0,1
10,SARSA + PS + Kernel,777,371,14,7,0,1
10,SARSA + PS + Kernel,777,372,7,14,0,1
10,SARSA + PS + Kernel,777,373,9,12,0,1
10,SARSA + PS + Kernel,777,374,11,10,0,1
10,SARSA + PS + Kernel,777,375,-3,24,0,1
10,SARSA + PS + Kernel,777,376,4,8,1,1
10,SARSA + PS + Kernel,777,377,9,12,0,1
10,SARSA + PS + Kernel,777,378,3,9,1,1
10,SARSA + PS + Kernel,777,379,-26,29,2,1
10,SARSA + PS + Kernel,777,380,-9,21,1,1
10,SARSA + PS + Kernel,777,381,0,21,0,1
10,SARSA + PS + Kernel,777,382,-18,21,2,1
10,SARSA + PS + Kernel,777,383,-4,16,1,1
10,SARSA + PS + Kernel,777,384,-2,14,1,1
10,SARSA + PS + Kernel,777,385,10,11,0,1
10,SARSA + PS + Kernel,777,386,8,13,0,1
10,SARSA + PS + Kernel,777,387,8,13,0,1
10,SARSA + PS + Kernel,777,388,-24,27,2,1
10,SARSA + PS + Kernel,777,389,6,15,0,1
10,SARSA + PS + Kernel,777,390,-7,19,1,1
10,SARSA + PS + Kernel,777,391,9,12,0,1
10,SARSA + PS + Kernel,777,392,-2,14,1,1
10,SARSA + PS + Kernel,777,393,-14,17,2,1
10,SARSA + PS + Kernel,777,394,-16,19,2,1
10,SARSA + PS + Kernel,777,395,-19,22,2,1
10,SARSA + PS + Kernel,777,396,14,7,0,1
10,SARSA + PS + Kernel,777,397,9,12,0,1
10,SARSA + PS + Kernel,777,398,-3,15,1,1
10,SARSA + PS + Kernel,777,399,11,10,0,1
10,SARSA + PS + Kernel,777,400,-71,74,2,1
10,SARSA + PS + Kernel,777,401,-6,18,1,1
10,SARSA + PS + Kernel,777,402,11,10,0,1
10,SARSA + PS + Kernel,777,403,9,12,0,1
10,SARSA + PS + Kernel,777,404,-22,16,3,1
10,SARSA + PS + Kernel,777,405,11,10,0,1
10,SARSA + PS + Kernel,777,406,-2,14,1,1
10,SARSA + PS + Kernel,777,407,-3,15,1,1
10,SARSA + PS + Kernel,777,408,6,15,0,1
10,SARSA + PS + Kernel,777,409,10,11,0,1
10,SARSA + PS + Kernel,777,410,10,11,0,1
10,SARSA + PS + Kernel,777,411,8,13,0,1
10,SARSA + PS + Kernel,777,412,-16,37,0,1
10,SARSA + PS + Kernel,777,413,7,14,0,1
10,SARSA + PS + Kernel,777,414,-11,23,1,1
10,SARSA + PS + Kernel,777,415,-67,70,2,1
10,SARSA + PS + Kernel,777,416,8,13,0,1
10,SARSA + PS + Kernel,777,417,9,12,0,1
10,SARSA + PS + Kernel,777,418,12,9,0,1
10,SARSA + PS + Kernel,777,419,9,12,0,1
10,SARSA + PS + Kernel,777,420,-20,23,2,1
10,SARSA + PS + Kernel,777,421,-1,13,1,1
10,SARSA + PS + Kernel,777,422,7,14,0,1
10,SARSA + PS + Kernel,777,423,11,10,0,1
10,SARSA + PS + Kernel,777,424,10,11,0,1
10,SARSA + PS + Kernel,777,425,14,7,0,1
10,SARSA + PS + Kernel,777,426,9,12,0,1
10,SARSA + PS + Kernel,777,427,10,11,0,1
10,SARSA + PS + Kernel,777,428,-6,18,1,1
10,SARSA + PS + Kernel,777,429,11,10,0,1
10,SARSA + PS + Kernel,777,430,-6,9,2,1
10,SARSA + PS + Kernel,777,431,-74,59,4,1
10,SARSA + PS + Kernel,777,432,8,13,0,1
10,SARSA + PS + Kernel,777,433,-1,13,1,1
10,SARSA + PS + Kernel,777,434,-21,15,3,1
10,SARSA + PS + Kernel,777,435,-3,15,1,1
10,SARSA + PS + Kernel,777,436,-4,16,1,1
10,SARSA + PS + Kernel,777,437,-33,45,1,1
10,SARSA + PS + Kernel,777,438,-9,21,1,1
10,SARSA + PS + Kernel,777,439,9,12,0,1
10,SARSA + PS + Kernel,777,440,7,14,0,1
10,SARSA + PS + Kernel,777,441,1,11,1,1
10,SARSA + PS + Kernel,777,442,1,11,1,1
10,SARSA + PS + Kernel,777,443,11,10,0,1
10,SARSA + PS + Kernel,777,444,7,14,0,1
10,SARSA + PS + Kernel,777,445,0,12,1,1
10,SARSA + PS + Kernel,777,446,8,13,0,1
10,SARSA + PS + Kernel,777,447,9,12,0,1
10,SARSA + PS + Kernel,777,448,-3,15,1,1
10,SARSA + PS + Kernel,777,449,9,12,0,1
10,SARSA + PS + Kernel,777,450,7,14,0,1
10,SARSA + PS + Kernel,777,451,-17,38,0,1
10,SARSA + PS + Kernel,777,452,-3,15,1,1
10,SARSA + PS + Kernel,777,453,7,14,0,1
10,SARSA + PS + Kernel,777,454,11,10,0,1
10,SARSA + PS + Kernel,777,455,7,14,0,1
10,SARSA + PS + Kernel,777,456,12,9,0,1
10,SARSA + PS + Kernel,777,457,8,13,0,1
10,SARSA + PS + Kernel,777,458,4,8,1,1
10,SARSA + PS + Kernel,777,459,14,7,0,1
10,SARSA + PS + Kernel,777,460,11,10,0,1
10,SARSA + PS + Kernel,777,461,4,17,0,1
10,SARSA + PS + Kernel,777,462,4,17,0,1
10,SARSA + PS + Kernel,777,463,-3,15,1,1
10,SARSA + PS + Kernel,777,464,4,17,0,1
10,SARSA + PS + Kernel,777,465,13,8,0,1
10,SARSA + PS + Kernel,777,466,10,11,0,1
10,SARSA + PS + Kernel,777,467,5,16,0,1
10,SARSA + PS + Kernel,777,468,-3,24,0,1
10,SARSA + PS + Kernel,777,469,14,7,0,1
10,SARSA + PS + Kernel,777,470,-3,15,1,1
10,SARSA + PS + Kernel,777,471,-7,19,1,1
10,SARSA + PS + Kernel,777,472,0,12,1,1
10,SARSA + PS + Kernel,777,473,-2,14,1,1
10,SARSA + PS + Kernel,777,474,-2,14,1,1
10,SARSA + PS + Kernel,777,475,-5,17,1,1
10,SARSA + PS + Kernel,777,476,8,13,0,1
10,SARSA + PS + Kernel,777,477,5,16,0,1
10,SARSA + PS + Kernel,777,478,4,8,1,1
10,SARSA + PS + Kernel,777,479,-2,14,1,1
10,SARSA + PS + Kernel,777,480,5,16,0,1
10,SARSA + PS + Kernel,777,481,5,16,0,1
10,SARSA + PS + Kernel,777,482,14,7,0,1
10,SARSA + PS + Kernel,777,483,6,15,0,1
10,SARSA + PS + Kernel,777,484,-5,17,1,1
10,SARSA + PS + Kernel,777,485,-22,43,0,1
10,SARSA + PS + Kernel,777,486,-5,17,1,1
10,SARSA + PS + Kernel,777,487,8,13,0,1
10,SARSA + PS + Kernel,777,488,9,12,0,1
10,SARSA + PS + Kernel,777,489,-3,15,1,1
10,SARSA + PS + Kernel,777,490,-16,28,1,1
10,SARSA + PS + Kernel,777,491,-18,30,1,1
10,SARSA + PS + Kernel,777,492,3,18,0,1
10,SARSA + PS + Kernel,777,493,14,7,0,1
10,SARSA + PS + Kernel,777,494,4,17,0,1
10,SARSA + PS + Kernel,777,495,4,17,0,1
10,SARSA + PS + Kernel,777,496,-6,18,1,1
10,SARSA + PS + Kernel,777,497,-3,15,1,1
10,SARSA + PS + Kernel,777,498,7,14,0,1
10,SARSA + PS + Kernel,777,499,12,9,0,1
10,SARSA + PS + Kernel,999,0,-668,200,52,0
10,SARSA + PS + Kernel,999,1,-722,200,58,0
10,SARSA + PS + Kernel,999,2,-632,200,48,0
10,SARSA + PS + Kernel,999,3,-695,200,55,0
10,SARSA + PS + Kernel,999,4,-695,200,55,0
10,SARSA + PS + Kernel,999,5,-659,200,51,0
10,SARSA + PS + Kernel,999,6,-605,200,45,0
10,SARSA + PS + Kernel,999,7,-704,200,56,0
10,SARSA + PS + Kernel,999,8,-632,200,48,0
10,SARSA + PS + Kernel,999,9,-632,200,48,0
10,SARSA + PS + Kernel,999,10,-632,200,48,0
10,SARSA + PS + Kernel,999,11,-641,200,49,0
10,SARSA + PS + Kernel,999,12,-614,200,46,0
10,SARSA + PS + Kernel,999,13,-623,200,47,0
10,SARSA + PS + Kernel,999,14,-329,107,27,1
10,SARSA + PS + Kernel,999,15,-438,153,34,1
10,SARSA + PS + Kernel,999,16,-695,200,55,0
10,SARSA + PS + Kernel,999,17,-632,200,48,0
10,SARSA + PS + Kernel,999,18,-650,200,50,0
10,SARSA + PS + Kernel,999,19,-57,24,6,1
10,SARSA + PS + Kernel,999,20,-407,200,23,0
10,SARSA + PS + Kernel,999,21,-162,48,15,1
10,SARSA + PS + Kernel,999,22,-276,117,20,1
10,SARSA + PS + Kernel,999,23,-90,57,6,1
10,SARSA + PS + Kernel,999,24,-12,24,1,1
10,SARSA + PS + Kernel,999,25,-38,32,3,1
10,SARSA + PS + Kernel,999,26,-605,200,45,0
10,SARSA + PS + Kernel,999,27,-151,64,12,1
10,SARSA + PS + Kernel,999,28,-488,200,32,0
10,SARSA + PS + Kernel,999,29,-475,190,34,1
10,SARSA + PS + Kernel,999,30,-172,112,9,1
10,SARSA + PS + Kernel,999,31,-88,73,4,1
10,SARSA + PS + Kernel,999,32,-445,160,34,1
10,SARSA + PS + Kernel,999,33,-24,27,2,1
10,SARSA + PS + Kernel,999,34,-470,200,30,0
10,SARSA + PS + Kernel,999,35,-587,200,43,0
10,SARSA + PS + Kernel,999,36,-32,44,1,1
10,SARSA + PS + Kernel,999,37,-53,38,4,1
10,SARSA + PS + Kernel,999,38,-25,28,2,1
10,SARSA + PS + Kernel,999,39,-452,200,28,0
10,SARSA + PS + Kernel,999,40,-326,200,14,0
10,SARSA + PS + Kernel,999,41,-614,200,46,0
10,SARSA + PS + Kernel,999,42,-308,200,12,0
10,SARSA + PS + Kernel,999,43,-290,200,10,0
10,SARSA + PS + Kernel,999,44,-254,200,6,0
10,SARSA + PS + Kernel,999,45,-289,112,22,1
10,SARSA + PS + Kernel,999,46,-245,200,5,0
10,SARSA + PS + Kernel,999,47,-162,120,7,1
10,SARSA + PS + Kernel,999,48,-443,200,27,0
10,SARSA + PS + Kernel,999,49,-78,72,3,1
10,SARSA + PS + Kernel,999,50,-272,200,8,0
10,SARSA + PS + Kernel,999,51,-10,13,2,1
10,SARSA + PS + Kernel,999,52,-290,200,10,0
10,SARSA + PS + Kernel,999,53,0,21,0,1
10,SARSA + PS + Kernel,999,54,-384,153,28,1
10,SARSA + PS + Kernel,999,55,-104,62,7,1
10,SARSA + PS + Kernel,999,56,10,11,0,1
10,SARSA + PS + Kernel,999,57,-44,38,3,1
10,SARSA + PS + Kernel,999,58,-234,174,9,1
10,SARSA + PS + Kernel,999,59,14,7,0,1
10,SARSA + PS + Kernel,999,60,-102,96,3,1
10,SARSA + PS + Kernel,999,61,-346,178,21,1
10,SARSA + PS + Kernel,999,62,-10,31,0,1
10,SARSA + PS + Kernel,999,63,-212,161,8,1
10,SARSA + PS + Kernel,999,64,-28,40,1,1
10,SARSA + PS + Kernel,999,65,-11,32,0,1
10,SARSA + PS + Kernel,999,66,10,11,0,1
10,SARSA + PS + Kernel,999,67,-281,200,9,0
10,SARSA + PS + Kernel,999,68,4,17,0,1
10,SARSA + PS + Kernel,999,69,-183,132,8,1
10,SARSA + PS + Kernel,999,70,13,8,0,1
10,SARSA + PS + Kernel,999,71,-236,200,4,0
10,SARSA + PS + Kernel,999,72,7,14,0,1
10,SARSA + PS + Kernel,999,73,1,20,0,1
10,SARSA + PS + Kernel,999,74,-94,61,6,1
10,SARSA + PS + Kernel,999,75,-10,13,2,1
10,SARSA + PS + Kernel,999,76,-278,200,11,1
10,SARSA + PS + Kernel,999,77,-82,103,0,1
10,SARSA + PS + Kernel,999,78,-5,26,0,1
10,SARSA + PS + Kernel,999,79,-49,52,2,1
10,SARSA + PS + Kernel,999,80,-89,74,4,1
10,SARSA + PS + Kernel,999,81,-44,56,1,1
10,SARSA + PS + Kernel,999,82,12,9,0,1
10,SARSA + PS + Kernel,999,83,-53,65,1,1
10,SARSA + PS + Kernel,999,84,13,8,0,1
10,SARSA + PS + Kernel,999,85,-18,21,2,1
10,SARSA + PS + Kernel,999,86,-107,83,5,1
10,SARSA + PS + Kernel,999,87,-29,23,3,1
10,SARSA + PS + Kernel,999,88,7,14,0,1
10,SARSA + PS + Kernel,999,89,-254,200,6,0
10,SARSA + PS + Kernel,999,90,12,9,0,1
10,SARSA + PS + Kernel,999,91,-4,25,0,1
10,SARSA + PS + Kernel,999,92,-82,85,2,1
10,SARSA + PS + Kernel,999,93,7,14,0,1
10,SARSA + PS + Kernel,999,94,-112,106,3,1
10,SARSA + PS + Kernel,999,95,-78,81,2,1
10,SARSA + PS + Kernel,999,96,12,9,0,1
10,SARSA + PS + Kernel,999,97,-19,40,0,1
10,SARSA + PS + Kernel,999,98,10,11,0,1
10,SARSA + PS + Kernel,999,99,5,16,0,1
10,SARSA + PS + Kernel,999,100,5,16,0,1
10,SARSA + PS + Kernel,999,101,-6,18,1,1
10,SARSA + PS + Kernel,999,102,-10,31,0,1
10,SARSA + PS + Kernel,999,103,-199,175,5,1
10,SARSA + PS + Kernel,999,104,-13,16,2,1
10,SARSA + PS + Kernel,999,105,-25,37,1,1
10,SARSA + PS + Kernel,999,106,-128,113,4,1
10,SARSA + PS + Kernel,999,107,-51,54,2,1
10,SARSA + PS + Kernel,999,108,-27,21,3,1
10,SARSA + PS + Kernel,999,109,-70,73,2,1
10,SARSA + PS + Kernel,999,110,-26,38,1,1
10,SARSA + PS + Kernel,999,111,-35,38,2,1
10,SARSA + PS + Kernel,999,112,-7,19,1,1
10,SARSA + PS + Kernel,999,113,-125,110,4,1
10,SARSA + PS + Kernel,999,114,3,18,0,1
10,SARSA + PS + Kernel,999,115,-78,72,3,1
10,SARSA + PS + Kernel,999,116,-7,28,0,1
10,SARSA + PS + Kernel,999,117,-5,17,1,1
10,SARSA + PS + Kernel,999,118,11,10,0,1
10,SARSA + PS + Kernel,999,119,3,9,1,1
10,SARSA + PS + Kernel,999,120,-2,14,1,1
10,SARSA + PS + Kernel,999,121,-1,22,0,1
10,SARSA + PS + Kernel,999,122,4,17,0,1
10,SARSA + PS + Kernel,999,123,11,10,0,1
10,SARSA + PS + Kernel,999,124,-121,88,6,1
10,SARSA + PS + Kernel,999,125,-4,25,0,1
10,SARSA + PS + Kernel,999,126,-17,20,2,1
10,SARSA + PS + Kernel,999,127,11,10,0,1
10,SARSA + PS + Kernel,999,128,11,10,0,1
10,SARSA + PS + Kernel,999,129,-105,81,5,1
10,SARSA + PS + Kernel,999,130,-1,13,1,1
10,SARSA + PS + Kernel,999,131,-2,14,1,1
10,SARSA + PS + Kernel,999,132,1,11,1,1
10,SARSA + PS + Kernel,999,133,-6,27,0,1
10,SARSA + PS + Kernel,999,134,9,12,0,1
10,SARSA + PS + Kernel,999,135,-250,199,8,1
10,SARSA + PS + Kernel,999,136,-55,58,2,1
10,SARSA + PS + Kernel,999,137,-9,21,1,1
10,SARSA + PS + Kernel,999,138,-2,23,0,1
10,SARSA + PS + Kernel,999,139,8,13,0,1
10,SARSA + PS + Kernel,999,140,11,10,0,1
10,SARSA + PS + Kernel,999,141,10,11,0,1
10,SARSA + PS + Kernel,999,142,14,7,0,1
10,SARSA + PS + Kernel,999,143,-1,13,1,1
10,SARSA + PS + Kernel,999,144,5,16,0,1
10,SARSA + PS + Kernel,999,145,-30,51,0,1
10,SARSA + PS + Kernel,999,146,-48,60,1,1
10,SARSA + PS + Kernel,999,147,-16,37,0,1
10,SARSA + PS + Kernel,999,148,-11,23,1,1
10,SARSA + PS + Kernel,999,149,14,7,0,1
10,SARSA + PS + Kernel,999,150,-2,23,0,1
10,SARSA + PS + Kernel,999,151,7,14,0,1
10,SARSA + PS + Kernel,999,152,11,10,0,1
10,SARSA + PS + Kernel,999,153,-49,52,2,1
10,SARSA + PS + Kernel,999,154,14,7,0,1
10,SARSA + PS + Kernel,999,155,8,13,0,1
10,SARSA + PS + Kernel,999,156,12,9,0,1
10,SARSA + PS + Kernel,999,157,-85,79,3,1
10,SARSA + PS + Kernel,999,158,-15,27,1,1
10,SARSA + PS + Kernel,999,159,7,14,0,1
10,SARSA + PS + Kernel,999,160,-1,22,0,1
10,SARSA + PS + Kernel,999,161,0,21,0,1
10,SARSA + PS + Kernel,999,162,-1,13,1,1
10,SARSA + PS + Kernel,999,163,10,11,0,1
10,SARSA + PS + Kernel,999,164,8,13,0,1
10,SARSA + PS + Kernel,999,165,-12,15,2,1
10,SARSA + PS + Kernel,999,166,-227,176,8,1
10,SARSA + PS + Kernel,999,167,-25,28,2,1
10,SARSA + PS + Kernel,999,168,-53,56,2,1
10,SARSA + PS + Kernel,999,169,9,12,0,1
10,SARSA + PS + Kernel,999,170,9,12,0,1
10,SARSA + PS + Kernel,999,171,-7,19,1,1
10,SARSA + PS + Kernel,999,172,-15,18,2,1
10,SARSA + PS + Kernel,999,173,-7,28,0,1
10,SARSA + PS + Kernel,999,174,4,8,1,1
10,SARSA + PS + Kernel,999,175,7,14,0,1
10,SARSA + PS + Kernel,999,176,3,18,0,1
10,SARSA + PS + Kernel,999,177,9,12,0,1
10,SARSA + PS + Kernel,999,178,-11,32,0,1
10,SARSA + PS + Kernel,999,179,-41,26,4,1
10,SARSA + PS + Kernel,999,180,-1,13,1,1
10,SARSA + PS + Kernel,999,181,12,9,0,1
10,SARSA + PS + Kernel,999,182,8,13,0,1
10,SARSA + PS + Kernel,999,183,11,10,0,1
10,SARSA + PS + Kernel,999,184,1,11,1,1
10,SARSA + PS + Kernel,999,185,10,11,0,1
10,SARSA + PS + Kernel,999,186,-16,28,1,1
10,SARSA + PS + Kernel,999,187,-3,15,1,1
10,SARSA + PS + Kernel,999,188,-10,13,2,1
10,SARSA + PS + Kernel,999,189,10,11,0,1
10,SARSA + PS + Kernel,999,190,-22,25,2,1
10,SARSA + PS + Kernel,999,191,6,15,0,1
10,SARSA + PS + Kernel,999,192,-54,57,2,1
10,SARSA + PS + Kernel,999,193,-19,31,1,1
10,SARSA + PS + Kernel,999,194,8,13,0,1
10,SARSA + PS + Kernel,999,195,9,12,0,1
10,SARSA + PS + Kernel,999,196,12,9,0,1
10,SARSA + PS + Kernel,999,197,-4,16,1,1
10,SARSA + PS + Kernel,999,198,-31,43,1,1
10,SARSA + PS + Kernel,999,199,-1,13,1,1
10,SARSA + PS + Kernel,999,200,-18,21,2,1
10,SARSA + PS + Kernel,999,201,9,12,0,1
10,SARSA + PS + Kernel,999,202,12,9,0,1
10,SARSA + PS + Kernel,999,203,4,8,1,1
10,SARSA + PS + Kernel,999,204,10,11,0,1
10,SARSA + PS + Kernel,999,205,10,11,0,1
10,SARSA + PS + Kernel,999,206,-1,22,0,1
10,SARSA + PS + Kernel,999,207,11,10,0,1
10,SARSA + PS + Kernel,999,208,14,7,0,1
10,SARSA + PS + Kernel,999,209,-3,15,1,1
10,SARSA + PS + Kernel,999,210,-1,22,0,1
10,SARSA + PS + Kernel,999,211,9,12,0,1
10,SARSA + PS + Kernel,999,212,11,10,0,1
10,SARSA + PS + Kernel,999,213,-13,16,2,1
10,SARSA + PS + Kernel,999,214,-23,35,1,1
10,SARSA + PS + Kernel,999,215,-6,27,0,1
10,SARSA + PS + Kernel,999,216,-9,30,0,1
10,SARSA + PS + Kernel,999,217,6,15,0,1
10,SARSA + PS + Kernel,999,218,-80,83,2,1
10,SARSA + PS + Kernel,999,219,5,16,0,1
10,SARSA + PS + Kernel,999,220,11,10,0,1
10,SARSA + PS + Kernel,999,221,-1,13,1,1
10,SARSA + PS + Kernel,999,222,-19,22,2,1
10,SARSA + PS + Kernel,999,223,-3,15,1,1
10,SARSA + PS + Kernel,999,224,9,12,0,1
10,SARSA + PS + Kernel,999,225,8,13,0,1
10,SARSA + PS + Kernel,999,226,-1,13,1,1
10,SARSA + PS + Kernel,999,227,10,11,0,1
10,SARSA + PS + Kernel,999,228,8,13,0,1
10,SARSA + PS + Kernel,999,229,-68,62,3,1
10,SARSA + PS + Kernel,999,230,-170,101,10,1
10,SARSA + PS + Kernel,999,231,4,17,0,1
10,SARSA + PS + Kernel,999,232,11,10,0,1
10,SARSA + PS + Kernel,999,233,-79,73,3,1
10,SARSA + PS + Kernel,999,234,10,11,0,1
10,SARSA + PS + Kernel,999,235,10,11,0,1
10,SARSA + PS + Kernel,999,236,14,7,0,1
10,SARSA + PS + Kernel,999,237,14,7,0,1
10,SARSA + PS + Kernel,999,238,-1,13,1,1
10,SARSA + PS + Kernel,999,239,4,17,0,1
10,SARSA + PS + Kernel,999,240,-56,50,3,1
10,SARSA + PS + Kernel,999,241,-10,31,0,1
10,SARSA + PS + Kernel,999,242,-3,15,1,1
10,SARSA + PS + Kernel,999,243,14,7,0,1
10,SARSA + PS + Kernel,999,244,8,13,0,1
10,SARSA + PS + Kernel,999,245,7,14,0,1
10,SARSA + PS + Kernel,999,246,-3,24,0,1
10,SARSA + PS + Kernel,999,247,13,8,0,1
10,SARSA + PS + Kernel,999,248,-2,14,1,1
10,SARSA + PS + Kernel,999,249,-2,14,1,1
10,SARSA + PS + Kernel,999,250,8,13,0,1
10,SARSA + PS + Kernel,999,251,7,14,0,1
10,SARSA + PS + Kernel,999,252,6,15,0,1
10,SARSA + PS + Kernel,999,253,-14,26,1,1
10,SARSA + PS + Kernel,999,254,6,15,0,1
10,SARSA + PS + Kernel,999,255,-13,16,2,1
10,SARSA + PS + Kernel,999,256,-6,9,2,1
10,SARSA + PS + Kernel,999,257,5,16,0,1
10,SARSA + PS + Kernel,999,258,-56,50,3,1
10,SARSA + PS + Kernel,999,259,-13,25,1,1
10,SARSA + PS + Kernel,999,260,15,6,0,1
10,SARSA + PS + Kernel,999,261,-2,23,0,1
10,SARSA + PS + Kernel,999,262,-34,55,0,1
10,SARSA + PS + Kernel,999,263,-13,34,0,1
10,SARSA + PS + Kernel,999,264,-1,13,1,1
10,SARSA + PS + Kernel,999,265,9,12,0,1
10,SARSA + PS + Kernel,999,266,-1,13,1,1
10,SARSA + PS + Kernel,999,267,10,11,0,1
10,SARSA + PS + Kernel,999,268,-51,54,2,1
10,SARSA + PS + Kernel,999,269,-51,45,3,1
10,SARSA + PS + Kernel,999,270,-2,14,1,1
10,SARSA + PS + Kernel,999,271,14,7,0,1
10,SARSA + PS + Kernel,999,272,-13,25,1,1
10,SARSA + PS + Kernel,999,273,7,14,0,1
10,SARSA + PS + Kernel,999,274,1,20,0,1
10,SARSA + PS + Kernel,999,275,7,14,0,1
10,SARSA + PS + Kernel,999,276,7,14,0,1
10,SARSA + PS + Kernel,999,277,10,11,0,1
10,SARSA + PS + Kernel,999,278,13,8,0,1
10,SARSA + PS + Kernel,999,279,6,15,0,1
10,SARSA + PS + Kernel,999,280,-15,18,2,1
10,SARSA + PS + Kernel,999,281,-1,13,1,1
10,SARSA + PS + Kernel,999,282,7,14,0,1
10,SARSA + PS + Kernel,999,283,9,12,0,1
10,SARSA + PS + Kernel,999,284,-1,13,1,1
10,SARSA + PS + Kernel,999,285,-2,23,0,1
10,SARSA + PS + Kernel,999,286,-8,29,0,1
10,SARSA + PS + Kernel,999,287,10,11,0,1
10,SARSA + PS + Kernel,999,288,-192,168,5,1
10,SARSA + PS + Kernel,999,289,10,11,0,1
10,SARSA + PS + Kernel,999,290,-48,51,2,1
10,SARSA + PS + Kernel,999,291,4,17,0,1
10,SARSA + PS + Kernel,999,292,-32,35,2,1
10,SARSA + PS + Kernel,999,293,-2,14,1,1
10,SARSA + PS + Kernel,999,294,11,10,0,1
10,SARSA + PS + Kernel,999,295,13,8,0,1
10,SARSA + PS + Kernel,999,296,-2,14,1,1
10,SARSA + PS + Kernel,999,297,6,15,0,1
10,SARSA + PS + Kernel,999,298,6,15,0,1
10,SARSA + PS + Kernel,999,299,-12,15,2,1
10,SARSA + PS + Kernel,999,300,6,15,0,1
10,SARSA + PS + Kernel,999,301,3,18,0,1
10,SARSA + PS + Kernel,999,302,-4,25,0,1
10,SARSA + PS + Kernel,999,303,8,13,0,1
10,SARSA + PS + Kernel,999,304,11,10,0,1
10,SARSA + PS + Kernel,999,305,-5,17,1,1
10,SARSA + PS + Kernel,999,306,11,10,0,1
10,SARSA + PS + Kernel,999,307,-6,18,1,1
10,SARSA + PS + Kernel,999,308,-5,17,1,1
10,SARSA + PS + Kernel,999,309,6,15,0,1
10,SARSA + PS + Kernel,999,310,-56,59,2,1
10,SARSA + PS + Kernel,999,311,1,11,1,1
10,SARSA + PS + Kernel,999,312,2,19,0,1
10,SARSA + PS + Kernel,999,313,-38,41,2,1
10,SARSA + PS + Kernel,999,314,8,13,0,1
10,SARSA + PS + Kernel,999,315,5,16,0,1
10,SARSA + PS + Kernel,999,316,-6,18,1,1
10,SARSA + PS + Kernel,999,317,9,12,0,1
10,SARSA + PS + Kernel,999,318,-95,107,1,1
10,SARSA + PS + Kernel,999,319,-2,23,0,1
10,SARSA + PS + Kernel,999,320,-5,17,1,1
10,SARSA + PS + Kernel,999,321,-2,14,1,1
10,SARSA + PS + Kernel,999,322,-4,16,1,1
10,SARSA + PS + Kernel,999,323,5,16,0,1
10,SARSA + PS + Kernel,999,324,-20,23,2,1
10,SARSA + PS + Kernel,999,325,9,12,0,1
10,SARSA + PS + Kernel,999,326,13,8,0,1
10,SARSA + PS + Kernel,999,327,9,12,0,1
10,SARSA + PS + Kernel,999,328,-19,40,0,1
10,SARSA + PS + Kernel,999,329,11,10,0,1
10,SARSA + PS + Kernel,999,330,1,11,1,1
10,SARSA + PS + Kernel,999,331,5,16,0,1
10,SARSA + PS + Kernel,999,332,-15,18,2,1
10,SARSA + PS + Kernel,999,333,-42,45,2,1
10,SARSA + PS + Kernel,999,334,10,11,0,1
10,SARSA + PS + Kernel,999,335,1,20,0,1
10,SARSA + PS + Kernel,999,336,10,11,0,1
10,SARSA + PS + Kernel,999,337,8,13,0,1
10,SARSA + PS + Kernel,999,338,2,19,0,1
10,SARSA + PS + Kernel,999,339,-5,17,1,1
10,SARSA + PS + Kernel,999,340,-11,23,1,1
10,SARSA + PS + Kernel,999,341,7,14,0,1
10,SARSA + PS + Kernel,999,342,-12,15,2,1
10,SARSA + PS + Kernel,999,343,11,10,0,1
10,SARSA + PS + Kernel,999,344,-20,23,2,1
10,SARSA + PS + Kernel,999,345,-14,17,2,1
10,SARSA + PS + Kernel,999,346,7,14,0,1
10,SARSA + PS + Kernel,999,347,7,14,0,1
10,SARSA + PS + Kernel,999,348,8,13,0,1
10,SARSA + PS + Kernel,999,349,-7,28,0,1
10,SARSA + PS + Kernel,999,350,8,13,0,1
10,SARSA + PS + Kernel,999,351,5,16,0,1
10,SARSA + PS + Kernel,999,352,6,15,0,1
10,SARSA + PS + Kernel,999,353,-5,26,0,1
10,SARSA + PS + Kernel,999,354,12,9,0,1
10,SARSA + PS + Kernel,999,355,7,14,0,1
10,SARSA + PS + Kernel,999,356,6,15,0,1
10,SARSA + PS + Kernel,999,357,10,11,0,1
10,SARSA + PS + Kernel,999,358,-38,41,2,1
10,SARSA + PS + Kernel,999,359,-4,16,1,1
10,SARSA + PS + Kernel,999,360,-1,13,1,1
10,SARSA + PS + Kernel,999,361,0,12,1,1
10,SARSA + PS + Kernel,999,362,-16,19,2,1
10,SARSA + PS + Kernel,999,363,-16,28,1,1
10,SARSA + PS + Kernel,999,364,9,12,0,1
10,SARSA + PS + Kernel,999,365,11,10,0,1
10,SARSA + PS + Kernel,999,366,14,7,0,1
10,SARSA + PS + Kernel,999,367,-6,18,1,1
10,SARSA + PS + Kernel,999,368,13,8,0,1
10,SARSA + PS + Kernel,999,369,-2,14,1,1
10,SARSA + PS + Kernel,999,370,5,16,0,1
10,SARSA + PS + Kernel,999,371,1,11,1,1
10,SARSA + PS + Kernel,999,372,-11,14,2,1
10,SARSA + PS + Kernel,999,373,-2,23,0,1
10,SARSA + PS + Kernel,999,374,12,9,0,1
10,SARSA + PS + Kernel,999,375,4,17,0,1
10,SARSA + PS + Kernel,999,376,10,11,0,1
10,SARSA + PS + Kernel,999,377,-3,15,1,1
10,SARSA + PS + Kernel,999,378,0,12,1,1
10,SARSA + PS + Kernel,999,379,8,13,0,1
10,SARSA + PS + Kernel,999,380,9,12,0,1
10,SARSA + PS + Kernel,999,381,2,19,0,1
10,SARSA + PS + Kernel,999,382,1,20,0,1
10,SARSA + PS + Kernel,999,383,5,16,0,1
10,SARSA + PS + Kernel,999,384,7,14,0,1
10,SARSA + PS + Kernel,999,385,11,10,0,1
10,SARSA + PS + Kernel,999,386,6,15,0,1
10,SARSA + PS + Kernel,999,387,8,13,0,1
10,SARSA + PS + Kernel,999,388,-9,30,0,1
10,SARSA + PS + Kernel,999,389,-17,20,2,1
10,SARSA + PS + Kernel,999,390,-6,18,1,1
10,SARSA + PS + Kernel,999,391,3,18,0,1
10,SARSA + PS + Kernel,999,392,-29,41,1,1
10,SARSA + PS + Kernel,999,393,8,13,0,1
10,SARSA + PS + Kernel,999,394,7,14,0,1
10,SARSA + PS + Kernel,999,395,-14,17,2,1
10,SARSA + PS + Kernel,999,396,-60,54,3,1
10,SARSA + PS + Kernel,999,397,8,13,0,1
10,SARSA + PS + Kernel,999,398,-57,42,4,1
10,SARSA + PS + Kernel,999,399,-23,26,2,1
10,SARSA + PS + Kernel,999,400,10,11,0,1
10,SARSA + PS + Kernel,999,401,-1,13,1,1
10,SARSA + PS + Kernel,999,402,11,10,0,1
10,SARSA + PS + Kernel,999,403,2,19,0,1
10,SARSA + PS + Kernel,999,404,8,13,0,1
10,SARSA + PS + Kernel,999,405,-4,25,0,1
10,SARSA + PS + Kernel,999,406,9,12,0,1
10,SARSA + PS + Kernel,999,407,11,10,0,1
10,SARSA + PS + Kernel,999,408,12,9,0,1
10,SARSA + PS + Kernel,999,409,-6,18,1,1
10,SARSA + PS + Kernel,999,410,3,18,0,1
10,SARSA + PS + Kernel,999,411,8,13,0,1
10,SARSA + PS + Kernel,999,412,-8,29,0,1
10,SARSA + PS + Kernel,999,413,2,10,1,1
10,SARSA + PS + Kernel,999,414,-34,46,1,1
10,SARSA + PS + Kernel,999,415,11,10,0,1
10,SARSA + PS + Kernel,999,416,5,16,0,1
10,SARSA + PS + Kernel,999,417,9,12,0,1
10,SARSA + PS + Kernel,999,418,-8,29,0,1
10,SARSA + PS + Kernel,999,419,-9,12,2,1
10,SARSA + PS + Kernel,999,420,7,14,0,1
10,SARSA + PS + Kernel,999,421,10,11,0,1
10,SARSA + PS + Kernel,999,422,-39,33,3,1
10,SARSA + PS + Kernel,999,423,8,13,0,1
10,SARSA + PS + Kernel,999,424,10,11,0,1
10,SARSA + PS + Kernel,999,425,3,18,0,1
10,SARSA + PS + Kernel,999,426,-10,22,1,1
10,SARSA + PS + Kernel,999,427,8,13,0,1
10,SARSA + PS + Kernel,999,428,12,9,0,1
10,SARSA + PS + Kernel,999,429,-13,16,2,1
10,SARSA + PS + Kernel,999,430,4,17,0,1
10,SARSA + PS + Kernel,999,431,-22,25,2,1
10,SARSA + PS + Kernel,999,432,9,12,0,1
10,SARSA + PS + Kernel,999,433,-7,19,1,1
10,SARSA + PS + Kernel,999,434,-10,13,2,1
10,SARSA + PS + Kernel,999,435,14,7,0,1
10,SARSA + PS + Kernel,999,436,9,12,0,1
10,SARSA + PS + Kernel,999,437,-1,22,0,1
10,SARSA + PS + Kernel,999,438,11,10,0,1
10,SARSA + PS + Kernel,999,439,9,12,0,1
10,SARSA + PS + Kernel,999,440,12,9,0,1
10,SARSA + PS + Kernel,999,441,12,9,0,1
10,SARSA + PS + Kernel,999,442,10,11,0,1
10,SARSA + PS + Kernel,999,443,3,9,1,1
10,SARSA + PS + Kernel,999,444,6,15,0,1
10,SARSA + PS + Kernel,999,445,11,10,0,1
10,SARSA + PS + Kernel,999,446,9,12,0,1
10,SARSA + PS + Kernel,999,447,10,11,0,1
10,SARSA + PS + Kernel,999,448,-26,38,1,1
10,SARSA + PS + Kernel,999,449,9,12,0,1
10,SARSA + PS + Kernel,999,450,8,13,0,1
10,SARSA + PS + Kernel,999,451,10,11,0,1
10,SARSA + PS + Kernel,999,452,13,8,0,1
10,SARSA + PS + Kernel,999,453,-3,24,0,1
10,SARSA + PS + Kernel,999,454,6,15,0,1
10,SARSA + PS + Kernel,999,455,-6,18,1,1
10,SARSA + PS + Kernel,999,456,0,12,1,1
10,SARSA + PS + Kernel,999,457,-1,22,0,1
10,SARSA + PS + Kernel,999,458,9,12,0,1
10,SARSA + PS + Kernel,999,459,4,17,0,1
10,SARSA + PS + Kernel,999,460,9,12,0,1
10,SARSA + PS + Kernel,999,461,-7,19,1,1
10,SARSA + PS + Kernel,999,462,-9,21,1,1
10,SARSA + PS + Kernel,999,463,-13,25,1,1
10,SARSA + PS + Kernel,999,464,4,17,0,1
10,SARSA + PS + Kernel,999,465,10,11,0,1
10,SARSA + PS + Kernel,999,466,7,14,0,1
10,SARSA + PS + Kernel,999,467,10,11,0,1
10,SARSA + PS + Kernel,999,468,-71,74,2,1
10,SARSA + PS + Kernel,999,469,7,14,0,1
10,SARSA + PS + Kernel,999,470,-3,24,0,1
10,SARSA + PS + Kernel,999,471,7,14,0,1
10,SARSA + PS + Kernel,999,472,-44,47,2,1
10,SARSA + PS + Kernel,999,473,6,15,0,1
10,SARSA + PS + Kernel,999,474,-1,22,0,1
10,SARSA + PS + Kernel,999,475,9,12,0,1
10,SARSA + PS + Kernel,999,476,7,14,0,1
10,SARSA + PS + Kernel,999,477,-22,34,1,1
10,SARSA + PS + Kernel,999,478,-10,22,1,1
10,SARSA + PS + Kernel,999,479,-1,13,1,1
10,SARSA + PS + Kernel,999,480,8,13,0,1
10,SARSA + PS + Kernel,999,481,-36,39,2,1
10,SARSA + PS + Kernel,999,482,14,7,0,1
10,SARSA + PS + Kernel,999,483,-15,36,0,1
10,SARSA + PS + Kernel,999,484,8,13,0,1
10,SARSA + PS + Kernel,999,485,-25,28,2,1
10,SARSA + PS + Kernel,999,486,2,19,0,1
10,SARSA + PS + Kernel,999,487,7,14,0,1
10,SARSA + PS + Kernel,999,488,13,8,0,1
10,SARSA + PS + Kernel,999,489,7,14,0,1
10,SARSA + PS + Kernel,999,490,10,11,0,1
10,SARSA + PS + Kernel,999,491,-3,15,1,1
10,SARSA + PS + Kernel,999,492,10,11,0,1
10,SARSA + PS + Kernel,999,493,8,13,0,1
10,SARSA + PS + Kernel,999,494,-3,24,0,1
10,SARSA + PS + Kernel,999,495,10,11,0,1
10,SARSA + PS + Kernel,999,496,3,9,1,1
10,SARSA + PS + Kernel,999,497,-4,16,1,1
10,SARSA + PS + Kernel,999,498,6,15,0,1
10,SARSA + PS + Kernel,999,499,-4,25,0,1
10,SARSA + PS + Kernel,2024,0,-740,200,60,0
10,SARSA + PS + Kernel,2024,1,-128,59,10,1
10,SARSA + PS + Kernel,2024,2,-327,96,28,1
10,SARSA + PS + Kernel,2024,3,-659,200,51,0
10,SARSA + PS + Kernel,2024,4,-713,200,57,0
10,SARSA + PS + Kernel,2024,5,-650,200,50,0
10,SARSA + PS + Kernel,2024,6,-641,200,49,0
10,SARSA + PS + Kernel,2024,7,-713,200,57,0
10,SARSA + PS + Kernel,2024,8,-518,161,42,1
10,SARSA + PS + Kernel,2024,9,-650,200,50,0
10,SARSA + PS + Kernel,2024,10,-668,200,52,0
10,SARSA + PS + Kernel,2024,11,-668,200,52,0
10,SARSA + PS + Kernel,2024,12,-419,134,34,1
10,SARSA + PS + Kernel,2024,13,-668,200,52,0
10,SARSA + PS + Kernel,2024,14,-506,200,34,0
10,SARSA + PS + Kernel,2024,15,-195,180,4,1
10,SARSA + PS + Kernel,2024,16,-650,200,50,0
10,SARSA + PS + Kernel,2024,17,9,12,0,1
10,SARSA + PS + Kernel,2024,18,-506,200,34,0
10,SARSA + PS + Kernel,2024,19,-504,183,38,1
10,SARSA + PS + Kernel,2024,20,-85,61,5,1
10,SARSA + PS + Kernel,2024,21,-434,200,26,0
10,SARSA + PS + Kernel,2024,22,-569,200,41,0
10,SARSA + PS + Kernel,2024,23,-541,193,41,1
10,SARSA + PS + Kernel,2024,24,-6,18,1,1
10,SARSA + PS + Kernel,2024,25,-686,200,54,0
10,SARSA + PS + Kernel,2024,26,-524,200,36,0
10,SARSA + PS + Kernel,2024,27,-281,200,9,0
10,SARSA + PS + Kernel,2024,28,-7,28,0,1
10,SARSA + PS + Kernel,2024,29,-51,45,3,1
10,SARSA + PS + Kernel,2024,30,-470,200,30,0
10,SARSA + PS + Kernel,2024,31,-398,200,22,0
10,SARSA + PS + Kernel,2024,32,-15,27,1,1
10,SARSA + PS + Kernel,2024,33,-217,85,17,1
10,SARSA + PS + Kernel,2024,34,-497,200,33,0
10,SARSA + PS + Kernel,2024,35,-120,123,2,1
10,SARSA + PS + Kernel,2024,36,-416,200,24,0
10,SARSA + PS + Kernel,2024,37,-443,200,27,0
10,SARSA + PS + Kernel,2024,38,-1,13,1,1
10,SARSA + PS + Kernel,2024,39,-1,22,0,1
10,SARSA + PS + Kernel,2024,40,-533,200,37,0
10,SARSA + PS + Kernel,2024,41,-353,200,17,0
10,SARSA + PS + Kernel,2024,42,-389,200,21,0
10,SARSA + PS + Kernel,2024,43,-254,200,6,0
10,SARSA + PS + Kernel,2024,44,-60,36,5,1
10,SARSA + PS + Kernel,2024,45,-245,200,5,0
10,SARSA + PS + Kernel,2024,46,-416,200,24,0
10,SARSA + PS + Kernel,2024,47,-290,200,10,0
10,SARSA + PS + Kernel,2024,48,-281,200,9,0
10,SARSA + PS + Kernel,2024,49,-461,200,29,0
10,SARSA + PS + Kernel,2024,50,-290,200,10,0
10,SARSA + PS + Kernel,2024,51,-245,200,5,0
10,SARSA + PS + Kernel,2024,52,10,11,0,1
10,SARSA + PS + Kernel,2024,53,-11,23,1,1
10,SARSA + PS + Kernel,2024,54,-52,64,1,1
10,SARSA + PS + Kernel,2024,55,-174,123,8,1
10,SARSA + PS + Kernel,2024,56,-281,200,9,0
10,SARSA + PS + Kernel,2024,57,-398,200,22,0
10,SARSA + PS + Kernel,2024,58,-198,174,5,1
10,SARSA + PS + Kernel,2024,59,-326,200,14,0
10,SARSA + PS + Kernel,2024,60,-105,81,5,1
10,SARSA + PS + Kernel,2024,61,12,9,0,1
10,SARSA + PS + Kernel,2024,62,-506,200,34,0
10,SARSA + PS + Kernel,2024,63,-5,17,1,1
10,SARSA + PS + Kernel,2024,64,-17,20,2,1
10,SARSA + PS + Kernel,2024,65,-380,200,20,0
10,SARSA + PS + Kernel,2024,66,-4,16,1,1
10,SARSA + PS + Kernel,2024,67,10,11,0,1
10,SARSA + PS + Kernel,2024,68,-48,51,2,1
10,SARSA + PS + Kernel,2024,69,-240,162,11,1
10,SARSA + PS + Kernel,2024,70,13,8,0,1
10,SARSA + PS + Kernel,2024,71,-244,193,8,1
10,SARSA + PS + Kernel,2024,72,-362,200,18,0
10,SARSA + PS + Kernel,2024,73,-236,200,4,0
10,SARSA + PS + Kernel,2024,74,-140,116,5,1
10,SARSA + PS + Kernel,2024,75,11,10,0,1
10,SARSA + PS + Kernel,2024,76,11,10,0,1
10,SARSA + PS + Kernel,2024,77,-150,135,4,1
10,SARSA + PS + Kernel,2024,78,-129,78,8,1
10,SARSA + PS + Kernel,2024,79,-95,80,4,1
10,SARSA + PS + Kernel,2024,80,6,15,0,1
10,SARSA + PS + Kernel,2024,81,-227,200,3,0
10,SARSA + PS + Kernel,2024,82,-237,186,8,1
10,SARSA + PS + Kernel,2024,83,11,10,0,1
10,SARSA + PS + Kernel,2024,84,9,12,0,1
10,SARSA + PS + Kernel,2024,85,-8,29,0,1
10,SARSA + PS + Kernel,2024,86,7,14,0,1
10,SARSA + PS + Kernel,2024,87,-263,200,7,0
10,SARSA + PS + Kernel,2024,88,9,12,0,1
10,SARSA + PS + Kernel,2024,89,-3,24,0,1
10,SARSA + PS + Kernel,2024,90,11,10,0,1
10,SARSA + PS + Kernel,2024,91,-77,71,3,1
10,SARSA + PS + Kernel,2024,92,-263,200,7,0
10,SARSA + PS + Kernel,2024,93,10,11,0,1
10,SARSA + PS + Kernel,2024,94,4,17,0,1
10,SARSA + PS + Kernel,2024,95,9,12,0,1
10,SARSA + PS + Kernel,2024,96,-218,200,2,0
10,SARSA + PS + Kernel,2024,97,-27,30,2,1
10,SARSA + PS + Kernel,2024,98,7,14,0,1
10,SARSA + PS + Kernel,2024,99,-272,200,8,0
10,SARSA + PS + Kernel,2024,100,-12,15,2,1
10,SARSA + PS + Kernel,2024,101,10,11,0,1
10,SARSA + PS + Kernel,2024,102,-12,24,1,1
10,SARSA + PS + Kernel,2024,103,-67,43,5,1
10,SARSA + PS + Kernel,2024,104,13,8,0,1
10,SARSA + PS + Kernel,2024,105,9,12,0,1
10,SARSA + PS + Kernel,2024,106,-290,200,10,0
10,SARSA + PS + Kernel,2024,107,14,7,0,1
10,SARSA + PS + Kernel,2024,108,-16,37,0,1
10,SARSA + PS + Kernel,2024,109,-228,186,7,1
10,SARSA + PS + Kernel,2024,110,-2,23,0,1
10,SARSA + PS + Kernel,2024,111,6,15,0,1
10,SARSA + PS + Kernel,2024,112,-15,27,1,1
10,SARSA + PS + Kernel,2024,113,-2,23,0,1
10,SARSA + PS + Kernel,2024,114,-75,87,1,1
10,SARSA + PS + Kernel,2024,115,9,12,0,1
10,SARSA + PS + Kernel,2024,116,-111,105,3,1
10,SARSA + PS + Kernel,2024,117,10,11,0,1
10,SARSA + PS + Kernel,2024,118,9,12,0,1
10,SARSA + PS + Kernel,2024,119,-48,42,3,1
10,SARSA + PS + Kernel,2024,120,-263,200,7,0
10,SARSA + PS + Kernel,2024,121,11,10,0,1
10,SARSA + PS + Kernel,2024,122,9,12,0,1
10,SARSA + PS + Kernel,2024,123,0,12,1,1
10,SARSA + PS + Kernel,2024,124,-73,76,2,1
10,SARSA + PS + Kernel,2024,125,10,11,0,1
10,SARSA + PS + Kernel,2024,126,6,15,0,1
10,SARSA + PS + Kernel,2024,127,-41,53,1,1
10,SARSA + PS + Kernel,2024,128,11,10,0,1
10,SARSA + PS + Kernel,2024,129,-130,142,1,1
10,SARSA + PS + Kernel,2024,130,8,13,0,1
10,SARSA + PS + Kernel,2024,131,-254,200,6,0
10,SARSA + PS + Kernel,2024,132,-8,11,2,1
10,SARSA + PS + Kernel,2024,133,10,11,0,1
10,SARSA + PS + Kernel,2024,134,-254,200,6,0
10,SARSA + PS + Kernel,2024,135,-15,36,0,1
10,SARSA + PS + Kernel,2024,136,10,11,0,1
10,SARSA + PS + Kernel,2024,137,-64,67,2,1
10,SARSA + PS + Kernel,2024,138,-281,200,9,0
10,SARSA + PS + Kernel,2024,139,0,12,1,1
10,SARSA + PS + Kernel,2024,140,-116,128,1,1
10,SARSA + PS + Kernel,2024,141,-92,77,4,1
10,SARSA + PS + Kernel,2024,142,-56,68,1,1
10,SARSA + PS + Kernel,2024,143,-9,30,0,1
10,SARSA + PS + Kernel,2024,144,10,11,0,1
10,SARSA + PS + Kernel,2024,145,7,14,0,1
10,SARSA + PS + Kernel,2024,146,9,12,0,1
10,SARSA + PS + Kernel,2024,147,-129,132,2,1
10,SARSA + PS + Kernel,2024,148,-230,89,18,1
10,SARSA + PS + Kernel,2024,149,-11,32,0,1
10,SARSA + PS + Kernel,2024,150,-37,49,1,1
10,SARSA + PS + Kernel,2024,151,-56,68,1,1
10,SARSA + PS + Kernel,2024,152,12,9,0,1
10,SARSA + PS + Kernel,2024,153,7,14,0,1
10,SARSA + PS + Kernel,2024,154,13,8,0,1
10,SARSA + PS + Kernel,2024,155,7,14,0,1
10,SARSA + PS + Kernel,2024,156,-22,34,1,1
10,SARSA + PS + Kernel,2024,157,-245,200,5,0
10,SARSA + PS + Kernel,2024,158,1,11,1,1
10,SARSA + PS + Kernel,2024,159,-317,200,13,0
10,SARSA + PS + Kernel,2024,160,-97,100,2,1
10,SARSA + PS + Kernel,2024,161,-172,148,5,1
10,SARSA + PS + Kernel,2024,162,-20,41,0,1
10,SARSA + PS + Kernel,2024,163,7,14,0,1
10,SARSA + PS + Kernel,2024,164,13,8,0,1
10,SARSA + PS + Kernel,2024,165,6,15,0,1
10,SARSA + PS + Kernel,2024,166,-2,14,1,1
10,SARSA + PS + Kernel,2024,167,-4,16,1,1
10,SARSA + PS + Kernel,2024,168,7,14,0,1
10,SARSA + PS + Kernel,2024,169,-21,42,0,1
10,SARSA + PS + Kernel,2024,170,-57,60,2,1
10,SARSA + PS + Kernel,2024,171,9,12,0,1
10,SARSA + PS + Kernel,2024,172,-239,152,12,1
10,SARSA + PS + Kernel,2024,173,-18,39,0,1
10,SARSA + PS + Kernel,2024,174,-86,62,5,1
10,SARSA + PS + Kernel,2024,175,-84,78,3,1
10,SARSA + PS + Kernel,2024,176,-40,43,2,1
10,SARSA + PS + Kernel,2024,177,-6,18,1,1
10,SARSA + PS + Kernel,2024,178,-84,69,4,1
10,SARSA + PS + Kernel,2024,179,-31,43,1,1
10,SARSA + PS + Kernel,2024,180,-17,29,1,1
10,SARSA + PS + Kernel,2024,181,-28,40,1,1
10,SARSA + PS + Kernel,2024,182,4,17,0,1
10,SARSA + PS + Kernel,2024,183,-263,200,7,0
10,SARSA + PS + Kernel,2024,184,15,6,0,1
10,SARSA + PS + Kernel,2024,185,-12,15,2,1
10,SARSA + PS + Kernel,2024,186,-20,23,2,1
10,SARSA + PS + Kernel,2024,187,-7,19,1,1
10,SARSA + PS + Kernel,2024,188,0,21,0,1
10,SARSA + PS + Kernel,2024,189,-59,35,5,1
10,SARSA + PS + Kernel,2024,190,-9,30,0,1
10,SARSA + PS + Kernel,2024,191,-179,101,11,1
10,SARSA + PS + Kernel,2024,192,-116,101,4,1
10,SARSA + PS + Kernel,2024,193,10,11,0,1
10,SARSA + PS + Kernel,2024,194,9,12,0,1
10,SARSA + PS + Kernel,2024,195,-1,22,0,1
10,SARSA + PS + Kernel,2024,196,-1,22,0,1
10,SARSA + PS + Kernel,2024,197,-15,18,2,1
10,SARSA + PS + Kernel,2024,198,-2,14,1,1
10,SARSA + PS + Kernel,2024,199,12,9,0,1
10,SARSA + PS + Kernel,2024,200,-32,53,0,1
10,SARSA + PS + Kernel,2024,201,7,14,0,1
10,SARSA + PS + Kernel,2024,202,-123,108,4,1
10,SARSA + PS + Kernel,2024,203,13,8,0,1
10,SARSA + PS + Kernel,2024,204,-90,84,3,1
10,SARSA + PS + Kernel,2024,205,11,10,0,1
10,SARSA + PS + Kernel,2024,206,12,9,0,1
10,SARSA + PS + Kernel,2024,207,-19,31,1,1
10,SARSA + PS + Kernel,2024,208,6,15,0,1
10,SARSA + PS + Kernel,2024,209,-130,133,2,1
10,SARSA + PS + Kernel,2024,210,-317,200,13,0
10,SARSA + PS + Kernel,2024,211,8,13,0,1
10,SARSA + PS + Kernel,2024,212,8,13,0,1
10,SARSA + PS + Kernel,2024,213,-40,52,1,1
10,SARSA + PS + Kernel,2024,214,7,14,0,1
10,SARSA + PS + Kernel,2024,215,8,13,0,1
10,SARSA + PS + Kernel,2024,216,-64,58,3,1
10,SARSA + PS + Kernel,2024,217,7,14,0,1
10,SARSA + PS + Kernel,2024,218,5,16,0,1
10,SARSA + PS + Kernel,2024,219,-4,16,1,1
10,SARSA + PS + Kernel,2024,220,-138,123,4,1
10,SARSA + PS + Kernel,2024,221,-16,28,1,1
10,SARSA + PS + Kernel,2024,222,-57,69,1,1
10,SARSA + PS + Kernel,2024,223,-82,58,5,1
10,SARSA + PS + Kernel,2024,224,-105,99,3,1
10,SARSA + PS + Kernel,2024,225,-15,27,1,1
10,SARSA + PS + Kernel,2024,226,-42,54,1,1
10,SARSA + PS + Kernel,2024,227,10,11,0,1
10,SARSA + PS + Kernel,2024,228,-38,50,1,1
10,SARSA + PS + Kernel,2024,229,10,11,0,1
10,SARSA + PS + Kernel,2024,230,-2,23,0,1
10,SARSA + PS + Kernel,2024,231,7,14,0,1
10,SARSA + PS + Kernel,2024,232,1,20,0,1
10,SARSA + PS + Kernel,2024,233,7,14,0,1
10,SARSA + PS + Kernel,2024,234,-40,61,0,1
10,SARSA + PS + Kernel,2024,235,-19,22,2,1
10,SARSA + PS + Kernel,2024,236,-10,13,2,1
10,SARSA + PS + Kernel,2024,237,5,16,0,1
10,SARSA + PS + Kernel,2024,238,-63,75,1,1
10,SARSA + PS + Kernel,2024,239,-1,13,1,1
10,SARSA + PS + Kernel,2024,240,11,10,0,1
10,SARSA + PS + Kernel,2024,241,9,12,0,1
10,SARSA + PS + Kernel,2024,242,14,7,0,1
10,SARSA + PS + Kernel,2024,243,-193,160,6,1
10,SARSA + PS + Kernel,2024,244,-25,28,2,1
10,SARSA + PS + Kernel,2024,245,-3,24,0,1
10,SARSA + PS + Kernel,2024,246,-73,67,3,1
10,SARSA + PS + Kernel,2024,247,8,13,0,1
10,SARSA + PS + Kernel,2024,248,9,12,0,1
10,SARSA + PS + Kernel,2024,249,8,13,0,1
10,SARSA + PS + Kernel,2024,250,3,18,0,1
10,SARSA + PS + Kernel,2024,251,-8,20,1,1
10,SARSA + PS + Kernel,2024,252,8,13,0,1
10,SARSA + PS + Kernel,2024,253,5,16,0,1
10,SARSA + PS + Kernel,2024,254,3,18,0,1
10,SARSA + PS + Kernel,2024,255,11,10,0,1
10,SARSA + PS + Kernel,2024,256,11,10,0,1
10,SARSA + PS + Kernel,2024,257,9,12,0,1
10,SARSA + PS + Kernel,2024,258,9,12,0,1
10,SARSA + PS + Kernel,2024,259,-3,15,1,1
10,SARSA + PS + Kernel,2024,260,-4,25,0,1
10,SARSA + PS + Kernel,2024,261,7,14,0,1
10,SARSA + PS + Kernel,2024,262,8,13,0,1
10,SARSA + PS + Kernel,2024,263,-1,22,0,1
10,SARSA + PS + Kernel,2024,264,-2,14,1,1
10,SARSA + PS + Kernel,2024,265,-20,23,2,1
10,SARSA + PS + Kernel,2024,266,-28,31,2,1
10,SARSA + PS + Kernel,2024,267,-69,54,4,1
10,SARSA + PS + Kernel,2024,268,-42,54,1,1
10,SARSA + PS + Kernel,2024,269,14,7,0,1
10,SARSA + PS + Kernel,2024,270,-36,39,2,1
10,SARSA + PS + Kernel,2024,271,7,14,0,1
10,SARSA + PS + Kernel,2024,272,8,13,0,1
10,SARSA + PS + Kernel,2024,273,7,14,0,1
10,SARSA + PS + Kernel,2024,274,8,13,0,1
10,SARSA + PS + Kernel,2024,275,-9,21,1,1
10,SARSA + PS + Kernel,2024,276,8,13,0,1
10,SARSA + PS + Kernel,2024,277,-11,14,2,1
10,SARSA + PS + Kernel,2024,278,7,14,0,1
10,SARSA + PS + Kernel,2024,279,-7,19,1,1
10,SARSA + PS + Kernel,2024,280,-4,16,1,1
10,SARSA + PS + Kernel,2024,281,-65,68,2,1
10,SARSA + PS + Kernel,2024,282,-17,38,0,1
10,SARSA + PS + Kernel,2024,283,-10,31,0,1
10,SARSA + PS + Kernel,2024,284,0,12,1,1
10,SARSA + PS + Kernel,2024,285,-2,14,1,1
10,SARSA + PS + Kernel,2024,286,0,12,1,1
10,SARSA + PS + Kernel,2024,287,-24,27,2,1
10,SARSA + PS + Kernel,2024,288,4,17,0,1
10,SARSA + PS + Kernel,2024,289,7,14,0,1
10,SARSA + PS + Kernel,2024,290,-17,29,1,1
10,SARSA + PS + Kernel,2024,291,-3,24,0,1
10,SARSA + PS + Kernel,2024,292,-1,13,1,1
10,SARSA + PS + Kernel,2024,293,0,21,0,1
10,SARSA + PS + Kernel,2024,294,9,12,0,1
10,SARSA + PS + Kernel,2024,295,-14,26,1,1
10,SARSA + PS + Kernel,2024,296,-25,28,2,1
10,SARSA + PS + Kernel,2024,297,9,12,0,1
10,SARSA + PS + Kernel,2024,298,-58,43,4,1
10,SARSA + PS + Kernel,2024,299,8,13,0,1
10,SARSA + PS + Kernel,2024,300,-8,29,0,1
10,SARSA + PS + Kernel,2024,301,4,17,0,1
10,SARSA + PS + Kernel,2024,302,-13,16,2,1
10,SARSA + PS + Kernel,2024,303,6,15,0,1
10,SARSA + PS + Kernel,2024,304,12,9,0,1
10,SARSA + PS + Kernel,2024,305,10,11,0,1
10,SARSA + PS + Kernel,2024,306,8,13,0,1
10,SARSA + PS + Kernel,2024,307,3,18,0,1
10,SARSA + PS + Kernel,2024,308,5,16,0,1
10,SARSA + PS + Kernel,2024,309,-5,17,1,1
10,SARSA + PS + Kernel,2024,310,5,16,0,1
10,SARSA + PS + Kernel,2024,311,3,18,0,1
10,SARSA + PS + Kernel,2024,312,-10,13,2,1
10,SARSA + PS + Kernel,2024,313,-4,16,1,1
10,SARSA + PS + Kernel,2024,314,-109,94,4,1
10,SARSA + PS + Kernel,2024,315,-19,40,0,1
10,SARSA + PS + Kernel,2024,316,-25,28,2,1
10,SARSA + PS + Kernel,2024,317,-5,26,0,1
10,SARSA + PS + Kernel,2024,318,-14,26,1,1
10,SARSA + PS + Kernel,2024,319,7,14,0,1
10,SARSA + PS + Kernel,2024,320,-36,30,3,1
10,SARSA + PS + Kernel,2024,321,5,16,0,1
10,SARSA + PS + Kernel,2024,322,-2,14,1,1
10,SARSA + PS + Kernel,2024,323,-86,71,4,1
10,SARSA + PS + Kernel,2024,324,6,15,0,1
10,SARSA + PS + Kernel,2024,325,0,12,1,1
10,SARSA + PS + Kernel,2024,326,-8,20,1,1
10,SARSA + PS + Kernel,2024,327,-2,14,1,1
10,SARSA + PS + Kernel,2024,328,-38,32,3,1
10,SARSA + PS + Kernel,2024,329,12,9,0,1
10,SARSA + PS + Kernel,2024,330,5,16,0,1
10,SARSA + PS + Kernel,2024,331,-7,19,1,1
10,SARSA + PS + Kernel,2024,332,5,16,0,1
10,SARSA + PS + Kernel,2024,333,4,17,0,1
10,SARSA + PS + Kernel,2024,334,-2,14,1,1
10,SARSA + PS + Kernel,2024,335,-6,18,1,1
10,SARSA + PS + Kernel,2024,336,8,13,0,1
10,SARSA + PS + Kernel,2024,337,10,11,0,1
10,SARSA + PS + Kernel,2024,338,13,8,0,1
10,SARSA + PS + Kernel,2024,339,-22,43,0,1
10,SARSA + PS + Kernel,2024,340,2,10,1,1
10,SARSA + PS + Kernel,2024,341,11,10,0,1
10,SARSA + PS + Kernel,2024,342,-16,28,1,1
10,SARSA + PS + Kernel,2024,343,12,9,0,1
10,SARSA + PS + Kernel,2024,344,6,15,0,1
10,SARSA + PS + Kernel,2024,345,5,16,0,1
10,SARSA + PS + Kernel,2024,346,8,13,0,1
10,SARSA + PS + Kernel,2024,347,8,13,0,1
10,SARSA + PS + Kernel,2024,348,1,20,0,1
10,SARSA + PS + Kernel,2024,349,-12,15,2,1
10,SARSA + PS + Kernel,2024,350,-54,48,3,1
10,SARSA + PS + Kernel,2024,351,7,14,0,1
10,SARSA + PS + Kernel,2024,352,8,13,0,1
10,SARSA + PS + Kernel,2024,353,6,15,0,1
10,SARSA + PS + Kernel,2024,354,9,12,0,1
10,SARSA + PS + Kernel,2024,355,-12,15,2,1
10,SARSA + PS + Kernel,2024,356,-15,18,2,1
10,SARSA + PS + Kernel,2024,357,14,7,0,1
10,SARSA + PS + Kernel,2024,358,4,17,0,1
10,SARSA + PS + Kernel,2024,359,13,8,0,1
10,SARSA + PS + Kernel,2024,360,10,11,0,1
10,SARSA + PS + Kernel,2024,361,-7,19,1,1
10,SARSA + PS + Kernel,2024,362,8,13,0,1
10,SARSA + PS + Kernel,2024,363,8,13,0,1
10,SARSA + PS + Kernel,2024,364,-17,20,2,1
10,SARSA + PS + Kernel,2024,365,9,12,0,1
10,SARSA + PS + Kernel,2024,366,7,14,0,1
10,SARSA + PS + Kernel,2024,367,-10,31,0,1
10,SARSA + PS + Kernel,2024,368,10,11,0,1
10,SARSA + PS + Kernel,2024,369,8,13,0,1
10,SARSA + PS + Kernel,2024,370,2,19,0,1
10,SARSA + PS + Kernel,2024,371,9,12,0,1
10,SARSA + PS + Kernel,2024,372,-6,18,1,1
10,SARSA + PS + Kernel,2024,373,13,8,0,1
10,SARSA + PS + Kernel,2024,374,-27,30,2,1
10,SARSA + PS + Kernel,2024,375,-7,19,1,1
10,SARSA + PS + Kernel,2024,376,-29,41,1,1
10,SARSA + PS + Kernel,2024,377,-2,23,0,1
10,SARSA + PS + Kernel,2024,378,-6,27,0,1
10,SARSA + PS + Kernel,2024,379,-6,18,1,1
10,SARSA + PS + Kernel,2024,380,11,10,0,1
10,SARSA + PS + Kernel,2024,381,-34,46,1,1
10,SARSA + PS + Kernel,2024,382,11,10,0,1
10,SARSA + PS + Kernel,2024,383,-146,149,2,1
10,SARSA + PS + Kernel,2024,384,-1,13,1,1
10,SARSA + PS + Kernel,2024,385,3,18,0,1
10,SARSA + PS + Kernel,2024,386,-30,51,0,1
10,SARSA + PS + Kernel,2024,387,-10,13,2,1
10,SARSA + PS + Kernel,2024,388,-18,30,1,1
10,SARSA + PS + Kernel,2024,389,9,12,0,1
10,SARSA + PS + Kernel,2024,390,-7,19,1,1
10,SARSA + PS + Kernel,2024,391,8,13,0,1
10,SARSA + PS + Kernel,2024,392,-11,14,2,1
10,SARSA + PS + Kernel,2024,393,9,12,0,1
10,SARSA + PS + Kernel,2024,394,-2,14,1,1
10,SARSA + PS + Kernel,2024,395,-6,18,1,1
10,SARSA + PS + Kernel,2024,396,0,12,1,1
10,SARSA + PS + Kernel,2024,397,-3,24,0,1
10,SARSA + PS + Kernel,2024,398,-16,19,2,1
10,SARSA + PS + Kernel,2024,399,-7,19,1,1
10,SARSA + PS + Kernel,2024,400,8,13,0,1
10,SARSA + PS + Kernel,2024,401,0,12,1,1
10,SARSA + PS + Kernel,2024,402,10,11,0,1
10,SARSA + PS + Kernel,2024,403,9,12,0,1
10,SARSA + PS + Kernel,2024,404,-53,29,5,1
10,SARSA + PS + Kernel,2024,405,3,9,1,1
10,SARSA + PS + Kernel,2024,406,-10,13,2,1
10,SARSA + PS + Kernel,2024,407,12,9,0,1
10,SARSA + PS + Kernel,2024,408,-16,28,1,1
10,SARSA + PS + Kernel,2024,409,5,16,0,1
10,SARSA + PS + Kernel,2024,410,9,12,0,1
10,SARSA + PS + Kernel,2024,411,-3,15,1,1
10,SARSA + PS + Kernel,2024,412,9,12,0,1
10,SARSA + PS + Kernel,2024,413,11,10,0,1
10,SARSA + PS + Kernel,2024,414,-34,28,3,1
10,SARSA + PS + Kernel,2024,415,-49,52,2,1
10,SARSA + PS + Kernel,2024,416,-1,22,0,1
10,SARSA + PS + Kernel,2024,417,-7,28,0,1
10,SARSA + PS + Kernel,2024,418,-2,14,1,1
10,SARSA + PS + Kernel,2024,419,6,15,0,1
10,SARSA + PS + Kernel,2024,420,1,11,1,1
10,SARSA + PS + Kernel,2024,421,7,14,0,1
10,SARSA + PS + Kernel,2024,422,1,20,0,1
10,SARSA + PS + Kernel,2024,423,-1,13,1,1
10,SARSA + PS + Kernel,2024,424,8,13,0,1
10,SARSA + PS + Kernel,2024,425,9,12,0,1
10,SARSA + PS + Kernel,2024,426,10,11,0,1
10,SARSA + PS + Kernel,2024,427,-2,14,1,1
10,SARSA + PS + Kernel,2024,428,6,15,0,1
10,SARSA + PS + Kernel,2024,429,5,7,1,1
10,SARSA + PS + Kernel,2024,430,10,11,0,1
10,SARSA + PS + Kernel,2024,431,5,16,0,1
10,SARSA + PS + Kernel,2024,432,10,11,0,1
10,SARSA + PS + Kernel,2024,433,-59,44,4,1
10,SARSA + PS + Kernel,2024,434,-20,41,0,1
10,SARSA + PS + Kernel,2024,435,6,15,0,1
10,SARSA + PS + Kernel,2024,436,7,14,0,1
10,SARSA + PS + Kernel,2024,437,8,13,0,1
10,SARSA + PS + Kernel,2024,438,-15,27,1,1
10,SARSA + PS + Kernel,2024,439,7,14,0,1
10,SARSA + PS + Kernel,2024,440,-12,15,2,1
10,SARSA + PS + Kernel,2024,441,11,10,0,1
10,SARSA + PS + Kernel,2024,442,-3,15,1,1
10,SARSA + PS + Kernel,2024,443,-73,67,3,1
10,SARSA + PS + Kernel,2024,444,-17,20,2,1
10,SARSA + PS + Kernel,2024,445,4,17,0,1
10,SARSA + PS + Kernel,2024,446,-21,24,2,1
10,SARSA + PS + Kernel,2024,447,2,19,0,1
10,SARSA + PS + Kernel,2024,448,2,10,1,1
10,SARSA + PS + Kernel,2024,449,-5,17,1,1
10,SARSA + PS + Kernel,2024,450,-3,15,1,1
10,SARSA + PS + Kernel,2024,451,2,19,0,1
10,SARSA + PS + Kernel,2024,452,-2,14,1,1
10,SARSA + PS + Kernel,2024,453,0,21,0,1
10,SARSA + PS + Kernel,2024,454,9,12,0,1
10,SARSA + PS + Kernel,2024,455,9,12,0,1
10,SARSA + PS + Kernel,2024,456,-23,26,2,1
10,SARSA + PS + Kernel,2024,457,7,14,0,1
10,SARSA + PS + Kernel,2024,458,3,18,0,1
10,SARSA + PS + Kernel,2024,459,-2,23,0,1
10,SARSA + PS + Kernel,2024,460,0,12,1,1
10,SARSA + PS + Kernel,2024,461,-15,18,2,1
10,SARSA + PS + Kernel,2024,462,-9,21,1,1
10,SARSA + PS + Kernel,2024,463,1,20,0,1
10,SARSA + PS + Kernel,2024,464,-7,19,1,1
10,SARSA + PS + Kernel,2024,465,-1,13,1,1
10,SARSA + PS + Kernel,2024,466,8,13,0,1
10,SARSA + PS + Kernel,2024,467,7,14,0,1
10,SARSA + PS + Kernel,2024,468,-2,14,1,1
10,SARSA + PS + Kernel,2024,469,-9,21,1,1
10,SARSA + PS + Kernel,2024,470,11,10,0,1
10,SARSA + PS + Kernel,2024,471,-5,17,1,1
10,SARSA + PS + Kernel,2024,472,6,15,0,1
10,SARSA + PS + Kernel,2024,473,11,10,0,1
10,SARSA + PS + Kernel,2024,474,-77,62,4,1
10,SARSA + PS + Kernel,2024,475,5,16,0,1
10,SARSA + PS + Kernel,2024,476,3,18,0,1
10,SARSA + PS + Kernel,2024,477,5,16,0,1
10,SARSA + PS + Kernel,2024,478,9,12,0,1
10,SARSA + PS + Kernel,2024,479,-32,35,2,1
10,SARSA + PS + Kernel,2024,480,8,13,0,1
10,SARSA + PS + Kernel,2024,481,-3,15,1,1
10,SARSA + PS + Kernel,2024,482,-20,32,1,1
10,SARSA + PS + Kernel,2024,483,-33,45,1,1
10,SARSA + PS + Kernel,2024,484,12,9,0,1
10,SARSA + PS + Kernel,2024,485,7,14,0,1
10,SARSA + PS + Kernel,2024,486,9,12,0,1
10,SARSA + PS + Kernel,2024,487,11,10,0,1
10,SARSA + PS + Kernel,2024,488,6,15,0,1
10,SARSA + PS + Kernel,2024,489,-29,41,1,1
10,SARSA + PS + Kernel,2024,490,12,9,0,1
10,SARSA + PS + Kernel,2024,491,3,18,0,1
10,SARSA + PS + Kernel,2024,492,8,13,0,1
10,SARSA + PS + Kernel,2024,493,-28,22,3,1
10,SARSA + PS + Kernel,2024,494,8,13,0,1
10,SARSA + PS + Kernel,2024,495,-1,13,1,1
10,SARSA + PS + Kernel,2024,496,-12,24,1,1
10,SARSA + PS + Kernel,2024,497,10,11,0,1
10,SARSA + PS + Kernel,2024,498,7,14,0,1
10,SARSA + PS + Kernel,2024,499,-10,13,2,1
20,SARSA + PS,42,0,-587,200,43,0
20,SARSA + PS,42,1,-731,200,59,0
20,SARSA + PS,42,2,-758,200,62,0
20,SARSA + PS,42,3,-704,200,56,0
20,SARSA + PS,42,4,-722,200,58,0
20,SARSA + PS,42,5,-695,200,55,0
20,SARSA + PS,42,6,-812,200,68,0
20,SARSA + PS,42,7,-500,188,37,1
20,SARSA + PS,42,8,-314,119,24,1
20,SARSA + PS,42,9,-485,155,39,1
20,SARSA + PS,42,10,-605,200,45,0
20,SARSA + PS,42,11,-506,200,34,0
20,SARSA + PS,42,12,-255,105,19,1
20,SARSA + PS,42,13,-749,200,61,0
20,SARSA + PS,42,14,-785,200,65,0
20,SARSA + PS,42,15,-187,73,15,1
20,SARSA + PS,42,16,-560,200,40,0
20,SARSA + PS,42,17,-341,137,25,1
20,SARSA + PS,42,18,-353,200,17,0
20,SARSA + PS,42,19,-248,62,23,1
20,SARSA + PS,42,20,-812,200,68,0
20,SARSA + PS,42,21,-641,200,49,0
20,SARSA + PS,42,22,-380,200,20,0
20,SARSA + PS,42,23,-479,200,31,0
20,SARSA + PS,42,24,-44,20,5,1
20,SARSA + PS,42,25,-515,200,35,0
20,SARSA + PS,42,26,11,10,0,1
20,SARSA + PS,42,27,-122,116,3,1
20,SARSA + PS,42,28,-153,138,4,1
20,SARSA + PS,42,29,-198,192,3,1
20,SARSA + PS,42,30,-704,200,56,0
20,SARSA + PS,42,31,-216,192,5,1
20,SARSA + PS,42,32,2,19,0,1
20,SARSA + PS,42,33,-30,42,1,1
20,SARSA + PS,42,34,-33,36,2,1
20,SARSA + PS,42,35,-272,200,8,0
20,SARSA + PS,42,36,-695,200,55,0
20,SARSA + PS,42,37,-641,200,49,0
20,SARSA + PS,42,38,-113,98,4,1
20,SARSA + PS,42,39,-713,200,57,0
20,SARSA + PS,42,40,-263,200,7,0
20,SARSA + PS,42,41,-433,148,34,1
20,SARSA + PS,42,42,-12,24,1,1
20,SARSA + PS,42,43,4,8,1,1
20,SARSA + PS,42,44,-64,67,2,1
20,SARSA + PS,42,45,-3,15,1,1
20,SARSA + PS,42,46,14,7,0,1
20,SARSA + PS,42,47,3,18,0,1
20,SARSA + PS,42,48,8,13,0,1
20,SARSA + PS,42,49,-58,43,4,1
20,SARSA + PS,42,50,-16,28,1,1
20,SARSA + PS,42,51,-67,70,2,1
20,SARSA + PS,42,52,-245,200,5,0
20,SARSA + PS,42,53,4,17,0,1
20,SARSA + PS,42,54,-254,200,6,0
20,SARSA + PS,42,55,-223,109,15,1
20,SARSA + PS,42,56,-35,47,1,1
20,SARSA + PS,42,57,-236,200,4,0
20,SARSA + PS,42,58,-109,130,0,1
20,SARSA + PS,42,59,-263,200,7,0
20,SARSA + PS,42,60,-204,171,6,1
20,SARSA + PS,42,61,-70,73,2,1
20,SARSA + PS,42,62,-61,73,1,1
20,SARSA + PS,42,63,-39,51,1,1
20,SARSA + PS,42,64,7,14,0,1
20,SARSA + PS,42,65,-281,200,9,0
20,SARSA + PS,42,66,4,17,0,1
20,SARSA + PS,42,67,-173,149,5,1
20,SARSA + PS,42,68,-6,18,1,1
20,SARSA + PS,42,69,2,19,0,1
20,SARSA + PS,42,70,-18,21,2,1
20,SARSA + PS,42,71,-186,135,8,1
20,SARSA + PS,42,72,-136,112,5,1
20,SARSA + PS,42,73,-3,15,1,1
20,SARSA + PS,42,74,11,10,0,1
20,SARSA + PS,42,75,4,17,0,1
20,SARSA + PS,42,76,-95,71,5,1
20,SARSA + PS,42,77,4,8,1,1
20,SARSA + PS,42,78,2,19,0,1
20,SARSA + PS,42,79,-31,43,1,1
20,SARSA + PS,42,80,10,11,0,1
20,SARSA + PS,42,81,-12,33,0,1
20,SARSA + PS,42,82,-75,69,3,1
20,SARSA + PS,42,83,-23,44,0,1
20,SARSA + PS,42,84,15,6,0,1
20,SARSA + PS,42,85,-2,14,1,1
20,SARSA + PS,42,86,-522,165,42,1
20,SARSA + PS,42,87,-76,70,3,1
20,SARSA + PS,42,88,-43,55,1,1
20,SARSA + PS,42,89,9,12,0,1
20,SARSA + PS,42,90,-34,28,3,1
20,SARSA + PS,42,91,7,14,0,1
20,SARSA + PS,42,92,-90,93,2,1
20,SARSA + PS,42,93,-104,89,4,1
20,SARSA + PS,42,94,-50,53,2,1
20,SARSA + PS,42,95,-53,56,2,1
20,SARSA + PS,42,96,8,13,0,1
20,SARSA + PS,42,97,-16,37,0,1
20,SARSA + PS,42,98,-1,22,0,1
20,SARSA + PS,42,99,7,14,0,1
20,SARSA + PS,42,100,9,12,0,1
20,SARSA + PS,42,101,-29,41,1,1
20,SARSA + PS,42,102,-4,16,1,1
20,SARSA + PS,42,103,-15,18,2,1
20,SARSA + PS,42,104,-34,37,2,1
20,SARSA + PS,42,105,-25,46,0,1
20,SARSA + PS,42,106,-2,23,0,1
20,SARSA + PS,42,107,-1,22,0,1
20,SARSA + PS,42,108,15,6,0,1
20,SARSA + PS,42,109,3,18,0,1
20,SARSA + PS,42,110,-37,49,1,1
20,SARSA + PS,42,111,6,15,0,1
20,SARSA + PS,42,112,-7,28,0,1
20,SARSA + PS,42,113,-39,33,3,1
20,SARSA + PS,42,114,13,8,0,1
20,SARSA + PS,42,115,11,10,0,1
20,SARSA + PS,42,116,-14,35,0,1
20,SARSA + PS,42,117,8,13,0,1
20,SARSA + PS,42,118,12,9,0,1
20,SARSA + PS,42,119,9,12,0,1
20,SARSA + PS,42,120,3,18,0,1
20,SARSA + PS,42,121,10,11,0,1
20,SARSA + PS,42,122,-8,20,1,1
20,SARSA + PS,42,123,10,11,0,1
20,SARSA + PS,42,124,0,12,1,1
20,SARSA + PS,42,125,5,16,0,1
20,SARSA + PS,42,126,-8,20,1,1
20,SARSA + PS,42,127,8,13,0,1
20,SARSA + PS,42,128,1,20,0,1
20,SARSA + PS,42,129,9,12,0,1
20,SARSA + PS,42,130,-11,14,2,1
20,SARSA + PS,42,131,-5,17,1,1
20,SARSA + PS,42,132,-59,62,2,1
20,SARSA + PS,42,133,-169,136,6,1
20,SARSA + PS,42,134,-25,28,2,1
20,SARSA + PS,42,135,-1,13,1,1
20,SARSA + PS,42,136,-96,81,4,1
20,SARSA + PS,42,137,-53,65,1,1
20,SARSA + PS,42,138,5,16,0,1
20,SARSA + PS,42,139,-35,56,0,1
20,SARSA + PS,42,140,7,14,0,1
20,SARSA + PS,42,141,11,10,0,1
20,SARSA + PS,42,142,-93,96,2,1
20,SARSA + PS,42,143,-190,130,9,1
20,SARSA + PS,42,144,7,14,0,1
20,SARSA + PS,42,145,-7,19,1,1
20,SARSA + PS,42,146,5,16,0,1
20,SARSA + PS,42,147,1,20,0,1
20,SARSA + PS,42,148,-12,15,2,1
20,SARSA + PS,42,149,7,14,0,1
20,SARSA + PS,42,150,5,16,0,1
20,SARSA + PS,42,151,3,18,0,1
20,SARSA + PS,42,152,0,21,0,1
20,SARSA + PS,42,153,-19,40,0,1
20,SARSA + PS,42,154,-3,24,0,1
20,SARSA + PS,42,155,-7,19,1,1
20,SARSA + PS,42,156,8,13,0,1
20,SARSA + PS,42,157,-11,14,2,1
20,SARSA + PS,42,158,-2,14,1,1
20,SARSA + PS,42,159,10,11,0,1
20,SARSA + PS,42,160,-7,19,1,1
20,SARSA + PS,42,161,7,14,0,1
20,SARSA + PS,42,162,-12,15,2,1
20,SARSA + PS,42,163,3,18,0,1
20,SARSA + PS,42,164,10,11,0,1
20,SARSA + PS,42,165,-11,23,1,1
20,SARSA + PS,42,166,14,7,0,1
20,SARSA + PS,42,167,10,11,0,1
20,SARSA + PS,42,168,-53,56,2,1
20,SARSA + PS,42,169,-4,16,1,1
20,SARSA + PS,42,170,8,13,0,1
20,SARSA + PS,42,171,-5,26,0,1
20,SARSA + PS,42,172,8,13,0,1
20,SARSA + PS,42,173,-20,32,1,1
20,SARSA + PS,42,174,-36,48,1,1
20,SARSA + PS,42,175,1,20,0,1
20,SARSA + PS,42,176,7,14,0,1
20,SARSA + PS,42,177,5,16,0,1
20,SARSA + PS,42,178,1,20,0,1
20,SARSA + PS,42,179,6,15,0,1
20,SARSA + PS,42,180,12,9,0,1
20,SARSA + PS,42,181,-35,29,3,1
20,SARSA + PS,42,182,8,13,0,1
20,SARSA + PS,42,183,8,13,0,1
20,SARSA + PS,42,184,7,14,0,1
20,SARSA + PS,42,185,10,11,0,1
20,SARSA + PS,42,186,-1,13,1,1
20,SARSA + PS,42,187,1,20,0,1
20,SARSA + PS,42,188,12,9,0,1
20,SARSA + PS,42,189,5,16,0,1
20,SARSA + PS,42,190,2,10,1,1
20,SARSA + PS,42,191,8,13,0,1
20,SARSA + PS,42,192,1,20,0,1
20,SARSA + PS,42,193,-10,13,2,1
20,SARSA + PS,42,194,9,12,0,1
20,SARSA + PS,42,195,-2,23,0,1
20,SARSA + PS,42,196,-16,28,1,1
20,SARSA + PS,42,197,-24,36,1,1
20,SARSA + PS,42,198,4,17,0,1
20,SARSA + PS,42,199,12,9,0,1
20,SARSA + PS,42,200,4,17,0,1
20,SARSA + PS,42,201,6,15,0,1
20,SARSA + PS,42,202,9,12,0,1
20,SARSA + PS,42,203,10,11,0,1
20,SARSA + PS,42,204,-61,46,4,1
20,SARSA + PS,42,205,-3,15,1,1
20,SARSA + PS,42,206,5,16,0,1
20,SARSA + PS,42,207,-8,29,0,1
20,SARSA + PS,42,208,11,10,0,1
20,SARSA + PS,42,209,10,11,0,1
20,SARSA + PS,42,210,-17,20,2,1
20,SARSA + PS,42,211,3,18,0,1
20,SARSA + PS,42,212,8,13,0,1
20,SARSA + PS,42,213,8,13,0,1
20,SARSA + PS,42,214,-5,17,1,1
20,SARSA + PS,42,215,4,17,0,1
20,SARSA + PS,42,216,-14,17,2,1
20,SARSA + PS,42,217,5,16,0,1
20,SARSA + PS,42,218,6,15,0,1
20,SARSA + PS,42,219,3,18,0,1
20,SARSA + PS,42,220,-12,24,1,1
20,SARSA + PS,42,221,11,10,0,1
20,SARSA + PS,42,222,3,9,1,1
20,SARSA + PS,42,223,0,12,1,1
20,SARSA + PS,42,224,14,7,0,1
20,SARSA + PS,42,225,8,13,0,1
20,SARSA + PS,42,226,-14,35,0,1
20,SARSA + PS,42,227,-12,15,2,1
20,SARSA + PS,42,228,-11,23,1,1
20,SARSA + PS,42,229,5,16,0,1
20,SARSA + PS,42,230,8,13,0,1
20,SARSA + PS,42,231,-6,18,1,1
20,SARSA + PS,42,232,6,15,0,1
20,SARSA + PS,42,233,-3,15,1,1
20,SARSA + PS,42,234,15,6,0,1
20,SARSA + PS,42,235,1,11,1,1
20,SARSA + PS,42,236,8,13,0,1
20,SARSA + PS,42,237,-71,83,1,1
20,SARSA + PS,42,238,5,16,0,1
20,SARSA + PS,42,239,11,10,0,1
20,SARSA + PS,42,240,8,13,0,1
20,SARSA + PS,42,241,3,18,0,1
20,SARSA + PS,42,242,-53,38,4,1
20,SARSA + PS,42,243,0,12,1,1
20,SARSA + PS,42,244,10,11,0,1
20,SARSA + PS,42,245,-48,42,3,1
20,SARSA + PS,42,246,5,16,0,1
20,SARSA + PS,42,247,-7,28,0,1
20,SARSA + PS,42,248,4,17,0,1
20,SARSA + PS,42,249,-8,20,1,1
20,SARSA + PS,42,250,6,15,0,1
20,SARSA + PS,42,251,0,21,0,1
20,SARSA + PS,42,252,8,13,0,1
20,SARSA + PS,42,253,-2,14,1,1
20,SARSA + PS,42,254,-13,16,2,1
20,SARSA + PS,42,255,8,13,0,1
20,SARSA + PS,42,256,-3,15,1,1
20,SARSA + PS,42,257,-6,18,1,1
20,SARSA + PS,42,258,-3,15,1,1
20,SARSA + PS,42,259,7,14,0,1
20,SARSA + PS,42,260,9,12,0,1
20,SARSA + PS,42,261,-12,24,1,1
20,SARSA + PS,42,262,-11,23,1,1
20,SARSA + PS,42,263,10,11,0,1
20,SARSA + PS,42,264,-20,32,1,1
20,SARSA + PS,42,265,3,18,0,1
20,SARSA + PS,42,266,10,11,0,1
20,SARSA + PS,42,267,4,17,0,1
20,SARSA + PS,42,268,-3,15,1,1
20,SARSA + PS,42,269,7,14,0,1
20,SARSA + PS,42,270,-3,15,1,1
20,SARSA + PS,42,271,-4,16,1,1
20,SARSA + PS,42,272,-7,28,0,1
20,SARSA + PS,42,273,-12,24,1,1
20,SARSA + PS,42,274,12,9,0,1
20,SARSA + PS,42,275,5,16,0,1
20,SARSA + PS,42,276,0,12,1,1
20,SARSA + PS,42,277,-2,23,0,1
20,SARSA + PS,42,278,-13,25,1,1
20,SARSA + PS,42,279,-24,27,2,1
20,SARSA + PS,42,280,3,18,0,1
20,SARSA + PS,42,281,-19,31,1,1
20,SARSA + PS,42,282,13,8,0,1
20,SARSA + PS,42,283,7,14,0,1
20,SARSA + PS,42,284,11,10,0,1
20,SARSA + PS,42,285,-32,44,1,1
20,SARSA + PS,42,286,-13,25,1,1
20,SARSA + PS,42,287,-6,27,0,1
20,SARSA + PS,42,288,-30,24,3,1
20,SARSA + PS,42,289,12,9,0,1
20,SARSA + PS,42,290,10,11,0,1
20,SARSA + PS,42,291,-31,34,2,1
20,SARSA + PS,42,292,10,11,0,1
20,SARSA + PS,42,293,-16,19,2,1
20,SARSA + PS,42,294,-2,23,0,1
20,SARSA + PS,42,295,6,15,0,1
20,SARSA + PS,42,296,1,11,1,1
20,SARSA + PS,42,297,-3,15,1,1
20,SARSA + PS,42,298,11,10,0,1
20,SARSA + PS,42,299,-67,61,3,1
20,SARSA + PS,42,300,7,14,0,1
20,SARSA + PS,42,301,4,17,0,1
20,SARSA + PS,42,302,-12,24,1,1
20,SARSA + PS,42,303,7,14,0,1
20,SARSA + PS,42,304,-7,28,0,1
20,SARSA + PS,42,305,-4,16,1,1
20,SARSA + PS,42,306,4,17,0,1
20,SARSA + PS,42,307,-5,17,1,1
20,SARSA + PS,42,308,-13,25,1,1
20,SARSA + PS,42,309,11,10,0,1
20,SARSA + PS,42,310,-3,24,0,1
20,SARSA + PS,42,311,1,20,0,1
20,SARSA + PS,42,312,5,16,0,1
20,SARSA + PS,42,313,9,12,0,1
20,SARSA + PS,42,314,5,16,0,1
20,SARSA + PS,42,315,5,16,0,1
20,SARSA + PS,42,316,-1,13,1,1
20,SARSA + PS,42,317,12,9,0,1
20,SARSA + PS,42,318,7,14,0,1
20,SARSA + PS,42,319,8,13,0,1
20,SARSA + PS,42,320,6,15,0,1
20,SARSA + PS,42,321,12,9,0,1
20,SARSA + PS,42,322,-2,23,0,1
20,SARSA + PS,42,323,9,12,0,1
20,SARSA + PS,42,324,8,13,0,1
20,SARSA + PS,42,325,10,11,0,1
20,SARSA + PS,42,326,-1,13,1,1
20,SARSA + PS,42,327,-2,14,1,1
20,SARSA + PS,42,328,4,17,0,1
20,SARSA + PS,42,329,-1,13,1,1
20,SARSA + PS,42,330,10,11,0,1
20,SARSA + PS,42,331,8,13,0,1
20,SARSA + PS,42,332,0,21,0,1
20,SARSA + PS,42,333,-14,17,2,1
20,SARSA + PS,42,334,10,11,0,1
20,SARSA + PS,42,335,10,11,0,1
20,SARSA + PS,42,336,7,14,0,1
20,SARSA + PS,42,337,4,17,0,1
20,SARSA + PS,42,338,-14,17,2,1
20,SARSA + PS,42,339,-6,18,1,1
20,SARSA + PS,42,340,5,16,0,1
20,SARSA + PS,42,341,-23,44,0,1
20,SARSA + PS,42,342,9,12,0,1
20,SARSA + PS,42,343,5,16,0,1
20,SARSA + PS,42,344,-4,16,1,1
20,SARSA + PS,42,345,9,12,0,1
20,SARSA + PS,42,346,-3,15,1,1
20,SARSA + PS,42,347,10,11,0,1
20,SARSA + PS,42,348,7,14,0,1
20,SARSA + PS,42,349,5,7,1,1
20,SARSA + PS,42,350,5,16,0,1
20,SARSA + PS,42,351,7,14,0,1
20,SARSA + PS,42,352,12,9,0,1
20,SARSA + PS,42,353,2,19,0,1
20,SARSA + PS,42,354,7,14,0,1
20,SARSA + PS,42,355,7,14,0,1
20,SARSA + PS,42,356,1,11,1,1
20,SARSA + PS,42,357,6,15,0,1
20,SARSA + PS,42,358,-9,21,1,1
20,SARSA + PS,42,359,-15,18,2,1
20,SARSA + PS,42,360,7,14,0,1
20,SARSA + PS,42,361,1,11,1,1
20,SARSA + PS,42,362,8,13,0,1
20,SARSA + PS,42,363,6,15,0,1
20,SARSA + PS,42,364,7,14,0,1
20,SARSA + PS,42,365,-10,31,0,1
20,SARSA + PS,42,366,7,14,0,1
20,SARSA + PS,42,367,8,13,0,1
20,SARSA + PS,42,368,-4,16,1,1
20,SARSA + PS,42,369,-14,35,0,1
20,SARSA + PS,42,370,0,12,1,1
20,SARSA + PS,42,371,14,7,0,1
20,SARSA + PS,42,372,11,10,0,1
20,SARSA + PS,42,373,3,18,0,1
20,SARSA + PS,42,374,11,10,0,1
20,SARSA + PS,42,375,12,9,0,1
20,SARSA + PS,42,376,-13,25,1,1
20,SARSA + PS,42,377,7,14,0,1
20,SARSA + PS,42,378,1,11,1,1
20,SARSA + PS,42,379,7,14,0,1
20,SARSA + PS,42,380,5,16,0,1
20,SARSA + PS,42,381,5,16,0,1
20,SARSA + PS,42,382,3,18,0,1
20,SARSA + PS,42,383,6,15,0,1
20,SARSA + PS,42,384,10,11,0,1
20,SARSA + PS,42,385,6,15,0,1
20,SARSA + PS,42,386,-4,25,0,1
20,SARSA + PS,42,387,10,11,0,1
20,SARSA + PS,42,388,6,15,0,1
20,SARSA + PS,42,389,5,16,0,1
20,SARSA + PS,42,390,5,16,0,1
20,SARSA + PS,42,391,-6,18,1,1
20,SARSA + PS,42,392,-4,16,1,1
20,SARSA + PS,42,393,4,17,0,1
20,SARSA + PS,42,394,-7,19,1,1
20,SARSA + PS,42,395,-2,14,1,1
20,SARSA + PS,42,396,3,18,0,1
20,SARSA + PS,42,397,6,15,0,1
20,SARSA + PS,42,398,4,17,0,1
20,SARSA + PS,42,399,14,7,0,1
20,SARSA + PS,42,400,8,13,0,1
20,SARSA + PS,42,401,-4,16,1,1
20,SARSA + PS,42,402,-3,15,1,1
20,SARSA + PS,42,403,8,13,0,1
20,SARSA + PS,42,404,-4,16,1,1
20,SARSA + PS,42,405,-7,28,0,1
20,SARSA + PS,42,406,5,16,0,1
20,SARSA + PS,42,407,6,15,0,1
20,SARSA + PS,42,408,5,16,0,1
20,SARSA + PS,42,409,-4,16,1,1
20,SARSA + PS,42,410,8,13,0,1
20,SARSA + PS,42,411,-16,28,1,1
20,SARSA + PS,42,412,-3,15,1,1
20,SARSA + PS,42,413,10,11,0,1
20,SARSA + PS,42,414,6,15,0,1
20,SARSA + PS,42,415,-3,15,1,1
20,SARSA + PS,42,416,-1,22,0,1
20,SARSA + PS,42,417,4,17,0,1
20,SARSA + PS,42,418,6,15,0,1
20,SARSA + PS,42,419,7,14,0,1
20,SARSA + PS,42,420,-35,38,2,1
20,SARSA + PS,42,421,5,16,0,1
20,SARSA + PS,42,422,10,11,0,1
20,SARSA + PS,42,423,-5,17,1,1
20,SARSA + PS,42,424,7,14,0,1
20,SARSA + PS,42,425,6,15,0,1
20,SARSA + PS,42,426,8,13,0,1
20,SARSA + PS,42,427,-3,15,1,1
20,SARSA + PS,42,428,12,9,0,1
20,SARSA + PS,42,429,5,16,0,1
20,SARSA + PS,42,430,1,11,1,1
20,SARSA + PS,42,431,7,14,0,1
20,SARSA + PS,42,432,8,13,0,1
20,SARSA + PS,42,433,7,14,0,1
20,SARSA + PS,42,434,-37,31,3,1
20,SARSA + PS,42,435,-41,35,3,1
20,SARSA + PS,42,436,-14,17,2,1
20,SARSA + PS,42,437,8,13,0,1
20,SARSA + PS,42,438,8,13,0,1
20,SARSA + PS,42,439,6,15,0,1
20,SARSA + PS,42,440,-3,15,1,1
20,SARSA + PS,42,441,5,16,0,1
20,SARSA + PS,42,442,4,17,0,1
20,SARSA + PS,42,443,8,13,0,1
20,SARSA + PS,42,444,-5,17,1,1
20,SARSA + PS,42,445,-7,19,1,1
20,SARSA + PS,42,446,1,20,0,1
20,SARSA + PS,42,447,6,15,0,1
20,SARSA + PS,42,448,8,13,0,1
20,SARSA + PS,42,449,8,13,0,1
20,SARSA + PS,42,450,4,17,0,1
20,SARSA + PS,42,451,4,17,0,1
20,SARSA + PS,42,452,1,20,0,1
20,SARSA + PS,42,453,2,19,0,1
20,SARSA + PS,42,454,4,17,0,1
20,SARSA + PS,42,455,8,13,0,1
20,SARSA + PS,42,456,11,10,0,1
20,SARSA + PS,42,457,7,14,0,1
20,SARSA + PS,42,458,6,15,0,1
20,SARSA + PS,42,459,13,8,0,1
20,SARSA + PS,42,460,11,10,0,1
20,SARSA + PS,42,461,-17,20,2,1
20,SARSA + PS,42,462,-32,35,2,1
20,SARSA + PS,42,463,-16,19,2,1
20,SARSA + PS,42,464,8,13,0,1
20,SARSA + PS,42,465,-4,16,1,1
20,SARSA + PS,42,466,-2,14,1,1
20,SARSA + PS,42,467,-7,10,2,1
20,SARSA + PS,42,468,9,12,0,1
20,SARSA + PS,42,469,4,17,0,1
20,SARSA + PS,42,470,13,8,0,1
20,SARSA + PS,42,471,-2,14,1,1
20,SARSA + PS,42,472,-13,25,1,1
20,SARSA + PS,42,473,6,15,0,1
20,SARSA + PS,42,474,-14,26,1,1
20,SARSA + PS,42,475,8,13,0,1
20,SARSA + PS,42,476,-21,24,2,1
20,SARSA + PS,42,477,-30,24,3,1
20,SARSA + PS,42,478,-15,18,2,1
20,SARSA + PS,42,479,8,13,0,1
20,SARSA + PS,42,480,3,18,0,1
20,SARSA + PS,42,481,-2,14,1,1
20,SARSA + PS,42,482,-1,13,1,1
20,SARSA + PS,42,483,-2,14,1,1
20,SARSA + PS,42,484,12,9,0,1
20,SARSA + PS,42,485,-4,16,1,1
20,SARSA + PS,42,486,1,20,0,1
20,SARSA + PS,42,487,2,19,0,1
20,SARSA + PS,42,488,11,10,0,1
20,SARSA + PS,42,489,7,14,0,1
20,SARSA + PS,42,490,7,14,0,1
20,SARSA + PS,42,491,5,16,0,1
20,SARSA + PS,42,492,0,12,1,1
20,SARSA + PS,42,493,-29,32,2,1
20,SARSA + PS,42,494,13,8,0,1
20,SARSA + PS,42,495,7,14,0,1
20,SARSA + PS,42,496,10,11,0,1
20,SARSA + PS,42,497,6,15,0,1
20,SARSA + PS,42,498,-2,14,1,1
20,SARSA + PS,42,499,-6,18,1,1
20,SARSA + PS,123,0,-443,200,27,0
20,SARSA + PS,123,1,-812,200,68,0
20,SARSA + PS,123,2,-749,200,61,0
20,SARSA + PS,123,3,-524,200,36,0
20,SARSA + PS,123,4,-533,200,37,0
20,SARSA + PS,123,5,-713,200,57,0
20,SARSA + PS,123,6,-452,200,28,0
20,SARSA + PS,123,7,-569,200,41,0
20,SARSA + PS,123,8,-875,200,75,0
20,SARSA + PS,123,9,-821,200,69,0
20,SARSA + PS,123,10,-830,200,70,0
20,SARSA + PS,123,11,-731,200,59,0
20,SARSA + PS,123,12,-758,200,62,0
20,SARSA + PS,123,13,-452,200,28,0
20,SARSA + PS,123,14,-848,200,72,0
20,SARSA + PS,123,15,-776,200,64,0
20,SARSA + PS,123,16,-447,108,40,1
20,SARSA + PS,123,17,-524,200,36,0
20,SARSA + PS,123,18,-77,26,8,1
20,SARSA + PS,123,19,-272,200,8,0
20,SARSA + PS,123,20,-492,108,45,1
20,SARSA + PS,123,21,-461,200,29,0
20,SARSA + PS,123,22,-776,200,64,0
20,SARSA + PS,123,23,-479,200,31,0
20,SARSA + PS,123,24,-254,200,6,0
20,SARSA + PS,123,25,-803,200,67,0
20,SARSA + PS,123,26,-677,200,53,0
20,SARSA + PS,123,27,-785,200,65,0
20,SARSA + PS,123,28,-76,79,2,1
20,SARSA + PS,123,29,-80,38,7,1
20,SARSA + PS,123,30,-11,32,0,1
20,SARSA + PS,123,31,-270,147,16,1
20,SARSA + PS,123,32,-515,200,35,0
20,SARSA + PS,123,33,10,11,0,1
20,SARSA + PS,123,34,-159,135,5,1
20,SARSA + PS,123,35,-27,30,2,1
20,SARSA + PS,123,36,7,14,0,1
20,SARSA + PS,123,37,-740,200,60,0
20,SARSA + PS,123,38,-39,51,1,1
20,SARSA + PS,123,39,-308,200,12,0
20,SARSA + PS,123,40,-66,24,7,1
20,SARSA + PS,123,41,-236,200,4,0
20,SARSA + PS,123,42,-2,14,1,1
20,SARSA + PS,123,43,-299,200,11,0
20,SARSA + PS,123,44,-317,200,13,0
20,SARSA + PS,123,45,-263,200,7,0
20,SARSA + PS,123,46,-272,200,8,0
20,SARSA + PS,123,47,-236,200,4,0
20,SARSA + PS,123,48,-22,34,1,1
20,SARSA + PS,123,49,8,13,0,1
20,SARSA + PS,123,50,-4,25,0,1
20,SARSA + PS,123,51,-227,200,3,0
20,SARSA + PS,123,52,-136,130,3,1
20,SARSA + PS,123,53,-28,22,3,1
20,SARSA + PS,123,54,-344,200,16,0
20,SARSA + PS,123,55,-6,27,0,1
20,SARSA + PS,123,56,-497,200,33,0
20,SARSA + PS,123,57,8,13,0,1
20,SARSA + PS,123,58,-207,174,6,1
20,SARSA + PS,123,59,-290,200,10,0
20,SARSA + PS,123,60,12,9,0,1
20,SARSA + PS,123,61,-2,23,0,1
20,SARSA + PS,123,62,6,15,0,1
20,SARSA + PS,123,63,-236,200,4,0
20,SARSA + PS,123,64,-111,105,3,1
20,SARSA + PS,123,65,-51,36,4,1
20,SARSA + PS,123,66,2,19,0,1
20,SARSA + PS,123,67,8,13,0,1
20,SARSA + PS,123,68,-18,21,2,1
20,SARSA + PS,123,69,4,17,0,1
20,SARSA + PS,123,70,-15,18,2,1
20,SARSA + PS,123,71,-13,25,1,1
20,SARSA + PS,123,72,-112,124,1,1
20,SARSA + PS,123,73,3,18,0,1
20,SARSA + PS,123,74,-12,33,0,1
20,SARSA + PS,123,75,-245,200,5,0
20,SARSA + PS,123,76,-10,31,0,1
20,SARSA + PS,123,77,8,13,0,1
20,SARSA + PS,123,78,11,10,0,1
20,SARSA + PS,123,79,5,16,0,1
20,SARSA + PS,123,80,8,13,0,1
20,SARSA + PS,123,81,-16,37,0,1
20,SARSA + PS,123,82,-26,29,2,1
20,SARSA + PS,123,83,10,11,0,1
20,SARSA + PS,123,84,-12,24,1,1
20,SARSA + PS,123,85,4,8,1,1
20,SARSA + PS,123,86,-25,19,3,1
20,SARSA + PS,123,87,-27,30,2,1
20,SARSA + PS,123,88,9,12,0,1
20,SARSA + PS,123,89,9,12,0,1
20,SARSA + PS,123,90,-70,55,4,1
20,SARSA + PS,123,91,-40,43,2,1
20,SARSA + PS,123,92,-227,200,3,0
20,SARSA + PS,123,93,-254,200,6,0
20,SARSA + PS,123,94,-17,20,2,1
20,SARSA + PS,123,95,-3,15,1,1
20,SARSA + PS,123,96,-5,17,1,1
20,SARSA + PS,123,97,-19,31,1,1
20,SARSA + PS,123,98,-10,31,0,1
20,SARSA + PS,123,99,3,9,1,1
20,SARSA + PS,123,100,-8,20,1,1
20,SARSA + PS,123,101,10,11,0,1
20,SARSA + PS,123,102,8,13,0,1
20,SARSA + PS,123,103,-263,200,7,0
20,SARSA + PS,123,104,7,14,0,1
20,SARSA + PS,123,105,11,10,0,1
20,SARSA + PS,123,106,3,18,0,1
20,SARSA + PS,123,107,12,9,0,1
20,SARSA + PS,123,108,-13,34,0,1
20,SARSA + PS,123,109,1,11,1,1
20,SARSA + PS,123,110,-6,27,0,1
20,SARSA + PS,123,111,4,17,0,1
20,SARSA + PS,123,112,-2,14,1,1
20,SARSA + PS,123,113,10,11,0,1
20,SARSA + PS,123,114,-263,200,7,0
20,SARSA + PS,123,115,-11,23,1,1
20,SARSA + PS,123,116,-232,181,8,1
20,SARSA + PS,123,117,-4,16,1,1
20,SARSA + PS,123,118,11,10,0,1
20,SARSA + PS,123,119,-11,32,0,1
20,SARSA + PS,123,120,-138,141,2,1
20,SARSA + PS,123,121,-1,13,1,1
20,SARSA + PS,123,122,0,12,1,1
20,SARSA + PS,123,123,-46,58,1,1
20,SARSA + PS,123,124,1,11,1,1
20,SARSA + PS,123,125,3,18,0,1
20,SARSA + PS,123,126,-170,146,5,1
20,SARSA + PS,123,127,13,8,0,1
20,SARSA + PS,123,128,10,11,0,1
20,SARSA + PS,123,129,3,18,0,1
20,SARSA + PS,123,130,-31,43,1,1
20,SARSA + PS,123,131,12,9,0,1
20,SARSA + PS,123,132,8,13,0,1
20,SARSA + PS,123,133,10,11,0,1
20,SARSA + PS,123,134,-40,34,3,1
20,SARSA + PS,123,135,-2,23,0,1
20,SARSA + PS,123,136,-161,164,2,1
20,SARSA + PS,123,137,-9,21,1,1
20,SARSA + PS,123,138,-6,27,0,1
20,SARSA + PS,123,139,4,17,0,1
20,SARSA + PS,123,140,12,9,0,1
20,SARSA + PS,123,141,13,8,0,1
20,SARSA + PS,123,142,10,11,0,1
20,SARSA + PS,123,143,14,7,0,1
20,SARSA + PS,123,144,8,13,0,1
20,SARSA + PS,123,145,-23,26,2,1
20,SARSA + PS,123,146,5,16,0,1
20,SARSA + PS,123,147,3,18,0,1
20,SARSA + PS,123,148,-2,14,1,1
20,SARSA + PS,123,149,9,12,0,1
20,SARSA + PS,123,150,-39,24,4,1
20,SARSA + PS,123,151,-24,27,2,1
20,SARSA + PS,123,152,-56,68,1,1
20,SARSA + PS,123,153,15,6,0,1
20,SARSA + PS,123,154,7,14,0,1
20,SARSA + PS,123,155,9,12,0,1
20,SARSA + PS,123,156,-6,27,0,1
20,SARSA + PS,123,157,11,10,0,1
20,SARSA + PS,123,158,12,9,0,1
20,SARSA + PS,123,159,6,15,0,1
20,SARSA + PS,123,160,0,21,0,1
20,SARSA + PS,123,161,-86,80,3,1
20,SARSA + PS,123,162,9,12,0,1
20,SARSA + PS,123,163,10,11,0,1
20,SARSA + PS,123,164,0,21,0,1
20,SARSA + PS,123,165,-37,40,2,1
20,SARSA + PS,123,166,0,21,0,1
20,SARSA + PS,123,167,2,19,0,1
20,SARSA + PS,123,168,1,20,0,1
20,SARSA + PS,123,169,3,18,0,1
20,SARSA + PS,123,170,3,18,0,1
20,SARSA + PS,123,171,-12,15,2,1
20,SARSA + PS,123,172,-5,17,1,1
20,SARSA + PS,123,173,-15,27,1,1
20,SARSA + PS,123,174,-4,25,0,1
20,SARSA + PS,123,175,-1,13,1,1
20,SARSA + PS,123,176,8,13,0,1
20,SARSA + PS,123,177,-10,22,1,1
20,SARSA + PS,123,178,9,12,0,1
20,SARSA + PS,123,179,11,10,0,1
20,SARSA + PS,123,180,-2,23,0,1
20,SARSA + PS,123,181,2,19,0,1
20,SARSA + PS,123,182,10,11,0,1
20,SARSA + PS,123,183,-3,15,1,1
20,SARSA + PS,123,184,-19,31,1,1
20,SARSA + PS,123,185,10,11,0,1
20,SARSA + PS,123,186,2,19,0,1
20,SARSA + PS,123,187,9,12,0,1
20,SARSA + PS,123,188,4,17,0,1
20,SARSA + PS,123,189,-3,15,1,1
20,SARSA + PS,123,190,-10,31,0,1
20,SARSA + PS,123,191,-57,60,2,1
20,SARSA + PS,123,192,-7,19,1,1
20,SARSA + PS,123,193,13,8,0,1
20,SARSA + PS,123,194,-20,32,1,1
20,SARSA + PS,123,195,12,9,0,1
20,SARSA + PS,123,196,-12,24,1,1
20,SARSA + PS,123,197,-35,56,0,1
20,SARSA + PS,123,198,-2,14,1,1
20,SARSA + PS,123,199,4,17,0,1
20,SARSA + PS,123,200,-61,46,4,1
20,SARSA + PS,123,201,3,9,1,1
20,SARSA + PS,123,202,9,12,0,1
20,SARSA + PS,123,203,0,12,1,1
20,SARSA + PS,123,204,-6,18,1,1
20,SARSA + PS,123,205,-11,23,1,1
20,SARSA + PS,123,206,-78,63,4,1
20,SARSA + PS,123,207,-17,29,1,1
20,SARSA + PS,123,208,0,12,1,1
20,SARSA + PS,123,209,8,13,0,1
20,SARSA + PS,123,210,5,16,0,1
20,SARSA + PS,123,211,10,11,0,1
20,SARSA + PS,123,212,6,15,0,1
20,SARSA + PS,123,213,2,19,0,1
20,SARSA + PS,123,214,7,14,0,1
20,SARSA + PS,123,215,11,10,0,1
20,SARSA + PS,123,216,7,14,0,1
20,SARSA + PS,123,217,12,9,0,1
20,SARSA + PS,123,218,-45,39,3,1
20,SARSA + PS,123,219,-11,14,2,1
20,SARSA + PS,123,220,-19,22,2,1
20,SARSA + PS,123,221,7,14,0,1
20,SARSA + PS,123,222,-8,20,1,1
20,SARSA + PS,123,223,-14,26,1,1
20,SARSA + PS,123,224,6,15,0,1
20,SARSA + PS,123,225,-11,32,0,1
20,SARSA + PS,123,226,-1,13,1,1
20,SARSA + PS,123,227,7,14,0,1
20,SARSA + PS,123,228,-11,14,2,1
20,SARSA + PS,123,229,-14,26,1,1
20,SARSA + PS,123,230,-7,19,1,1
20,SARSA + PS,123,231,-5,26,0,1
20,SARSA + PS,123,232,11,10,0,1
20,SARSA + PS,123,233,-25,37,1,1
20,SARSA + PS,123,234,6,15,0,1
20,SARSA + PS,123,235,9,12,0,1
20,SARSA + PS,123,236,12,9,0,1
20,SARSA + PS,123,237,-14,17,2,1
20,SARSA + PS,123,238,-4,16,1,1
20,SARSA + PS,123,239,-7,19,1,1
20,SARSA + PS,123,240,11,10,0,1
20,SARSA + PS,123,241,-44,47,2,1
20,SARSA + PS,123,242,11,10,0,1
20,SARSA + PS,123,243,8,13,0,1
20,SARSA + PS,123,244,10,11,0,1
20,SARSA + PS,123,245,9,12,0,1
20,SARSA + PS,123,246,0,12,1,1
20,SARSA + PS,123,247,-32,44,1,1
20,SARSA + PS,123,248,7,14,0,1
20,SARSA + PS,123,249,8,13,0,1
20,SARSA + PS,123,250,-2,14,1,1
20,SARSA + PS,123,251,4,17,0,1
20,SARSA + PS,123,252,-4,16,1,1
20,SARSA + PS,123,253,10,11,0,1
20,SARSA + PS,123,254,10,11,0,1
20,SARSA + PS,123,255,-1,13,1,1
20,SARSA + PS,123,256,-3,15,1,1
20,SARSA + PS,123,257,5,16,0,1
20,SARSA + PS,123,258,3,18,0,1
20,SARSA + PS,123,259,7,14,0,1
20,SARSA + PS,123,260,-21,33,1,1
20,SARSA + PS,123,261,7,14,0,1
20,SARSA + PS,123,262,5,16,0,1
20,SARSA + PS,123,263,-25,28,2,1
20,SARSA + PS,123,264,10,11,0,1
20,SARSA + PS,123,265,6,15,0,1
20,SARSA + PS,123,266,12,9,0,1
20,SARSA + PS,123,267,8,13,0,1
20,SARSA + PS,123,268,14,7,0,1
20,SARSA + PS,123,269,-52,37,4,1
20,SARSA + PS,123,270,-2,14,1,1
20,SARSA + PS,123,271,12,9,0,1
20,SARSA + PS,123,272,2,19,0,1
20,SARSA + PS,123,273,-2,23,0,1
20,SARSA + PS,123,274,8,13,0,1
20,SARSA + PS,123,275,11,10,0,1
20,SARSA + PS,123,276,5,16,0,1
20,SARSA + PS,123,277,-29,41,1,1
20,SARSA + PS,123,278,-45,57,1,1
20,SARSA + PS,123,279,4,17,0,1
20,SARSA + PS,123,280,14,7,0,1
20,SARSA + PS,123,281,10,11,0,1
20,SARSA + PS,123,282,-4,16,1,1
20,SARSA + PS,123,283,8,13,0,1
20,SARSA + PS,123,284,-16,19,2,1
20,SARSA + PS,123,285,7,14,0,1
20,SARSA + PS,123,286,8,13,0,1
20,SARSA + PS,123,287,-8,20,1,1
20,SARSA + PS,123,288,3,18,0,1
20,SARSA + PS,123,289,10,11,0,1
20,SARSA + PS,123,290,14,7,0,1
20,SARSA + PS,123,291,12,9,0,1
20,SARSA + PS,123,292,-5,26,0,1
20,SARSA + PS,123,293,-1,13,1,1
20,SARSA + PS,123,294,12,9,0,1
20,SARSA + PS,123,295,-17,20,2,1
20,SARSA + PS,123,296,-7,19,1,1
20,SARSA + PS,123,297,11,10,0,1
20,SARSA + PS,123,298,7,14,0,1
20,SARSA + PS,123,299,-3,15,1,1
20,SARSA + PS,123,300,9,12,0,1
20,SARSA + PS,123,301,1,20,0,1
20,SARSA + PS,123,302,6,15,0,1
20,SARSA + PS,123,303,8,13,0,1
20,SARSA + PS,123,304,6,15,0,1
20,SARSA + PS,123,305,-27,39,1,1
20,SARSA + PS,123,306,10,11,0,1
20,SARSA + PS,123,307,-4,16,1,1
20,SARSA + PS,123,308,-5,17,1,1
20,SARSA + PS,123,309,-3,15,1,1
20,SARSA + PS,123,310,-15,27,1,1
20,SARSA + PS,123,311,-4,16,1,1
20,SARSA + PS,123,312,-4,16,1,1
20,SARSA + PS,123,313,-1,22,0,1
20,SARSA + PS,123,314,0,12,1,1
20,SARSA + PS,123,315,7,14,0,1
20,SARSA + PS,123,316,7,14,0,1
20,SARSA + PS,123,317,4,17,0,1
20,SARSA + PS,123,318,14,7,0,1
20,SARSA + PS,123,319,10,11,0,1
20,SARSA + PS,123,320,6,15,0,1
20,SARSA + PS,123,321,9,12,0,1
20,SARSA + PS,123,322,9,12,0,1
20,SARSA + PS,123,323,4,17,0,1
20,SARSA + PS,123,324,-4,25,0,1
20,SARSA + PS,123,325,-17,29,1,1
20,SARSA + PS,123,326,-11,23,1,1
20,SARSA + PS,123,327,7,14,0,1
20,SARSA + PS,123,328,6,15,0,1
20,SARSA + PS,123,329,11,10,0,1
20,SARSA + PS,123,330,1,20,0,1
20,SARSA + PS,123,331,-7,19,1,1
20,SARSA + PS,123,332,9,12,0,1
20,SARSA + PS,123,333,8,13,0,1
20,SARSA + PS,123,334,-23,17,3,1
20,SARSA + PS,123,335,-95,80,4,1
20,SARSA + PS,123,336,-8,29,0,1
20,SARSA + PS,123,337,6,15,0,1
20,SARSA + PS,123,338,6,15,0,1
20,SARSA + PS,123,339,-11,32,0,1
20,SARSA + PS,123,340,7,14,0,1
20,SARSA + PS,123,341,7,14,0,1
20,SARSA + PS,123,342,5,16,0,1
20,SARSA + PS,123,343,-4,16,1,1
20,SARSA + PS,123,344,-3,15,1,1
20,SARSA + PS,123,345,12,9,0,1
20,SARSA + PS,123,346,5,16,0,1
20,SARSA + PS,123,347,12,9,0,1
20,SARSA + PS,123,348,-12,15,2,1
20,SARSA + PS,123,349,11,10,0,1
20,SARSA + PS,123,350,-4,16,1,1
20,SARSA + PS,123,351,9,12,0,1
20,SARSA + PS,123,352,7,14,0,1
20,SARSA + PS,123,353,-7,28,0,1
20,SARSA + PS,123,354,-8,20,1,1
20,SARSA + PS,123,355,-2,14,1,1
20,SARSA + PS,123,356,-14,17,2,1
20,SARSA + PS,123,357,-11,14,2,1
20,SARSA + PS,123,358,-26,20,3,1
20,SARSA + PS,123,359,9,12,0,1
20,SARSA + PS,123,360,-5,17,1,1
20,SARSA + PS,123,361,2,19,0,1
20,SARSA + PS,123,362,1,20,0,1
20,SARSA + PS,123,363,4,17,0,1
20,SARSA + PS,123,364,9,12,0,1
20,SARSA + PS,123,365,-92,86,3,1
20,SARSA + PS,123,366,6,15,0,1
20,SARSA + PS,123,367,8,13,0,1
20,SARSA + PS,123,368,8,13,0,1
20,SARSA + PS,123,369,-6,18,1,1
20,SARSA + PS,123,370,-4,16,1,1
20,SARSA + PS,123,371,-18,21,2,1
20,SARSA + PS,123,372,-12,24,1,1
20,SARSA + PS,123,373,8,13,0,1
20,SARSA + PS,123,374,-2,14,1,1
20,SARSA + PS,123,375,11,10,0,1
20,SARSA + PS,123,376,-4,16,1,1
20,SARSA + PS,123,377,6,15,0,1
20,SARSA + PS,123,378,9,12,0,1
20,SARSA + PS,123,379,12,9,0,1
20,SARSA + PS,123,380,-7,19,1,1
20,SARSA + PS,123,381,-31,25,3,1
20,SARSA + PS,123,382,4,17,0,1
20,SARSA + PS,123,383,0,12,1,1
20,SARSA + PS,123,384,-2,14,1,1
20,SARSA + PS,123,385,9,12,0,1
20,SARSA + PS,123,386,-11,14,2,1
20,SARSA + PS,123,387,8,13,0,1
20,SARSA + PS,123,388,4,17,0,1
20,SARSA + PS,123,389,14,7,0,1
20,SARSA + PS,123,390,5,16,0,1
20,SARSA + PS,123,391,-5,17,1,1
20,SARSA + PS,123,392,-3,15,1,1
20,SARSA + PS,123,393,1,20,0,1
20,SARSA + PS,123,394,4,17,0,1
20,SARSA + PS,123,395,2,19,0,1
20,SARSA + PS,123,396,-19,31,1,1
20,SARSA + PS,123,397,3,18,0,1
20,SARSA + PS,123,398,10,11,0,1
20,SARSA + PS,123,399,1,20,0,1
20,SARSA + PS,123,400,0,12,1,1
20,SARSA + PS,123,401,-1,13,1,1
20,SARSA + PS,123,402,-5,17,1,1
20,SARSA + PS,123,403,2,10,1,1
20,SARSA + PS,123,404,9,12,0,1
20,SARSA + PS,123,405,5,16,0,1
20,SARSA + PS,123,406,2,19,0,1
20,SARSA + PS,123,407,1,11,1,1
20,SARSA + PS,123,408,5,16,0,1
20,SARSA + PS,123,409,5,16,0,1
20,SARSA + PS,123,410,9,12,0,1
20,SARSA + PS,123,411,10,11,0,1
20,SARSA + PS,123,412,-1,22,0,1
20,SARSA + PS,123,413,12,9,0,1
20,SARSA + PS,123,414,-2,14,1,1
20,SARSA + PS,123,415,5,16,0,1
20,SARSA + PS,123,416,-18,21,2,1
20,SARSA + PS,123,417,8,13,0,1
20,SARSA + PS,123,418,3,18,0,1
20,SARSA + PS,123,419,-2,14,1,1
20,SARSA + PS,123,420,8,13,0,1
20,SARSA + PS,123,421,-6,18,1,1
20,SARSA + PS,123,422,10,11,0,1
20,SARSA + PS,123,423,-1,22,0,1
20,SARSA + PS,123,424,5,16,0,1
20,SARSA + PS,123,425,8,13,0,1
20,SARSA + PS,123,426,-12,15,2,1
20,SARSA + PS,123,427,-21,24,2,1
20,SARSA + PS,123,428,7,14,0,1
20,SARSA + PS,123,429,-12,24,1,1
20,SARSA + PS,123,430,-6,18,1,1
20,SARSA + PS,123,431,-9,12,2,1
20,SARSA + PS,123,432,-6,18,1,1
20,SARSA + PS,123,433,5,16,0,1
20,SARSA + PS,123,434,-8,20,1,1
20,SARSA + PS,123,435,-8,20,1,1
20,SARSA + PS,123,436,12,9,0,1
20,SARSA + PS,123,437,7,14,0,1
20,SARSA + PS,123,438,9,12,0,1
20,SARSA + PS,123,439,6,15,0,1
20,SARSA + PS,123,440,-1,22,0,1
20,SARSA + PS,123,441,1,11,1,1
20,SARSA + PS,123,442,-3,15,1,1
20,SARSA + PS,123,443,-3,15,1,1
20,SARSA + PS,123,444,-5,17,1,1
20,SARSA + PS,123,445,9,12,0,1
20,SARSA + PS,123,446,6,15,0,1
20,SARSA + PS,123,447,5,16,0,1
20,SARSA + PS,123,448,4,17,0,1
20,SARSA + PS,123,449,11,10,0,1
20,SARSA + PS,123,450,-1,22,0,1
20,SARSA + PS,123,451,9,12,0,1
20,SARSA + PS,123,452,-2,14,1,1
20,SARSA + PS,123,453,-15,27,1,1
20,SARSA + PS,123,454,3,18,0,1
20,SARSA + PS,123,455,8,13,0,1
20,SARSA + PS,123,456,4,17,0,1
20,SARSA + PS,123,457,14,7,0,1
20,SARSA + PS,123,458,5,16,0,1
20,SARSA + PS,123,459,6,15,0,1
20,SARSA + PS,123,460,-24,18,3,1
20,SARSA + PS,123,461,-8,20,1,1
20,SARSA + PS,123,462,-5,17,1,1
20,SARSA + PS,123,463,13,8,0,1
20,SARSA + PS,123,464,-2,14,1,1
20,SARSA + PS,123,465,9,12,0,1
20,SARSA + PS,123,466,-2,14,1,1
20,SARSA + PS,123,467,8,13,0,1
20,SARSA + PS,123,468,9,12,0,1
20,SARSA + PS,123,469,4,17,0,1
20,SARSA + PS,123,470,7,14,0,1
20,SARSA + PS,123,471,-3,15,1,1
20,SARSA + PS,123,472,6,15,0,1
20,SARSA + PS,123,473,7,14,0,1
20,SARSA + PS,123,474,3,9,1,1
20,SARSA + PS,123,475,-6,18,1,1
20,SARSA + PS,123,476,1,20,0,1
20,SARSA + PS,123,477,-16,19,2,1
20,SARSA + PS,123,478,9,12,0,1
20,SARSA + PS,123,479,-4,16,1,1
20,SARSA + PS,123,480,5,16,0,1
20,SARSA + PS,123,481,-6,18,1,1
20,SARSA + PS,123,482,7,14,0,1
20,SARSA + PS,123,483,-7,19,1,1
20,SARSA + PS,123,484,7,14,0,1
20,SARSA + PS,123,485,1,11,1,1
20,SARSA + PS,123,486,-5,17,1,1
20,SARSA + PS,123,487,-6,18,1,1
20,SARSA + PS,123,488,10,11,0,1
20,SARSA + PS,123,489,-17,20,2,1
20,SARSA + PS,123,490,-19,22,2,1
20,SARSA + PS,123,491,-12,24,1,1
20,SARSA + PS,123,492,11,10,0,1
20,SARSA + PS,123,493,8,13,0,1
20,SARSA + PS,123,494,-10,22,1,1
20,SARSA + PS,123,495,7,14,0,1
20,SARSA + PS,123,496,-5,17,1,1
20,SARSA + PS,123,497,-3,15,1,1
20,SARSA + PS,123,498,9,12,0,1
20,SARSA + PS,123,499,-23,26,2,1
20,SARSA + PS,777,0,-713,200,57,0
20,SARSA + PS,777,1,-713,200,57,0
20,SARSA + PS,777,2,-704,200,56,0
20,SARSA + PS,777,3,-605,200,45,0
20,SARSA + PS,777,4,-659,200,51,0
20,SARSA + PS,777,5,-758,200,62,0
20,SARSA + PS,777,6,-731,200,59,0
20,SARSA + PS,777,7,-713,200,57,0
20,SARSA + PS,777,8,-614,200,46,0
20,SARSA + PS,777,9,-120,51,10,1
20,SARSA + PS,777,10,-545,143,47,1
20,SARSA + PS,777,11,-605,200,45,0
20,SARSA + PS,777,12,-324,156,21,1
20,SARSA + PS,777,13,-619,181,51,1
20,SARSA + PS,777,14,-767,200,63,0
20,SARSA + PS,777,15,-335,200,15,0
20,SARSA + PS,777,16,-551,200,39,0
20,SARSA + PS,777,17,-704,200,56,0
20,SARSA + PS,777,18,-371,200,19,0
20,SARSA + PS,777,19,-578,200,42,0
20,SARSA + PS,777,20,-659,200,51,0
20,SARSA + PS,777,21,-263,200,7,0
20,SARSA + PS,777,22,-554,143,48,1
20,SARSA + PS,777,23,-236,200,4,0
20,SARSA + PS,777,24,-587,200,43,0
20,SARSA + PS,777,25,-920,200,80,0
20,SARSA + PS,777,26,-299,200,11,0
20,SARSA + PS,777,27,-677,200,53,0
20,SARSA + PS,777,28,-227,176,8,1
20,SARSA + PS,777,29,-421,109,37,1
20,SARSA + PS,777,30,-470,200,30,0
20,SARSA + PS,777,31,-713,200,57,0
20,SARSA + PS,777,32,-23,44,0,1
20,SARSA + PS,777,33,-317,200,13,0
20,SARSA + PS,777,34,-461,200,29,0
20,SARSA + PS,777,35,-12,33,0,1
20,SARSA + PS,777,36,-254,200,6,0
20,SARSA + PS,777,37,-63,21,7,1
20,SARSA + PS,777,38,-533,200,37,0
20,SARSA + PS,777,39,-470,200,30,0
20,SARSA + PS,777,40,-38,41,2,1
20,SARSA + PS,777,41,-452,200,28,0
20,SARSA + PS,777,42,-299,200,11,0
20,SARSA + PS,777,43,-240,153,12,1
20,SARSA + PS,777,44,2,19,0,1
20,SARSA + PS,777,45,-72,84,1,1
20,SARSA + PS,777,46,-461,200,29,0
20,SARSA + PS,777,47,-198,120,11,1
20,SARSA + PS,777,48,-33,45,1,1
20,SARSA + PS,777,49,-74,77,2,1
20,SARSA + PS,777,50,-119,122,2,1
20,SARSA + PS,777,51,11,10,0,1
20,SARSA + PS,777,52,-281,200,9,0
20,SARSA + PS,777,53,10,11,0,1
20,SARSA + PS,777,54,14,7,0,1
20,SARSA + PS,777,55,11,10,0,1
20,SARSA + PS,777,56,-425,200,25,0
20,SARSA + PS,777,57,-236,200,4,0
20,SARSA + PS,777,58,-30,51,0,1
20,SARSA + PS,777,59,-30,42,1,1
20,SARSA + PS,777,60,-46,58,1,1
20,SARSA + PS,777,61,-263,200,7,0
20,SARSA + PS,777,62,-263,200,7,0
20,SARSA + PS,777,63,-85,70,4,1
20,SARSA + PS,777,64,12,9,0,1
20,SARSA + PS,777,65,4,17,0,1
20,SARSA + PS,777,66,-98,92,3,1
20,SARSA + PS,777,67,-113,107,3,1
20,SARSA + PS,777,68,-218,200,2,0
20,SARSA + PS,777,69,-204,153,8,1
20,SARSA + PS,777,70,-20,41,0,1
20,SARSA + PS,777,71,-281,200,9,0
20,SARSA + PS,777,72,-92,86,3,1
20,SARSA + PS,777,73,-99,93,3,1
20,SARSA + PS,777,74,-30,42,1,1
20,SARSA + PS,777,75,-18,39,0,1
20,SARSA + PS,777,76,-88,64,5,1
20,SARSA + PS,777,77,-76,70,3,1
20,SARSA + PS,777,78,-132,117,4,1
20,SARSA + PS,777,79,8,13,0,1
20,SARSA + PS,777,80,-174,141,6,1
20,SARSA + PS,777,81,-67,61,3,1
20,SARSA + PS,777,82,-172,121,8,1
20,SARSA + PS,777,83,10,11,0,1
20,SARSA + PS,777,84,-108,102,3,1
20,SARSA + PS,777,85,-193,151,7,1
20,SARSA + PS,777,86,-30,42,1,1
20,SARSA + PS,777,87,-143,110,6,1
20,SARSA + PS,777,88,-19,22,2,1
20,SARSA + PS,777,89,6,15,0,1
20,SARSA + PS,777,90,-9,30,0,1
20,SARSA + PS,777,91,-245,200,5,0
20,SARSA + PS,777,92,8,13,0,1
20,SARSA + PS,777,93,-48,51,2,1
20,SARSA + PS,777,94,-14,35,0,1
20,SARSA + PS,777,95,1,11,1,1
20,SARSA + PS,777,96,-74,77,2,1
20,SARSA + PS,777,97,-9,30,0,1
20,SARSA + PS,777,98,8,13,0,1
20,SARSA + PS,777,99,9,12,0,1
20,SARSA + PS,777,100,-34,37,2,1
20,SARSA + PS,777,101,11,10,0,1
20,SARSA + PS,777,102,-19,22,2,1
20,SARSA + PS,777,103,1,11,1,1
20,SARSA + PS,777,104,-16,19,2,1
20,SARSA + PS,777,105,-96,90,3,1
20,SARSA + PS,777,106,-16,28,1,1
20,SARSA + PS,777,107,-10,31,0,1
20,SARSA + PS,777,108,-40,43,2,1
20,SARSA + PS,777,109,-3,15,1,1
20,SARSA + PS,777,110,-37,49,1,1
20,SARSA + PS,777,111,2,19,0,1
20,SARSA + PS,777,112,11,10,0,1
20,SARSA + PS,777,113,-20,32,1,1
20,SARSA + PS,777,114,-33,27,3,1
20,SARSA + PS,777,115,14,7,0,1
20,SARSA + PS,777,116,9,12,0,1
20,SARSA + PS,777,117,-186,162,5,1
20,SARSA + PS,777,118,10,11,0,1
20,SARSA + PS,777,119,-11,23,1,1
20,SARSA + PS,777,120,-26,29,2,1
20,SARSA + PS,777,121,-59,71,1,1
20,SARSA + PS,777,122,-23,26,2,1
20,SARSA + PS,777,123,15,6,0,1
20,SARSA + PS,777,124,-251,191,9,1
20,SARSA + PS,777,125,10,11,0,1
20,SARSA + PS,777,126,-30,33,2,1
20,SARSA + PS,777,127,7,14,0,1
20,SARSA + PS,777,128,12,9,0,1
20,SARSA + PS,777,129,-39,42,2,1
20,SARSA + PS,777,130,-12,15,2,1
20,SARSA + PS,777,131,9,12,0,1
20,SARSA + PS,777,132,-101,104,2,1
20,SARSA + PS,777,133,-5,17,1,1
20,SARSA + PS,777,134,6,15,0,1
20,SARSA + PS,777,135,9,12,0,1
20,SARSA + PS,777,136,5,16,0,1
20,SARSA + PS,777,137,9,12,0,1
20,SARSA + PS,777,138,9,12,0,1
20,SARSA + PS,777,139,-42,54,1,1
20,SARSA + PS,777,140,-28,31,2,1
20,SARSA + PS,777,141,11,10,0,1
20,SARSA + PS,777,142,0,12,1,1
20,SARSA + PS,777,143,-12,24,1,1
20,SARSA + PS,777,144,-2,14,1,1
20,SARSA + PS,777,145,-19,31,1,1
20,SARSA + PS,777,146,-152,110,7,1
20,SARSA + PS,777,147,9,12,0,1
20,SARSA + PS,777,148,6,15,0,1
20,SARSA + PS,777,149,7,14,0,1
20,SARSA + PS,777,150,-7,28,0,1
20,SARSA + PS,777,151,-1,13,1,1
20,SARSA + PS,777,152,-11,23,1,1
20,SARSA + PS,777,153,4,17,0,1
20,SARSA + PS,777,154,-54,48,3,1
20,SARSA + PS,777,155,-18,30,1,1
20,SARSA + PS,777,156,-43,37,3,1
20,SARSA + PS,777,157,-74,50,5,1
20,SARSA + PS,777,158,-4,25,0,1
20,SARSA + PS,777,159,-5,17,1,1
20,SARSA + PS,777,160,-2,14,1,1
20,SARSA + PS,777,161,-27,30,2,1
20,SARSA + PS,777,162,14,7,0,1
20,SARSA + PS,777,163,11,10,0,1
20,SARSA + PS,777,164,8,13,0,1
20,SARSA + PS,777,165,-26,38,1,1
20,SARSA + PS,777,166,-18,21,2,1
20,SARSA + PS,777,167,-12,15,2,1
20,SARSA + PS,777,168,-17,29,1,1
20,SARSA + PS,777,169,9,12,0,1
20,SARSA + PS,777,170,10,11,0,1
20,SARSA + PS,777,171,-18,39,0,1
20,SARSA + PS,777,172,11,10,0,1
20,SARSA + PS,777,173,-18,21,2,1
20,SARSA + PS,777,174,1,11,1,1
20,SARSA + PS,777,175,1,20,0,1
20,SARSA + PS,777,176,10,11,0,1
20,SARSA + PS,777,177,10,11,0,1
20,SARSA + PS,777,178,2,10,1,1
20,SARSA + PS,777,179,-4,16,1,1
20,SARSA + PS,777,180,-14,26,1,1
20,SARSA + PS,777,181,-8,20,1,1
20,SARSA + PS,777,182,-18,30,1,1
20,SARSA + PS,777,183,-2,23,0,1
20,SARSA + PS,777,184,9,12,0,1
20,SARSA + PS,777,185,-2,14,1,1
20,SARSA + PS,777,186,-5,17,1,1
20,SARSA + PS,777,187,12,9,0,1
20,SARSA + PS,777,188,2,19,0,1
20,SARSA + PS,777,189,9,12,0,1
20,SARSA + PS,777,190,10,11,0,1
20,SARSA + PS,777,191,11,10,0,1
20,SARSA + PS,777,192,-28,40,1,1
20,SARSA + PS,777,193,-42,45,2,1
20,SARSA + PS,777,194,7,14,0,1
20,SARSA + PS,777,195,4,17,0,1
20,SARSA + PS,777,196,13,8,0,1
20,SARSA + PS,777,197,-10,31,0,1
20,SARSA + PS,777,198,9,12,0,1
20,SARSA + PS,777,199,6,15,0,1
20,SARSA + PS,777,200,-74,68,3,1
20,SARSA + PS,777,201,9,12,0,1
20,SARSA + PS,777,202,-13,16,2,1
20,SARSA + PS,777,203,-70,64,3,1
20,SARSA + PS,777,204,6,15,0,1
20,SARSA + PS,777,205,-16,28,1,1
20,SARSA + PS,777,206,7,14,0,1
20,SARSA + PS,777,207,-1,22,0,1
20,SARSA + PS,777,208,10,11,0,1
20,SARSA + PS,777,209,-3,15,1,1
20,SARSA + PS,777,210,12,9,0,1
20,SARSA + PS,777,211,10,11,0,1
20,SARSA + PS,777,212,7,14,0,1
20,SARSA + PS,777,213,5,16,0,1
20,SARSA + PS,777,214,9,12,0,1
20,SARSA + PS,777,215,-11,32,0,1
20,SARSA + PS,777,216,3,18,0,1
20,SARSA + PS,777,217,-3,15,1,1
20,SARSA + PS,777,218,8,13,0,1
20,SARSA + PS,777,219,-70,82,1,1
20,SARSA + PS,777,220,-42,54,1,1
20,SARSA + PS,777,221,7,14,0,1
20,SARSA + PS,777,222,9,12,0,1
20,SARSA + PS,777,223,0,21,0,1
20,SARSA + PS,777,224,-74,68,3,1
20,SARSA + PS,777,225,6,15,0,1
20,SARSA + PS,777,226,-116,92,5,1
20,SARSA + PS,777,227,11,10,0,1
20,SARSA + PS,777,228,-10,31,0,1
20,SARSA + PS,777,229,12,9,0,1
20,SARSA + PS,777,230,-62,83,0,1
20,SARSA + PS,777,231,2,19,0,1
20,SARSA + PS,777,232,-13,25,1,1
20,SARSA + PS,777,233,8,13,0,1
20,SARSA + PS,777,234,10,11,0,1
20,SARSA + PS,777,235,2,19,0,1
20,SARSA + PS,777,236,12,9,0,1
20,SARSA + PS,777,237,-3,15,1,1
20,SARSA + PS,777,238,-3,15,1,1
20,SARSA + PS,777,239,9,12,0,1
20,SARSA + PS,777,240,7,14,0,1
20,SARSA + PS,777,241,1,11,1,1
20,SARSA + PS,777,242,6,15,0,1
20,SARSA + PS,777,243,11,10,0,1
20,SARSA + PS,777,244,8,13,0,1
20,SARSA + PS,777,245,10,11,0,1
20,SARSA + PS,777,246,10,11,0,1
20,SARSA + PS,777,247,-25,28,2,1
20,SARSA + PS,777,248,12,9,0,1
20,SARSA + PS,777,249,1,11,1,1
20,SARSA + PS,777,250,-2,14,1,1
20,SARSA + PS,777,251,-24,27,2,1
20,SARSA + PS,777,252,1,20,0,1
20,SARSA + PS,777,253,4,17,0,1
20,SARSA + PS,777,254,6,15,0,1
20,SARSA + PS,777,255,2,19,0,1
20,SARSA + PS,777,256,0,12,1,1
20,SARSA + PS,777,257,-6,18,1,1
20,SARSA + PS,777,258,-5,17,1,1
20,SARSA + PS,777,259,-4,16,1,1
20,SARSA + PS,777,260,-7,28,0,1
20,SARSA + PS,777,261,-10,31,0,1
20,SARSA + PS,777,262,-7,19,1,1
20,SARSA + PS,777,263,-23,26,2,1
20,SARSA + PS,777,264,-3,15,1,1
20,SARSA + PS,777,265,7,14,0,1
20,SARSA + PS,777,266,1,20,0,1
20,SARSA + PS,777,267,-19,31,1,1
20,SARSA + PS,777,268,6,15,0,1
20,SARSA + PS,777,269,4,17,0,1
20,SARSA + PS,777,270,9,12,0,1
20,SARSA + PS,777,271,-22,25,2,1
20,SARSA + PS,777,272,6,15,0,1
20,SARSA + PS,777,273,7,14,0,1
20,SARSA + PS,777,274,6,15,0,1
20,SARSA + PS,777,275,-10,22,1,1
20,SARSA + PS,777,276,10,11,0,1
20,SARSA + PS,777,277,6,15,0,1
20,SARSA + PS,777,278,0,12,1,1
20,SARSA + PS,777,279,-10,22,1,1
20,SARSA + PS,777,280,-3,15,1,1
20,SARSA + PS,777,281,14,7,0,1
20,SARSA + PS,777,282,2,19,0,1
20,SARSA + PS,777,283,-41,35,3,1
20,SARSA + PS,777,284,-4,25,0,1
20,SARSA + PS,777,285,3,18,0,1
20,SARSA + PS,777,286,-5,26,0,1
20,SARSA + PS,777,287,8,13,0,1
20,SARSA + PS,777,288,10,11,0,1
20,SARSA + PS,777,289,-10,22,1,1
20,SARSA + PS,777,290,-12,24,1,1
20,SARSA + PS,777,291,-19,22,2,1
20,SARSA + PS,777,292,13,8,0,1
20,SARSA + PS,777,293,8,13,0,1
20,SARSA + PS,777,294,9,12,0,1
20,SARSA + PS,777,295,9,12,0,1
20,SARSA + PS,777,296,-1,13,1,1
20,SARSA + PS,777,297,9,12,0,1
20,SARSA + PS,777,298,-124,109,4,1
20,SARSA + PS,777,299,-7,19,1,1
20,SARSA + PS,777,300,-11,23,1,1
20,SARSA + PS,777,301,-7,19,1,1
20,SARSA + PS,777,302,-3,24,0,1
20,SARSA + PS,777,303,-1,22,0,1
20,SARSA + PS,777,304,12,9,0,1
20,SARSA + PS,777,305,2,19,0,1
20,SARSA + PS,777,306,13,8,0,1
20,SARSA + PS,777,307,-15,27,1,1
20,SARSA + PS,777,308,-1,22,0,1
20,SARSA + PS,777,309,-14,17,2,1
20,SARSA + PS,777,310,11,10,0,1
20,SARSA + PS,777,311,-19,31,1,1
20,SARSA + PS,777,312,12,9,0,1
20,SARSA + PS,777,313,5,16,0,1
20,SARSA + PS,777,314,3,18,0,1
20,SARSA + PS,777,315,11,10,0,1
20,SARSA + PS,777,316,4,17,0,1
20,SARSA + PS,777,317,7,14,0,1
20,SARSA + PS,777,318,2,10,1,1
20,SARSA + PS,777,319,-30,33,2,1
20,SARSA + PS,777,320,2,10,1,1
20,SARSA + PS,777,321,9,12,0,1
20,SARSA + PS,777,322,7,14,0,1
20,SARSA + PS,777,323,-12,15,2,1
20,SARSA + PS,777,324,-4,16,1,1
20,SARSA + PS,777,325,-35,47,1,1
20,SARSA + PS,777,326,9,12,0,1
20,SARSA + PS,777,327,-12,33,0,1
20,SARSA + PS,777,328,-6,18,1,1
20,SARSA + PS,777,329,-58,52,3,1
20,SARSA + PS,777,330,-3,15,1,1
20,SARSA + PS,777,331,-12,24,1,1
20,SARSA + PS,777,332,7,14,0,1
20,SARSA + PS,777,333,-8,20,1,1
20,SARSA + PS,777,334,6,15,0,1
20,SARSA + PS,777,335,3,18,0,1
20,SARSA + PS,777,336,-11,32,0,1
20,SARSA + PS,777,337,1,20,0,1
20,SARSA + PS,777,338,-25,37,1,1
20,SARSA + PS,777,339,-4,16,1,1
20,SARSA + PS,777,340,9,12,0,1
20,SARSA + PS,777,341,13,8,0,1
20,SARSA + PS,777,342,-2,14,1,1
20,SARSA + PS,777,343,7,14,0,1
20,SARSA + PS,777,344,8,13,0,1
20,SARSA + PS,777,345,11,10,0,1
20,SARSA + PS,777,346,-2,14,1,1
20,SARSA + PS,777,347,1,20,0,1
20,SARSA + PS,777,348,7,14,0,1
20,SARSA + PS,777,349,12,9,0,1
20,SARSA + PS,777,350,11,10,0,1
20,SARSA + PS,777,351,-10,22,1,1
20,SARSA + PS,777,352,1,11,1,1
20,SARSA + PS,777,353,-2,14,1,1
20,SARSA + PS,777,354,-3,15,1,1
20,SARSA + PS,777,355,6,15,0,1
20,SARSA + PS,777,356,8,13,0,1
20,SARSA + PS,777,357,-5,17,1,1
20,SARSA + PS,777,358,3,18,0,1
20,SARSA + PS,777,359,5,16,0,1
20,SARSA + PS,777,360,5,16,0,1
20,SARSA + PS,777,361,10,11,0,1
20,SARSA + PS,777,362,9,12,0,1
20,SARSA + PS,777,363,8,13,0,1
20,SARSA + PS,777,364,1,11,1,1
20,SARSA + PS,777,365,11,10,0,1
20,SARSA + PS,777,366,-5,17,1,1
20,SARSA + PS,777,367,3,18,0,1
20,SARSA + PS,777,368,-17,20,2,1
20,SARSA + PS,777,369,-5,17,1,1
20,SARSA + PS,777,370,2,19,0,1
20,SARSA + PS,777,371,12,9,0,1
20,SARSA + PS,777,372,7,14,0,1
20,SARSA + PS,777,373,9,12,0,1
20,SARSA + PS,777,374,11,10,0,1
20,SARSA + PS,777,375,-10,22,1,1
20,SARSA + PS,777,376,14,7,0,1
20,SARSA + PS,777,377,6,15,0,1
20,SARSA + PS,777,378,13,8,0,1
20,SARSA + PS,777,379,-3,24,0,1
20,SARSA + PS,777,380,-7,19,1,1
20,SARSA + PS,777,381,4,17,0,1
20,SARSA + PS,777,382,1,20,0,1
20,SARSA + PS,777,383,8,13,0,1
20,SARSA + PS,777,384,9,12,0,1
20,SARSA + PS,777,385,0,12,1,1
20,SARSA + PS,777,386,4,17,0,1
20,SARSA + PS,777,387,-18,21,2,1
20,SARSA + PS,777,388,3,18,0,1
20,SARSA + PS,777,389,5,16,0,1
20,SARSA + PS,777,390,2,19,0,1
20,SARSA + PS,777,391,-11,14,2,1
20,SARSA + PS,777,392,11,10,0,1
20,SARSA + PS,777,393,-3,15,1,1
20,SARSA + PS,777,394,7,14,0,1
20,SARSA + PS,777,395,-5,17,1,1
20,SARSA + PS,777,396,14,7,0,1
20,SARSA + PS,777,397,9,12,0,1
20,SARSA + PS,777,398,10,11,0,1
20,SARSA + PS,777,399,0,12,1,1
20,SARSA + PS,777,400,-13,25,1,1
20,SARSA + PS,777,401,8,13,0,1
20,SARSA + PS,777,402,11,10,0,1
20,SARSA + PS,777,403,-2,14,1,1
20,SARSA + PS,777,404,7,14,0,1
20,SARSA + PS,777,405,10,11,0,1
20,SARSA + PS,777,406,-11,14,2,1
20,SARSA + PS,777,407,11,10,0,1
20,SARSA + PS,777,408,-3,15,1,1
20,SARSA + PS,777,409,0,12,1,1
20,SARSA + PS,777,410,10,11,0,1
20,SARSA + PS,777,411,-1,13,1,1
20,SARSA + PS,777,412,-14,35,0,1
20,SARSA + PS,777,413,-3,15,1,1
20,SARSA + PS,777,414,-9,21,1,1
20,SARSA + PS,777,415,0,21,0,1
20,SARSA + PS,777,416,6,15,0,1
20,SARSA + PS,777,417,10,11,0,1
20,SARSA + PS,777,418,12,9,0,1
20,SARSA + PS,777,419,5,16,0,1
20,SARSA + PS,777,420,5,16,0,1
20,SARSA + PS,777,421,-2,14,1,1
20,SARSA + PS,777,422,7,14,0,1
20,SARSA + PS,777,423,12,9,0,1
20,SARSA + PS,777,424,8,13,0,1
20,SARSA + PS,777,425,14,7,0,1
20,SARSA + PS,777,426,10,11,0,1
20,SARSA + PS,777,427,9,12,0,1
20,SARSA + PS,777,428,-3,15,1,1
20,SARSA + PS,777,429,11,10,0,1
20,SARSA + PS,777,430,13,8,0,1
20,SARSA + PS,777,431,7,14,0,1
20,SARSA + PS,777,432,8,13,0,1
20,SARSA + PS,777,433,-3,15,1,1
20,SARSA + PS,777,434,12,9,0,1
20,SARSA + PS,777,435,8,13,0,1
20,SARSA + PS,777,436,6,15,0,1
20,SARSA + PS,777,437,-13,25,1,1
20,SARSA + PS,777,438,5,16,0,1
20,SARSA + PS,777,439,-11,14,2,1
20,SARSA + PS,777,440,5,16,0,1
20,SARSA + PS,777,441,9,12,0,1
20,SARSA + PS,777,442,1,11,1,1
20,SARSA + PS,777,443,-9,12,2,1
20,SARSA + PS,777,444,-12,15,2,1
20,SARSA + PS,777,445,9,12,0,1
20,SARSA + PS,777,446,10,11,0,1
20,SARSA + PS,777,447,9,12,0,1
20,SARSA + PS,777,448,7,14,0,1
20,SARSA + PS,777,449,-20,14,3,1
20,SARSA + PS,777,450,-7,19,1,1
20,SARSA + PS,777,451,6,15,0,1
20,SARSA + PS,777,452,-3,15,1,1
20,SARSA + PS,777,453,8,13,0,1
20,SARSA + PS,777,454,11,10,0,1
20,SARSA + PS,777,455,-3,15,1,1
20,SARSA + PS,777,456,12,9,0,1
20,SARSA + PS,777,457,-1,13,1,1
20,SARSA + PS,777,458,13,8,0,1
20,SARSA + PS,777,459,2,10,1,1
20,SARSA + PS,777,460,11,10,0,1
20,SARSA + PS,777,461,4,17,0,1
20,SARSA + PS,777,462,-5,17,1,1
20,SARSA + PS,777,463,-3,15,1,1
20,SARSA + PS,777,464,7,14,0,1
20,SARSA + PS,777,465,14,7,0,1
20,SARSA + PS,777,466,7,14,0,1
20,SARSA + PS,777,467,-8,20,1,1
20,SARSA + PS,777,468,-5,17,1,1
20,SARSA + PS,777,469,14,7,0,1
20,SARSA + PS,777,470,-2,14,1,1
20,SARSA + PS,777,471,-2,14,1,1
20,SARSA + PS,777,472,11,10,0,1
20,SARSA + PS,777,473,9,12,0,1
20,SARSA + PS,777,474,-3,15,1,1
20,SARSA + PS,777,475,3,18,0,1
20,SARSA + PS,777,476,-2,14,1,1
20,SARSA + PS,777,477,9,12,0,1
20,SARSA + PS,777,478,4,8,1,1
20,SARSA + PS,777,479,8,13,0,1
20,SARSA + PS,777,480,-15,27,1,1
20,SARSA + PS,777,481,-4,16,1,1
20,SARSA + PS,777,482,-7,10,2,1
20,SARSA + PS,777,483,-6,18,1,1
20,SARSA + PS,777,484,-15,18,2,1
20,SARSA + PS,777,485,-1,22,0,1
20,SARSA + PS,777,486,9,12,0,1
20,SARSA + PS,777,487,8,13,0,1
20,SARSA + PS,777,488,9,12,0,1
20,SARSA + PS,777,489,10,11,0,1
20,SARSA + PS,777,490,1,20,0,1
20,SARSA + PS,777,491,4,17,0,1
20,SARSA + PS,777,492,6,15,0,1
20,SARSA + PS,777,493,12,9,0,1
20,SARSA + PS,777,494,-29,23,3,1
20,SARSA + PS,777,495,8,13,0,1
20,SARSA + PS,777,496,-6,18,1,1
20,SARSA + PS,777,497,6,15,0,1
20,SARSA + PS,777,498,9,12,0,1
20,SARSA + PS,777,499,-10,13,2,1
20,SARSA + PS,999,0,-749,200,61,0
20,SARSA + PS,999,1,-794,200,66,0
20,SARSA + PS,999,2,-794,200,66,0
20,SARSA + PS,999,3,-740,200,60,0
20,SARSA + PS,999,4,-776,200,64,0
20,SARSA + PS,999,5,-434,200,26,0
20,SARSA + PS,999,6,-434,200,26,0
20,SARSA + PS,999,7,-749,200,61,0
20,SARSA + PS,999,8,-776,200,64,0
20,SARSA + PS,999,9,-812,200,68,0
20,SARSA + PS,999,10,-704,200,56,0
20,SARSA + PS,999,11,-695,200,55,0
20,SARSA + PS,999,12,-614,200,46,0
20,SARSA + PS,999,13,-947,200,83,0
20,SARSA + PS,999,14,-740,200,60,0
20,SARSA + PS,999,15,-722,200,58,0
20,SARSA + PS,999,16,-758,200,62,0
20,SARSA + PS,999,17,-659,200,51,0
20,SARSA + PS,999,18,-632,200,48,0
20,SARSA + PS,999,19,-77,26,8,1
20,SARSA + PS,999,20,-470,200,30,0
20,SARSA + PS,999,21,-317,200,13,0
20,SARSA + PS,999,22,-436,142,35,1
20,SARSA + PS,999,23,-132,27,14,1
20,SARSA + PS,999,24,-119,77,7,1
20,SARSA + PS,999,25,-232,73,20,1
20,SARSA + PS,999,26,-668,200,52,0
20,SARSA + PS,999,27,-516,141,44,1
20,SARSA + PS,999,28,-452,200,28,0
20,SARSA + PS,999,29,-290,200,10,0
20,SARSA + PS,999,30,-245,200,5,0
20,SARSA + PS,999,31,-245,200,5,0
20,SARSA + PS,999,32,-452,200,28,0
20,SARSA + PS,999,33,-218,200,2,0
20,SARSA + PS,999,34,-88,64,5,1
20,SARSA + PS,999,35,-375,198,22,1
20,SARSA + PS,999,36,-24,36,1,1
20,SARSA + PS,999,37,-254,200,6,0
20,SARSA + PS,999,38,-5,17,1,1
20,SARSA + PS,999,39,-236,200,4,0
20,SARSA + PS,999,40,-236,200,4,0
20,SARSA + PS,999,41,-177,135,7,1
20,SARSA + PS,999,42,-138,69,10,1
20,SARSA + PS,999,43,-48,42,3,1
20,SARSA + PS,999,44,-78,81,2,1
20,SARSA + PS,999,45,-263,200,7,0
20,SARSA + PS,999,46,-31,34,2,1
20,SARSA + PS,999,47,-29,41,1,1
20,SARSA + PS,999,48,12,9,0,1
20,SARSA + PS,999,49,-20,32,1,1
20,SARSA + PS,999,50,-129,114,4,1
20,SARSA + PS,999,51,10,11,0,1
20,SARSA + PS,999,52,-263,200,7,0
20,SARSA + PS,999,53,-5,17,1,1
20,SARSA + PS,999,54,-731,200,59,0
20,SARSA + PS,999,55,-290,200,10,0
20,SARSA + PS,999,56,-96,90,3,1
20,SARSA + PS,999,57,-6,18,1,1
20,SARSA + PS,999,58,-16,28,1,1
20,SARSA + PS,999,59,-6,9,2,1
20,SARSA + PS,999,60,-254,200,6,0
20,SARSA + PS,999,61,-272,200,8,0
20,SARSA + PS,999,62,-245,200,5,0
20,SARSA + PS,999,63,-118,112,3,1
20,SARSA + PS,999,64,-14,26,1,1
20,SARSA + PS,999,65,8,13,0,1
20,SARSA + PS,999,66,10,11,0,1
20,SARSA + PS,999,67,-17,29,1,1
20,SARSA + PS,999,68,2,19,0,1
20,SARSA + PS,999,69,-73,58,4,1
20,SARSA + PS,999,70,13,8,0,1
20,SARSA + PS,999,71,-245,200,5,0
20,SARSA + PS,999,72,9,12,0,1
20,SARSA + PS,999,73,5,16,0,1
20,SARSA + PS,999,74,-245,200,5,0
20,SARSA + PS,999,75,9,12,0,1
20,SARSA + PS,999,76,-227,200,3,0
20,SARSA + PS,999,77,-4,25,0,1
20,SARSA + PS,999,78,4,17,0,1
20,SARSA + PS,999,79,-76,61,4,1
20,SARSA + PS,999,80,-60,63,2,1
20,SARSA + PS,999,81,-54,48,3,1
20,SARSA + PS,999,82,12,9,0,1
20,SARSA + PS,999,83,-17,38,0,1
20,SARSA + PS,999,84,13,8,0,1
20,SARSA + PS,999,85,-4,16,1,1
20,SARSA + PS,999,86,-133,118,4,1
20,SARSA + PS,999,87,-32,35,2,1
20,SARSA + PS,999,88,11,10,0,1
20,SARSA + PS,999,89,-206,155,8,1
20,SARSA + PS,999,90,12,9,0,1
20,SARSA + PS,999,91,-9,30,0,1
20,SARSA + PS,999,92,-36,39,2,1
20,SARSA + PS,999,93,-1,13,1,1
20,SARSA + PS,999,94,-263,200,7,0
20,SARSA + PS,999,95,-38,41,2,1
20,SARSA + PS,999,96,8,13,0,1
20,SARSA + PS,999,97,-13,25,1,1
20,SARSA + PS,999,98,12,9,0,1
20,SARSA + PS,999,99,-139,124,4,1
20,SARSA + PS,999,100,4,17,0,1
20,SARSA + PS,999,101,8,13,0,1
20,SARSA + PS,999,102,1,20,0,1
20,SARSA + PS,999,103,-263,200,7,0
20,SARSA + PS,999,104,-216,183,6,1
20,SARSA + PS,999,105,-22,34,1,1
20,SARSA + PS,999,106,4,17,0,1
20,SARSA + PS,999,107,-263,200,7,0
20,SARSA + PS,999,108,5,16,0,1
20,SARSA + PS,999,109,-123,99,5,1
20,SARSA + PS,999,110,-5,26,0,1
20,SARSA + PS,999,111,8,13,0,1
20,SARSA + PS,999,112,6,15,0,1
20,SARSA + PS,999,113,-22,34,1,1
20,SARSA + PS,999,114,7,14,0,1
20,SARSA + PS,999,115,-24,36,1,1
20,SARSA + PS,999,116,-72,57,4,1
20,SARSA + PS,999,117,6,15,0,1
20,SARSA + PS,999,118,11,10,0,1
20,SARSA + PS,999,119,13,8,0,1
20,SARSA + PS,999,120,6,15,0,1
20,SARSA + PS,999,121,-3,15,1,1
20,SARSA + PS,999,122,-12,24,1,1
20,SARSA + PS,999,123,11,10,0,1
20,SARSA + PS,999,124,-2,14,1,1
20,SARSA + PS,999,125,-15,18,2,1
20,SARSA + PS,999,126,4,17,0,1
20,SARSA + PS,999,127,12,9,0,1
20,SARSA + PS,999,128,11,10,0,1
20,SARSA + PS,999,129,-308,200,12,0
20,SARSA + PS,999,130,1,11,1,1
20,SARSA + PS,999,131,-4,16,1,1
20,SARSA + PS,999,132,11,10,0,1
20,SARSA + PS,999,133,-10,31,0,1
20,SARSA + PS,999,134,-1,13,1,1
20,SARSA + PS,999,135,6,15,0,1
20,SARSA + PS,999,136,6,15,0,1
20,SARSA + PS,999,137,-4,16,1,1
20,SARSA + PS,999,138,-2,23,0,1
20,SARSA + PS,999,139,8,13,0,1
20,SARSA + PS,999,140,9,12,0,1
20,SARSA + PS,999,141,-2,14,1,1
20,SARSA + PS,999,142,12,9,0,1
20,SARSA + PS,999,143,9,12,0,1
20,SARSA + PS,999,144,6,15,0,1
20,SARSA + PS,999,145,-103,97,3,1
20,SARSA + PS,999,146,5,16,0,1
20,SARSA + PS,999,147,-9,30,0,1
20,SARSA + PS,999,148,-43,46,2,1
20,SARSA + PS,999,149,13,8,0,1
20,SARSA + PS,999,150,-7,19,1,1
20,SARSA + PS,999,151,8,13,0,1
20,SARSA + PS,999,152,9,12,0,1
20,SARSA + PS,999,153,-67,70,2,1
20,SARSA + PS,999,154,14,7,0,1
20,SARSA + PS,999,155,-1,13,1,1
20,SARSA + PS,999,156,13,8,0,1
20,SARSA + PS,999,157,-1,22,0,1
20,SARSA + PS,999,158,1,20,0,1
20,SARSA + PS,999,159,7,14,0,1
20,SARSA + PS,999,160,-115,109,3,1
20,SARSA + PS,999,161,6,15,0,1
20,SARSA + PS,999,162,-12,24,1,1
20,SARSA + PS,999,163,-10,13,2,1
20,SARSA + PS,999,164,-2,14,1,1
20,SARSA + PS,999,165,-7,28,0,1
20,SARSA + PS,999,166,-48,60,1,1
20,SARSA + PS,999,167,6,15,0,1
20,SARSA + PS,999,168,-22,34,1,1
20,SARSA + PS,999,169,-13,16,2,1
20,SARSA + PS,999,170,11,10,0,1
20,SARSA + PS,999,171,-11,23,1,1
20,SARSA + PS,999,172,-3,15,1,1
20,SARSA + PS,999,173,-16,28,1,1
20,SARSA + PS,999,174,14,7,0,1
20,SARSA + PS,999,175,8,13,0,1
20,SARSA + PS,999,176,-1,13,1,1
20,SARSA + PS,999,177,11,10,0,1
20,SARSA + PS,999,178,-65,68,2,1
20,SARSA + PS,999,179,-21,24,2,1
20,SARSA + PS,999,180,9,12,0,1
20,SARSA + PS,999,181,12,9,0,1
20,SARSA + PS,999,182,1,20,0,1
20,SARSA + PS,999,183,-1,13,1,1
20,SARSA + PS,999,184,9,12,0,1
20,SARSA + PS,999,185,11,10,0,1
20,SARSA + PS,999,186,8,13,0,1
20,SARSA + PS,999,187,10,11,0,1
20,SARSA + PS,999,188,8,13,0,1
20,SARSA + PS,999,189,-10,13,2,1
20,SARSA + PS,999,190,-7,28,0,1
20,SARSA + PS,999,191,-3,15,1,1
20,SARSA + PS,999,192,3,18,0,1
20,SARSA + PS,999,193,-48,51,2,1
20,SARSA + PS,999,194,-4,16,1,1
20,SARSA + PS,999,195,6,15,0,1
20,SARSA + PS,999,196,10,11,0,1
20,SARSA + PS,999,197,7,14,0,1
20,SARSA + PS,999,198,-26,29,2,1
20,SARSA + PS,999,199,10,11,0,1
20,SARSA + PS,999,200,6,15,0,1
20,SARSA + PS,999,201,12,9,0,1
20,SARSA + PS,999,202,1,11,1,1
20,SARSA + PS,999,203,14,7,0,1
20,SARSA + PS,999,204,10,11,0,1
20,SARSA + PS,999,205,-2,14,1,1
20,SARSA + PS,999,206,6,15,0,1
20,SARSA + PS,999,207,10,11,0,1
20,SARSA + PS,999,208,14,7,0,1
20,SARSA + PS,999,209,-5,17,1,1
20,SARSA + PS,999,210,6,15,0,1
20,SARSA + PS,999,211,3,18,0,1
20,SARSA + PS,999,212,2,10,1,1
20,SARSA + PS,999,213,10,11,0,1
20,SARSA + PS,999,214,4,17,0,1
20,SARSA + PS,999,215,3,18,0,1
20,SARSA + PS,999,216,-7,28,0,1
20,SARSA + PS,999,217,9,12,0,1
20,SARSA + PS,999,218,-10,31,0,1
20,SARSA + PS,999,219,11,10,0,1
20,SARSA + PS,999,220,11,10,0,1
20,SARSA + PS,999,221,-1,13,1,1
20,SARSA + PS,999,222,8,13,0,1
20,SARSA + PS,999,223,10,11,0,1
20,SARSA + PS,999,224,-40,16,5,1
20,SARSA + PS,999,225,9,12,0,1
20,SARSA + PS,999,226,-13,16,2,1
20,SARSA + PS,999,227,10,11,0,1
20,SARSA + PS,999,228,-3,15,1,1
20,SARSA + PS,999,229,1,20,0,1
20,SARSA + PS,999,230,-3,15,1,1
20,SARSA + PS,999,231,-3,15,1,1
20,SARSA + PS,999,232,9,12,0,1
20,SARSA + PS,999,233,3,18,0,1
20,SARSA + PS,999,234,12,9,0,1
20,SARSA + PS,999,235,-10,13,2,1
20,SARSA + PS,999,236,14,7,0,1
20,SARSA + PS,999,237,3,9,1,1
20,SARSA + PS,999,238,11,10,0,1
20,SARSA + PS,999,239,6,15,0,1
20,SARSA + PS,999,240,5,16,0,1
20,SARSA + PS,999,241,7,14,0,1
20,SARSA + PS,999,242,-17,20,2,1
20,SARSA + PS,999,243,12,9,0,1
20,SARSA + PS,999,244,8,13,0,1
20,SARSA + PS,999,245,5,16,0,1
20,SARSA + PS,999,246,2,19,0,1
20,SARSA + PS,999,247,14,7,0,1
20,SARSA + PS,999,248,8,13,0,1
20,SARSA + PS,999,249,-10,22,1,1
20,SARSA + PS,999,250,1,11,1,1
20,SARSA + PS,999,251,-4,16,1,1
20,SARSA + PS,999,252,8,13,0,1
20,SARSA + PS,999,253,-25,19,3,1
20,SARSA + PS,999,254,9,12,0,1
20,SARSA + PS,999,255,5,16,0,1
20,SARSA + PS,999,256,12,9,0,1
20,SARSA + PS,999,257,-2,14,1,1
20,SARSA + PS,999,258,-3,24,0,1
20,SARSA + PS,999,259,7,14,0,1
20,SARSA + PS,999,260,15,6,0,1
20,SARSA + PS,999,261,-16,19,2,1
20,SARSA + PS,999,262,-15,27,1,1
20,SARSA + PS,999,263,2,19,0,1
20,SARSA + PS,999,264,7,14,0,1
20,SARSA + PS,999,265,9,12,0,1
20,SARSA + PS,999,266,8,13,0,1
20,SARSA + PS,999,267,8,13,0,1
20,SARSA + PS,999,268,-12,24,1,1
20,SARSA + PS,999,269,-5,26,0,1
20,SARSA + PS,999,270,7,14,0,1
20,SARSA + PS,999,271,14,7,0,1
20,SARSA + PS,999,272,-10,22,1,1
20,SARSA + PS,999,273,8,13,0,1
20,SARSA + PS,999,274,6,15,0,1
20,SARSA + PS,999,275,4,17,0,1
20,SARSA + PS,999,276,8,13,0,1
20,SARSA + PS,999,277,12,9,0,1
20,SARSA + PS,999,278,13,8,0,1
20,SARSA + PS,999,279,-7,19,1,1
20,SARSA + PS,999,280,9,12,0,1
20,SARSA + PS,999,281,14,7,0,1
20,SARSA + PS,999,282,-15,18,2,1
20,SARSA + PS,999,283,0,12,1,1
20,SARSA + PS,999,284,8,13,0,1
20,SARSA + PS,999,285,-50,44,3,1
20,SARSA + PS,999,286,-46,49,2,1
20,SARSA + PS,999,287,-6,18,1,1
20,SARSA + PS,999,288,-12,33,0,1
20,SARSA + PS,999,289,9,12,0,1
20,SARSA + PS,999,290,-52,46,3,1
20,SARSA + PS,999,291,0,21,0,1
20,SARSA + PS,999,292,6,15,0,1
20,SARSA + PS,999,293,9,12,0,1
20,SARSA + PS,999,294,-1,13,1,1
20,SARSA + PS,999,295,14,7,0,1
20,SARSA + PS,999,296,8,13,0,1
20,SARSA + PS,999,297,6,15,0,1
20,SARSA + PS,999,298,-4,16,1,1
20,SARSA + PS,999,299,-7,28,0,1
20,SARSA + PS,999,300,7,14,0,1
20,SARSA + PS,999,301,-3,15,1,1
20,SARSA + PS,999,302,-5,26,0,1
20,SARSA + PS,999,303,8,13,0,1
20,SARSA + PS,999,304,11,10,0,1
20,SARSA + PS,999,305,6,15,0,1
20,SARSA + PS,999,306,9,12,0,1
20,SARSA + PS,999,307,-22,25,2,1
20,SARSA + PS,999,308,-3,15,1,1
20,SARSA + PS,999,309,-2,14,1,1
20,SARSA + PS,999,310,4,17,0,1
20,SARSA + PS,999,311,9,12,0,1
20,SARSA + PS,999,312,9,12,0,1
20,SARSA + PS,999,313,-65,59,3,1
20,SARSA + PS,999,314,9,12,0,1
20,SARSA + PS,999,315,-2,23,0,1
20,SARSA + PS,999,316,-5,26,0,1
20,SARSA + PS,999,317,9,12,0,1
20,SARSA + PS,999,318,-14,35,0,1
20,SARSA + PS,999,319,8,13,0,1
20,SARSA + PS,999,320,-2,14,1,1
20,SARSA + PS,999,321,7,14,0,1
20,SARSA + PS,999,322,-16,19,2,1
20,SARSA + PS,999,323,7,14,0,1
20,SARSA + PS,999,324,5,16,0,1
20,SARSA + PS,999,325,8,13,0,1
20,SARSA + PS,999,326,13,8,0,1
20,SARSA + PS,999,327,0,21,0,1
20,SARSA + PS,999,328,0,21,0,1
20,SARSA + PS,999,329,-8,11,2,1
20,SARSA + PS,999,330,9,12,0,1
20,SARSA + PS,999,331,8,13,0,1
20,SARSA + PS,999,332,-4,16,1,1
20,SARSA + PS,999,333,-8,20,1,1
20,SARSA + PS,999,334,10,11,0,1
20,SARSA + PS,999,335,6,15,0,1
20,SARSA + PS,999,336,8,13,0,1
20,SARSA + PS,999,337,6,15,0,1
20,SARSA + PS,999,338,6,15,0,1
20,SARSA + PS,999,339,-10,22,1,1
20,SARSA + PS,999,340,-9,30,0,1
20,SARSA + PS,999,341,-2,14,1,1
20,SARSA + PS,999,342,9,12,0,1
20,SARSA + PS,999,343,9,12,0,1
20,SARSA + PS,999,344,-20,23,2,1
20,SARSA + PS,999,345,6,15,0,1
20,SARSA + PS,999,346,6,15,0,1
20,SARSA + PS,999,347,-1,13,1,1
20,SARSA + PS,999,348,5,16,0,1
20,SARSA + PS,999,349,-6,18,1,1
20,SARSA + PS,999,350,-2,14,1,1
20,SARSA + PS,999,351,7,14,0,1
20,SARSA + PS,999,352,4,17,0,1
20,SARSA + PS,999,353,4,17,0,1
20,SARSA + PS,999,354,12,9,0,1
20,SARSA + PS,999,355,5,16,0,1
20,SARSA + PS,999,356,-17,20,2,1
20,SARSA + PS,999,357,0,12,1,1
20,SARSA + PS,999,358,-6,18,1,1
20,SARSA + PS,999,359,-24,18,3,1
20,SARSA + PS,999,360,9,12,0,1
20,SARSA + PS,999,361,-2,14,1,1
20,SARSA + PS,999,362,-16,19,2,1
20,SARSA + PS,999,363,-5,17,1,1
20,SARSA + PS,999,364,-1,13,1,1
20,SARSA + PS,999,365,1,11,1,1
20,SARSA + PS,999,366,-8,11,2,1
20,SARSA + PS,999,367,-6,18,1,1
20,SARSA + PS,999,368,13,8,0,1
20,SARSA + PS,999,369,-3,15,1,1
20,SARSA + PS,999,370,-3,15,1,1
20,SARSA + PS,999,371,11,10,0,1
20,SARSA + PS,999,372,11,10,0,1
20,SARSA + PS,999,373,-24,27,2,1
20,SARSA + PS,999,374,13,8,0,1
20,SARSA + PS,999,375,5,16,0,1
20,SARSA + PS,999,376,10,11,0,1
20,SARSA + PS,999,377,1,11,1,1
20,SARSA + PS,999,378,12,9,0,1
20,SARSA + PS,999,379,8,13,0,1
20,SARSA + PS,999,380,10,11,0,1
20,SARSA + PS,999,381,4,17,0,1
20,SARSA + PS,999,382,-1,22,0,1
20,SARSA + PS,999,383,-16,19,2,1
20,SARSA + PS,999,384,6,15,0,1
20,SARSA + PS,999,385,11,10,0,1
20,SARSA + PS,999,386,-12,15,2,1
20,SARSA + PS,999,387,10,11,0,1
20,SARSA + PS,999,388,-14,26,1,1
20,SARSA + PS,999,389,-7,19,1,1
20,SARSA + PS,999,390,1,20,0,1
20,SARSA + PS,999,391,6,15,0,1
20,SARSA + PS,999,392,1,20,0,1
20,SARSA + PS,999,393,6,15,0,1
20,SARSA + PS,999,394,6,15,0,1
20,SARSA + PS,999,395,8,13,0,1
20,SARSA + PS,999,396,5,16,0,1
20,SARSA + PS,999,397,9,12,0,1
20,SARSA + PS,999,398,4,17,0,1
20,SARSA + PS,999,399,-25,19,3,1
20,SARSA + PS,999,400,8,13,0,1
20,SARSA + PS,999,401,7,14,0,1
20,SARSA + PS,999,402,9,12,0,1
20,SARSA + PS,999,403,6,15,0,1
20,SARSA + PS,999,404,-17,20,2,1
20,SARSA + PS,999,405,-14,26,1,1
20,SARSA + PS,999,406,9,12,0,1
20,SARSA + PS,999,407,9,12,0,1
20,SARSA + PS,999,408,10,11,0,1
20,SARSA + PS,999,409,4,17,0,1
20,SARSA + PS,999,410,2,19,0,1
20,SARSA + PS,999,411,-3,15,1,1
20,SARSA + PS,999,412,-7,28,0,1
20,SARSA + PS,999,413,1,11,1,1
20,SARSA + PS,999,414,-3,24,0,1
20,SARSA + PS,999,415,12,9,0,1
20,SARSA + PS,999,416,-14,17,2,1
20,SARSA + PS,999,417,-1,13,1,1
20,SARSA + PS,999,418,1,20,0,1
20,SARSA + PS,999,419,1,11,1,1
20,SARSA + PS,999,420,-4,16,1,1
20,SARSA + PS,999,421,12,9,0,1
20,SARSA + PS,999,422,1,20,0,1
20,SARSA + PS,999,423,8,13,0,1
20,SARSA + PS,999,424,11,10,0,1
20,SARSA + PS,999,425,5,16,0,1
20,SARSA + PS,999,426,5,16,0,1
20,SARSA + PS,999,427,9,12,0,1
20,SARSA + PS,999,428,2,10,1,1
20,SARSA + PS,999,429,2,19,0,1
20,SARSA + PS,999,430,-5,17,1,1
20,SARSA + PS,999,431,-3,24,0,1
20,SARSA + PS,999,432,10,11,0,1
20,SARSA + PS,999,433,-4,16,1,1
20,SARSA + PS,999,434,-1,13,1,1
20,SARSA + PS,999,435,13,8,0,1
20,SARSA + PS,999,436,9,12,0,1
20,SARSA + PS,999,437,7,14,0,1
20,SARSA + PS,999,438,12,9,0,1
20,SARSA + PS,999,439,9,12,0,1
20,SARSA + PS,999,440,12,9,0,1
20,SARSA + PS,999,441,10,11,0,1
20,SARSA + PS,999,442,10,11,0,1
20,SARSA + PS,999,443,1,11,1,1
20,SARSA + PS,999,444,-7,19,1,1
20,SARSA + PS,999,445,11,10,0,1
20,SARSA + PS,999,446,-13,16,2,1
20,SARSA + PS,999,447,6,15,0,1
20,SARSA + PS,999,448,-10,22,1,1
20,SARSA + PS,999,449,6,15,0,1
20,SARSA + PS,999,450,-1,13,1,1
20,SARSA + PS,999,451,9,12,0,1
20,SARSA + PS,999,452,13,8,0,1
20,SARSA + PS,999,453,-5,17,1,1
20,SARSA + PS,999,454,-5,17,1,1
20,SARSA + PS,999,455,-5,17,1,1
20,SARSA + PS,999,456,10,11,0,1
20,SARSA + PS,999,457,4,17,0,1
20,SARSA + PS,999,458,-1,13,1,1
20,SARSA + PS,999,459,5,16,0,1
20,SARSA + PS,999,460,9,12,0,1
20,SARSA + PS,999,461,6,15,0,1
20,SARSA + PS,999,462,5,16,0,1
20,SARSA + PS,999,463,-9,21,1,1
20,SARSA + PS,999,464,-5,17,1,1
20,SARSA + PS,999,465,10,11,0,1
20,SARSA + PS,999,466,-18,21,2,1
20,SARSA + PS,999,467,-2,14,1,1
20,SARSA + PS,999,468,-11,23,1,1
20,SARSA + PS,999,469,5,16,0,1
20,SARSA + PS,999,470,3,18,0,1
20,SARSA + PS,999,471,5,16,0,1
20,SARSA + PS,999,472,-76,79,2,1
20,SARSA + PS,999,473,5,16,0,1
20,SARSA + PS,999,474,3,18,0,1
20,SARSA + PS,999,475,7,14,0,1
20,SARSA + PS,999,476,7,14,0,1
20,SARSA + PS,999,477,-15,18,2,1
20,SARSA + PS,999,478,-13,16,2,1
20,SARSA + PS,999,479,-2,14,1,1
20,SARSA + PS,999,480,0,12,1,1
20,SARSA + PS,999,481,1,20,0,1
20,SARSA + PS,999,482,12,9,0,1
20,SARSA + PS,999,483,-6,18,1,1
20,SARSA + PS,999,484,6,15,0,1
20,SARSA + PS,999,485,-18,30,1,1
20,SARSA + PS,999,486,-4,25,0,1
20,SARSA + PS,999,487,-2,14,1,1
20,SARSA + PS,999,488,13,8,0,1
20,SARSA + PS,999,489,-1,13,1,1
20,SARSA + PS,999,490,10,11,0,1
20,SARSA + PS,999,491,-9,21,1,1
20,SARSA + PS,999,492,1,11,1,1
20,SARSA + PS,999,493,5,16,0,1
20,SARSA + PS,999,494,-10,22,1,1
20,SARSA + PS,999,495,-4,16,1,1
20,SARSA + PS,999,496,13,8,0,1
20,SARSA + PS,999,497,6,15,0,1
20,SARSA + PS,999,498,7,14,0,1
20,SARSA + PS,999,499,-18,21,2,1
20,SARSA + PS,2024,0,-574,172,47,1
20,SARSA + PS,2024,1,-686,200,54,0
20,SARSA + PS,2024,2,-686,200,54,0
20,SARSA + PS,2024,3,-551,200,39,0
20,SARSA + PS,2024,4,-722,200,58,0
20,SARSA + PS,2024,5,-704,200,56,0
20,SARSA + PS,2024,6,-1,13,1,1
20,SARSA + PS,2024,7,-803,200,67,0
20,SARSA + PS,2024,8,-794,200,66,0
20,SARSA + PS,2024,9,-596,200,44,0
20,SARSA + PS,2024,10,-722,200,58,0
20,SARSA + PS,2024,11,-767,200,63,0
20,SARSA + PS,2024,12,-532,121,48,1
20,SARSA + PS,2024,13,-668,200,52,0
20,SARSA + PS,2024,14,-183,51,17,1
20,SARSA + PS,2024,15,-259,118,18,1
20,SARSA + PS,2024,16,-614,200,46,0
20,SARSA + PS,2024,17,-42,63,0,1
20,SARSA + PS,2024,18,-353,200,17,0
20,SARSA + PS,2024,19,-263,200,7,0
20,SARSA + PS,2024,20,-236,200,4,0
20,SARSA + PS,2024,21,-344,200,16,0
20,SARSA + PS,2024,22,-722,200,58,0
20,SARSA + PS,2024,23,-326,200,14,0
20,SARSA + PS,2024,24,11,10,0,1
20,SARSA + PS,2024,25,-794,200,66,0
20,SARSA + PS,2024,26,-686,200,54,0
20,SARSA + PS,2024,27,-290,200,10,0
20,SARSA + PS,2024,28,-262,94,21,1
20,SARSA + PS,2024,29,-184,115,10,1
20,SARSA + PS,2024,30,-335,200,15,0
20,SARSA + PS,2024,31,-560,200,40,0
20,SARSA + PS,2024,32,6,15,0,1
20,SARSA + PS,2024,33,14,7,0,1
20,SARSA + PS,2024,34,-632,200,48,0
20,SARSA + PS,2024,35,-263,200,7,0
20,SARSA + PS,2024,36,-461,200,29,0
20,SARSA + PS,2024,37,-533,200,37,0
20,SARSA + PS,2024,38,-32,35,2,1
20,SARSA + PS,2024,39,-28,40,1,1
20,SARSA + PS,2024,40,-587,200,43,0
20,SARSA + PS,2024,41,-254,200,6,0
20,SARSA + PS,2024,42,12,9,0,1
20,SARSA + PS,2024,43,-299,200,11,0
20,SARSA + PS,2024,44,12,9,0,1
20,SARSA + PS,2024,45,-470,200,30,0
20,SARSA + PS,2024,46,-281,200,9,0
20,SARSA + PS,2024,47,-233,200,6,1
20,SARSA + PS,2024,48,-263,200,7,0
20,SARSA + PS,2024,49,-263,200,7,0
20,SARSA + PS,2024,50,-245,200,5,0
20,SARSA + PS,2024,51,0,21,0,1
20,SARSA + PS,2024,52,8,13,0,1
20,SARSA + PS,2024,53,-12,33,0,1
20,SARSA + PS,2024,54,-40,52,1,1
20,SARSA + PS,2024,55,10,11,0,1
20,SARSA + PS,2024,56,-254,200,6,0
20,SARSA + PS,2024,57,-272,200,8,0
20,SARSA + PS,2024,58,9,12,0,1
20,SARSA + PS,2024,59,-263,200,7,0
20,SARSA + PS,2024,60,-272,200,8,0
20,SARSA + PS,2024,61,10,11,0,1
20,SARSA + PS,2024,62,-722,200,58,0
20,SARSA + PS,2024,63,5,16,0,1
20,SARSA + PS,2024,64,-2,14,1,1
20,SARSA + PS,2024,65,-254,200,6,0
20,SARSA + PS,2024,66,0,12,1,1
20,SARSA + PS,2024,67,11,10,0,1
20,SARSA + PS,2024,68,1,20,0,1
20,SARSA + PS,2024,69,-109,94,4,1
20,SARSA + PS,2024,70,13,8,0,1
20,SARSA + PS,2024,71,6,15,0,1
20,SARSA + PS,2024,72,-110,95,4,1
20,SARSA + PS,2024,73,-245,200,5,0
20,SARSA + PS,2024,74,-36,39,2,1
20,SARSA + PS,2024,75,12,9,0,1
20,SARSA + PS,2024,76,1,11,1,1
20,SARSA + PS,2024,77,-198,174,5,1
20,SARSA + PS,2024,78,-189,111,11,1
20,SARSA + PS,2024,79,-167,161,3,1
20,SARSA + PS,2024,80,5,16,0,1
20,SARSA + PS,2024,81,-236,200,4,0
20,SARSA + PS,2024,82,-15,27,1,1
20,SARSA + PS,2024,83,-9,12,2,1
20,SARSA + PS,2024,84,9,12,0,1
20,SARSA + PS,2024,85,9,12,0,1
20,SARSA + PS,2024,86,9,12,0,1
20,SARSA + PS,2024,87,-290,200,10,0
20,SARSA + PS,2024,88,9,12,0,1
20,SARSA + PS,2024,89,10,11,0,1
20,SARSA + PS,2024,90,10,11,0,1
20,SARSA + PS,2024,91,-249,189,9,1
20,SARSA + PS,2024,92,-218,200,2,0
20,SARSA + PS,2024,93,12,9,0,1
20,SARSA + PS,2024,94,8,13,0,1
20,SARSA + PS,2024,95,7,14,0,1
20,SARSA + PS,2024,96,-148,133,4,1
20,SARSA + PS,2024,97,-14,26,1,1
20,SARSA + PS,2024,98,6,15,0,1
20,SARSA + PS,2024,99,-272,200,8,0
20,SARSA + PS,2024,100,13,8,0,1
20,SARSA + PS,2024,101,10,11,0,1
20,SARSA + PS,2024,102,6,15,0,1
20,SARSA + PS,2024,103,-4,25,0,1
20,SARSA + PS,2024,104,13,8,0,1
20,SARSA + PS,2024,105,12,9,0,1
20,SARSA + PS,2024,106,-14,26,1,1
20,SARSA + PS,2024,107,13,8,0,1
20,SARSA + PS,2024,108,8,13,0,1
20,SARSA + PS,2024,109,-175,151,5,1
20,SARSA + PS,2024,110,-12,24,1,1
20,SARSA + PS,2024,111,5,16,0,1
20,SARSA + PS,2024,112,2,19,0,1
20,SARSA + PS,2024,113,10,11,0,1
20,SARSA + PS,2024,114,-58,52,3,1
20,SARSA + PS,2024,115,1,11,1,1
20,SARSA + PS,2024,116,-76,70,3,1
20,SARSA + PS,2024,117,0,12,1,1
20,SARSA + PS,2024,118,-14,17,2,1
20,SARSA + PS,2024,119,-278,92,23,1
20,SARSA + PS,2024,120,-281,200,9,0
20,SARSA + PS,2024,121,11,10,0,1
20,SARSA + PS,2024,122,9,12,0,1
20,SARSA + PS,2024,123,11,10,0,1
20,SARSA + PS,2024,124,-4,25,0,1
20,SARSA + PS,2024,125,1,11,1,1
20,SARSA + PS,2024,126,8,13,0,1
20,SARSA + PS,2024,127,-26,47,0,1
20,SARSA + PS,2024,128,-3,15,1,1
20,SARSA + PS,2024,129,-272,200,8,0
20,SARSA + PS,2024,130,10,11,0,1
20,SARSA + PS,2024,131,-281,200,9,0
20,SARSA + PS,2024,132,13,8,0,1
20,SARSA + PS,2024,133,12,9,0,1
20,SARSA + PS,2024,134,-24,27,2,1
20,SARSA + PS,2024,135,-183,132,8,1
20,SARSA + PS,2024,136,9,12,0,1
20,SARSA + PS,2024,137,-32,35,2,1
20,SARSA + PS,2024,138,-10,31,0,1
20,SARSA + PS,2024,139,-4,16,1,1
20,SARSA + PS,2024,140,-28,49,0,1
20,SARSA + PS,2024,141,-161,110,8,1
20,SARSA + PS,2024,142,-8,29,0,1
20,SARSA + PS,2024,143,5,16,0,1
20,SARSA + PS,2024,144,9,12,0,1
20,SARSA + PS,2024,145,11,10,0,1
20,SARSA + PS,2024,146,9,12,0,1
20,SARSA + PS,2024,147,10,11,0,1
20,SARSA + PS,2024,148,-13,16,2,1
20,SARSA + PS,2024,149,-2,23,0,1
20,SARSA + PS,2024,150,0,21,0,1
20,SARSA + PS,2024,151,-4,16,1,1
20,SARSA + PS,2024,152,2,10,1,1
20,SARSA + PS,2024,153,7,14,0,1
20,SARSA + PS,2024,154,13,8,0,1
20,SARSA + PS,2024,155,9,12,0,1
20,SARSA + PS,2024,156,-3,15,1,1
20,SARSA + PS,2024,157,-7,28,0,1
20,SARSA + PS,2024,158,8,13,0,1
20,SARSA + PS,2024,159,-59,71,1,1
20,SARSA + PS,2024,160,-29,32,2,1
20,SARSA + PS,2024,161,-4,16,1,1
20,SARSA + PS,2024,162,-1,22,0,1
20,SARSA + PS,2024,163,10,11,0,1
20,SARSA + PS,2024,164,12,9,0,1
20,SARSA + PS,2024,165,9,12,0,1
20,SARSA + PS,2024,166,7,14,0,1
20,SARSA + PS,2024,167,7,14,0,1
20,SARSA + PS,2024,168,8,13,0,1
20,SARSA + PS,2024,169,4,17,0,1
20,SARSA + PS,2024,170,-151,118,6,1
20,SARSA + PS,2024,171,11,10,0,1
20,SARSA + PS,2024,172,-371,200,19,0
20,SARSA + PS,2024,173,5,16,0,1
20,SARSA + PS,2024,174,-63,48,4,1
20,SARSA + PS,2024,175,-23,35,1,1
20,SARSA + PS,2024,176,0,21,0,1
20,SARSA + PS,2024,177,7,14,0,1
20,SARSA + PS,2024,178,-9,21,1,1
20,SARSA + PS,2024,179,-58,52,3,1
20,SARSA + PS,2024,180,-64,58,3,1
20,SARSA + PS,2024,181,-8,20,1,1
20,SARSA + PS,2024,182,11,10,0,1
20,SARSA + PS,2024,183,2,19,0,1
20,SARSA + PS,2024,184,13,8,0,1
20,SARSA + PS,2024,185,6,15,0,1
20,SARSA + PS,2024,186,8,13,0,1
20,SARSA + PS,2024,187,-4,16,1,1
20,SARSA + PS,2024,188,-2,14,1,1
20,SARSA + PS,2024,189,-10,22,1,1
20,SARSA + PS,2024,190,5,16,0,1
20,SARSA + PS,2024,191,-272,200,8,0
20,SARSA + PS,2024,192,-14,17,2,1
20,SARSA + PS,2024,193,12,9,0,1
20,SARSA + PS,2024,194,-5,17,1,1
20,SARSA + PS,2024,195,-6,18,1,1
20,SARSA + PS,2024,196,-4,16,1,1
20,SARSA + PS,2024,197,-13,16,2,1
20,SARSA + PS,2024,198,-2,14,1,1
20,SARSA + PS,2024,199,12,9,0,1
20,SARSA + PS,2024,200,6,15,0,1
20,SARSA + PS,2024,201,7,14,0,1
20,SARSA + PS,2024,202,8,13,0,1
20,SARSA + PS,2024,203,13,8,0,1
20,SARSA + PS,2024,204,-25,19,3,1
20,SARSA + PS,2024,205,11,10,0,1
20,SARSA + PS,2024,206,12,9,0,1
20,SARSA + PS,2024,207,-25,46,0,1
20,SARSA + PS,2024,208,-16,19,2,1
20,SARSA + PS,2024,209,3,18,0,1
20,SARSA + PS,2024,210,-46,49,2,1
20,SARSA + PS,2024,211,-1,13,1,1
20,SARSA + PS,2024,212,6,15,0,1
20,SARSA + PS,2024,213,-43,55,1,1
20,SARSA + PS,2024,214,10,11,0,1
20,SARSA + PS,2024,215,10,11,0,1
20,SARSA + PS,2024,216,-11,23,1,1
20,SARSA + PS,2024,217,-28,40,1,1
20,SARSA + PS,2024,218,5,16,0,1
20,SARSA + PS,2024,219,-3,15,1,1
20,SARSA + PS,2024,220,-19,31,1,1
20,SARSA + PS,2024,221,-21,33,1,1
20,SARSA + PS,2024,222,-89,74,4,1
20,SARSA + PS,2024,223,2,19,0,1
20,SARSA + PS,2024,224,-2,23,0,1
20,SARSA + PS,2024,225,-11,14,2,1
20,SARSA + PS,2024,226,-9,21,1,1
20,SARSA + PS,2024,227,10,11,0,1
20,SARSA + PS,2024,228,-6,18,1,1
20,SARSA + PS,2024,229,10,11,0,1
20,SARSA + PS,2024,230,1,20,0,1
20,SARSA + PS,2024,231,7,14,0,1
20,SARSA + PS,2024,232,-5,17,1,1
20,SARSA + PS,2024,233,9,12,0,1
20,SARSA + PS,2024,234,-2,23,0,1
20,SARSA + PS,2024,235,-15,18,2,1
20,SARSA + PS,2024,236,10,11,0,1
20,SARSA + PS,2024,237,8,13,0,1
20,SARSA + PS,2024,238,6,15,0,1
20,SARSA + PS,2024,239,7,14,0,1
20,SARSA + PS,2024,240,11,10,0,1
20,SARSA + PS,2024,241,9,12,0,1
20,SARSA + PS,2024,242,15,6,0,1
20,SARSA + PS,2024,243,-27,39,1,1
20,SARSA + PS,2024,244,9,12,0,1
20,SARSA + PS,2024,245,2,19,0,1
20,SARSA + PS,2024,246,-39,42,2,1
20,SARSA + PS,2024,247,6,15,0,1
20,SARSA + PS,2024,248,9,12,0,1
20,SARSA + PS,2024,249,6,15,0,1
20,SARSA + PS,2024,250,-17,20,2,1
20,SARSA + PS,2024,251,5,16,0,1
20,SARSA + PS,2024,252,7,14,0,1
20,SARSA + PS,2024,253,5,16,0,1
20,SARSA + PS,2024,254,-87,63,5,1
20,SARSA + PS,2024,255,11,10,0,1
20,SARSA + PS,2024,256,0,12,1,1
20,SARSA + PS,2024,257,9,12,0,1
20,SARSA + PS,2024,258,9,12,0,1
20,SARSA + PS,2024,259,9,12,0,1
20,SARSA + PS,2024,260,6,15,0,1
20,SARSA + PS,2024,261,9,12,0,1
20,SARSA + PS,2024,262,-10,13,2,1
20,SARSA + PS,2024,263,-128,95,6,1
20,SARSA + PS,2024,264,-5,17,1,1
20,SARSA + PS,2024,265,-6,18,1,1
20,SARSA + PS,2024,266,-4,16,1,1
20,SARSA + PS,2024,267,-7,19,1,1
20,SARSA + PS,2024,268,-122,89,6,1
20,SARSA + PS,2024,269,14,7,0,1
20,SARSA + PS,2024,270,5,16,0,1
20,SARSA + PS,2024,271,1,11,1,1
20,SARSA + PS,2024,272,8,13,0,1
20,SARSA + PS,2024,273,9,12,0,1
20,SARSA + PS,2024,274,-2,14,1,1
20,SARSA + PS,2024,275,-57,33,5,1
20,SARSA + PS,2024,276,-5,17,1,1
20,SARSA + PS,2024,277,10,11,0,1
20,SARSA + PS,2024,278,-1,13,1,1
20,SARSA + PS,2024,279,6,15,0,1
20,SARSA + PS,2024,280,-1,22,0,1
20,SARSA + PS,2024,281,-112,124,1,1
20,SARSA + PS,2024,282,-9,21,1,1
20,SARSA + PS,2024,283,-53,56,2,1
20,SARSA + PS,2024,284,8,13,0,1
20,SARSA + PS,2024,285,-4,16,1,1
20,SARSA + PS,2024,286,10,11,0,1
20,SARSA + PS,2024,287,-14,26,1,1
20,SARSA + PS,2024,288,7,14,0,1
20,SARSA + PS,2024,289,8,13,0,1
20,SARSA + PS,2024,290,2,19,0,1
20,SARSA + PS,2024,291,-12,15,2,1
20,SARSA + PS,2024,292,9,12,0,1
20,SARSA + PS,2024,293,-4,25,0,1
20,SARSA + PS,2024,294,-1,13,1,1
20,SARSA + PS,2024,295,-23,35,1,1
20,SARSA + PS,2024,296,-2,23,0,1
20,SARSA + PS,2024,297,-11,14,2,1
20,SARSA + PS,2024,298,-38,23,4,1
20,SARSA + PS,2024,299,7,14,0,1
20,SARSA + PS,2024,300,-29,23,3,1
20,SARSA + PS,2024,301,-8,20,1,1
20,SARSA + PS,2024,302,7,14,0,1
20,SARSA + PS,2024,303,8,13,0,1
20,SARSA + PS,2024,304,10,11,0,1
20,SARSA + PS,2024,305,8,13,0,1
20,SARSA + PS,2024,306,-3,15,1,1
20,SARSA + PS,2024,307,3,18,0,1
20,SARSA + PS,2024,308,-6,18,1,1
20,SARSA + PS,2024,309,6,15,0,1
20,SARSA + PS,2024,310,2,19,0,1
20,SARSA + PS,2024,311,-3,15,1,1
20,SARSA + PS,2024,312,10,11,0,1
20,SARSA + PS,2024,313,6,15,0,1
20,SARSA + PS,2024,314,-35,47,1,1
20,SARSA + PS,2024,315,6,15,0,1
20,SARSA + PS,2024,316,-5,17,1,1
20,SARSA + PS,2024,317,-2,23,0,1
20,SARSA + PS,2024,318,1,20,0,1
20,SARSA + PS,2024,319,-45,57,1,1
20,SARSA + PS,2024,320,-151,136,4,1
20,SARSA + PS,2024,321,-5,17,1,1
20,SARSA + PS,2024,322,8,13,0,1
20,SARSA + PS,2024,323,-9,21,1,1
20,SARSA + PS,2024,324,7,14,0,1
20,SARSA + PS,2024,325,6,15,0,1
20,SARSA + PS,2024,326,-11,23,1,1
20,SARSA + PS,2024,327,8,13,0,1
20,SARSA + PS,2024,328,5,16,0,1
20,SARSA + PS,2024,329,10,11,0,1
20,SARSA + PS,2024,330,4,17,0,1
20,SARSA + PS,2024,331,-10,31,0,1
20,SARSA + PS,2024,332,5,16,0,1
20,SARSA + PS,2024,333,-6,18,1,1
20,SARSA + PS,2024,334,8,13,0,1
20,SARSA + PS,2024,335,7,14,0,1
20,SARSA + PS,2024,336,9,12,0,1
20,SARSA + PS,2024,337,8,13,0,1
20,SARSA + PS,2024,338,13,8,0,1
20,SARSA + PS,2024,339,2,19,0,1
20,SARSA + PS,2024,340,12,9,0,1
20,SARSA + PS,2024,341,11,10,0,1
20,SARSA + PS,2024,342,3,18,0,1
20,SARSA + PS,2024,343,11,10,0,1
20,SARSA + PS,2024,344,-4,16,1,1
20,SARSA + PS,2024,345,7,14,0,1
20,SARSA + PS,2024,346,6,15,0,1
20,SARSA + PS,2024,347,6,15,0,1
20,SARSA + PS,2024,348,1,20,0,1
20,SARSA + PS,2024,349,5,16,0,1
20,SARSA + PS,2024,350,-82,76,3,1
20,SARSA + PS,2024,351,1,11,1,1
20,SARSA + PS,2024,352,8,13,0,1
20,SARSA + PS,2024,353,-2,23,0,1
20,SARSA + PS,2024,354,10,11,0,1
20,SARSA + PS,2024,355,8,13,0,1
20,SARSA + PS,2024,356,6,15,0,1
20,SARSA + PS,2024,357,14,7,0,1
20,SARSA + PS,2024,358,-22,25,2,1
20,SARSA + PS,2024,359,13,8,0,1
20,SARSA + PS,2024,360,10,11,0,1
20,SARSA + PS,2024,361,-7,19,1,1
20,SARSA + PS,2024,362,8,13,0,1
20,SARSA + PS,2024,363,8,13,0,1
20,SARSA + PS,2024,364,7,14,0,1
20,SARSA + PS,2024,365,8,13,0,1
20,SARSA + PS,2024,366,9,12,0,1
20,SARSA + PS,2024,367,-39,33,3,1
20,SARSA + PS,2024,368,-1,13,1,1
20,SARSA + PS,2024,369,-3,15,1,1
20,SARSA + PS,2024,370,-6,27,0,1
20,SARSA + PS,2024,371,-15,18,2,1
20,SARSA + PS,2024,372,-4,16,1,1
20,SARSA + PS,2024,373,13,8,0,1
20,SARSA + PS,2024,374,-29,41,1,1
20,SARSA + PS,2024,375,1,20,0,1
20,SARSA + PS,2024,376,-1,22,0,1
20,SARSA + PS,2024,377,-25,28,2,1
20,SARSA + PS,2024,378,-123,117,3,1
20,SARSA + PS,2024,379,-6,18,1,1
20,SARSA + PS,2024,380,1,11,1,1
20,SARSA + PS,2024,381,-7,19,1,1
20,SARSA + PS,2024,382,11,10,0,1
20,SARSA + PS,2024,383,-56,50,3,1
20,SARSA + PS,2024,384,10,11,0,1
20,SARSA + PS,2024,385,-26,38,1,1
20,SARSA + PS,2024,386,3,18,0,1
20,SARSA + PS,2024,387,10,11,0,1
20,SARSA + PS,2024,388,-8,20,1,1
20,SARSA + PS,2024,389,9,12,0,1
20,SARSA + PS,2024,390,1,20,0,1
20,SARSA + PS,2024,391,6,15,0,1
20,SARSA + PS,2024,392,10,11,0,1
20,SARSA + PS,2024,393,9,12,0,1
20,SARSA + PS,2024,394,10,11,0,1
20,SARSA + PS,2024,395,-2,14,1,1
20,SARSA + PS,2024,396,11,10,0,1
20,SARSA + PS,2024,397,-1,22,0,1
20,SARSA + PS,2024,398,3,18,0,1
20,SARSA + PS,2024,399,5,16,0,1
20,SARSA + PS,2024,400,-5,17,1,1
20,SARSA + PS,2024,401,10,11,0,1
20,SARSA + PS,2024,402,-8,20,1,1
20,SARSA + PS,2024,403,11,10,0,1
20,SARSA + PS,2024,404,-35,56,0,1
20,SARSA + PS,2024,405,13,8,0,1
20,SARSA + PS,2024,406,7,14,0,1
20,SARSA + PS,2024,407,-6,9,2,1
20,SARSA + PS,2024,408,-8,29,0,1
20,SARSA + PS,2024,409,-3,15,1,1
20,SARSA + PS,2024,410,8,13,0,1
20,SARSA + PS,2024,411,6,15,0,1
20,SARSA + PS,2024,412,7,14,0,1
20,SARSA + PS,2024,413,7,14,0,1
20,SARSA + PS,2024,414,-39,33,3,1
20,SARSA + PS,2024,415,4,17,0,1
20,SARSA + PS,2024,416,-35,38,2,1
20,SARSA + PS,2024,417,6,15,0,1
20,SARSA + PS,2024,418,7,14,0,1
20,SARSA + PS,2024,419,4,17,0,1
20,SARSA + PS,2024,420,8,13,0,1
20,SARSA + PS,2024,421,7,14,0,1
20,SARSA + PS,2024,422,-8,20,1,1
20,SARSA + PS,2024,423,11,10,0,1
20,SARSA + PS,2024,424,-4,16,1,1
20,SARSA + PS,2024,425,11,10,0,1
20,SARSA + PS,2024,426,-1,13,1,1
20,SARSA + PS,2024,427,8,13,0,1
20,SARSA + PS,2024,428,8,13,0,1
20,SARSA + PS,2024,429,13,8,0,1
20,SARSA + PS,2024,430,11,10,0,1
20,SARSA + PS,2024,431,7,14,0,1
20,SARSA + PS,2024,432,8,13,0,1
20,SARSA + PS,2024,433,-6,18,1,1
20,SARSA + PS,2024,434,-7,19,1,1
20,SARSA + PS,2024,435,-3,15,1,1
20,SARSA + PS,2024,436,7,14,0,1
20,SARSA + PS,2024,437,6,15,0,1
20,SARSA + PS,2024,438,-39,60,0,1
20,SARSA + PS,2024,439,-3,15,1,1
20,SARSA + PS,2024,440,-6,18,1,1
20,SARSA + PS,2024,441,8,13,0,1
20,SARSA + PS,2024,442,-4,16,1,1
20,SARSA + PS,2024,443,-43,46,2,1
20,SARSA + PS,2024,444,-5,17,1,1
20,SARSA + PS,2024,445,-4,16,1,1
20,SARSA + PS,2024,446,-17,20,2,1
20,SARSA + PS,2024,447,1,20,0,1
20,SARSA + PS,2024,448,12,9,0,1
20,SARSA + PS,2024,449,-67,61,3,1
20,SARSA + PS,2024,450,7,14,0,1
20,SARSA + PS,2024,451,-16,19,2,1
20,SARSA + PS,2024,452,8,13,0,1
20,SARSA + PS,2024,453,6,15,0,1
20,SARSA + PS,2024,454,-5,17,1,1
20,SARSA + PS,2024,455,9,12,0,1
20,SARSA + PS,2024,456,-43,55,1,1
20,SARSA + PS,2024,457,6,15,0,1
20,SARSA + PS,2024,458,2,19,0,1
20,SARSA + PS,2024,459,7,14,0,1
20,SARSA + PS,2024,460,8,13,0,1
20,SARSA + PS,2024,461,-6,18,1,1
20,SARSA + PS,2024,462,-7,19,1,1
20,SARSA + PS,2024,463,6,15,0,1
20,SARSA + PS,2024,464,6,15,0,1
20,SARSA + PS,2024,465,5,16,0,1
20,SARSA + PS,2024,466,9,12,0,1
20,SARSA + PS,2024,467,-15,18,2,1
20,SARSA + PS,2024,468,9,12,0,1
20,SARSA + PS,2024,469,4,17,0,1
20,SARSA + PS,2024,470,9,12,0,1
20,SARSA + PS,2024,471,3,18,0,1
20,SARSA + PS,2024,472,-3,15,1,1
20,SARSA + PS,2024,473,-1,13,1,1
20,SARSA + PS,2024,474,-13,25,1,1
20,SARSA + PS,2024,475,7,14,0,1
20,SARSA + PS,2024,476,-3,15,1,1
20,SARSA + PS,2024,477,4,17,0,1
20,SARSA + PS,2024,478,10,11,0,1
20,SARSA + PS,2024,479,2,19,0,1
20,SARSA + PS,2024,480,8,13,0,1
20,SARSA + PS,2024,481,8,13,0,1
20,SARSA + PS,2024,482,-84,69,4,1
20,SARSA + PS,2024,483,-2,23,0,1
20,SARSA + PS,2024,484,12,9,0,1
20,SARSA + PS,2024,485,10,11,0,1
20,SARSA + PS,2024,486,-1,13,1,1
20,SARSA + PS,2024,487,11,10,0,1
20,SARSA + PS,2024,488,10,11,0,1
20,SARSA + PS,2024,489,0,21,0,1
20,SARSA + PS,2024,490,10,11,0,1
20,SARSA + PS,2024,491,-6,18,1,1
20,SARSA + PS,2024,492,-4,16,1,1
20,SARSA + PS,2024,493,4,17,0,1
20,SARSA + PS,2024,494,-2,14,1,1
20,SARSA + PS,2024,495,-8,20,1,1
20,SARSA + PS,2024,496,5,16,0,1
20,SARSA + PS,2024,497,8,13,0,1
20,SARSA + PS,2024,498,-2,14,1,1
20,SARSA + PS,2024,499,8,13,0,1
20,SARSA + PS + Kernel,42,0,-821,200,69,0
20,SARSA + PS + Kernel,42,1,-686,200,54,0
20,SARSA + PS + Kernel,42,2,-704,200,56,0
20,SARSA + PS + Kernel,42,3,-767,200,63,0
20,SARSA + PS + Kernel,42,4,-794,200,66,0
20,SARSA + PS + Kernel,42,5,-794,200,66,0
20,SARSA + PS + Kernel,42,6,-731,200,59,0
20,SARSA + PS + Kernel,42,7,-722,200,58,0
20,SARSA + PS + Kernel,42,8,-731,200,59,0
20,SARSA + PS + Kernel,42,9,-502,163,40,1
20,SARSA + PS + Kernel,42,10,-587,200,43,0
20,SARSA + PS + Kernel,42,11,-542,200,38,0
20,SARSA + PS + Kernel,42,12,-7,19,1,1
20,SARSA + PS + Kernel,42,13,-560,200,40,0
20,SARSA + PS + Kernel,42,14,-695,200,55,0
20,SARSA + PS + Kernel,42,15,-497,200,33,0
20,SARSA + PS + Kernel,42,16,-389,200,21,0
20,SARSA + PS + Kernel,42,17,-587,194,46,1
20,SARSA + PS + Kernel,42,18,-578,200,42,0
20,SARSA + PS + Kernel,42,19,-614,200,46,0
20,SARSA + PS + Kernel,42,20,-767,200,63,0
20,SARSA + PS + Kernel,42,21,-416,140,33,1
20,SARSA + PS + Kernel,42,22,-421,190,28,1
20,SARSA + PS + Kernel,42,23,-473,188,34,1
20,SARSA + PS + Kernel,42,24,-623,200,47,0
20,SARSA + PS + Kernel,42,25,-263,200,7,0
20,SARSA + PS + Kernel,42,26,-380,200,20,0
20,SARSA + PS + Kernel,42,27,-124,118,3,1
20,SARSA + PS + Kernel,42,28,-26,38,1,1
20,SARSA + PS + Kernel,42,29,-272,200,8,0
20,SARSA + PS + Kernel,42,30,-506,200,34,0
20,SARSA + PS + Kernel,42,31,-143,92,8,1
20,SARSA + PS + Kernel,42,32,-167,170,2,1
20,SARSA + PS + Kernel,42,33,-40,61,0,1
20,SARSA + PS + Kernel,42,34,-21,33,1,1
20,SARSA + PS + Kernel,42,35,-281,200,9,0
20,SARSA + PS + Kernel,42,36,-533,200,37,0
20,SARSA + PS + Kernel,42,37,-299,200,11,0
20,SARSA + PS + Kernel,42,38,-8,20,1,1
20,SARSA + PS + Kernel,42,39,-255,78,22,1
20,SARSA + PS + Kernel,42,40,-218,200,2,0
20,SARSA + PS + Kernel,42,41,-506,200,34,0
20,SARSA + PS + Kernel,42,42,-101,77,5,1
20,SARSA + PS + Kernel,42,43,13,8,0,1
20,SARSA + PS + Kernel,42,44,-71,74,2,1
20,SARSA + PS + Kernel,42,45,7,14,0,1
20,SARSA + PS + Kernel,42,46,12,9,0,1
20,SARSA + PS + Kernel,42,47,9,12,0,1
20,SARSA + PS + Kernel,42,48,10,11,0,1
20,SARSA + PS + Kernel,42,49,-217,175,7,1
20,SARSA + PS + Kernel,42,50,4,17,0,1
20,SARSA + PS + Kernel,42,51,-163,148,4,1
20,SARSA + PS + Kernel,42,52,-225,192,6,1
20,SARSA + PS + Kernel,42,53,10,11,0,1
20,SARSA + PS + Kernel,42,54,-272,200,8,0
20,SARSA + PS + Kernel,42,55,-123,63,9,1
20,SARSA + PS + Kernel,42,56,-6,27,0,1
20,SARSA + PS + Kernel,42,57,-40,34,3,1
20,SARSA + PS + Kernel,42,58,-233,83,19,1
20,SARSA + PS + Kernel,42,59,-41,44,2,1
20,SARSA + PS + Kernel,42,60,-30,33,2,1
20,SARSA + PS + Kernel,42,61,-84,24,9,1
20,SARSA + PS + Kernel,42,62,-245,200,5,0
20,SARSA + PS + Kernel,42,63,-98,74,5,1
20,SARSA + PS + Kernel,42,64,-5,17,1,1
20,SARSA + PS + Kernel,42,65,-290,200,10,0
20,SARSA + PS + Kernel,42,66,-61,46,4,1
20,SARSA + PS + Kernel,42,67,-191,167,5,1
20,SARSA + PS + Kernel,42,68,-11,23,1,1
20,SARSA + PS + Kernel,42,69,-16,19,2,1
20,SARSA + PS + Kernel,42,70,3,18,0,1
20,SARSA + PS + Kernel,42,71,-137,50,12,1
20,SARSA + PS + Kernel,42,72,-245,200,5,0
20,SARSA + PS + Kernel,42,73,10,11,0,1
20,SARSA + PS + Kernel,42,74,1,11,1,1
20,SARSA + PS + Kernel,42,75,-88,46,7,1
20,SARSA + PS + Kernel,42,76,-44,29,4,1
20,SARSA + PS + Kernel,42,77,14,7,0,1
20,SARSA + PS + Kernel,42,78,-48,51,2,1
20,SARSA + PS + Kernel,42,79,-255,105,19,1
20,SARSA + PS + Kernel,42,80,1,11,1,1
20,SARSA + PS + Kernel,42,81,4,17,0,1
20,SARSA + PS + Kernel,42,82,-51,54,2,1
20,SARSA + PS + Kernel,42,83,-9,30,0,1
20,SARSA + PS + Kernel,42,84,14,7,0,1
20,SARSA + PS + Kernel,42,85,9,12,0,1
20,SARSA + PS + Kernel,42,86,-434,200,26,0
20,SARSA + PS + Kernel,42,87,-6,27,0,1
20,SARSA + PS + Kernel,42,88,-16,37,0,1
20,SARSA + PS + Kernel,42,89,11,10,0,1
20,SARSA + PS + Kernel,42,90,5,16,0,1
20,SARSA + PS + Kernel,42,91,-25,19,3,1
20,SARSA + PS + Kernel,42,92,-263,200,7,0
20,SARSA + PS + Kernel,42,93,-272,200,8,0
20,SARSA + PS + Kernel,42,94,-172,157,4,1
20,SARSA + PS + Kernel,42,95,-173,113,9,1
20,SARSA + PS + Kernel,42,96,3,18,0,1
20,SARSA + PS + Kernel,42,97,-75,96,0,1
20,SARSA + PS + Kernel,42,98,-218,200,2,0
20,SARSA + PS + Kernel,42,99,3,18,0,1
20,SARSA + PS + Kernel,42,100,11,10,0,1
20,SARSA + PS + Kernel,42,101,-19,31,1,1
20,SARSA + PS + Kernel,42,102,10,11,0,1
20,SARSA + PS + Kernel,42,103,1,20,0,1
20,SARSA + PS + Kernel,42,104,-13,16,2,1
20,SARSA + PS + Kernel,42,105,-130,142,1,1
20,SARSA + PS + Kernel,42,106,-51,63,1,1
20,SARSA + PS + Kernel,42,107,-11,32,0,1
20,SARSA + PS + Kernel,42,108,15,6,0,1
20,SARSA + PS + Kernel,42,109,-17,20,2,1
20,SARSA + PS + Kernel,42,110,-55,67,1,1
20,SARSA + PS + Kernel,42,111,6,15,0,1
20,SARSA + PS + Kernel,42,112,-32,44,1,1
20,SARSA + PS + Kernel,42,113,-4,16,1,1
20,SARSA + PS + Kernel,42,114,13,8,0,1
20,SARSA + PS + Kernel,42,115,11,10,0,1
20,SARSA + PS + Kernel,42,116,-80,65,4,1
20,SARSA + PS + Kernel,42,117,-23,35,1,1
20,SARSA + PS + Kernel,42,118,11,10,0,1
20,SARSA + PS + Kernel,42,119,-56,59,2,1
20,SARSA + PS + Kernel,42,120,-12,24,1,1
20,SARSA + PS + Kernel,42,121,-13,16,2,1
20,SARSA + PS + Kernel,42,122,-158,62,13,1
20,SARSA + PS + Kernel,42,123,0,12,1,1
20,SARSA + PS + Kernel,42,124,7,14,0,1
20,SARSA + PS + Kernel,42,125,-2,14,1,1
20,SARSA + PS + Kernel,42,126,5,16,0,1
20,SARSA + PS + Kernel,42,127,10,11,0,1
20,SARSA + PS + Kernel,42,128,-70,82,1,1
20,SARSA + PS + Kernel,42,129,5,16,0,1
20,SARSA + PS + Kernel,42,130,11,10,0,1
20,SARSA + PS + Kernel,42,131,5,16,0,1
20,SARSA + PS + Kernel,42,132,-17,29,1,1
20,SARSA + PS + Kernel,42,133,-31,43,1,1
20,SARSA + PS + Kernel,42,134,-16,28,1,1
20,SARSA + PS + Kernel,42,135,11,10,0,1
20,SARSA + PS + Kernel,42,136,-33,45,1,1
20,SARSA + PS + Kernel,42,137,-26,29,2,1
20,SARSA + PS + Kernel,42,138,9,12,0,1
20,SARSA + PS + Kernel,42,139,4,17,0,1
20,SARSA + PS + Kernel,42,140,-7,19,1,1
20,SARSA + PS + Kernel,42,141,-8,11,2,1
20,SARSA + PS + Kernel,42,142,-200,149,8,1
20,SARSA + PS + Kernel,42,143,-14,26,1,1
20,SARSA + PS + Kernel,42,144,-39,51,1,1
20,SARSA + PS + Kernel,42,145,2,19,0,1
20,SARSA + PS + Kernel,42,146,-3,15,1,1
20,SARSA + PS + Kernel,42,147,5,16,0,1
20,SARSA + PS + Kernel,42,148,7,14,0,1
20,SARSA + PS + Kernel,42,149,3,18,0,1
20,SARSA + PS + Kernel,42,150,8,13,0,1
20,SARSA + PS + Kernel,42,151,6,15,0,1
20,SARSA + PS + Kernel,42,152,-25,37,1,1
20,SARSA + PS + Kernel,42,153,-48,42,3,1
20,SARSA + PS + Kernel,42,154,-5,26,0,1
20,SARSA + PS + Kernel,42,155,1,20,0,1
20,SARSA + PS + Kernel,42,156,7,14,0,1
20,SARSA + PS + Kernel,42,157,-1,22,0,1
20,SARSA + PS + Kernel,42,158,-2,14,1,1
20,SARSA + PS + Kernel,42,159,10,11,0,1
20,SARSA + PS + Kernel,42,160,-62,65,2,1
20,SARSA + PS + Kernel,42,161,-2,14,1,1
20,SARSA + PS + Kernel,42,162,8,13,0,1
20,SARSA + PS + Kernel,42,163,6,15,0,1
20,SARSA + PS + Kernel,42,164,10,11,0,1
20,SARSA + PS + Kernel,42,165,9,12,0,1
20,SARSA + PS + Kernel,42,166,14,7,0,1
20,SARSA + PS + Kernel,42,167,7,14,0,1
20,SARSA + PS + Kernel,42,168,-28,49,0,1
20,SARSA + PS + Kernel,42,169,7,14,0,1
20,SARSA + PS + Kernel,42,170,-1,13,1,1
20,SARSA + PS + Kernel,42,171,-3,24,0,1
20,SARSA + PS + Kernel,42,172,-7,19,1,1
20,SARSA + PS + Kernel,42,173,-20,41,0,1
20,SARSA + PS + Kernel,42,174,7,14,0,1
20,SARSA + PS + Kernel,42,175,-7,19,1,1
20,SARSA + PS + Kernel,42,176,3,18,0,1
20,SARSA + PS + Kernel,42,177,6,15,0,1
20,SARSA + PS + Kernel,42,178,-26,29,2,1
20,SARSA + PS + Kernel,42,179,5,16,0,1
20,SARSA + PS + Kernel,42,180,11,10,0,1
20,SARSA + PS + Kernel,42,181,-25,37,1,1
20,SARSA + PS + Kernel,42,182,10,11,0,1
20,SARSA + PS + Kernel,42,183,-12,15,2,1
20,SARSA + PS + Kernel,42,184,-19,31,1,1
20,SARSA + PS + Kernel,42,185,10,11,0,1
20,SARSA + PS + Kernel,42,186,1,11,1,1
20,SARSA + PS + Kernel,42,187,-23,26,2,1
20,SARSA + PS + Kernel,42,188,12,9,0,1
20,SARSA + PS + Kernel,42,189,7,14,0,1
20,SARSA + PS + Kernel,42,190,12,9,0,1
20,SARSA + PS + Kernel,42,191,9,12,0,1
20,SARSA + PS + Kernel,42,192,-3,15,1,1
20,SARSA + PS + Kernel,42,193,10,11,0,1
20,SARSA + PS + Kernel,42,194,1,11,1,1
20,SARSA + PS + Kernel,42,195,6,15,0,1
20,SARSA + PS + Kernel,42,196,-64,58,3,1
20,SARSA + PS + Kernel,42,197,-47,59,1,1
20,SARSA + PS + Kernel,42,198,8,13,0,1
20,SARSA + PS + Kernel,42,199,12,9,0,1
20,SARSA + PS + Kernel,42,200,5,16,0,1
20,SARSA + PS + Kernel,42,201,3,18,0,1
20,SARSA + PS + Kernel,42,202,9,12,0,1
20,SARSA + PS + Kernel,42,203,-10,13,2,1
20,SARSA + PS + Kernel,42,204,-5,17,1,1
20,SARSA + PS + Kernel,42,205,-1,13,1,1
20,SARSA + PS + Kernel,42,206,5,16,0,1
20,SARSA + PS + Kernel,42,207,-20,23,2,1
20,SARSA + PS + Kernel,42,208,12,9,0,1
20,SARSA + PS + Kernel,42,209,-3,15,1,1
20,SARSA + PS + Kernel,42,210,1,20,0,1
20,SARSA + PS + Kernel,42,211,-6,18,1,1
20,SARSA + PS + Kernel,42,212,10,11,0,1
20,SARSA + PS + Kernel,42,213,-23,17,3,1
20,SARSA + PS + Kernel,42,214,10,11,0,1
20,SARSA + PS + Kernel,42,215,6,15,0,1
20,SARSA + PS + Kernel,42,216,9,12,0,1
20,SARSA + PS + Kernel,42,217,6,15,0,1
20,SARSA + PS + Kernel,42,218,-7,19,1,1
20,SARSA + PS + Kernel,42,219,-24,45,0,1
20,SARSA + PS + Kernel,42,220,-24,18,3,1
20,SARSA + PS + Kernel,42,221,12,9,0,1
20,SARSA + PS + Kernel,42,222,10,11,0,1
20,SARSA + PS + Kernel,42,223,-10,13,2,1
20,SARSA + PS + Kernel,42,224,14,7,0,1
20,SARSA + PS + Kernel,42,225,1,11,1,1
20,SARSA + PS + Kernel,42,226,-10,31,0,1
20,SARSA + PS + Kernel,42,227,-4,16,1,1
20,SARSA + PS + Kernel,42,228,-6,18,1,1
20,SARSA + PS + Kernel,42,229,8,13,0,1
20,SARSA + PS + Kernel,42,230,-4,16,1,1
20,SARSA + PS + Kernel,42,231,-1,22,0,1
20,SARSA + PS + Kernel,42,232,-3,15,1,1
20,SARSA + PS + Kernel,42,233,6,15,0,1
20,SARSA + PS + Kernel,42,234,14,7,0,1
20,SARSA + PS + Kernel,42,235,11,10,0,1
20,SARSA + PS + Kernel,42,236,7,14,0,1
20,SARSA + PS + Kernel,42,237,-14,26,1,1
20,SARSA + PS + Kernel,42,238,1,11,1,1
20,SARSA + PS + Kernel,42,239,8,13,0,1
20,SARSA + PS + Kernel,42,240,9,12,0,1
20,SARSA + PS + Kernel,42,241,3,18,0,1
20,SARSA + PS + Kernel,42,242,-12,24,1,1
20,SARSA + PS + Kernel,42,243,8,13,0,1
20,SARSA + PS + Kernel,42,244,8,13,0,1
20,SARSA + PS + Kernel,42,245,-4,25,0,1
20,SARSA + PS + Kernel,42,246,-3,15,1,1
20,SARSA + PS + Kernel,42,247,-4,16,1,1
20,SARSA + PS + Kernel,42,248,8,13,0,1
20,SARSA + PS + Kernel,42,249,-3,15,1,1
20,SARSA + PS + Kernel,42,250,-5,17,1,1
20,SARSA + PS + Kernel,42,251,6,15,0,1
20,SARSA + PS + Kernel,42,252,-2,14,1,1
20,SARSA + PS + Kernel,42,253,8,13,0,1
20,SARSA + PS + Kernel,42,254,7,14,0,1
20,SARSA + PS + Kernel,42,255,4,17,0,1
20,SARSA + PS + Kernel,42,256,9,12,0,1
20,SARSA + PS + Kernel,42,257,-2,14,1,1
20,SARSA + PS + Kernel,42,258,4,17,0,1
20,SARSA + PS + Kernel,42,259,-1,13,1,1
20,SARSA + PS + Kernel,42,260,11,10,0,1
20,SARSA + PS + Kernel,42,261,-110,113,2,1
20,SARSA + PS + Kernel,42,262,-19,22,2,1
20,SARSA + PS + Kernel,42,263,10,11,0,1
20,SARSA + PS + Kernel,42,264,-25,28,2,1
20,SARSA + PS + Kernel,42,265,6,15,0,1
20,SARSA + PS + Kernel,42,266,-2,14,1,1
20,SARSA + PS + Kernel,42,267,-4,16,1,1
20,SARSA + PS + Kernel,42,268,7,14,0,1
20,SARSA + PS + Kernel,42,269,6,15,0,1
20,SARSA + PS + Kernel,42,270,7,14,0,1
20,SARSA + PS + Kernel,42,271,-2,23,0,1
20,SARSA + PS + Kernel,42,272,-13,25,1,1
20,SARSA + PS + Kernel,42,273,-16,19,2,1
20,SARSA + PS + Kernel,42,274,13,8,0,1
20,SARSA + PS + Kernel,42,275,-15,18,2,1
20,SARSA + PS + Kernel,42,276,2,10,1,1
20,SARSA + PS + Kernel,42,277,-26,20,3,1
20,SARSA + PS + Kernel,42,278,-9,21,1,1
20,SARSA + PS + Kernel,42,279,8,13,0,1
20,SARSA + PS + Kernel,42,280,-3,15,1,1
20,SARSA + PS + Kernel,42,281,2,19,0,1
20,SARSA + PS + Kernel,42,282,9,12,0,1
20,SARSA + PS + Kernel,42,283,-1,13,1,1
20,SARSA + PS + Kernel,42,284,-13,16,2,1
20,SARSA + PS + Kernel,42,285,6,15,0,1
20,SARSA + PS + Kernel,42,286,-7,19,1,1
20,SARSA + PS + Kernel,42,287,4,17,0,1
20,SARSA + PS + Kernel,42,288,-22,43,0,1
20,SARSA + PS + Kernel,42,289,12,9,0,1
20,SARSA + PS + Kernel,42,290,0,12,1,1
20,SARSA + PS + Kernel,42,291,-21,24,2,1
20,SARSA + PS + Kernel,42,292,12,9,0,1
20,SARSA + PS + Kernel,42,293,-6,18,1,1
20,SARSA + PS + Kernel,42,294,-45,39,3,1
20,SARSA + PS + Kernel,42,295,8,13,0,1
20,SARSA + PS + Kernel,42,296,9,12,0,1
20,SARSA + PS + Kernel,42,297,8,13,0,1
20,SARSA + PS + Kernel,42,298,1,11,1,1
20,SARSA + PS + Kernel,42,299,-20,32,1,1
20,SARSA + PS + Kernel,42,300,-6,18,1,1
20,SARSA + PS + Kernel,42,301,-5,17,1,1
20,SARSA + PS + Kernel,42,302,6,15,0,1
20,SARSA + PS + Kernel,42,303,6,15,0,1
20,SARSA + PS + Kernel,42,304,-4,16,1,1
20,SARSA + PS + Kernel,42,305,3,18,0,1
20,SARSA + PS + Kernel,42,306,-12,24,1,1
20,SARSA + PS + Kernel,42,307,7,14,0,1
20,SARSA + PS + Kernel,42,308,8,13,0,1
20,SARSA + PS + Kernel,42,309,11,10,0,1
20,SARSA + PS + Kernel,42,310,5,16,0,1
20,SARSA + PS + Kernel,42,311,5,16,0,1
20,SARSA + PS + Kernel,42,312,6,15,0,1
20,SARSA + PS + Kernel,42,313,10,11,0,1
20,SARSA + PS + Kernel,42,314,-5,17,1,1
20,SARSA + PS + Kernel,42,315,-5,17,1,1
20,SARSA + PS + Kernel,42,316,-3,15,1,1
20,SARSA + PS + Kernel,42,317,-9,12,2,1
20,SARSA + PS + Kernel,42,318,8,13,0,1
20,SARSA + PS + Kernel,42,319,-6,18,1,1
20,SARSA + PS + Kernel,42,320,5,16,0,1
20,SARSA + PS + Kernel,42,321,11,10,0,1
20,SARSA + PS + Kernel,42,322,-10,22,1,1
20,SARSA + PS + Kernel,42,323,1,11,1,1
20,SARSA + PS + Kernel,42,324,8,13,0,1
20,SARSA + PS + Kernel,42,325,8,13,0,1
20,SARSA + PS + Kernel,42,326,9,12,0,1
20,SARSA + PS + Kernel,42,327,-2,14,1,1
20,SARSA + PS + Kernel,42,328,-11,23,1,1
20,SARSA + PS + Kernel,42,329,9,12,0,1
20,SARSA + PS + Kernel,42,330,10,11,0,1
20,SARSA + PS + Kernel,42,331,-3,15,1,1
20,SARSA + PS + Kernel,42,332,1,20,0,1
20,SARSA + PS + Kernel,42,333,-7,19,1,1
20,SARSA + PS + Kernel,42,334,0,12,1,1
20,SARSA + PS + Kernel,42,335,4,17,0,1
20,SARSA + PS + Kernel,42,336,-1,13,1,1
20,SARSA + PS + Kernel,42,337,-20,23,2,1
20,SARSA + PS + Kernel,42,338,5,16,0,1
20,SARSA + PS + Kernel,42,339,-2,14,1,1
20,SARSA + PS + Kernel,42,340,-13,16,2,1
20,SARSA + PS + Kernel,42,341,1,20,0,1
20,SARSA + PS + Kernel,42,342,9,12,0,1
20,SARSA + PS + Kernel,42,343,-25,19,3,1
20,SARSA + PS + Kernel,42,344,-6,18,1,1
20,SARSA + PS + Kernel,42,345,11,10,0,1
20,SARSA + PS + Kernel,42,346,7,14,0,1
20,SARSA + PS + Kernel,42,347,-8,11,2,1
20,SARSA + PS + Kernel,42,348,-3,15,1,1
20,SARSA + PS + Kernel,42,349,11,10,0,1
20,SARSA + PS + Kernel,42,350,3,18,0,1
20,SARSA + PS + Kernel,42,351,-14,17,2,1
20,SARSA + PS + Kernel,42,352,6,15,0,1
20,SARSA + PS + Kernel,42,353,5,16,0,1
20,SARSA + PS + Kernel,42,354,-14,17,2,1
20,SARSA + PS + Kernel,42,355,9,12,0,1
20,SARSA + PS + Kernel,42,356,-1,13,1,1
20,SARSA + PS + Kernel,42,357,-5,17,1,1
20,SARSA + PS + Kernel,42,358,6,15,0,1
20,SARSA + PS + Kernel,42,359,-4,16,1,1
20,SARSA + PS + Kernel,42,360,6,15,0,1
20,SARSA + PS + Kernel,42,361,14,7,0,1
20,SARSA + PS + Kernel,42,362,9,12,0,1
20,SARSA + PS + Kernel,42,363,6,15,0,1
20,SARSA + PS + Kernel,42,364,6,15,0,1
20,SARSA + PS + Kernel,42,365,8,13,0,1
20,SARSA + PS + Kernel,42,366,9,12,0,1
20,SARSA + PS + Kernel,42,367,8,13,0,1
20,SARSA + PS + Kernel,42,368,4,17,0,1
20,SARSA + PS + Kernel,42,369,6,15,0,1
20,SARSA + PS + Kernel,42,370,10,11,0,1
20,SARSA + PS + Kernel,42,371,14,7,0,1
20,SARSA + PS + Kernel,42,372,2,10,1,1
20,SARSA + PS + Kernel,42,373,-23,26,2,1
20,SARSA + PS + Kernel,42,374,9,12,0,1
20,SARSA + PS + Kernel,42,375,2,10,1,1
20,SARSA + PS + Kernel,42,376,7,14,0,1
20,SARSA + PS + Kernel,42,377,-4,16,1,1
20,SARSA + PS + Kernel,42,378,1,11,1,1
20,SARSA + PS + Kernel,42,379,0,21,0,1
20,SARSA + PS + Kernel,42,380,5,16,0,1
20,SARSA + PS + Kernel,42,381,9,12,0,1
20,SARSA + PS + Kernel,42,382,5,16,0,1
20,SARSA + PS + Kernel,42,383,-4,16,1,1
20,SARSA + PS + Kernel,42,384,10,11,0,1
20,SARSA + PS + Kernel,42,385,4,17,0,1
20,SARSA + PS + Kernel,42,386,4,17,0,1
20,SARSA + PS + Kernel,42,387,-2,14,1,1
20,SARSA + PS + Kernel,42,388,4,17,0,1
20,SARSA + PS + Kernel,42,389,1,20,0,1
20,SARSA + PS + Kernel,42,390,-4,16,1,1
20,SARSA + PS + Kernel,42,391,3,18,0,1
20,SARSA + PS + Kernel,42,392,-4,16,1,1
20,SARSA + PS + Kernel,42,393,-4,16,1,1
20,SARSA + PS + Kernel,42,394,5,16,0,1
20,SARSA + PS + Kernel,42,395,8,13,0,1
20,SARSA + PS + Kernel,42,396,5,16,0,1
20,SARSA + PS + Kernel,42,397,7,14,0,1
20,SARSA + PS + Kernel,42,398,7,14,0,1
20,SARSA + PS + Kernel,42,399,13,8,0,1
20,SARSA + PS + Kernel,42,400,10,11,0,1
20,SARSA + PS + Kernel,42,401,-16,19,2,1
20,SARSA + PS + Kernel,42,402,11,10,0,1
20,SARSA + PS + Kernel,42,403,0,12,1,1
20,SARSA + PS + Kernel,42,404,1,20,0,1
20,SARSA + PS + Kernel,42,405,-4,16,1,1
20,SARSA + PS + Kernel,42,406,2,19,0,1
20,SARSA + PS + Kernel,42,407,6,15,0,1
20,SARSA + PS + Kernel,42,408,7,14,0,1
20,SARSA + PS + Kernel,42,409,-1,13,1,1
20,SARSA + PS + Kernel,42,410,12,9,0,1
20,SARSA + PS + Kernel,42,411,-3,24,0,1
20,SARSA + PS + Kernel,42,412,7,14,0,1
20,SARSA + PS + Kernel,42,413,8,13,0,1
20,SARSA + PS + Kernel,42,414,-1,13,1,1
20,SARSA + PS + Kernel,42,415,-2,14,1,1
20,SARSA + PS + Kernel,42,416,4,17,0,1
20,SARSA + PS + Kernel,42,417,-5,26,0,1
20,SARSA + PS + Kernel,42,418,-18,21,2,1
20,SARSA + PS + Kernel,42,419,-13,16,2,1
20,SARSA + PS + Kernel,42,420,5,16,0,1
20,SARSA + PS + Kernel,42,421,4,17,0,1
20,SARSA + PS + Kernel,42,422,10,11,0,1
20,SARSA + PS + Kernel,42,423,1,20,0,1
20,SARSA + PS + Kernel,42,424,6,15,0,1
20,SARSA + PS + Kernel,42,425,7,14,0,1
20,SARSA + PS + Kernel,42,426,12,9,0,1
20,SARSA + PS + Kernel,42,427,7,14,0,1
20,SARSA + PS + Kernel,42,428,12,9,0,1
20,SARSA + PS + Kernel,42,429,-2,14,1,1
20,SARSA + PS + Kernel,42,430,8,13,0,1
20,SARSA + PS + Kernel,42,431,-2,14,1,1
20,SARSA + PS + Kernel,42,432,10,11,0,1
20,SARSA + PS + Kernel,42,433,-5,26,0,1
20,SARSA + PS + Kernel,42,434,-15,27,1,1
20,SARSA + PS + Kernel,42,435,-9,21,1,1
20,SARSA + PS + Kernel,42,436,8,13,0,1
20,SARSA + PS + Kernel,42,437,6,15,0,1
20,SARSA + PS + Kernel,42,438,-3,15,1,1
20,SARSA + PS + Kernel,42,439,3,18,0,1
20,SARSA + PS + Kernel,42,440,-2,14,1,1
20,SARSA + PS + Kernel,42,441,6,15,0,1
20,SARSA + PS + Kernel,42,442,2,19,0,1
20,SARSA + PS + Kernel,42,443,10,11,0,1
20,SARSA + PS + Kernel,42,444,6,15,0,1
20,SARSA + PS + Kernel,42,445,-1,13,1,1
20,SARSA + PS + Kernel,42,446,-1,22,0,1
20,SARSA + PS + Kernel,42,447,6,15,0,1
20,SARSA + PS + Kernel,42,448,8,13,0,1
20,SARSA + PS + Kernel,42,449,-2,14,1,1
20,SARSA + PS + Kernel,42,450,-17,20,2,1
20,SARSA + PS + Kernel,42,451,-5,17,1,1
20,SARSA + PS + Kernel,42,452,4,17,0,1
20,SARSA + PS + Kernel,42,453,4,17,0,1
20,SARSA + PS + Kernel,42,454,-3,15,1,1
20,SARSA + PS + Kernel,42,455,-6,18,1,1
20,SARSA + PS + Kernel,42,456,10,11,0,1
20,SARSA + PS + Kernel,42,457,6,15,0,1
20,SARSA + PS + Kernel,42,458,4,17,0,1
20,SARSA + PS + Kernel,42,459,-9,12,2,1
20,SARSA + PS + Kernel,42,460,2,10,1,1
20,SARSA + PS + Kernel,42,461,5,16,0,1
20,SARSA + PS + Kernel,42,462,-1,22,0,1
20,SARSA + PS + Kernel,42,463,-6,18,1,1
20,SARSA + PS + Kernel,42,464,0,12,1,1
20,SARSA + PS + Kernel,42,465,7,14,0,1
20,SARSA + PS + Kernel,42,466,10,11,0,1
20,SARSA + PS + Kernel,42,467,13,8,0,1
20,SARSA + PS + Kernel,42,468,8,13,0,1
20,SARSA + PS + Kernel,42,469,-18,21,2,1
20,SARSA + PS + Kernel,42,470,4,8,1,1
20,SARSA + PS + Kernel,42,471,4,17,0,1
20,SARSA + PS + Kernel,42,472,7,14,0,1
20,SARSA + PS + Kernel,42,473,8,13,0,1
20,SARSA + PS + Kernel,42,474,-8,20,1,1
20,SARSA + PS + Kernel,42,475,8,13,0,1
20,SARSA + PS + Kernel,42,476,4,17,0,1
20,SARSA + PS + Kernel,42,477,-17,29,1,1
20,SARSA + PS + Kernel,42,478,8,13,0,1
20,SARSA + PS + Kernel,42,479,8,13,0,1
20,SARSA + PS + Kernel,42,480,-21,24,2,1
20,SARSA + PS + Kernel,42,481,12,9,0,1
20,SARSA + PS + Kernel,42,482,-28,22,3,1
20,SARSA + PS + Kernel,42,483,8,13,0,1
20,SARSA + PS + Kernel,42,484,10,11,0,1
20,SARSA + PS + Kernel,42,485,7,14,0,1
20,SARSA + PS + Kernel,42,486,5,16,0,1
20,SARSA + PS + Kernel,42,487,-30,33,2,1
20,SARSA + PS + Kernel,42,488,11,10,0,1
20,SARSA + PS + Kernel,42,489,0,21,0,1
20,SARSA + PS + Kernel,42,490,7,14,0,1
20,SARSA + PS + Kernel,42,491,3,18,0,1
20,SARSA + PS + Kernel,42,492,5,16,0,1
20,SARSA + PS + Kernel,42,493,-12,24,1,1
20,SARSA + PS + Kernel,42,494,14,7,0,1
20,SARSA + PS + Kernel,42,495,-1,13,1,1
20,SARSA + PS + Kernel,42,496,6,15,0,1
20,SARSA + PS + Kernel,42,497,-4,16,1,1
20,SARSA + PS + Kernel,42,498,8,13,0,1
20,SARSA + PS + Kernel,42,499,7,14,0,1
20,SARSA + PS + Kernel,123,0,-758,200,62,0
20,SARSA + PS + Kernel,123,1,-794,200,66,0
20,SARSA + PS + Kernel,123,2,-740,200,60,0
20,SARSA + PS + Kernel,123,3,-465,144,38,1
20,SARSA + PS + Kernel,123,4,-686,200,54,0
20,SARSA + PS + Kernel,123,5,-767,200,63,0
20,SARSA + PS + Kernel,123,6,-650,200,50,0
20,SARSA + PS + Kernel,123,7,-686,200,54,0
20,SARSA + PS + Kernel,123,8,-713,200,57,0
20,SARSA + PS + Kernel,123,9,-668,200,52,0
20,SARSA + PS + Kernel,123,10,-713,200,57,0
20,SARSA + PS + Kernel,123,11,-731,200,59,0
20,SARSA + PS + Kernel,123,12,-767,200,63,0
20,SARSA + PS + Kernel,123,13,-740,200,60,0
20,SARSA + PS + Kernel,123,14,-367,127,29,1
20,SARSA + PS + Kernel,123,15,-344,200,16,0
20,SARSA + PS + Kernel,123,16,-299,104,24,1
20,SARSA + PS + Kernel,123,17,-389,200,21,0
20,SARSA + PS + Kernel,123,18,-596,200,44,0
20,SARSA + PS + Kernel,123,19,-164,86,11,1
20,SARSA + PS + Kernel,123,20,-506,200,34,0
20,SARSA + PS + Kernel,123,21,-587,200,43,0
20,SARSA + PS + Kernel,123,22,-542,200,38,0
20,SARSA + PS + Kernel,123,23,-514,175,40,1
20,SARSA + PS + Kernel,123,24,-150,99,8,1
20,SARSA + PS + Kernel,123,25,-560,200,40,0
20,SARSA + PS + Kernel,123,26,-213,153,9,1
20,SARSA + PS + Kernel,123,27,-50,26,5,1
20,SARSA + PS + Kernel,123,28,-39,24,4,1
20,SARSA + PS + Kernel,123,29,-122,98,5,1
20,SARSA + PS + Kernel,123,30,-578,200,42,0
20,SARSA + PS + Kernel,123,31,-290,200,10,0
20,SARSA + PS + Kernel,123,32,-506,200,34,0
20,SARSA + PS + Kernel,123,33,11,10,0,1
20,SARSA + PS + Kernel,123,34,7,14,0,1
20,SARSA + PS + Kernel,123,35,-371,200,19,0
20,SARSA + PS + Kernel,123,36,-25,46,0,1
20,SARSA + PS + Kernel,123,37,-659,200,51,0
20,SARSA + PS + Kernel,123,38,9,12,0,1
20,SARSA + PS + Kernel,123,39,-254,200,6,0
20,SARSA + PS + Kernel,123,40,-353,200,17,0
20,SARSA + PS + Kernel,123,41,-168,135,6,1
20,SARSA + PS + Kernel,123,42,12,9,0,1
20,SARSA + PS + Kernel,123,43,-130,61,10,1
20,SARSA + PS + Kernel,123,44,-335,158,22,1
20,SARSA + PS + Kernel,123,45,-126,93,6,1
20,SARSA + PS + Kernel,123,46,-169,73,13,1
20,SARSA + PS + Kernel,123,47,-245,200,5,0
20,SARSA + PS + Kernel,123,48,-335,200,15,0
20,SARSA + PS + Kernel,123,49,11,10,0,1
20,SARSA + PS + Kernel,123,50,-59,44,4,1
20,SARSA + PS + Kernel,123,51,-74,86,1,1
20,SARSA + PS + Kernel,123,52,-9,30,0,1
20,SARSA + PS + Kernel,123,53,-15,27,1,1
20,SARSA + PS + Kernel,123,54,1,20,0,1
20,SARSA + PS + Kernel,123,55,-7,19,1,1
20,SARSA + PS + Kernel,123,56,-515,200,35,0
20,SARSA + PS + Kernel,123,57,-19,31,1,1
20,SARSA + PS + Kernel,123,58,-263,200,7,0
20,SARSA + PS + Kernel,123,59,7,14,0,1
20,SARSA + PS + Kernel,123,60,-9,12,2,1
20,SARSA + PS + Kernel,123,61,-90,93,2,1
20,SARSA + PS + Kernel,123,62,-28,40,1,1
20,SARSA + PS + Kernel,123,63,-2,23,0,1
20,SARSA + PS + Kernel,123,64,-130,97,6,1
20,SARSA + PS + Kernel,123,65,-17,20,2,1
20,SARSA + PS + Kernel,123,66,7,14,0,1
20,SARSA + PS + Kernel,123,67,8,13,0,1
20,SARSA + PS + Kernel,123,68,-35,20,4,1
20,SARSA + PS + Kernel,123,69,8,13,0,1
20,SARSA + PS + Kernel,123,70,-245,200,5,0
20,SARSA + PS + Kernel,123,71,-9,21,1,1
20,SARSA + PS + Kernel,123,72,-67,52,4,1
20,SARSA + PS + Kernel,123,73,-48,42,3,1
20,SARSA + PS + Kernel,123,74,-31,34,2,1
20,SARSA + PS + Kernel,123,75,-118,85,6,1
20,SARSA + PS + Kernel,123,76,1,20,0,1
20,SARSA + PS + Kernel,123,77,-2,14,1,1
20,SARSA + PS + Kernel,123,78,0,12,1,1
20,SARSA + PS + Kernel,123,79,-33,45,1,1
20,SARSA + PS + Kernel,123,80,-109,103,3,1
20,SARSA + PS + Kernel,123,81,7,14,0,1
20,SARSA + PS + Kernel,123,82,-19,31,1,1
20,SARSA + PS + Kernel,123,83,8,13,0,1
20,SARSA + PS + Kernel,123,84,-1,13,1,1
20,SARSA + PS + Kernel,123,85,14,7,0,1
20,SARSA + PS + Kernel,123,86,-1,13,1,1
20,SARSA + PS + Kernel,123,87,-263,200,7,0
20,SARSA + PS + Kernel,123,88,5,16,0,1
20,SARSA + PS + Kernel,123,89,5,16,0,1
20,SARSA + PS + Kernel,123,90,-7,19,1,1
20,SARSA + PS + Kernel,123,91,5,16,0,1
20,SARSA + PS + Kernel,123,92,-60,54,3,1
20,SARSA + PS + Kernel,123,93,-105,63,7,1
20,SARSA + PS + Kernel,123,94,3,18,0,1
20,SARSA + PS + Kernel,123,95,-10,22,1,1
20,SARSA + PS + Kernel,123,96,-3,15,1,1
20,SARSA + PS + Kernel,123,97,-5,17,1,1
20,SARSA + PS + Kernel,123,98,-32,35,2,1
20,SARSA + PS + Kernel,123,99,3,9,1,1
20,SARSA + PS + Kernel,123,100,2,19,0,1
20,SARSA + PS + Kernel,123,101,-5,17,1,1
20,SARSA + PS + Kernel,123,102,8,13,0,1
20,SARSA + PS + Kernel,123,103,-57,78,0,1
20,SARSA + PS + Kernel,123,104,6,15,0,1
20,SARSA + PS + Kernel,123,105,-9,12,2,1
20,SARSA + PS + Kernel,123,106,-28,31,2,1
20,SARSA + PS + Kernel,123,107,12,9,0,1
20,SARSA + PS + Kernel,123,108,7,14,0,1
20,SARSA + PS + Kernel,123,109,12,9,0,1
20,SARSA + PS + Kernel,123,110,-25,19,3,1
20,SARSA + PS + Kernel,123,111,-7,19,1,1
20,SARSA + PS + Kernel,123,112,-1,13,1,1
20,SARSA + PS + Kernel,123,113,-10,13,2,1
20,SARSA + PS + Kernel,123,114,-81,48,6,1
20,SARSA + PS + Kernel,123,115,5,16,0,1
20,SARSA + PS + Kernel,123,116,-125,83,7,1
20,SARSA + PS + Kernel,123,117,6,15,0,1
20,SARSA + PS + Kernel,123,118,12,9,0,1
20,SARSA + PS + Kernel,123,119,6,15,0,1
20,SARSA + PS + Kernel,123,120,-54,66,1,1
20,SARSA + PS + Kernel,123,121,7,14,0,1
20,SARSA + PS + Kernel,123,122,9,12,0,1
20,SARSA + PS + Kernel,123,123,-8,20,1,1
20,SARSA + PS + Kernel,123,124,0,12,1,1
20,SARSA + PS + Kernel,123,125,-47,41,3,1
20,SARSA + PS + Kernel,123,126,-127,103,5,1
20,SARSA + PS + Kernel,123,127,14,7,0,1
20,SARSA + PS + Kernel,123,128,7,14,0,1
20,SARSA + PS + Kernel,123,129,-29,41,1,1
20,SARSA + PS + Kernel,123,130,-37,40,2,1
20,SARSA + PS + Kernel,123,131,12,9,0,1
20,SARSA + PS + Kernel,123,132,-28,40,1,1
20,SARSA + PS + Kernel,123,133,8,13,0,1
20,SARSA + PS + Kernel,123,134,-290,200,10,0
20,SARSA + PS + Kernel,123,135,-90,66,5,1
20,SARSA + PS + Kernel,123,136,-290,200,10,0
20,SARSA + PS + Kernel,123,137,6,15,0,1
20,SARSA + PS + Kernel,123,138,5,16,0,1
20,SARSA + PS + Kernel,123,139,5,16,0,1
20,SARSA + PS + Kernel,123,140,2,10,1,1
20,SARSA + PS + Kernel,123,141,2,10,1,1
20,SARSA + PS + Kernel,123,142,-2,14,1,1
20,SARSA + PS + Kernel,123,143,13,8,0,1
20,SARSA + PS + Kernel,123,144,11,10,0,1
20,SARSA + PS + Kernel,123,145,1,20,0,1
20,SARSA + PS + Kernel,123,146,8,13,0,1
20,SARSA + PS + Kernel,123,147,-34,46,1,1
20,SARSA + PS + Kernel,123,148,8,13,0,1
20,SARSA + PS + Kernel,123,149,-1,13,1,1
20,SARSA + PS + Kernel,123,150,-47,32,4,1
20,SARSA + PS + Kernel,123,151,-7,28,0,1
20,SARSA + PS + Kernel,123,152,-2,14,1,1
20,SARSA + PS + Kernel,123,153,5,7,1,1
20,SARSA + PS + Kernel,123,154,10,11,0,1
20,SARSA + PS + Kernel,123,155,-13,16,2,1
20,SARSA + PS + Kernel,123,156,-10,22,1,1
20,SARSA + PS + Kernel,123,157,11,10,0,1
20,SARSA + PS + Kernel,123,158,12,9,0,1
20,SARSA + PS + Kernel,123,159,10,11,0,1
20,SARSA + PS + Kernel,123,160,-31,43,1,1
20,SARSA + PS + Kernel,123,161,-53,65,1,1
20,SARSA + PS + Kernel,123,162,-1,13,1,1
20,SARSA + PS + Kernel,123,163,9,12,0,1
20,SARSA + PS + Kernel,123,164,-6,18,1,1
20,SARSA + PS + Kernel,123,165,2,19,0,1
20,SARSA + PS + Kernel,123,166,-19,22,2,1
20,SARSA + PS + Kernel,123,167,-1,22,0,1
20,SARSA + PS + Kernel,123,168,-29,32,2,1
20,SARSA + PS + Kernel,123,169,-3,15,1,1
20,SARSA + PS + Kernel,123,170,-17,20,2,1
20,SARSA + PS + Kernel,123,171,-4,16,1,1
20,SARSA + PS + Kernel,123,172,3,18,0,1
20,SARSA + PS + Kernel,123,173,6,15,0,1
20,SARSA + PS + Kernel,123,174,-8,20,1,1
20,SARSA + PS + Kernel,123,175,9,12,0,1
20,SARSA + PS + Kernel,123,176,0,21,0,1
20,SARSA + PS + Kernel,123,177,7,14,0,1
20,SARSA + PS + Kernel,123,178,7,14,0,1
20,SARSA + PS + Kernel,123,179,11,10,0,1
20,SARSA + PS + Kernel,123,180,-215,173,7,1
20,SARSA + PS + Kernel,123,181,1,20,0,1
20,SARSA + PS + Kernel,123,182,8,13,0,1
20,SARSA + PS + Kernel,123,183,5,16,0,1
20,SARSA + PS + Kernel,123,184,-27,30,2,1
20,SARSA + PS + Kernel,123,185,9,12,0,1
20,SARSA + PS + Kernel,123,186,-6,18,1,1
20,SARSA + PS + Kernel,123,187,9,12,0,1
20,SARSA + PS + Kernel,123,188,-4,16,1,1
20,SARSA + PS + Kernel,123,189,-82,94,1,1
20,SARSA + PS + Kernel,123,190,-21,33,1,1
20,SARSA + PS + Kernel,123,191,-35,29,3,1
20,SARSA + PS + Kernel,123,192,-51,45,3,1
20,SARSA + PS + Kernel,123,193,13,8,0,1
20,SARSA + PS + Kernel,123,194,-22,25,2,1
20,SARSA + PS + Kernel,123,195,10,11,0,1
20,SARSA + PS + Kernel,123,196,-6,18,1,1
20,SARSA + PS + Kernel,123,197,-13,34,0,1
20,SARSA + PS + Kernel,123,198,8,13,0,1
20,SARSA + PS + Kernel,123,199,4,17,0,1
20,SARSA + PS + Kernel,123,200,-35,38,2,1
20,SARSA + PS + Kernel,123,201,13,8,0,1
20,SARSA + PS + Kernel,123,202,7,14,0,1
20,SARSA + PS + Kernel,123,203,11,10,0,1
20,SARSA + PS + Kernel,123,204,-16,28,1,1
20,SARSA + PS + Kernel,123,205,-23,35,1,1
20,SARSA + PS + Kernel,123,206,-25,46,0,1
20,SARSA + PS + Kernel,123,207,-20,32,1,1
20,SARSA + PS + Kernel,123,208,12,9,0,1
20,SARSA + PS + Kernel,123,209,0,12,1,1
20,SARSA + PS + Kernel,123,210,-2,23,0,1
20,SARSA + PS + Kernel,123,211,10,11,0,1
20,SARSA + PS + Kernel,123,212,4,17,0,1
20,SARSA + PS + Kernel,123,213,-76,70,3,1
20,SARSA + PS + Kernel,123,214,8,13,0,1
20,SARSA + PS + Kernel,123,215,-1,13,1,1
20,SARSA + PS + Kernel,123,216,5,16,0,1
20,SARSA + PS + Kernel,123,217,12,9,0,1
20,SARSA + PS + Kernel,123,218,-91,103,1,1
20,SARSA + PS + Kernel,123,219,9,12,0,1
20,SARSA + PS + Kernel,123,220,-52,55,2,1
20,SARSA + PS + Kernel,123,221,9,12,0,1
20,SARSA + PS + Kernel,123,222,8,13,0,1
20,SARSA + PS + Kernel,123,223,-7,19,1,1
20,SARSA + PS + Kernel,123,224,-11,23,1,1
20,SARSA + PS + Kernel,123,225,-6,18,1,1
20,SARSA + PS + Kernel,123,226,-28,22,3,1
20,SARSA + PS + Kernel,123,227,-2,14,1,1
20,SARSA + PS + Kernel,123,228,8,13,0,1
20,SARSA + PS + Kernel,123,229,-25,37,1,1
20,SARSA + PS + Kernel,123,230,1,20,0,1
20,SARSA + PS + Kernel,123,231,7,14,0,1
20,SARSA + PS + Kernel,123,232,9,12,0,1
20,SARSA + PS + Kernel,123,233,-16,37,0,1
20,SARSA + PS + Kernel,123,234,6,15,0,1
20,SARSA + PS + Kernel,123,235,7,14,0,1
20,SARSA + PS + Kernel,123,236,12,9,0,1
20,SARSA + PS + Kernel,123,237,-6,18,1,1
20,SARSA + PS + Kernel,123,238,6,15,0,1
20,SARSA + PS + Kernel,123,239,7,14,0,1
20,SARSA + PS + Kernel,123,240,12,9,0,1
20,SARSA + PS + Kernel,123,241,-40,34,3,1
20,SARSA + PS + Kernel,123,242,1,11,1,1
20,SARSA + PS + Kernel,123,243,7,14,0,1
20,SARSA + PS + Kernel,123,244,0,12,1,1
20,SARSA + PS + Kernel,123,245,-11,14,2,1
20,SARSA + PS + Kernel,123,246,10,11,0,1
20,SARSA + PS + Kernel,123,247,-11,32,0,1
20,SARSA + PS + Kernel,123,248,6,15,0,1
20,SARSA + PS + Kernel,123,249,10,11,0,1
20,SARSA + PS + Kernel,123,250,8,13,0,1
20,SARSA + PS + Kernel,123,251,-25,37,1,1
20,SARSA + PS + Kernel,123,252,4,17,0,1
20,SARSA + PS + Kernel,123,253,-2,14,1,1
20,SARSA + PS + Kernel,123,254,-2,14,1,1
20,SARSA + PS + Kernel,123,255,5,16,0,1
20,SARSA + PS + Kernel,123,256,-17,20,2,1
20,SARSA + PS + Kernel,123,257,-3,15,1,1
20,SARSA + PS + Kernel,123,258,8,13,0,1
20,SARSA + PS + Kernel,123,259,6,15,0,1
20,SARSA + PS + Kernel,123,260,-23,35,1,1
20,SARSA + PS + Kernel,123,261,9,12,0,1
20,SARSA + PS + Kernel,123,262,-15,27,1,1
20,SARSA + PS + Kernel,123,263,-16,19,2,1
20,SARSA + PS + Kernel,123,264,11,10,0,1
20,SARSA + PS + Kernel,123,265,0,21,0,1
20,SARSA + PS + Kernel,123,266,12,9,0,1
20,SARSA + PS + Kernel,123,267,-73,40,6,1
20,SARSA + PS + Kernel,123,268,15,6,0,1
20,SARSA + PS + Kernel,123,269,-6,18,1,1
20,SARSA + PS + Kernel,123,270,-2,14,1,1
20,SARSA + PS + Kernel,123,271,12,9,0,1
20,SARSA + PS + Kernel,123,272,-23,26,2,1
20,SARSA + PS + Kernel,123,273,-2,14,1,1
20,SARSA + PS + Kernel,123,274,0,12,1,1
20,SARSA + PS + Kernel,123,275,-1,13,1,1
20,SARSA + PS + Kernel,123,276,4,17,0,1
20,SARSA + PS + Kernel,123,277,2,19,0,1
20,SARSA + PS + Kernel,123,278,-23,26,2,1
20,SARSA + PS + Kernel,123,279,-9,21,1,1
20,SARSA + PS + Kernel,123,280,4,8,1,1
20,SARSA + PS + Kernel,123,281,-2,14,1,1
20,SARSA + PS + Kernel,123,282,-6,18,1,1
20,SARSA + PS + Kernel,123,283,-4,25,0,1
20,SARSA + PS + Kernel,123,284,7,14,0,1
20,SARSA + PS + Kernel,123,285,8,13,0,1
20,SARSA + PS + Kernel,123,286,8,13,0,1
20,SARSA + PS + Kernel,123,287,-9,21,1,1
20,SARSA + PS + Kernel,123,288,7,14,0,1
20,SARSA + PS + Kernel,123,289,10,11,0,1
20,SARSA + PS + Kernel,123,290,14,7,0,1
20,SARSA + PS + Kernel,123,291,11,10,0,1
20,SARSA + PS + Kernel,123,292,3,18,0,1
20,SARSA + PS + Kernel,123,293,11,10,0,1
20,SARSA + PS + Kernel,123,294,9,12,0,1
20,SARSA + PS + Kernel,123,295,7,14,0,1
20,SARSA + PS + Kernel,123,296,-60,63,2,1
20,SARSA + PS + Kernel,123,297,10,11,0,1
20,SARSA + PS + Kernel,123,298,4,17,0,1
20,SARSA + PS + Kernel,123,299,7,14,0,1
20,SARSA + PS + Kernel,123,300,9,12,0,1
20,SARSA + PS + Kernel,123,301,-27,21,3,1
20,SARSA + PS + Kernel,123,302,-30,33,2,1
20,SARSA + PS + Kernel,123,303,8,13,0,1
20,SARSA + PS + Kernel,123,304,-14,17,2,1
20,SARSA + PS + Kernel,123,305,-22,25,2,1
20,SARSA + PS + Kernel,123,306,10,11,0,1
20,SARSA + PS + Kernel,123,307,6,15,0,1
20,SARSA + PS + Kernel,123,308,4,17,0,1
20,SARSA + PS + Kernel,123,309,-4,16,1,1
20,SARSA + PS + Kernel,123,310,-8,20,1,1
20,SARSA + PS + Kernel,123,311,-8,20,1,1
20,SARSA + PS + Kernel,123,312,-2,14,1,1
20,SARSA + PS + Kernel,123,313,-37,22,4,1
20,SARSA + PS + Kernel,123,314,10,11,0,1
20,SARSA + PS + Kernel,123,315,5,16,0,1
20,SARSA + PS + Kernel,123,316,-3,15,1,1
20,SARSA + PS + Kernel,123,317,-7,19,1,1
20,SARSA + PS + Kernel,123,318,14,7,0,1
20,SARSA + PS + Kernel,123,319,-4,16,1,1
20,SARSA + PS + Kernel,123,320,6,15,0,1
20,SARSA + PS + Kernel,123,321,1,11,1,1
20,SARSA + PS + Kernel,123,322,10,11,0,1
20,SARSA + PS + Kernel,123,323,-11,23,1,1
20,SARSA + PS + Kernel,123,324,-19,22,2,1
20,SARSA + PS + Kernel,123,325,-4,25,0,1
20,SARSA + PS + Kernel,123,326,6,15,0,1
20,SARSA + PS + Kernel,123,327,5,16,0,1
20,SARSA + PS + Kernel,123,328,9,12,0,1
20,SARSA + PS + Kernel,123,329,0,12,1,1
20,SARSA + PS + Kernel,123,330,-4,25,0,1
20,SARSA + PS + Kernel,123,331,5,16,0,1
20,SARSA + PS + Kernel,123,332,-3,15,1,1
20,SARSA + PS + Kernel,123,333,8,13,0,1
20,SARSA + PS + Kernel,123,334,-13,16,2,1
20,SARSA + PS + Kernel,123,335,-91,85,3,1
20,SARSA + PS + Kernel,123,336,3,18,0,1
20,SARSA + PS + Kernel,123,337,-7,19,1,1
20,SARSA + PS + Kernel,123,338,-3,15,1,1
20,SARSA + PS + Kernel,123,339,-15,27,1,1
20,SARSA + PS + Kernel,123,340,-3,15,1,1
20,SARSA + PS + Kernel,123,341,10,11,0,1
20,SARSA + PS + Kernel,123,342,4,17,0,1
20,SARSA + PS + Kernel,123,343,-14,17,2,1
20,SARSA + PS + Kernel,123,344,-3,15,1,1
20,SARSA + PS + Kernel,123,345,12,9,0,1
20,SARSA + PS + Kernel,123,346,6,15,0,1
20,SARSA + PS + Kernel,123,347,11,10,0,1
20,SARSA + PS + Kernel,123,348,8,13,0,1
20,SARSA + PS + Kernel,123,349,11,10,0,1
20,SARSA + PS + Kernel,123,350,8,13,0,1
20,SARSA + PS + Kernel,123,351,0,12,1,1
20,SARSA + PS + Kernel,123,352,7,14,0,1
20,SARSA + PS + Kernel,123,353,-14,26,1,1
20,SARSA + PS + Kernel,123,354,-51,63,1,1
20,SARSA + PS + Kernel,123,355,-4,16,1,1
20,SARSA + PS + Kernel,123,356,6,15,0,1
20,SARSA + PS + Kernel,123,357,9,12,0,1
20,SARSA + PS + Kernel,123,358,-6,18,1,1
20,SARSA + PS + Kernel,123,359,9,12,0,1
20,SARSA + PS + Kernel,123,360,4,17,0,1
20,SARSA + PS + Kernel,123,361,-107,110,2,1
20,SARSA + PS + Kernel,123,362,8,13,0,1
20,SARSA + PS + Kernel,123,363,-4,16,1,1
20,SARSA + PS + Kernel,123,364,8,13,0,1
20,SARSA + PS + Kernel,123,365,-8,20,1,1
20,SARSA + PS + Kernel,123,366,-14,26,1,1
20,SARSA + PS + Kernel,123,367,7,14,0,1
20,SARSA + PS + Kernel,123,368,-2,14,1,1
20,SARSA + PS + Kernel,123,369,2,19,0,1
20,SARSA + PS + Kernel,123,370,0,21,0,1
20,SARSA + PS + Kernel,123,371,3,18,0,1
20,SARSA + PS + Kernel,123,372,-83,68,4,1
20,SARSA + PS + Kernel,123,373,6,15,0,1
20,SARSA + PS + Kernel,123,374,-2,14,1,1
20,SARSA + PS + Kernel,123,375,-2,14,1,1
20,SARSA + PS + Kernel,123,376,-4,16,1,1
20,SARSA + PS + Kernel,123,377,-6,18,1,1
20,SARSA + PS + Kernel,123,378,10,11,0,1
20,SARSA + PS + Kernel,123,379,13,8,0,1
20,SARSA + PS + Kernel,123,380,3,18,0,1
20,SARSA + PS + Kernel,123,381,-9,21,1,1
20,SARSA + PS + Kernel,123,382,-7,19,1,1
20,SARSA + PS + Kernel,123,383,2,19,0,1
20,SARSA + PS + Kernel,123,384,-4,16,1,1
20,SARSA + PS + Kernel,123,385,9,12,0,1
20,SARSA + PS + Kernel,123,386,9,12,0,1
20,SARSA + PS + Kernel,123,387,9,12,0,1
20,SARSA + PS + Kernel,123,388,-9,21,1,1
20,SARSA + PS + Kernel,123,389,14,7,0,1
20,SARSA + PS + Kernel,123,390,7,14,0,1
20,SARSA + PS + Kernel,123,391,4,17,0,1
20,SARSA + PS + Kernel,123,392,-2,14,1,1
20,SARSA + PS + Kernel,123,393,0,21,0,1
20,SARSA + PS + Kernel,123,394,6,15,0,1
20,SARSA + PS + Kernel,123,395,-24,27,2,1
20,SARSA + PS + Kernel,123,396,1,20,0,1
20,SARSA + PS + Kernel,123,397,9,12,0,1
20,SARSA + PS + Kernel,123,398,10,11,0,1
20,SARSA + PS + Kernel,123,399,-8,20,1,1
20,SARSA + PS + Kernel,123,400,11,10,0,1
20,SARSA + PS + Kernel,123,401,-1,13,1,1
20,SARSA + PS + Kernel,123,402,9,12,0,1
20,SARSA + PS + Kernel,123,403,12,9,0,1
20,SARSA + PS + Kernel,123,404,9,12,0,1
20,SARSA + PS + Kernel,123,405,-5,17,1,1
20,SARSA + PS + Kernel,123,406,-21,24,2,1
20,SARSA + PS + Kernel,123,407,1,11,1,1
20,SARSA + PS + Kernel,123,408,-9,21,1,1
20,SARSA + PS + Kernel,123,409,7,14,0,1
20,SARSA + PS + Kernel,123,410,7,14,0,1
20,SARSA + PS + Kernel,123,411,9,12,0,1
20,SARSA + PS + Kernel,123,412,1,20,0,1
20,SARSA + PS + Kernel,123,413,14,7,0,1
20,SARSA + PS + Kernel,123,414,9,12,0,1
20,SARSA + PS + Kernel,123,415,10,11,0,1
20,SARSA + PS + Kernel,123,416,6,15,0,1
20,SARSA + PS + Kernel,123,417,5,16,0,1
20,SARSA + PS + Kernel,123,418,-7,19,1,1
20,SARSA + PS + Kernel,123,419,8,13,0,1
20,SARSA + PS + Kernel,123,420,-2,14,1,1
20,SARSA + PS + Kernel,123,421,6,15,0,1
20,SARSA + PS + Kernel,123,422,-11,14,2,1
20,SARSA + PS + Kernel,123,423,-6,18,1,1
20,SARSA + PS + Kernel,123,424,5,16,0,1
20,SARSA + PS + Kernel,123,425,0,12,1,1
20,SARSA + PS + Kernel,123,426,-2,14,1,1
20,SARSA + PS + Kernel,123,427,-5,17,1,1
20,SARSA + PS + Kernel,123,428,-3,15,1,1
20,SARSA + PS + Kernel,123,429,-8,20,1,1
20,SARSA + PS + Kernel,123,430,7,14,0,1
20,SARSA + PS + Kernel,123,431,10,11,0,1
20,SARSA + PS + Kernel,123,432,2,19,0,1
20,SARSA + PS + Kernel,123,433,7,14,0,1
20,SARSA + PS + Kernel,123,434,6,15,0,1
20,SARSA + PS + Kernel,123,435,-15,18,2,1
20,SARSA + PS + Kernel,123,436,12,9,0,1
20,SARSA + PS + Kernel,123,437,10,11,0,1
20,SARSA + PS + Kernel,123,438,8,13,0,1
20,SARSA + PS + Kernel,123,439,8,13,0,1
20,SARSA + PS + Kernel,123,440,7,14,0,1
20,SARSA + PS + Kernel,123,441,10,11,0,1
20,SARSA + PS + Kernel,123,442,10,11,0,1
20,SARSA + PS + Kernel,123,443,1,20,0,1
20,SARSA + PS + Kernel,123,444,-5,17,1,1
20,SARSA + PS + Kernel,123,445,11,10,0,1
20,SARSA + PS + Kernel,123,446,7,14,0,1
20,SARSA + PS + Kernel,123,447,1,20,0,1
20,SARSA + PS + Kernel,123,448,6,15,0,1
20,SARSA + PS + Kernel,123,449,12,9,0,1
20,SARSA + PS + Kernel,123,450,-11,23,1,1
20,SARSA + PS + Kernel,123,451,-5,17,1,1
20,SARSA + PS + Kernel,123,452,8,13,0,1
20,SARSA + PS + Kernel,123,453,-9,21,1,1
20,SARSA + PS + Kernel,123,454,-5,17,1,1
20,SARSA + PS + Kernel,123,455,6,15,0,1
20,SARSA + PS + Kernel,123,456,4,17,0,1
20,SARSA + PS + Kernel,123,457,14,7,0,1
20,SARSA + PS + Kernel,123,458,5,16,0,1
20,SARSA + PS + Kernel,123,459,6,15,0,1
20,SARSA + PS + Kernel,123,460,-1,22,0,1
20,SARSA + PS + Kernel,123,461,-6,18,1,1
20,SARSA + PS + Kernel,123,462,5,16,0,1
20,SARSA + PS + Kernel,123,463,8,13,0,1
20,SARSA + PS + Kernel,123,464,10,11,0,1
20,SARSA + PS + Kernel,123,465,9,12,0,1
20,SARSA + PS + Kernel,123,466,8,13,0,1
20,SARSA + PS + Kernel,123,467,9,12,0,1
20,SARSA + PS + Kernel,123,468,8,13,0,1
20,SARSA + PS + Kernel,123,469,4,17,0,1
20,SARSA + PS + Kernel,123,470,7,14,0,1
20,SARSA + PS + Kernel,123,471,-6,18,1,1
20,SARSA + PS + Kernel,123,472,4,17,0,1
20,SARSA + PS + Kernel,123,473,5,16,0,1
20,SARSA + PS + Kernel,123,474,13,8,0,1
20,SARSA + PS + Kernel,123,475,5,16,0,1
20,SARSA + PS + Kernel,123,476,6,15,0,1
20,SARSA + PS + Kernel,123,477,-12,24,1,1
20,SARSA + PS + Kernel,123,478,8,13,0,1
20,SARSA + PS + Kernel,123,479,2,19,0,1
20,SARSA + PS + Kernel,123,480,-25,19,3,1
20,SARSA + PS + Kernel,123,481,6,15,0,1
20,SARSA + PS + Kernel,123,482,6,15,0,1
20,SARSA + PS + Kernel,123,483,8,13,0,1
20,SARSA + PS + Kernel,123,484,8,13,0,1
20,SARSA + PS + Kernel,123,485,11,10,0,1
20,SARSA + PS + Kernel,123,486,4,17,0,1
20,SARSA + PS + Kernel,123,487,-15,18,2,1
20,SARSA + PS + Kernel,123,488,10,11,0,1
20,SARSA + PS + Kernel,123,489,-4,16,1,1
20,SARSA + PS + Kernel,123,490,-7,19,1,1
20,SARSA + PS + Kernel,123,491,-6,18,1,1
20,SARSA + PS + Kernel,123,492,-3,15,1,1
20,SARSA + PS + Kernel,123,493,-2,14,1,1
20,SARSA + PS + Kernel,123,494,-87,81,3,1
20,SARSA + PS + Kernel,123,495,8,13,0,1
20,SARSA + PS + Kernel,123,496,4,17,0,1
20,SARSA + PS + Kernel,123,497,-3,15,1,1
20,SARSA + PS + Kernel,123,498,5,16,0,1
20,SARSA + PS + Kernel,123,499,-13,25,1,1
20,SARSA + PS + Kernel,777,0,-749,200,61,0
20,SARSA + PS + Kernel,777,1,-731,200,59,0
20,SARSA + PS + Kernel,777,2,-686,200,54,0
20,SARSA + PS + Kernel,777,3,-821,200,69,0
20,SARSA + PS + Kernel,777,4,-749,200,61,0
20,SARSA + PS + Kernel,777,5,-677,200,53,0
20,SARSA + PS + Kernel,777,6,-740,200,60,0
20,SARSA + PS + Kernel,777,7,-704,200,56,0
20,SARSA + PS + Kernel,777,8,-722,200,58,0
20,SARSA + PS + Kernel,777,9,-677,200,53,0
20,SARSA + PS + Kernel,777,10,-623,200,47,0
20,SARSA + PS + Kernel,777,11,-677,200,53,0
20,SARSA + PS + Kernel,777,12,-695,200,55,0
20,SARSA + PS + Kernel,777,13,-695,200,55,0
20,SARSA + PS + Kernel,777,14,-378,156,27,1
20,SARSA + PS + Kernel,777,15,-228,114,15,1
20,SARSA + PS + Kernel,777,16,-449,119,39,1
20,SARSA + PS + Kernel,777,17,-587,200,43,0
20,SARSA + PS + Kernel,777,18,-354,186,21,1
20,SARSA + PS + Kernel,777,19,-569,200,41,0
20,SARSA + PS + Kernel,777,20,-632,200,48,0
20,SARSA + PS + Kernel,777,21,1,20,0,1
20,SARSA + PS + Kernel,777,22,-569,200,41,0
20,SARSA + PS + Kernel,777,23,-281,200,9,0
20,SARSA + PS + Kernel,777,24,-425,200,25,0
20,SARSA + PS + Kernel,777,25,-402,135,32,1
20,SARSA + PS + Kernel,777,26,-32,44,1,1
20,SARSA + PS + Kernel,777,27,-133,64,10,1
20,SARSA + PS + Kernel,777,28,-506,200,34,0
20,SARSA + PS + Kernel,777,29,-623,200,47,0
20,SARSA + PS + Kernel,777,30,-560,200,40,0
20,SARSA + PS + Kernel,777,31,-587,200,43,0
20,SARSA + PS + Kernel,777,32,-40,34,3,1
20,SARSA + PS + Kernel,777,33,-170,128,7,1
20,SARSA + PS + Kernel,777,34,-461,200,29,0
20,SARSA + PS + Kernel,777,35,-146,122,5,1
20,SARSA + PS + Kernel,777,36,9,12,0,1
20,SARSA + PS + Kernel,777,37,-23,17,3,1
20,SARSA + PS + Kernel,777,38,-335,200,15,0
20,SARSA + PS + Kernel,777,39,-281,200,9,0
20,SARSA + PS + Kernel,777,40,-7,19,1,1
20,SARSA + PS + Kernel,777,41,-551,200,39,0
20,SARSA + PS + Kernel,777,42,9,12,0,1
20,SARSA + PS + Kernel,777,43,-344,200,16,0
20,SARSA + PS + Kernel,777,44,-43,37,3,1
20,SARSA + PS + Kernel,777,45,-62,47,4,1
20,SARSA + PS + Kernel,777,46,-299,200,11,0
20,SARSA + PS + Kernel,777,47,-299,200,11,0
20,SARSA + PS + Kernel,777,48,9,12,0,1
20,SARSA + PS + Kernel,777,49,5,16,0,1
20,SARSA + PS + Kernel,777,50,-113,107,3,1
20,SARSA + PS + Kernel,777,51,-281,200,9,0
20,SARSA + PS + Kernel,777,52,-443,200,27,0
20,SARSA + PS + Kernel,777,53,-200,149,8,1
20,SARSA + PS + Kernel,777,54,14,7,0,1
20,SARSA + PS + Kernel,777,55,11,10,0,1
20,SARSA + PS + Kernel,777,56,-10,22,1,1
20,SARSA + PS + Kernel,777,57,-5,17,1,1
20,SARSA + PS + Kernel,777,58,-25,28,2,1
20,SARSA + PS + Kernel,777,59,-229,187,7,1
20,SARSA + PS + Kernel,777,60,-192,123,10,1
20,SARSA + PS + Kernel,777,61,-89,101,1,1
20,SARSA + PS + Kernel,777,62,-217,184,6,1
20,SARSA + PS + Kernel,777,63,-11,23,1,1
20,SARSA + PS + Kernel,777,64,12,9,0,1
20,SARSA + PS + Kernel,777,65,-1,13,1,1
20,SARSA + PS + Kernel,777,66,-272,200,8,0
20,SARSA + PS + Kernel,777,67,7,14,0,1
20,SARSA + PS + Kernel,777,68,6,15,0,1
20,SARSA + PS + Kernel,777,69,-163,139,5,1
20,SARSA + PS + Kernel,777,70,-7,19,1,1
20,SARSA + PS + Kernel,777,71,-216,192,5,1
20,SARSA + PS + Kernel,777,72,-42,45,2,1
20,SARSA + PS + Kernel,777,73,5,16,0,1
20,SARSA + PS + Kernel,777,74,-138,141,2,1
20,SARSA + PS + Kernel,777,75,-41,35,3,1
20,SARSA + PS + Kernel,777,76,9,12,0,1
20,SARSA + PS + Kernel,777,77,-18,30,1,1
20,SARSA + PS + Kernel,777,78,-290,200,10,0
20,SARSA + PS + Kernel,777,79,11,10,0,1
20,SARSA + PS + Kernel,777,80,6,15,0,1
20,SARSA + PS + Kernel,777,81,-165,141,5,1
20,SARSA + PS + Kernel,777,82,-173,131,7,1
20,SARSA + PS + Kernel,777,83,8,13,0,1
20,SARSA + PS + Kernel,777,84,-33,54,0,1
20,SARSA + PS + Kernel,777,85,-44,56,1,1
20,SARSA + PS + Kernel,777,86,-56,59,2,1
20,SARSA + PS + Kernel,777,87,5,16,0,1
20,SARSA + PS + Kernel,777,88,-36,57,0,1
20,SARSA + PS + Kernel,777,89,-17,20,2,1
20,SARSA + PS + Kernel,777,90,-21,33,1,1
20,SARSA + PS + Kernel,777,91,9,12,0,1
20,SARSA + PS + Kernel,777,92,-12,15,2,1
20,SARSA + PS + Kernel,777,93,-14,17,2,1
20,SARSA + PS + Kernel,777,94,-41,62,0,1
20,SARSA + PS + Kernel,777,95,11,10,0,1
20,SARSA + PS + Kernel,777,96,-13,25,1,1
20,SARSA + PS + Kernel,777,97,3,18,0,1
20,SARSA + PS + Kernel,777,98,-10,22,1,1
20,SARSA + PS + Kernel,777,99,-1,13,1,1
20,SARSA + PS + Kernel,777,100,-41,35,3,1
20,SARSA + PS + Kernel,777,101,1,11,1,1
20,SARSA + PS + Kernel,777,102,7,14,0,1
20,SARSA + PS + Kernel,777,103,1,11,1,1
20,SARSA + PS + Kernel,777,104,4,17,0,1
20,SARSA + PS + Kernel,777,105,4,17,0,1
20,SARSA + PS + Kernel,777,106,8,13,0,1
20,SARSA + PS + Kernel,777,107,-16,19,2,1
20,SARSA + PS + Kernel,777,108,-36,48,1,1
20,SARSA + PS + Kernel,777,109,5,16,0,1
20,SARSA + PS + Kernel,777,110,-28,40,1,1
20,SARSA + PS + Kernel,777,111,-3,15,1,1
20,SARSA + PS + Kernel,777,112,12,9,0,1
20,SARSA + PS + Kernel,777,113,-2,14,1,1
20,SARSA + PS + Kernel,777,114,2,19,0,1
20,SARSA + PS + Kernel,777,115,4,8,1,1
20,SARSA + PS + Kernel,777,116,-1,13,1,1
20,SARSA + PS + Kernel,777,117,-73,76,2,1
20,SARSA + PS + Kernel,777,118,10,11,0,1
20,SARSA + PS + Kernel,777,119,2,19,0,1
20,SARSA + PS + Kernel,777,120,-19,31,1,1
20,SARSA + PS + Kernel,777,121,-20,23,2,1
20,SARSA + PS + Kernel,777,122,-29,23,3,1
20,SARSA + PS + Kernel,777,123,15,6,0,1
20,SARSA + PS + Kernel,777,124,-86,80,3,1
20,SARSA + PS + Kernel,777,125,0,12,1,1
20,SARSA + PS + Kernel,777,126,-42,54,1,1
20,SARSA + PS + Kernel,777,127,-10,22,1,1
20,SARSA + PS + Kernel,777,128,12,9,0,1
20,SARSA + PS + Kernel,777,129,-4,16,1,1
20,SARSA + PS + Kernel,777,130,-17,20,2,1
20,SARSA + PS + Kernel,777,131,-1,13,1,1
20,SARSA + PS + Kernel,777,132,-13,16,2,1
20,SARSA + PS + Kernel,777,133,9,12,0,1
20,SARSA + PS + Kernel,777,134,-4,16,1,1
20,SARSA + PS + Kernel,777,135,11,10,0,1
20,SARSA + PS + Kernel,777,136,-3,15,1,1
20,SARSA + PS + Kernel,777,137,3,18,0,1
20,SARSA + PS + Kernel,777,138,11,10,0,1
20,SARSA + PS + Kernel,777,139,-37,31,3,1
20,SARSA + PS + Kernel,777,140,-67,70,2,1
20,SARSA + PS + Kernel,777,141,1,11,1,1
20,SARSA + PS + Kernel,777,142,0,12,1,1
20,SARSA + PS + Kernel,777,143,-35,38,2,1
20,SARSA + PS + Kernel,777,144,4,17,0,1
20,SARSA + PS + Kernel,777,145,7,14,0,1
20,SARSA + PS + Kernel,777,146,-80,65,4,1
20,SARSA + PS + Kernel,777,147,9,12,0,1
20,SARSA + PS + Kernel,777,148,-16,19,2,1
20,SARSA + PS + Kernel,777,149,-6,18,1,1
20,SARSA + PS + Kernel,777,150,-7,19,1,1
20,SARSA + PS + Kernel,777,151,-1,13,1,1
20,SARSA + PS + Kernel,777,152,5,16,0,1
20,SARSA + PS + Kernel,777,153,-20,41,0,1
20,SARSA + PS + Kernel,777,154,-16,19,2,1
20,SARSA + PS + Kernel,777,155,-254,200,6,0
20,SARSA + PS + Kernel,777,156,-4,16,1,1
20,SARSA + PS + Kernel,777,157,-12,24,1,1
20,SARSA + PS + Kernel,777,158,-17,20,2,1
20,SARSA + PS + Kernel,777,159,-13,25,1,1
20,SARSA + PS + Kernel,777,160,0,12,1,1
20,SARSA + PS + Kernel,777,161,-16,37,0,1
20,SARSA + PS + Kernel,777,162,14,7,0,1
20,SARSA + PS + Kernel,777,163,10,11,0,1
20,SARSA + PS + Kernel,777,164,0,12,1,1
20,SARSA + PS + Kernel,777,165,-26,29,2,1
20,SARSA + PS + Kernel,777,166,-30,33,2,1
20,SARSA + PS + Kernel,777,167,-3,15,1,1
20,SARSA + PS + Kernel,777,168,-9,21,1,1
20,SARSA + PS + Kernel,777,169,6,15,0,1
20,SARSA + PS + Kernel,777,170,13,8,0,1
20,SARSA + PS + Kernel,777,171,6,15,0,1
20,SARSA + PS + Kernel,777,172,11,10,0,1
20,SARSA + PS + Kernel,777,173,0,21,0,1
20,SARSA + PS + Kernel,777,174,0,12,1,1
20,SARSA + PS + Kernel,777,175,7,14,0,1
20,SARSA + PS + Kernel,777,176,-5,17,1,1
20,SARSA + PS + Kernel,777,177,10,11,0,1
20,SARSA + PS + Kernel,777,178,11,10,0,1
20,SARSA + PS + Kernel,777,179,8,13,0,1
20,SARSA + PS + Kernel,777,180,-33,36,2,1
20,SARSA + PS + Kernel,777,181,-15,27,1,1
20,SARSA + PS + Kernel,777,182,-16,28,1,1
20,SARSA + PS + Kernel,777,183,-95,98,2,1
20,SARSA + PS + Kernel,777,184,9,12,0,1
20,SARSA + PS + Kernel,777,185,8,13,0,1
20,SARSA + PS + Kernel,777,186,5,16,0,1
20,SARSA + PS + Kernel,777,187,13,8,0,1
20,SARSA + PS + Kernel,777,188,3,18,0,1
20,SARSA + PS + Kernel,777,189,9,12,0,1
20,SARSA + PS + Kernel,777,190,-6,18,1,1
20,SARSA + PS + Kernel,777,191,11,10,0,1
20,SARSA + PS + Kernel,777,192,4,17,0,1
20,SARSA + PS + Kernel,777,193,-32,35,2,1
20,SARSA + PS + Kernel,777,194,9,12,0,1
20,SARSA + PS + Kernel,777,195,-24,27,2,1
20,SARSA + PS + Kernel,777,196,13,8,0,1
20,SARSA + PS + Kernel,777,197,8,13,0,1
20,SARSA + PS + Kernel,777,198,10,11,0,1
20,SARSA + PS + Kernel,777,199,9,12,0,1
20,SARSA + PS + Kernel,777,200,-27,39,1,1
20,SARSA + PS + Kernel,777,201,9,12,0,1
20,SARSA + PS + Kernel,777,202,9,12,0,1
20,SARSA + PS + Kernel,777,203,-40,34,3,1
20,SARSA + PS + Kernel,777,204,7,14,0,1
20,SARSA + PS + Kernel,777,205,7,14,0,1
20,SARSA + PS + Kernel,777,206,7,14,0,1
20,SARSA + PS + Kernel,777,207,5,16,0,1
20,SARSA + PS + Kernel,777,208,10,11,0,1
20,SARSA + PS + Kernel,777,209,11,10,0,1
20,SARSA + PS + Kernel,777,210,12,9,0,1
20,SARSA + PS + Kernel,777,211,8,13,0,1
20,SARSA + PS + Kernel,777,212,7,14,0,1
20,SARSA + PS + Kernel,777,213,-25,19,3,1
20,SARSA + PS + Kernel,777,214,9,12,0,1
20,SARSA + PS + Kernel,777,215,-7,19,1,1
20,SARSA + PS + Kernel,777,216,7,14,0,1
20,SARSA + PS + Kernel,777,217,-13,16,2,1
20,SARSA + PS + Kernel,777,218,-13,16,2,1
20,SARSA + PS + Kernel,777,219,-1,22,0,1
20,SARSA + PS + Kernel,777,220,-4,16,1,1
20,SARSA + PS + Kernel,777,221,-1,13,1,1
20,SARSA + PS + Kernel,777,222,11,10,0,1
20,SARSA + PS + Kernel,777,223,-16,28,1,1
20,SARSA + PS + Kernel,777,224,4,17,0,1
20,SARSA + PS + Kernel,777,225,8,13,0,1
20,SARSA + PS + Kernel,777,226,0,21,0,1
20,SARSA + PS + Kernel,777,227,10,11,0,1
20,SARSA + PS + Kernel,777,228,-17,29,1,1
20,SARSA + PS + Kernel,777,229,12,9,0,1
20,SARSA + PS + Kernel,777,230,-4,16,1,1
20,SARSA + PS + Kernel,777,231,-38,41,2,1
20,SARSA + PS + Kernel,777,232,4,17,0,1
20,SARSA + PS + Kernel,777,233,7,14,0,1
20,SARSA + PS + Kernel,777,234,0,12,1,1
20,SARSA + PS + Kernel,777,235,-6,18,1,1
20,SARSA + PS + Kernel,777,236,0,12,1,1
20,SARSA + PS + Kernel,777,237,9,12,0,1
20,SARSA + PS + Kernel,777,238,9,12,0,1
20,SARSA + PS + Kernel,777,239,5,16,0,1
20,SARSA + PS + Kernel,777,240,1,20,0,1
20,SARSA + PS + Kernel,777,241,11,10,0,1
20,SARSA + PS + Kernel,777,242,2,19,0,1
20,SARSA + PS + Kernel,777,243,9,12,0,1
20,SARSA + PS + Kernel,777,244,8,13,0,1
20,SARSA + PS + Kernel,777,245,11,10,0,1
20,SARSA + PS + Kernel,777,246,12,9,0,1
20,SARSA + PS + Kernel,777,247,3,18,0,1
20,SARSA + PS + Kernel,777,248,14,7,0,1
20,SARSA + PS + Kernel,777,249,11,10,0,1
20,SARSA + PS + Kernel,777,250,-2,14,1,1
20,SARSA + PS + Kernel,777,251,-14,26,1,1
20,SARSA + PS + Kernel,777,252,-7,19,1,1
20,SARSA + PS + Kernel,777,253,-8,20,1,1
20,SARSA + PS + Kernel,777,254,-14,17,2,1
20,SARSA + PS + Kernel,777,255,-33,45,1,1
20,SARSA + PS + Kernel,777,256,12,9,0,1
20,SARSA + PS + Kernel,777,257,7,14,0,1
20,SARSA + PS + Kernel,777,258,8,13,0,1
20,SARSA + PS + Kernel,777,259,7,14,0,1
20,SARSA + PS + Kernel,777,260,-17,29,1,1
20,SARSA + PS + Kernel,777,261,-10,31,0,1
20,SARSA + PS + Kernel,777,262,7,14,0,1
20,SARSA + PS + Kernel,777,263,-31,34,2,1
20,SARSA + PS + Kernel,777,264,8,13,0,1
20,SARSA + PS + Kernel,777,265,9,12,0,1
20,SARSA + PS + Kernel,777,266,-2,23,0,1
20,SARSA + PS + Kernel,777,267,3,18,0,1
20,SARSA + PS + Kernel,777,268,3,18,0,1
20,SARSA + PS + Kernel,777,269,6,15,0,1
20,SARSA + PS + Kernel,777,270,12,9,0,1
20,SARSA + PS + Kernel,777,271,-8,20,1,1
20,SARSA + PS + Kernel,777,272,8,13,0,1
20,SARSA + PS + Kernel,777,273,-2,14,1,1
20,SARSA + PS + Kernel,777,274,-16,19,2,1
20,SARSA + PS + Kernel,777,275,0,21,0,1
20,SARSA + PS + Kernel,777,276,10,11,0,1
20,SARSA + PS + Kernel,777,277,7,14,0,1
20,SARSA + PS + Kernel,777,278,10,11,0,1
20,SARSA + PS + Kernel,777,279,-32,35,2,1
20,SARSA + PS + Kernel,777,280,6,15,0,1
20,SARSA + PS + Kernel,777,281,14,7,0,1
20,SARSA + PS + Kernel,777,282,-14,17,2,1
20,SARSA + PS + Kernel,777,283,-29,23,3,1
20,SARSA + PS + Kernel,777,284,4,17,0,1
20,SARSA + PS + Kernel,777,285,5,16,0,1
20,SARSA + PS + Kernel,777,286,-36,48,1,1
20,SARSA + PS + Kernel,777,287,-4,16,1,1
20,SARSA + PS + Kernel,777,288,11,10,0,1
20,SARSA + PS + Kernel,777,289,5,16,0,1
20,SARSA + PS + Kernel,777,290,-19,40,0,1
20,SARSA + PS + Kernel,777,291,-1,22,0,1
20,SARSA + PS + Kernel,777,292,13,8,0,1
20,SARSA + PS + Kernel,777,293,-4,16,1,1
20,SARSA + PS + Kernel,777,294,7,14,0,1
20,SARSA + PS + Kernel,777,295,-1,13,1,1
20,SARSA + PS + Kernel,777,296,8,13,0,1
20,SARSA + PS + Kernel,777,297,1,11,1,1
20,SARSA + PS + Kernel,777,298,-13,25,1,1
20,SARSA + PS + Kernel,777,299,-8,20,1,1
20,SARSA + PS + Kernel,777,300,-12,24,1,1
20,SARSA + PS + Kernel,777,301,1,20,0,1
20,SARSA + PS + Kernel,777,302,-2,14,1,1
20,SARSA + PS + Kernel,777,303,3,18,0,1
20,SARSA + PS + Kernel,777,304,12,9,0,1
20,SARSA + PS + Kernel,777,305,-14,17,2,1
20,SARSA + PS + Kernel,777,306,11,10,0,1
20,SARSA + PS + Kernel,777,307,1,20,0,1
20,SARSA + PS + Kernel,777,308,3,18,0,1
20,SARSA + PS + Kernel,777,309,-4,16,1,1
20,SARSA + PS + Kernel,777,310,1,11,1,1
20,SARSA + PS + Kernel,777,311,-6,18,1,1
20,SARSA + PS + Kernel,777,312,9,12,0,1
20,SARSA + PS + Kernel,777,313,7,14,0,1
20,SARSA + PS + Kernel,777,314,0,21,0,1
20,SARSA + PS + Kernel,777,315,1,11,1,1
20,SARSA + PS + Kernel,777,316,0,21,0,1
20,SARSA + PS + Kernel,777,317,-3,15,1,1
20,SARSA + PS + Kernel,777,318,2,10,1,1
20,SARSA + PS + Kernel,777,319,-20,41,0,1
20,SARSA + PS + Kernel,777,320,12,9,0,1
20,SARSA + PS + Kernel,777,321,9,12,0,1
20,SARSA + PS + Kernel,777,322,7,14,0,1
20,SARSA + PS + Kernel,777,323,9,12,0,1
20,SARSA + PS + Kernel,777,324,-9,21,1,1
20,SARSA + PS + Kernel,777,325,-6,18,1,1
20,SARSA + PS + Kernel,777,326,6,15,0,1
20,SARSA + PS + Kernel,777,327,-4,16,1,1
20,SARSA + PS + Kernel,777,328,4,17,0,1
20,SARSA + PS + Kernel,777,329,-25,37,1,1
20,SARSA + PS + Kernel,777,330,-3,15,1,1
20,SARSA + PS + Kernel,777,331,7,14,0,1
20,SARSA + PS + Kernel,777,332,-3,15,1,1
20,SARSA + PS + Kernel,777,333,-12,15,2,1
20,SARSA + PS + Kernel,777,334,5,16,0,1
20,SARSA + PS + Kernel,777,335,2,19,0,1
20,SARSA + PS + Kernel,777,336,-8,20,1,1
20,SARSA + PS + Kernel,777,337,1,20,0,1
20,SARSA + PS + Kernel,777,338,-20,23,2,1
20,SARSA + PS + Kernel,777,339,-4,16,1,1
20,SARSA + PS + Kernel,777,340,11,10,0,1
20,SARSA + PS + Kernel,777,341,13,8,0,1
20,SARSA + PS + Kernel,777,342,-2,14,1,1
20,SARSA + PS + Kernel,777,343,5,16,0,1
20,SARSA + PS + Kernel,777,344,6,15,0,1
20,SARSA + PS + Kernel,777,345,8,13,0,1
20,SARSA + PS + Kernel,777,346,8,13,0,1
20,SARSA + PS + Kernel,777,347,-5,17,1,1
20,SARSA + PS + Kernel,777,348,-22,25,2,1
20,SARSA + PS + Kernel,777,349,12,9,0,1
20,SARSA + PS + Kernel,777,350,9,12,0,1
20,SARSA + PS + Kernel,777,351,-4,25,0,1
20,SARSA + PS + Kernel,777,352,9,12,0,1
20,SARSA + PS + Kernel,777,353,4,17,0,1
20,SARSA + PS + Kernel,777,354,10,11,0,1
20,SARSA + PS + Kernel,777,355,1,20,0,1
20,SARSA + PS + Kernel,777,356,-9,21,1,1
20,SARSA + PS + Kernel,777,357,4,17,0,1
20,SARSA + PS + Kernel,777,358,-6,18,1,1
20,SARSA + PS + Kernel,777,359,3,18,0,1
20,SARSA + PS + Kernel,777,360,7,14,0,1
20,SARSA + PS + Kernel,777,361,10,11,0,1
20,SARSA + PS + Kernel,777,362,9,12,0,1
20,SARSA + PS + Kernel,777,363,10,11,0,1
20,SARSA + PS + Kernel,777,364,4,8,1,1
20,SARSA + PS + Kernel,777,365,11,10,0,1
20,SARSA + PS + Kernel,777,366,-15,18,2,1
20,SARSA + PS + Kernel,777,367,-8,20,1,1
20,SARSA + PS + Kernel,777,368,-5,17,1,1
20,SARSA + PS + Kernel,777,369,-5,17,1,1
20,SARSA + PS + Kernel,777,370,4,17,0,1
20,SARSA + PS + Kernel,777,371,14,7,0,1
20,SARSA + PS + Kernel,777,372,6,15,0,1
20,SARSA + PS + Kernel,777,373,8,13,0,1
20,SARSA + PS + Kernel,777,374,-11,14,2,1
20,SARSA + PS + Kernel,777,375,2,19,0,1
20,SARSA + PS + Kernel,777,376,14,7,0,1
20,SARSA + PS + Kernel,777,377,4,17,0,1
20,SARSA + PS + Kernel,777,378,10,11,0,1
20,SARSA + PS + Kernel,777,379,3,18,0,1
20,SARSA + PS + Kernel,777,380,5,16,0,1
20,SARSA + PS + Kernel,777,381,6,15,0,1
20,SARSA + PS + Kernel,777,382,5,16,0,1
20,SARSA + PS + Kernel,777,383,8,13,0,1
20,SARSA + PS + Kernel,777,384,9,12,0,1
20,SARSA + PS + Kernel,777,385,10,11,0,1
20,SARSA + PS + Kernel,777,386,8,13,0,1
20,SARSA + PS + Kernel,777,387,-2,14,1,1
20,SARSA + PS + Kernel,777,388,6,15,0,1
20,SARSA + PS + Kernel,777,389,8,13,0,1
20,SARSA + PS + Kernel,777,390,6,15,0,1
20,SARSA + PS + Kernel,777,391,9,12,0,1
20,SARSA + PS + Kernel,777,392,11,10,0,1
20,SARSA + PS + Kernel,777,393,-23,26,2,1
20,SARSA + PS + Kernel,777,394,6,15,0,1
20,SARSA + PS + Kernel,777,395,5,16,0,1
20,SARSA + PS + Kernel,777,396,14,7,0,1
20,SARSA + PS + Kernel,777,397,9,12,0,1
20,SARSA + PS + Kernel,777,398,6,15,0,1
20,SARSA + PS + Kernel,777,399,9,12,0,1
20,SARSA + PS + Kernel,777,400,-8,20,1,1
20,SARSA + PS + Kernel,777,401,6,15,0,1
20,SARSA + PS + Kernel,777,402,9,12,0,1
20,SARSA + PS + Kernel,777,403,12,9,0,1
20,SARSA + PS + Kernel,777,404,3,18,0,1
20,SARSA + PS + Kernel,777,405,1,11,1,1
20,SARSA + PS + Kernel,777,406,9,12,0,1
20,SARSA + PS + Kernel,777,407,9,12,0,1
20,SARSA + PS + Kernel,777,408,6,15,0,1
20,SARSA + PS + Kernel,777,409,10,11,0,1
20,SARSA + PS + Kernel,777,410,10,11,0,1
20,SARSA + PS + Kernel,777,411,7,14,0,1
20,SARSA + PS + Kernel,777,412,1,20,0,1
20,SARSA + PS + Kernel,777,413,-5,17,1,1
20,SARSA + PS + Kernel,777,414,-15,18,2,1
20,SARSA + PS + Kernel,777,415,4,17,0,1
20,SARSA + PS + Kernel,777,416,-2,14,1,1
20,SARSA + PS + Kernel,777,417,9,12,0,1
20,SARSA + PS + Kernel,777,418,9,12,0,1
20,SARSA + PS + Kernel,777,419,9,12,0,1
20,SARSA + PS + Kernel,777,420,-8,20,1,1
20,SARSA + PS + Kernel,777,421,8,13,0,1
20,SARSA + PS + Kernel,777,422,7,14,0,1
20,SARSA + PS + Kernel,777,423,2,10,1,1
20,SARSA + PS + Kernel,777,424,12,9,0,1
20,SARSA + PS + Kernel,777,425,14,7,0,1
20,SARSA + PS + Kernel,777,426,10,11,0,1
20,SARSA + PS + Kernel,777,427,10,11,0,1
20,SARSA + PS + Kernel,777,428,-5,17,1,1
20,SARSA + PS + Kernel,777,429,11,10,0,1
20,SARSA + PS + Kernel,777,430,14,7,0,1
20,SARSA + PS + Kernel,777,431,5,16,0,1
20,SARSA + PS + Kernel,777,432,6,15,0,1
20,SARSA + PS + Kernel,777,433,9,12,0,1
20,SARSA + PS + Kernel,777,434,12,9,0,1
20,SARSA + PS + Kernel,777,435,9,12,0,1
20,SARSA + PS + Kernel,777,436,4,17,0,1
20,SARSA + PS + Kernel,777,437,-15,27,1,1
20,SARSA + PS + Kernel,777,438,-7,19,1,1
20,SARSA + PS + Kernel,777,439,9,12,0,1
20,SARSA + PS + Kernel,777,440,7,14,0,1
20,SARSA + PS + Kernel,777,441,11,10,0,1
20,SARSA + PS + Kernel,777,442,10,11,0,1
20,SARSA + PS + Kernel,777,443,11,10,0,1
20,SARSA + PS + Kernel,777,444,8,13,0,1
20,SARSA + PS + Kernel,777,445,7,14,0,1
20,SARSA + PS + Kernel,777,446,8,13,0,1
20,SARSA + PS + Kernel,777,447,9,12,0,1
20,SARSA + PS + Kernel,777,448,9,12,0,1
20,SARSA + PS + Kernel,777,449,10,11,0,1
20,SARSA + PS + Kernel,777,450,9,12,0,1
20,SARSA + PS + Kernel,777,451,2,19,0,1
20,SARSA + PS + Kernel,777,452,3,18,0,1
20,SARSA + PS + Kernel,777,453,-5,17,1,1
20,SARSA + PS + Kernel,777,454,7,14,0,1
20,SARSA + PS + Kernel,777,455,5,16,0,1
20,SARSA + PS + Kernel,777,456,12,9,0,1
20,SARSA + PS + Kernel,777,457,-12,15,2,1
20,SARSA + PS + Kernel,777,458,13,8,0,1
20,SARSA + PS + Kernel,777,459,14,7,0,1
20,SARSA + PS + Kernel,777,460,1,11,1,1
20,SARSA + PS + Kernel,777,461,6,15,0,1
20,SARSA + PS + Kernel,777,462,6,15,0,1
20,SARSA + PS + Kernel,777,463,5,16,0,1
20,SARSA + PS + Kernel,777,464,7,14,0,1
20,SARSA + PS + Kernel,777,465,12,9,0,1
20,SARSA + PS + Kernel,777,466,8,13,0,1
20,SARSA + PS + Kernel,777,467,5,16,0,1
20,SARSA + PS + Kernel,777,468,-14,17,2,1
20,SARSA + PS + Kernel,777,469,14,7,0,1
20,SARSA + PS + Kernel,777,470,8,13,0,1
20,SARSA + PS + Kernel,777,471,8,13,0,1
20,SARSA + PS + Kernel,777,472,11,10,0,1
20,SARSA + PS + Kernel,777,473,7,14,0,1
20,SARSA + PS + Kernel,777,474,4,17,0,1
20,SARSA + PS + Kernel,777,475,-8,20,1,1
20,SARSA + PS + Kernel,777,476,-3,15,1,1
20,SARSA + PS + Kernel,777,477,9,12,0,1
20,SARSA + PS + Kernel,777,478,14,7,0,1
20,SARSA + PS + Kernel,777,479,5,16,0,1
20,SARSA + PS + Kernel,777,480,-35,20,4,1
20,SARSA + PS + Kernel,777,481,6,15,0,1
20,SARSA + PS + Kernel,777,482,15,6,0,1
20,SARSA + PS + Kernel,777,483,5,16,0,1
20,SARSA + PS + Kernel,777,484,-4,16,1,1
20,SARSA + PS + Kernel,777,485,0,21,0,1
20,SARSA + PS + Kernel,777,486,9,12,0,1
20,SARSA + PS + Kernel,777,487,9,12,0,1
20,SARSA + PS + Kernel,777,488,-3,15,1,1
20,SARSA + PS + Kernel,777,489,0,12,1,1
20,SARSA + PS + Kernel,777,490,4,17,0,1
20,SARSA + PS + Kernel,777,491,-9,21,1,1
20,SARSA + PS + Kernel,777,492,5,16,0,1
20,SARSA + PS + Kernel,777,493,14,7,0,1
20,SARSA + PS + Kernel,777,494,1,20,0,1
20,SARSA + PS + Kernel,777,495,8,13,0,1
20,SARSA + PS + Kernel,777,496,5,16,0,1
20,SARSA + PS + Kernel,777,497,9,12,0,1
20,SARSA + PS + Kernel,777,498,9,12,0,1
20,SARSA + PS + Kernel,777,499,2,10,1,1
20,SARSA + PS + Kernel,999,0,-650,185,54,1
20,SARSA + PS + Kernel,999,1,-776,200,64,0
20,SARSA + PS + Kernel,999,2,-713,200,57,0
20,SARSA + PS + Kernel,999,3,-767,200,63,0
20,SARSA + PS + Kernel,999,4,-740,200,60,0
20,SARSA + PS + Kernel,999,5,-668,200,52,0
20,SARSA + PS + Kernel,999,6,-587,200,43,0
20,SARSA + PS + Kernel,999,7,-686,200,54,0
20,SARSA + PS + Kernel,999,8,-740,200,60,0
20,SARSA + PS + Kernel,999,9,-731,200,59,0
20,SARSA + PS + Kernel,999,10,-704,200,56,0
20,SARSA + PS + Kernel,999,11,-659,200,51,0
20,SARSA + PS + Kernel,999,12,-677,200,53,0
20,SARSA + PS + Kernel,999,13,-776,200,64,0
20,SARSA + PS + Kernel,999,14,-758,200,62,0
20,SARSA + PS + Kernel,999,15,-340,100,29,1
20,SARSA + PS + Kernel,999,16,-713,200,57,0
20,SARSA + PS + Kernel,999,17,-659,200,51,0
20,SARSA + PS + Kernel,999,18,-641,200,49,0
20,SARSA + PS + Kernel,999,19,-265,124,18,1
20,SARSA + PS + Kernel,999,20,-353,200,17,0
20,SARSA + PS + Kernel,999,21,-181,130,8,1
20,SARSA + PS + Kernel,999,22,-368,155,26,1
20,SARSA + PS + Kernel,999,23,9,12,0,1
20,SARSA + PS + Kernel,999,24,6,15,0,1
20,SARSA + PS + Kernel,999,25,3,18,0,1
20,SARSA + PS + Kernel,999,26,-614,200,46,0
20,SARSA + PS + Kernel,999,27,-461,200,29,0
20,SARSA + PS + Kernel,999,28,-80,74,3,1
20,SARSA + PS + Kernel,999,29,-371,200,19,0
20,SARSA + PS + Kernel,999,30,-254,200,6,0
20,SARSA + PS + Kernel,999,31,-272,200,8,0
20,SARSA + PS + Kernel,999,32,-497,200,33,0
20,SARSA + PS + Kernel,999,33,-8,29,0,1
20,SARSA + PS + Kernel,999,34,-4,16,1,1
20,SARSA + PS + Kernel,999,35,-452,200,28,0
20,SARSA + PS + Kernel,999,36,-160,118,7,1
20,SARSA + PS + Kernel,999,37,-344,200,16,0
20,SARSA + PS + Kernel,999,38,-35,20,4,1
20,SARSA + PS + Kernel,999,39,-353,200,17,0
20,SARSA + PS + Kernel,999,40,-461,200,29,0
20,SARSA + PS + Kernel,999,41,-560,200,40,0
20,SARSA + PS + Kernel,999,42,-162,66,13,1
20,SARSA + PS + Kernel,999,43,-14,17,2,1
20,SARSA + PS + Kernel,999,44,-205,172,6,1
20,SARSA + PS + Kernel,999,45,-117,111,3,1
20,SARSA + PS + Kernel,999,46,0,21,0,1
20,SARSA + PS + Kernel,999,47,-136,121,4,1
20,SARSA + PS + Kernel,999,48,12,9,0,1
20,SARSA + PS + Kernel,999,49,-79,73,3,1
20,SARSA + PS + Kernel,999,50,-2,14,1,1
20,SARSA + PS + Kernel,999,51,-4,16,1,1
20,SARSA + PS + Kernel,999,52,-85,52,6,1
20,SARSA + PS + Kernel,999,53,-30,42,1,1
20,SARSA + PS + Kernel,999,54,-578,200,42,0
20,SARSA + PS + Kernel,999,55,-272,200,8,0
20,SARSA + PS + Kernel,999,56,8,13,0,1
20,SARSA + PS + Kernel,999,57,-18,21,2,1
20,SARSA + PS + Kernel,999,58,-40,52,1,1
20,SARSA + PS + Kernel,999,59,14,7,0,1
20,SARSA + PS + Kernel,999,60,-140,116,5,1
20,SARSA + PS + Kernel,999,61,-116,92,5,1
20,SARSA + PS + Kernel,999,62,-113,98,4,1
20,SARSA + PS + Kernel,999,63,-77,71,3,1
20,SARSA + PS + Kernel,999,64,-10,31,0,1
20,SARSA + PS + Kernel,999,65,8,13,0,1
20,SARSA + PS + Kernel,999,66,1,11,1,1
20,SARSA + PS + Kernel,999,67,-80,92,1,1
20,SARSA + PS + Kernel,999,68,-19,22,2,1
20,SARSA + PS + Kernel,999,69,-254,200,6,0
20,SARSA + PS + Kernel,999,70,12,9,0,1
20,SARSA + PS + Kernel,999,71,-57,60,2,1
20,SARSA + PS + Kernel,999,72,9,12,0,1
20,SARSA + PS + Kernel,999,73,-3,15,1,1
20,SARSA + PS + Kernel,999,74,-54,48,3,1
20,SARSA + PS + Kernel,999,75,-24,18,3,1
20,SARSA + PS + Kernel,999,76,-285,180,14,1
20,SARSA + PS + Kernel,999,77,-39,42,2,1
20,SARSA + PS + Kernel,999,78,-6,18,1,1
20,SARSA + PS + Kernel,999,79,-31,34,2,1
20,SARSA + PS + Kernel,999,80,-206,182,5,1
20,SARSA + PS + Kernel,999,81,-207,156,8,1
20,SARSA + PS + Kernel,999,82,7,14,0,1
20,SARSA + PS + Kernel,999,83,-34,28,3,1
20,SARSA + PS + Kernel,999,84,11,10,0,1
20,SARSA + PS + Kernel,999,85,1,20,0,1
20,SARSA + PS + Kernel,999,86,-87,90,2,1
20,SARSA + PS + Kernel,999,87,5,16,0,1
20,SARSA + PS + Kernel,999,88,11,10,0,1
20,SARSA + PS + Kernel,999,89,1,20,0,1
20,SARSA + PS + Kernel,999,90,-14,17,2,1
20,SARSA + PS + Kernel,999,91,0,21,0,1
20,SARSA + PS + Kernel,999,92,-22,34,1,1
20,SARSA + PS + Kernel,999,93,-44,38,3,1
20,SARSA + PS + Kernel,999,94,-42,45,2,1
20,SARSA + PS + Kernel,999,95,5,16,0,1
20,SARSA + PS + Kernel,999,96,12,9,0,1
20,SARSA + PS + Kernel,999,97,3,18,0,1
20,SARSA + PS + Kernel,999,98,11,10,0,1
20,SARSA + PS + Kernel,999,99,7,14,0,1
20,SARSA + PS + Kernel,999,100,7,14,0,1
20,SARSA + PS + Kernel,999,101,-3,15,1,1
20,SARSA + PS + Kernel,999,102,-4,16,1,1
20,SARSA + PS + Kernel,999,103,-33,36,2,1
20,SARSA + PS + Kernel,999,104,-5,17,1,1
20,SARSA + PS + Kernel,999,105,-89,65,5,1
20,SARSA + PS + Kernel,999,106,-55,76,0,1
20,SARSA + PS + Kernel,999,107,-5,26,0,1
20,SARSA + PS + Kernel,999,108,-104,107,2,1
20,SARSA + PS + Kernel,999,109,-135,120,4,1
20,SARSA + PS + Kernel,999,110,4,17,0,1
20,SARSA + PS + Kernel,999,111,6,15,0,1
20,SARSA + PS + Kernel,999,112,-30,42,1,1
20,SARSA + PS + Kernel,999,113,-52,46,3,1
20,SARSA + PS + Kernel,999,114,-14,26,1,1
20,SARSA + PS + Kernel,999,115,3,18,0,1
20,SARSA + PS + Kernel,999,116,-18,39,0,1
20,SARSA + PS + Kernel,999,117,-35,47,1,1
20,SARSA + PS + Kernel,999,118,11,10,0,1
20,SARSA + PS + Kernel,999,119,13,8,0,1
20,SARSA + PS + Kernel,999,120,6,15,0,1
20,SARSA + PS + Kernel,999,121,-23,26,2,1
20,SARSA + PS + Kernel,999,122,-2,23,0,1
20,SARSA + PS + Kernel,999,123,8,13,0,1
20,SARSA + PS + Kernel,999,124,-9,21,1,1
20,SARSA + PS + Kernel,999,125,5,16,0,1
20,SARSA + PS + Kernel,999,126,3,18,0,1
20,SARSA + PS + Kernel,999,127,2,10,1,1
20,SARSA + PS + Kernel,999,128,-5,17,1,1
20,SARSA + PS + Kernel,999,129,-5,17,1,1
20,SARSA + PS + Kernel,999,130,9,12,0,1
20,SARSA + PS + Kernel,999,131,6,15,0,1
20,SARSA + PS + Kernel,999,132,1,11,1,1
20,SARSA + PS + Kernel,999,133,0,21,0,1
20,SARSA + PS + Kernel,999,134,9,12,0,1
20,SARSA + PS + Kernel,999,135,4,17,0,1
20,SARSA + PS + Kernel,999,136,6,15,0,1
20,SARSA + PS + Kernel,999,137,1,20,0,1
20,SARSA + PS + Kernel,999,138,-35,20,4,1
20,SARSA + PS + Kernel,999,139,10,11,0,1
20,SARSA + PS + Kernel,999,140,5,16,0,1
20,SARSA + PS + Kernel,999,141,-2,14,1,1
20,SARSA + PS + Kernel,999,142,14,7,0,1
20,SARSA + PS + Kernel,999,143,9,12,0,1
20,SARSA + PS + Kernel,999,144,6,15,0,1
20,SARSA + PS + Kernel,999,145,-133,100,6,1
20,SARSA + PS + Kernel,999,146,3,18,0,1
20,SARSA + PS + Kernel,999,147,-2,23,0,1
20,SARSA + PS + Kernel,999,148,-26,29,2,1
20,SARSA + PS + Kernel,999,149,14,7,0,1
20,SARSA + PS + Kernel,999,150,9,12,0,1
20,SARSA + PS + Kernel,999,151,-299,200,11,0
20,SARSA + PS + Kernel,999,152,1,11,1,1
20,SARSA + PS + Kernel,999,153,-14,35,0,1
20,SARSA + PS + Kernel,999,154,14,7,0,1
20,SARSA + PS + Kernel,999,155,-3,15,1,1
20,SARSA + PS + Kernel,999,156,12,9,0,1
20,SARSA + PS + Kernel,999,157,-3,24,0,1
20,SARSA + PS + Kernel,999,158,5,16,0,1
20,SARSA + PS + Kernel,999,159,-14,17,2,1
20,SARSA + PS + Kernel,999,160,-263,200,7,0
20,SARSA + PS + Kernel,999,161,-8,29,0,1
20,SARSA + PS + Kernel,999,162,-45,30,4,1
20,SARSA + PS + Kernel,999,163,10,11,0,1
20,SARSA + PS + Kernel,999,164,8,13,0,1
20,SARSA + PS + Kernel,999,165,-39,42,2,1
20,SARSA + PS + Kernel,999,166,-12,24,1,1
20,SARSA + PS + Kernel,999,167,5,16,0,1
20,SARSA + PS + Kernel,999,168,-18,21,2,1
20,SARSA + PS + Kernel,999,169,7,14,0,1
20,SARSA + PS + Kernel,999,170,9,12,0,1
20,SARSA + PS + Kernel,999,171,5,16,0,1
20,SARSA + PS + Kernel,999,172,7,14,0,1
20,SARSA + PS + Kernel,999,173,-42,36,3,1
20,SARSA + PS + Kernel,999,174,10,11,0,1
20,SARSA + PS + Kernel,999,175,7,14,0,1
20,SARSA + PS + Kernel,999,176,10,11,0,1
20,SARSA + PS + Kernel,999,177,9,12,0,1
20,SARSA + PS + Kernel,999,178,1,20,0,1
20,SARSA + PS + Kernel,999,179,-3,24,0,1
20,SARSA + PS + Kernel,999,180,11,10,0,1
20,SARSA + PS + Kernel,999,181,2,10,1,1
20,SARSA + PS + Kernel,999,182,-1,13,1,1
20,SARSA + PS + Kernel,999,183,8,13,0,1
20,SARSA + PS + Kernel,999,184,9,12,0,1
20,SARSA + PS + Kernel,999,185,11,10,0,1
20,SARSA + PS + Kernel,999,186,8,13,0,1
20,SARSA + PS + Kernel,999,187,10,11,0,1
20,SARSA + PS + Kernel,999,188,-1,13,1,1
20,SARSA + PS + Kernel,999,189,10,11,0,1
20,SARSA + PS + Kernel,999,190,-17,29,1,1
20,SARSA + PS + Kernel,999,191,7,14,0,1
20,SARSA + PS + Kernel,999,192,-35,47,1,1
20,SARSA + PS + Kernel,999,193,0,21,0,1
20,SARSA + PS + Kernel,999,194,-3,24,0,1
20,SARSA + PS + Kernel,999,195,-3,15,1,1
20,SARSA + PS + Kernel,999,196,12,9,0,1
20,SARSA + PS + Kernel,999,197,-1,13,1,1
20,SARSA + PS + Kernel,999,198,-18,30,1,1
20,SARSA + PS + Kernel,999,199,9,12,0,1
20,SARSA + PS + Kernel,999,200,3,18,0,1
20,SARSA + PS + Kernel,999,201,2,10,1,1
20,SARSA + PS + Kernel,999,202,12,9,0,1
20,SARSA + PS + Kernel,999,203,14,7,0,1
20,SARSA + PS + Kernel,999,204,0,12,1,1
20,SARSA + PS + Kernel,999,205,8,13,0,1
20,SARSA + PS + Kernel,999,206,-13,16,2,1
20,SARSA + PS + Kernel,999,207,11,10,0,1
20,SARSA + PS + Kernel,999,208,8,13,0,1
20,SARSA + PS + Kernel,999,209,-5,17,1,1
20,SARSA + PS + Kernel,999,210,-2,14,1,1
20,SARSA + PS + Kernel,999,211,9,12,0,1
20,SARSA + PS + Kernel,999,212,12,9,0,1
20,SARSA + PS + Kernel,999,213,10,11,0,1
20,SARSA + PS + Kernel,999,214,-37,49,1,1
20,SARSA + PS + Kernel,999,215,3,18,0,1
20,SARSA + PS + Kernel,999,216,5,16,0,1
20,SARSA + PS + Kernel,999,217,9,12,0,1
20,SARSA + PS + Kernel,999,218,5,16,0,1
20,SARSA + PS + Kernel,999,219,1,11,1,1
20,SARSA + PS + Kernel,999,220,11,10,0,1
20,SARSA + PS + Kernel,999,221,11,10,0,1
20,SARSA + PS + Kernel,999,222,8,13,0,1
20,SARSA + PS + Kernel,999,223,8,13,0,1
20,SARSA + PS + Kernel,999,224,10,11,0,1
20,SARSA + PS + Kernel,999,225,9,12,0,1
20,SARSA + PS + Kernel,999,226,9,12,0,1
20,SARSA + PS + Kernel,999,227,10,11,0,1
20,SARSA + PS + Kernel,999,228,9,12,0,1
20,SARSA + PS + Kernel,999,229,-24,36,1,1
20,SARSA + PS + Kernel,999,230,5,16,0,1
20,SARSA + PS + Kernel,999,231,9,12,0,1
20,SARSA + PS + Kernel,999,232,10,11,0,1
20,SARSA + PS + Kernel,999,233,-17,20,2,1
20,SARSA + PS + Kernel,999,234,7,14,0,1
20,SARSA + PS + Kernel,999,235,6,15,0,1
20,SARSA + PS + Kernel,999,236,14,7,0,1
20,SARSA + PS + Kernel,999,237,14,7,0,1
20,SARSA + PS + Kernel,999,238,-1,13,1,1
20,SARSA + PS + Kernel,999,239,-4,16,1,1
20,SARSA + PS + Kernel,999,240,-28,40,1,1
20,SARSA + PS + Kernel,999,241,-4,16,1,1
20,SARSA + PS + Kernel,999,242,-7,19,1,1
20,SARSA + PS + Kernel,999,243,14,7,0,1
20,SARSA + PS + Kernel,999,244,5,16,0,1
20,SARSA + PS + Kernel,999,245,7,14,0,1
20,SARSA + PS + Kernel,999,246,-24,18,3,1
20,SARSA + PS + Kernel,999,247,13,8,0,1
20,SARSA + PS + Kernel,999,248,-12,24,1,1
20,SARSA + PS + Kernel,999,249,8,13,0,1
20,SARSA + PS + Kernel,999,250,9,12,0,1
20,SARSA + PS + Kernel,999,251,5,16,0,1
20,SARSA + PS + Kernel,999,252,8,13,0,1
20,SARSA + PS + Kernel,999,253,-30,24,3,1
20,SARSA + PS + Kernel,999,254,7,14,0,1
20,SARSA + PS + Kernel,999,255,-21,15,3,1
20,SARSA + PS + Kernel,999,256,14,7,0,1
20,SARSA + PS + Kernel,999,257,5,16,0,1
20,SARSA + PS + Kernel,999,258,-25,28,2,1
20,SARSA + PS + Kernel,999,259,-6,18,1,1
20,SARSA + PS + Kernel,999,260,15,6,0,1
20,SARSA + PS + Kernel,999,261,-112,106,3,1
20,SARSA + PS + Kernel,999,262,-193,169,5,1
20,SARSA + PS + Kernel,999,263,-7,19,1,1
20,SARSA + PS + Kernel,999,264,-7,19,1,1
20,SARSA + PS + Kernel,999,265,9,12,0,1
20,SARSA + PS + Kernel,999,266,3,18,0,1
20,SARSA + PS + Kernel,999,267,10,11,0,1
20,SARSA + PS + Kernel,999,268,-24,27,2,1
20,SARSA + PS + Kernel,999,269,-81,57,5,1
20,SARSA + PS + Kernel,999,270,-3,15,1,1
20,SARSA + PS + Kernel,999,271,1,11,1,1
20,SARSA + PS + Kernel,999,272,-13,34,0,1
20,SARSA + PS + Kernel,999,273,-155,113,7,1
20,SARSA + PS + Kernel,999,274,6,15,0,1
20,SARSA + PS + Kernel,999,275,-1,13,1,1
20,SARSA + PS + Kernel,999,276,-2,14,1,1
20,SARSA + PS + Kernel,999,277,12,9,0,1
20,SARSA + PS + Kernel,999,278,12,9,0,1
20,SARSA + PS + Kernel,999,279,5,16,0,1
20,SARSA + PS + Kernel,999,280,9,12,0,1
20,SARSA + PS + Kernel,999,281,12,9,0,1
20,SARSA + PS + Kernel,999,282,5,16,0,1
20,SARSA + PS + Kernel,999,283,10,11,0,1
20,SARSA + PS + Kernel,999,284,7,14,0,1
20,SARSA + PS + Kernel,999,285,-10,22,1,1
20,SARSA + PS + Kernel,999,286,-1,22,0,1
20,SARSA + PS + Kernel,999,287,-2,14,1,1
20,SARSA + PS + Kernel,999,288,2,19,0,1
20,SARSA + PS + Kernel,999,289,11,10,0,1
20,SARSA + PS + Kernel,999,290,-25,28,2,1
20,SARSA + PS + Kernel,999,291,-25,28,2,1
20,SARSA + PS + Kernel,999,292,6,15,0,1
20,SARSA + PS + Kernel,999,293,9,12,0,1
20,SARSA + PS + Kernel,999,294,9,12,0,1
20,SARSA + PS + Kernel,999,295,15,6,0,1
20,SARSA + PS + Kernel,999,296,3,18,0,1
20,SARSA + PS + Kernel,999,297,-6,18,1,1
20,SARSA + PS + Kernel,999,298,6,15,0,1
20,SARSA + PS + Kernel,999,299,4,17,0,1
20,SARSA + PS + Kernel,999,300,-1,13,1,1
20,SARSA + PS + Kernel,999,301,5,16,0,1
20,SARSA + PS + Kernel,999,302,3,18,0,1
20,SARSA + PS + Kernel,999,303,8,13,0,1
20,SARSA + PS + Kernel,999,304,11,10,0,1
20,SARSA + PS + Kernel,999,305,-2,14,1,1
20,SARSA + PS + Kernel,999,306,13,8,0,1
20,SARSA + PS + Kernel,999,307,5,16,0,1
20,SARSA + PS + Kernel,999,308,5,16,0,1
20,SARSA + PS + Kernel,999,309,-16,19,2,1
20,SARSA + PS + Kernel,999,310,-6,18,1,1
20,SARSA + PS + Kernel,999,311,11,10,0,1
20,SARSA + PS + Kernel,999,312,-1,13,1,1
20,SARSA + PS + Kernel,999,313,-26,38,1,1
20,SARSA + PS + Kernel,999,314,8,13,0,1
20,SARSA + PS + Kernel,999,315,-23,35,1,1
20,SARSA + PS + Kernel,999,316,-7,19,1,1
20,SARSA + PS + Kernel,999,317,9,12,0,1
20,SARSA + PS + Kernel,999,318,-15,18,2,1
20,SARSA + PS + Kernel,999,319,-16,19,2,1
20,SARSA + PS + Kernel,999,320,-1,13,1,1
20,SARSA + PS + Kernel,999,321,8,13,0,1
20,SARSA + PS + Kernel,999,322,-6,18,1,1
20,SARSA + PS + Kernel,999,323,7,14,0,1
20,SARSA + PS + Kernel,999,324,4,17,0,1
20,SARSA + PS + Kernel,999,325,12,9,0,1
20,SARSA + PS + Kernel,999,326,13,8,0,1
20,SARSA + PS + Kernel,999,327,7,14,0,1
20,SARSA + PS + Kernel,999,328,-42,27,4,1
20,SARSA + PS + Kernel,999,329,12,9,0,1
20,SARSA + PS + Kernel,999,330,10,11,0,1
20,SARSA + PS + Kernel,999,331,10,11,0,1
20,SARSA + PS + Kernel,999,332,6,15,0,1
20,SARSA + PS + Kernel,999,333,-34,28,3,1
20,SARSA + PS + Kernel,999,334,8,13,0,1
20,SARSA + PS + Kernel,999,335,5,16,0,1
20,SARSA + PS + Kernel,999,336,8,13,0,1
20,SARSA + PS + Kernel,999,337,6,15,0,1
20,SARSA + PS + Kernel,999,338,6,15,0,1
20,SARSA + PS + Kernel,999,339,-37,22,4,1
20,SARSA + PS + Kernel,999,340,-5,17,1,1
20,SARSA + PS + Kernel,999,341,-1,13,1,1
20,SARSA + PS + Kernel,999,342,7,14,0,1
20,SARSA + PS + Kernel,999,343,-10,13,2,1
20,SARSA + PS + Kernel,999,344,-7,19,1,1
20,SARSA + PS + Kernel,999,345,6,15,0,1
20,SARSA + PS + Kernel,999,346,7,14,0,1
20,SARSA + PS + Kernel,999,347,8,13,0,1
20,SARSA + PS + Kernel,999,348,-8,20,1,1
20,SARSA + PS + Kernel,999,349,4,17,0,1
20,SARSA + PS + Kernel,999,350,-14,17,2,1
20,SARSA + PS + Kernel,999,351,-172,148,5,1
20,SARSA + PS + Kernel,999,352,-6,18,1,1
20,SARSA + PS + Kernel,999,353,4,17,0,1
20,SARSA + PS + Kernel,999,354,8,13,0,1
20,SARSA + PS + Kernel,999,355,7,14,0,1
20,SARSA + PS + Kernel,999,356,6,15,0,1
20,SARSA + PS + Kernel,999,357,10,11,0,1
20,SARSA + PS + Kernel,999,358,5,16,0,1
20,SARSA + PS + Kernel,999,359,-5,17,1,1
20,SARSA + PS + Kernel,999,360,9,12,0,1
20,SARSA + PS + Kernel,999,361,7,14,0,1
20,SARSA + PS + Kernel,999,362,-12,24,1,1
20,SARSA + PS + Kernel,999,363,-7,19,1,1
20,SARSA + PS + Kernel,999,364,-3,15,1,1
20,SARSA + PS + Kernel,999,365,-1,13,1,1
20,SARSA + PS + Kernel,999,366,14,7,0,1
20,SARSA + PS + Kernel,999,367,3,18,0,1
20,SARSA + PS + Kernel,999,368,8,13,0,1
20,SARSA + PS + Kernel,999,369,-3,15,1,1
20,SARSA + PS + Kernel,999,370,7,14,0,1
20,SARSA + PS + Kernel,999,371,11,10,0,1
20,SARSA + PS + Kernel,999,372,-2,14,1,1
20,SARSA + PS + Kernel,999,373,-23,26,2,1
20,SARSA + PS + Kernel,999,374,13,8,0,1
20,SARSA + PS + Kernel,999,375,3,18,0,1
20,SARSA + PS + Kernel,999,376,8,13,0,1
20,SARSA + PS + Kernel,999,377,9,12,0,1
20,SARSA + PS + Kernel,999,378,10,11,0,1
20,SARSA + PS + Kernel,999,379,-2,14,1,1
20,SARSA + PS + Kernel,999,380,10,11,0,1
20,SARSA + PS + Kernel,999,381,4,17,0,1
20,SARSA + PS + Kernel,999,382,5,16,0,1
20,SARSA + PS + Kernel,999,383,-5,17,1,1
20,SARSA + PS + Kernel,999,384,-2,14,1,1
20,SARSA + PS + Kernel,999,385,2,10,1,1
20,SARSA + PS + Kernel,999,386,8,13,0,1
20,SARSA + PS + Kernel,999,387,10,11,0,1
20,SARSA + PS + Kernel,999,388,-24,27,2,1
20,SARSA + PS + Kernel,999,389,-5,17,1,1
20,SARSA + PS + Kernel,999,390,-21,24,2,1
20,SARSA + PS + Kernel,999,391,6,15,0,1
20,SARSA + PS + Kernel,999,392,4,17,0,1
20,SARSA + PS + Kernel,999,393,5,16,0,1
20,SARSA + PS + Kernel,999,394,-4,16,1,1
20,SARSA + PS + Kernel,999,395,5,16,0,1
20,SARSA + PS + Kernel,999,396,2,19,0,1
20,SARSA + PS + Kernel,999,397,10,11,0,1
20,SARSA + PS + Kernel,999,398,4,17,0,1
20,SARSA + PS + Kernel,999,399,-10,22,1,1
20,SARSA + PS + Kernel,999,400,10,11,0,1
20,SARSA + PS + Kernel,999,401,7,14,0,1
20,SARSA + PS + Kernel,999,402,11,10,0,1
20,SARSA + PS + Kernel,999,403,-18,21,2,1
20,SARSA + PS + Kernel,999,404,-15,18,2,1
20,SARSA + PS + Kernel,999,405,-18,30,1,1
20,SARSA + PS + Kernel,999,406,7,14,0,1
20,SARSA + PS + Kernel,999,407,10,11,0,1
20,SARSA + PS + Kernel,999,408,2,10,1,1
20,SARSA + PS + Kernel,999,409,-4,16,1,1
20,SARSA + PS + Kernel,999,410,4,17,0,1
20,SARSA + PS + Kernel,999,411,6,15,0,1
20,SARSA + PS + Kernel,999,412,-9,21,1,1
20,SARSA + PS + Kernel,999,413,12,9,0,1
20,SARSA + PS + Kernel,999,414,-7,19,1,1
20,SARSA + PS + Kernel,999,415,2,10,1,1
20,SARSA + PS + Kernel,999,416,9,12,0,1
20,SARSA + PS + Kernel,999,417,9,12,0,1
20,SARSA + PS + Kernel,999,418,3,18,0,1
20,SARSA + PS + Kernel,999,419,11,10,0,1
20,SARSA + PS + Kernel,999,420,6,15,0,1
20,SARSA + PS + Kernel,999,421,12,9,0,1
20,SARSA + PS + Kernel,999,422,2,19,0,1
20,SARSA + PS + Kernel,999,423,8,13,0,1
20,SARSA + PS + Kernel,999,424,-3,15,1,1
20,SARSA + PS + Kernel,999,425,7,14,0,1
20,SARSA + PS + Kernel,999,426,-7,19,1,1
20,SARSA + PS + Kernel,999,427,7,14,0,1
20,SARSA + PS + Kernel,999,428,12,9,0,1
20,SARSA + PS + Kernel,999,429,7,14,0,1
20,SARSA + PS + Kernel,999,430,7,14,0,1
20,SARSA + PS + Kernel,999,431,-11,32,0,1
20,SARSA + PS + Kernel,999,432,11,10,0,1
20,SARSA + PS + Kernel,999,433,6,15,0,1
20,SARSA + PS + Kernel,999,434,0,12,1,1
20,SARSA + PS + Kernel,999,435,14,7,0,1
20,SARSA + PS + Kernel,999,436,10,11,0,1
20,SARSA + PS + Kernel,999,437,2,19,0,1
20,SARSA + PS + Kernel,999,438,12,9,0,1
20,SARSA + PS + Kernel,999,439,6,15,0,1
20,SARSA + PS + Kernel,999,440,11,10,0,1
20,SARSA + PS + Kernel,999,441,12,9,0,1
20,SARSA + PS + Kernel,999,442,-2,14,1,1
20,SARSA + PS + Kernel,999,443,14,7,0,1
20,SARSA + PS + Kernel,999,444,-4,16,1,1
20,SARSA + PS + Kernel,999,445,10,11,0,1
20,SARSA + PS + Kernel,999,446,9,12,0,1
20,SARSA + PS + Kernel,999,447,-3,15,1,1
20,SARSA + PS + Kernel,999,448,-9,21,1,1
20,SARSA + PS + Kernel,999,449,9,12,0,1
20,SARSA + PS + Kernel,999,450,-5,17,1,1
20,SARSA + PS + Kernel,999,451,-1,13,1,1
20,SARSA + PS + Kernel,999,452,13,8,0,1
20,SARSA + PS + Kernel,999,453,4,17,0,1
20,SARSA + PS + Kernel,999,454,-14,17,2,1
20,SARSA + PS + Kernel,999,455,-5,17,1,1
20,SARSA + PS + Kernel,999,456,0,12,1,1
20,SARSA + PS + Kernel,999,457,7,14,0,1
20,SARSA + PS + Kernel,999,458,9,12,0,1
20,SARSA + PS + Kernel,999,459,6,15,0,1
20,SARSA + PS + Kernel,999,460,11,10,0,1
20,SARSA + PS + Kernel,999,461,8,13,0,1
20,SARSA + PS + Kernel,999,462,1,20,0,1
20,SARSA + PS + Kernel,999,463,3,18,0,1
20,SARSA + PS + Kernel,999,464,5,16,0,1
20,SARSA + PS + Kernel,999,465,8,13,0,1
20,SARSA + PS + Kernel,999,466,5,16,0,1
20,SARSA + PS + Kernel,999,467,10,11,0,1
20,SARSA + PS + Kernel,999,468,-5,17,1,1
20,SARSA + PS + Kernel,999,469,-3,15,1,1
20,SARSA + PS + Kernel,999,470,1,20,0,1
20,SARSA + PS + Kernel,999,471,7,14,0,1
20,SARSA + PS + Kernel,999,472,-25,37,1,1
20,SARSA + PS + Kernel,999,473,4,17,0,1
20,SARSA + PS + Kernel,999,474,1,20,0,1
20,SARSA + PS + Kernel,999,475,9,12,0,1
20,SARSA + PS + Kernel,999,476,-5,17,1,1
20,SARSA + PS + Kernel,999,477,3,18,0,1
20,SARSA + PS + Kernel,999,478,8,13,0,1
20,SARSA + PS + Kernel,999,479,-11,14,2,1
20,SARSA + PS + Kernel,999,480,10,11,0,1
20,SARSA + PS + Kernel,999,481,-10,22,1,1
20,SARSA + PS + Kernel,999,482,14,7,0,1
20,SARSA + PS + Kernel,999,483,-9,21,1,1
20,SARSA + PS + Kernel,999,484,-2,14,1,1
20,SARSA + PS + Kernel,999,485,-5,26,0,1
20,SARSA + PS + Kernel,999,486,4,17,0,1
20,SARSA + PS + Kernel,999,487,6,15,0,1
20,SARSA + PS + Kernel,999,488,-3,15,1,1
20,SARSA + PS + Kernel,999,489,-5,17,1,1
20,SARSA + PS + Kernel,999,490,-4,16,1,1
20,SARSA + PS + Kernel,999,491,-3,15,1,1
20,SARSA + PS + Kernel,999,492,1,11,1,1
20,SARSA + PS + Kernel,999,493,0,21,0,1
20,SARSA + PS + Kernel,999,494,-5,17,1,1
20,SARSA + PS + Kernel,999,495,9,12,0,1
20,SARSA + PS + Kernel,999,496,9,12,0,1
20,SARSA + PS + Kernel,999,497,5,16,0,1
20,SARSA + PS + Kernel,999,498,-3,15,1,1
20,SARSA + PS + Kernel,999,499,3,18,0,1
20,SARSA + PS + Kernel,2024,0,-740,200,60,0
20,SARSA + PS + Kernel,2024,1,-794,200,66,0
20,SARSA + PS + Kernel,2024,2,-704,200,56,0
20,SARSA + PS + Kernel,2024,3,-170,65,14,1
20,SARSA + PS + Kernel,2024,4,-677,200,53,0
20,SARSA + PS + Kernel,2024,5,-722,200,58,0
20,SARSA + PS + Kernel,2024,6,-162,102,9,1
20,SARSA + PS + Kernel,2024,7,-587,200,43,0
20,SARSA + PS + Kernel,2024,8,-587,200,43,0
20,SARSA + PS + Kernel,2024,9,-767,200,63,0
20,SARSA + PS + Kernel,2024,10,-722,200,58,0
20,SARSA + PS + Kernel,2024,11,-311,98,26,1
20,SARSA + PS + Kernel,2024,12,-695,200,55,0
20,SARSA + PS + Kernel,2024,13,-650,200,50,0
20,SARSA + PS + Kernel,2024,14,-287,101,23,1
20,SARSA + PS + Kernel,2024,15,-74,41,6,1
20,SARSA + PS + Kernel,2024,16,-767,200,63,0
20,SARSA + PS + Kernel,2024,17,-8,11,2,1
20,SARSA + PS + Kernel,2024,18,-247,115,17,1
20,SARSA + PS + Kernel,2024,19,-506,200,34,0
20,SARSA + PS + Kernel,2024,20,-479,200,31,0
20,SARSA + PS + Kernel,2024,21,8,13,0,1
20,SARSA + PS + Kernel,2024,22,-578,200,42,0
20,SARSA + PS + Kernel,2024,23,-452,200,28,0
20,SARSA + PS + Kernel,2024,24,10,11,0,1
20,SARSA + PS + Kernel,2024,25,-605,200,45,0
20,SARSA + PS + Kernel,2024,26,-327,186,18,1
20,SARSA + PS + Kernel,2024,27,-192,114,11,1
20,SARSA + PS + Kernel,2024,28,-8,20,1,1
20,SARSA + PS + Kernel,2024,29,-1,22,0,1
20,SARSA + PS + Kernel,2024,30,-488,200,32,0
20,SARSA + PS + Kernel,2024,31,-551,200,39,0
20,SARSA + PS + Kernel,2024,32,5,16,0,1
20,SARSA + PS + Kernel,2024,33,14,7,0,1
20,SARSA + PS + Kernel,2024,34,-515,200,35,0
20,SARSA + PS + Kernel,2024,35,-232,190,7,1
20,SARSA + PS + Kernel,2024,36,-524,200,36,0
20,SARSA + PS + Kernel,2024,37,-542,200,38,0
20,SARSA + PS + Kernel,2024,38,-2,14,1,1
20,SARSA + PS + Kernel,2024,39,-2,14,1,1
20,SARSA + PS + Kernel,2024,40,-506,200,34,0
20,SARSA + PS + Kernel,2024,41,-407,200,23,0
20,SARSA + PS + Kernel,2024,42,-281,200,9,0
20,SARSA + PS + Kernel,2024,43,-335,200,15,0
20,SARSA + PS + Kernel,2024,44,8,13,0,1
20,SARSA + PS + Kernel,2024,45,-263,200,7,0
20,SARSA + PS + Kernel,2024,46,-452,200,28,0
20,SARSA + PS + Kernel,2024,47,-11,14,2,1
20,SARSA + PS + Kernel,2024,48,-281,200,9,0
20,SARSA + PS + Kernel,2024,49,-377,173,25,1
20,SARSA + PS + Kernel,2024,50,-212,161,8,1
20,SARSA + PS + Kernel,2024,51,-27,39,1,1
20,SARSA + PS + Kernel,2024,52,10,11,0,1
20,SARSA + PS + Kernel,2024,53,8,13,0,1
20,SARSA + PS + Kernel,2024,54,-3,15,1,1
20,SARSA + PS + Kernel,2024,55,-5,17,1,1
20,SARSA + PS + Kernel,2024,56,-272,200,8,0
20,SARSA + PS + Kernel,2024,57,-339,189,19,1
20,SARSA + PS + Kernel,2024,58,-36,21,4,1
20,SARSA + PS + Kernel,2024,59,-281,200,9,0
20,SARSA + PS + Kernel,2024,60,-470,200,30,0
20,SARSA + PS + Kernel,2024,61,-10,13,2,1
20,SARSA + PS + Kernel,2024,62,-650,200,50,0
20,SARSA + PS + Kernel,2024,63,8,13,0,1
20,SARSA + PS + Kernel,2024,64,7,14,0,1
20,SARSA + PS + Kernel,2024,65,-290,200,10,0
20,SARSA + PS + Kernel,2024,66,10,11,0,1
20,SARSA + PS + Kernel,2024,67,11,10,0,1
20,SARSA + PS + Kernel,2024,68,-25,28,2,1
20,SARSA + PS + Kernel,2024,69,-47,59,1,1
20,SARSA + PS + Kernel,2024,70,14,7,0,1
20,SARSA + PS + Kernel,2024,71,8,13,0,1
20,SARSA + PS + Kernel,2024,72,-98,101,2,1
20,SARSA + PS + Kernel,2024,73,-37,49,1,1
20,SARSA + PS + Kernel,2024,74,-46,58,1,1
20,SARSA + PS + Kernel,2024,75,10,11,0,1
20,SARSA + PS + Kernel,2024,76,9,12,0,1
20,SARSA + PS + Kernel,2024,77,-117,93,5,1
20,SARSA + PS + Kernel,2024,78,-263,200,7,0
20,SARSA + PS + Kernel,2024,79,-132,108,5,1
20,SARSA + PS + Kernel,2024,80,8,13,0,1
20,SARSA + PS + Kernel,2024,81,-227,200,3,0
20,SARSA + PS + Kernel,2024,82,-48,60,1,1
20,SARSA + PS + Kernel,2024,83,7,14,0,1
20,SARSA + PS + Kernel,2024,84,9,12,0,1
20,SARSA + PS + Kernel,2024,85,8,13,0,1
20,SARSA + PS + Kernel,2024,86,9,12,0,1
20,SARSA + PS + Kernel,2024,87,-236,200,4,0
20,SARSA + PS + Kernel,2024,88,-2,14,1,1
20,SARSA + PS + Kernel,2024,89,10,11,0,1
20,SARSA + PS + Kernel,2024,90,10,11,0,1
20,SARSA + PS + Kernel,2024,91,-14,17,2,1
20,SARSA + PS + Kernel,2024,92,-124,109,4,1
20,SARSA + PS + Kernel,2024,93,12,9,0,1
20,SARSA + PS + Kernel,2024,94,7,14,0,1
20,SARSA + PS + Kernel,2024,95,9,12,0,1
20,SARSA + PS + Kernel,2024,96,-139,151,1,1
20,SARSA + PS + Kernel,2024,97,-4,16,1,1
20,SARSA + PS + Kernel,2024,98,7,14,0,1
20,SARSA + PS + Kernel,2024,99,-245,200,5,0
20,SARSA + PS + Kernel,2024,100,13,8,0,1
20,SARSA + PS + Kernel,2024,101,10,11,0,1
20,SARSA + PS + Kernel,2024,102,8,13,0,1
20,SARSA + PS + Kernel,2024,103,-227,200,3,0
20,SARSA + PS + Kernel,2024,104,11,10,0,1
20,SARSA + PS + Kernel,2024,105,-8,11,2,1
20,SARSA + PS + Kernel,2024,106,-59,62,2,1
20,SARSA + PS + Kernel,2024,107,13,8,0,1
20,SARSA + PS + Kernel,2024,108,4,17,0,1
20,SARSA + PS + Kernel,2024,109,-193,169,5,1
20,SARSA + PS + Kernel,2024,110,-8,20,1,1
20,SARSA + PS + Kernel,2024,111,-3,15,1,1
20,SARSA + PS + Kernel,2024,112,-257,188,10,1
20,SARSA + PS + Kernel,2024,113,10,11,0,1
20,SARSA + PS + Kernel,2024,114,9,12,0,1
20,SARSA + PS + Kernel,2024,115,-29,23,3,1
20,SARSA + PS + Kernel,2024,116,4,17,0,1
20,SARSA + PS + Kernel,2024,117,10,11,0,1
20,SARSA + PS + Kernel,2024,118,9,12,0,1
20,SARSA + PS + Kernel,2024,119,-341,182,20,1
20,SARSA + PS + Kernel,2024,120,-21,33,1,1
20,SARSA + PS + Kernel,2024,121,5,16,0,1
20,SARSA + PS + Kernel,2024,122,-3,15,1,1
20,SARSA + PS + Kernel,2024,123,7,14,0,1
20,SARSA + PS + Kernel,2024,124,-13,34,0,1
20,SARSA + PS + Kernel,2024,125,10,11,0,1
20,SARSA + PS + Kernel,2024,126,-4,16,1,1
20,SARSA + PS + Kernel,2024,127,-2,23,0,1
20,SARSA + PS + Kernel,2024,128,11,10,0,1
20,SARSA + PS + Kernel,2024,129,-36,39,2,1
20,SARSA + PS + Kernel,2024,130,9,12,0,1
20,SARSA + PS + Kernel,2024,131,-3,24,0,1
20,SARSA + PS + Kernel,2024,132,12,9,0,1
20,SARSA + PS + Kernel,2024,133,-8,11,2,1
20,SARSA + PS + Kernel,2024,134,0,12,1,1
20,SARSA + PS + Kernel,2024,135,-25,37,1,1
20,SARSA + PS + Kernel,2024,136,8,13,0,1
20,SARSA + PS + Kernel,2024,137,-15,36,0,1
20,SARSA + PS + Kernel,2024,138,-6,18,1,1
20,SARSA + PS + Kernel,2024,139,-3,15,1,1
20,SARSA + PS + Kernel,2024,140,-15,27,1,1
20,SARSA + PS + Kernel,2024,141,-16,28,1,1
20,SARSA + PS + Kernel,2024,142,-112,106,3,1
20,SARSA + PS + Kernel,2024,143,-21,24,2,1
20,SARSA + PS + Kernel,2024,144,11,10,0,1
20,SARSA + PS + Kernel,2024,145,11,10,0,1
20,SARSA + PS + Kernel,2024,146,-3,15,1,1
20,SARSA + PS + Kernel,2024,147,10,11,0,1
20,SARSA + PS + Kernel,2024,148,-15,18,2,1
20,SARSA + PS + Kernel,2024,149,-152,128,5,1
20,SARSA + PS + Kernel,2024,150,-32,44,1,1
20,SARSA + PS + Kernel,2024,151,-2,23,0,1
20,SARSA + PS + Kernel,2024,152,11,10,0,1
20,SARSA + PS + Kernel,2024,153,11,10,0,1
20,SARSA + PS + Kernel,2024,154,13,8,0,1
20,SARSA + PS + Kernel,2024,155,-4,16,1,1
20,SARSA + PS + Kernel,2024,156,-6,27,0,1
20,SARSA + PS + Kernel,2024,157,-14,26,1,1
20,SARSA + PS + Kernel,2024,158,1,11,1,1
20,SARSA + PS + Kernel,2024,159,-12,24,1,1
20,SARSA + PS + Kernel,2024,160,5,16,0,1
20,SARSA + PS + Kernel,2024,161,-3,15,1,1
20,SARSA + PS + Kernel,2024,162,-5,17,1,1
20,SARSA + PS + Kernel,2024,163,0,12,1,1
20,SARSA + PS + Kernel,2024,164,13,8,0,1
20,SARSA + PS + Kernel,2024,165,0,12,1,1
20,SARSA + PS + Kernel,2024,166,9,12,0,1
20,SARSA + PS + Kernel,2024,167,-22,34,1,1
20,SARSA + PS + Kernel,2024,168,-4,16,1,1
20,SARSA + PS + Kernel,2024,169,-4,16,1,1
20,SARSA + PS + Kernel,2024,170,7,14,0,1
20,SARSA + PS + Kernel,2024,171,0,12,1,1
20,SARSA + PS + Kernel,2024,172,-383,152,28,1
20,SARSA + PS + Kernel,2024,173,-38,41,2,1
20,SARSA + PS + Kernel,2024,174,-129,141,1,1
20,SARSA + PS + Kernel,2024,175,-5,26,0,1
20,SARSA + PS + Kernel,2024,176,-34,46,1,1
20,SARSA + PS + Kernel,2024,177,5,16,0,1
20,SARSA + PS + Kernel,2024,178,-14,17,2,1
20,SARSA + PS + Kernel,2024,179,5,16,0,1
20,SARSA + PS + Kernel,2024,180,-20,41,0,1
20,SARSA + PS + Kernel,2024,181,6,15,0,1
20,SARSA + PS + Kernel,2024,182,11,10,0,1
20,SARSA + PS + Kernel,2024,183,-103,88,4,1
20,SARSA + PS + Kernel,2024,184,15,6,0,1
20,SARSA + PS + Kernel,2024,185,8,13,0,1
20,SARSA + PS + Kernel,2024,186,-2,14,1,1
20,SARSA + PS + Kernel,2024,187,-14,17,2,1
20,SARSA + PS + Kernel,2024,188,8,13,0,1
20,SARSA + PS + Kernel,2024,189,4,17,0,1
20,SARSA + PS + Kernel,2024,190,7,14,0,1
20,SARSA + PS + Kernel,2024,191,-81,75,3,1
20,SARSA + PS + Kernel,2024,192,-15,18,2,1
20,SARSA + PS + Kernel,2024,193,10,11,0,1
20,SARSA + PS + Kernel,2024,194,7,14,0,1
20,SARSA + PS + Kernel,2024,195,3,18,0,1
20,SARSA + PS + Kernel,2024,196,-12,15,2,1
20,SARSA + PS + Kernel,2024,197,-11,14,2,1
20,SARSA + PS + Kernel,2024,198,8,13,0,1
20,SARSA + PS + Kernel,2024,199,12,9,0,1
20,SARSA + PS + Kernel,2024,200,-4,16,1,1
20,SARSA + PS + Kernel,2024,201,10,11,0,1
20,SARSA + PS + Kernel,2024,202,8,13,0,1
20,SARSA + PS + Kernel,2024,203,12,9,0,1
20,SARSA + PS + Kernel,2024,204,7,14,0,1
20,SARSA + PS + Kernel,2024,205,7,14,0,1
20,SARSA + PS + Kernel,2024,206,1,11,1,1
20,SARSA + PS + Kernel,2024,207,-26,38,1,1
20,SARSA + PS + Kernel,2024,208,8,13,0,1
20,SARSA + PS + Kernel,2024,209,-3,15,1,1
20,SARSA + PS + Kernel,2024,210,-31,43,1,1
20,SARSA + PS + Kernel,2024,211,9,12,0,1
20,SARSA + PS + Kernel,2024,212,9,12,0,1
20,SARSA + PS + Kernel,2024,213,-59,71,1,1
20,SARSA + PS + Kernel,2024,214,0,21,0,1
20,SARSA + PS + Kernel,2024,215,10,11,0,1
20,SARSA + PS + Kernel,2024,216,-17,29,1,1
20,SARSA + PS + Kernel,2024,217,3,18,0,1
20,SARSA + PS + Kernel,2024,218,7,14,0,1
20,SARSA + PS + Kernel,2024,219,6,15,0,1
20,SARSA + PS + Kernel,2024,220,4,17,0,1
20,SARSA + PS + Kernel,2024,221,-11,32,0,1
20,SARSA + PS + Kernel,2024,222,-75,78,2,1
20,SARSA + PS + Kernel,2024,223,-10,22,1,1
20,SARSA + PS + Kernel,2024,224,-15,27,1,1
20,SARSA + PS + Kernel,2024,225,8,13,0,1
20,SARSA + PS + Kernel,2024,226,-27,30,2,1
20,SARSA + PS + Kernel,2024,227,10,11,0,1
20,SARSA + PS + Kernel,2024,228,-16,19,2,1
20,SARSA + PS + Kernel,2024,229,10,11,0,1
20,SARSA + PS + Kernel,2024,230,-141,117,5,1
20,SARSA + PS + Kernel,2024,231,-3,15,1,1
20,SARSA + PS + Kernel,2024,232,-3,15,1,1
20,SARSA + PS + Kernel,2024,233,9,12,0,1
20,SARSA + PS + Kernel,2024,234,-15,27,1,1
20,SARSA + PS + Kernel,2024,235,8,13,0,1
20,SARSA + PS + Kernel,2024,236,-1,13,1,1
20,SARSA + PS + Kernel,2024,237,4,17,0,1
20,SARSA + PS + Kernel,2024,238,-8,29,0,1
20,SARSA + PS + Kernel,2024,239,8,13,0,1
20,SARSA + PS + Kernel,2024,240,9,12,0,1
20,SARSA + PS + Kernel,2024,241,9,12,0,1
20,SARSA + PS + Kernel,2024,242,14,7,0,1
20,SARSA + PS + Kernel,2024,243,-40,34,3,1
20,SARSA + PS + Kernel,2024,244,2,19,0,1
20,SARSA + PS + Kernel,2024,245,-108,93,4,1
20,SARSA + PS + Kernel,2024,246,3,18,0,1
20,SARSA + PS + Kernel,2024,247,8,13,0,1
20,SARSA + PS + Kernel,2024,248,9,12,0,1
20,SARSA + PS + Kernel,2024,249,5,16,0,1
20,SARSA + PS + Kernel,2024,250,-1,22,0,1
20,SARSA + PS + Kernel,2024,251,2,19,0,1
20,SARSA + PS + Kernel,2024,252,4,17,0,1
20,SARSA + PS + Kernel,2024,253,-15,18,2,1
20,SARSA + PS + Kernel,2024,254,-79,82,2,1
20,SARSA + PS + Kernel,2024,255,11,10,0,1
20,SARSA + PS + Kernel,2024,256,11,10,0,1
20,SARSA + PS + Kernel,2024,257,6,15,0,1
20,SARSA + PS + Kernel,2024,258,-1,13,1,1
20,SARSA + PS + Kernel,2024,259,9,12,0,1
20,SARSA + PS + Kernel,2024,260,-35,38,2,1
20,SARSA + PS + Kernel,2024,261,9,12,0,1
20,SARSA + PS + Kernel,2024,262,10,11,0,1
20,SARSA + PS + Kernel,2024,263,-213,180,6,1
20,SARSA + PS + Kernel,2024,264,-4,16,1,1
20,SARSA + PS + Kernel,2024,265,2,19,0,1
20,SARSA + PS + Kernel,2024,266,5,16,0,1
20,SARSA + PS + Kernel,2024,267,-66,60,3,1
20,SARSA + PS + Kernel,2024,268,-4,16,1,1
20,SARSA + PS + Kernel,2024,269,2,10,1,1
20,SARSA + PS + Kernel,2024,270,4,17,0,1
20,SARSA + PS + Kernel,2024,271,11,10,0,1
20,SARSA + PS + Kernel,2024,272,8,13,0,1
20,SARSA + PS + Kernel,2024,273,9,12,0,1
20,SARSA + PS + Kernel,2024,274,10,11,0,1
20,SARSA + PS + Kernel,2024,275,-20,23,2,1
20,SARSA + PS + Kernel,2024,276,5,16,0,1
20,SARSA + PS + Kernel,2024,277,-10,13,2,1
20,SARSA + PS + Kernel,2024,278,9,12,0,1
20,SARSA + PS + Kernel,2024,279,6,15,0,1
20,SARSA + PS + Kernel,2024,280,4,17,0,1
20,SARSA + PS + Kernel,2024,281,-46,49,2,1
20,SARSA + PS + Kernel,2024,282,-43,37,3,1
20,SARSA + PS + Kernel,2024,283,-33,36,2,1
20,SARSA + PS + Kernel,2024,284,10,11,0,1
20,SARSA + PS + Kernel,2024,285,-6,18,1,1
20,SARSA + PS + Kernel,2024,286,10,11,0,1
20,SARSA + PS + Kernel,2024,287,-37,40,2,1
20,SARSA + PS + Kernel,2024,288,7,14,0,1
20,SARSA + PS + Kernel,2024,289,7,14,0,1
20,SARSA + PS + Kernel,2024,290,6,15,0,1
20,SARSA + PS + Kernel,2024,291,6,15,0,1
20,SARSA + PS + Kernel,2024,292,7,14,0,1
20,SARSA + PS + Kernel,2024,293,-14,26,1,1
20,SARSA + PS + Kernel,2024,294,9,12,0,1
20,SARSA + PS + Kernel,2024,295,-32,35,2,1
20,SARSA + PS + Kernel,2024,296,-43,55,1,1
20,SARSA + PS + Kernel,2024,297,9,12,0,1
20,SARSA + PS + Kernel,2024,298,7,14,0,1
20,SARSA + PS + Kernel,2024,299,10,11,0,1
20,SARSA + PS + Kernel,2024,300,-13,25,1,1
20,SARSA + PS + Kernel,2024,301,-2,23,0,1
20,SARSA + PS + Kernel,2024,302,-1,13,1,1
20,SARSA + PS + Kernel,2024,303,4,17,0,1
20,SARSA + PS + Kernel,2024,304,11,10,0,1
20,SARSA + PS + Kernel,2024,305,10,11,0,1
20,SARSA + PS + Kernel,2024,306,7,14,0,1
20,SARSA + PS + Kernel,2024,307,4,17,0,1
20,SARSA + PS + Kernel,2024,308,7,14,0,1
20,SARSA + PS + Kernel,2024,309,5,16,0,1
20,SARSA + PS + Kernel,2024,310,-22,25,2,1
20,SARSA + PS + Kernel,2024,311,8,13,0,1
20,SARSA + PS + Kernel,2024,312,10,11,0,1
20,SARSA + PS + Kernel,2024,313,-7,19,1,1
20,SARSA + PS + Kernel,2024,314,-43,55,1,1
20,SARSA + PS + Kernel,2024,315,4,17,0,1
20,SARSA + PS + Kernel,2024,316,-6,18,1,1
20,SARSA + PS + Kernel,2024,317,-30,24,3,1
20,SARSA + PS + Kernel,2024,318,5,16,0,1
20,SARSA + PS + Kernel,2024,319,-8,29,0,1
20,SARSA + PS + Kernel,2024,320,-19,31,1,1
20,SARSA + PS + Kernel,2024,321,4,17,0,1
20,SARSA + PS + Kernel,2024,322,6,15,0,1
20,SARSA + PS + Kernel,2024,323,-5,26,0,1
20,SARSA + PS + Kernel,2024,324,5,16,0,1
20,SARSA + PS + Kernel,2024,325,-10,13,2,1
20,SARSA + PS + Kernel,2024,326,-18,21,2,1
20,SARSA + PS + Kernel,2024,327,5,16,0,1
20,SARSA + PS + Kernel,2024,328,-15,18,2,1
20,SARSA + PS + Kernel,2024,329,12,9,0,1
20,SARSA + PS + Kernel,2024,330,5,16,0,1
20,SARSA + PS + Kernel,2024,331,0,21,0,1
20,SARSA + PS + Kernel,2024,332,3,18,0,1
20,SARSA + PS + Kernel,2024,333,6,15,0,1
20,SARSA + PS + Kernel,2024,334,4,17,0,1
20,SARSA + PS + Kernel,2024,335,-13,16,2,1
20,SARSA + PS + Kernel,2024,336,9,12,0,1
20,SARSA + PS + Kernel,2024,337,6,15,0,1
20,SARSA + PS + Kernel,2024,338,11,10,0,1
20,SARSA + PS + Kernel,2024,339,-1,22,0,1
20,SARSA + PS + Kernel,2024,340,-1,13,1,1
20,SARSA + PS + Kernel,2024,341,-7,19,1,1
20,SARSA + PS + Kernel,2024,342,4,17,0,1
20,SARSA + PS + Kernel,2024,343,12,9,0,1
20,SARSA + PS + Kernel,2024,344,3,18,0,1
20,SARSA + PS + Kernel,2024,345,-7,19,1,1
20,SARSA + PS + Kernel,2024,346,-12,15,2,1
20,SARSA + PS + Kernel,2024,347,10,11,0,1
20,SARSA + PS + Kernel,2024,348,-12,24,1,1
20,SARSA + PS + Kernel,2024,349,6,15,0,1
20,SARSA + PS + Kernel,2024,350,-23,35,1,1
20,SARSA + PS + Kernel,2024,351,10,11,0,1
20,SARSA + PS + Kernel,2024,352,-13,34,0,1
20,SARSA + PS + Kernel,2024,353,3,18,0,1
20,SARSA + PS + Kernel,2024,354,0,12,1,1
20,SARSA + PS + Kernel,2024,355,-16,19,2,1
20,SARSA + PS + Kernel,2024,356,2,19,0,1
20,SARSA + PS + Kernel,2024,357,14,7,0,1
20,SARSA + PS + Kernel,2024,358,-1,22,0,1
20,SARSA + PS + Kernel,2024,359,-6,18,1,1
20,SARSA + PS + Kernel,2024,360,9,12,0,1
20,SARSA + PS + Kernel,2024,361,2,19,0,1
20,SARSA + PS + Kernel,2024,362,6,15,0,1
20,SARSA + PS + Kernel,2024,363,-14,17,2,1
20,SARSA + PS + Kernel,2024,364,-3,15,1,1
20,SARSA + PS + Kernel,2024,365,9,12,0,1
20,SARSA + PS + Kernel,2024,366,9,12,0,1
20,SARSA + PS + Kernel,2024,367,-47,59,1,1
20,SARSA + PS + Kernel,2024,368,-2,14,1,1
20,SARSA + PS + Kernel,2024,369,8,13,0,1
20,SARSA + PS + Kernel,2024,370,5,16,0,1
20,SARSA + PS + Kernel,2024,371,-1,13,1,1
20,SARSA + PS + Kernel,2024,372,6,15,0,1
20,SARSA + PS + Kernel,2024,373,13,8,0,1
20,SARSA + PS + Kernel,2024,374,-10,22,1,1
20,SARSA + PS + Kernel,2024,375,-13,16,2,1
20,SARSA + PS + Kernel,2024,376,-56,41,4,1
20,SARSA + PS + Kernel,2024,377,-18,39,0,1
20,SARSA + PS + Kernel,2024,378,-22,34,1,1
20,SARSA + PS + Kernel,2024,379,-7,19,1,1
20,SARSA + PS + Kernel,2024,380,5,16,0,1
20,SARSA + PS + Kernel,2024,381,-16,28,1,1
20,SARSA + PS + Kernel,2024,382,11,10,0,1
20,SARSA + PS + Kernel,2024,383,-23,44,0,1
20,SARSA + PS + Kernel,2024,384,8,13,0,1
20,SARSA + PS + Kernel,2024,385,-17,20,2,1
20,SARSA + PS + Kernel,2024,386,-50,53,2,1
20,SARSA + PS + Kernel,2024,387,8,13,0,1
20,SARSA + PS + Kernel,2024,388,-25,37,1,1
20,SARSA + PS + Kernel,2024,389,7,14,0,1
20,SARSA + PS + Kernel,2024,390,-1,22,0,1
20,SARSA + PS + Kernel,2024,391,-4,16,1,1
20,SARSA + PS + Kernel,2024,392,11,10,0,1
20,SARSA + PS + Kernel,2024,393,7,14,0,1
20,SARSA + PS + Kernel,2024,394,9,12,0,1
20,SARSA + PS + Kernel,2024,395,-24,18,3,1
20,SARSA + PS + Kernel,2024,396,8,13,0,1
20,SARSA + PS + Kernel,2024,397,3,18,0,1
20,SARSA + PS + Kernel,2024,398,-7,19,1,1
20,SARSA + PS + Kernel,2024,399,6,15,0,1
20,SARSA + PS + Kernel,2024,400,7,14,0,1
20,SARSA + PS + Kernel,2024,401,11,10,0,1
20,SARSA + PS + Kernel,2024,402,-3,15,1,1
20,SARSA + PS + Kernel,2024,403,10,11,0,1
20,SARSA + PS + Kernel,2024,404,-19,31,1,1
20,SARSA + PS + Kernel,2024,405,13,8,0,1
20,SARSA + PS + Kernel,2024,406,1,11,1,1
20,SARSA + PS + Kernel,2024,407,14,7,0,1
20,SARSA + PS + Kernel,2024,408,5,16,0,1
20,SARSA + PS + Kernel,2024,409,-17,20,2,1
20,SARSA + PS + Kernel,2024,410,9,12,0,1
20,SARSA + PS + Kernel,2024,411,8,13,0,1
20,SARSA + PS + Kernel,2024,412,-2,14,1,1
20,SARSA + PS + Kernel,2024,413,4,17,0,1
20,SARSA + PS + Kernel,2024,414,2,19,0,1
20,SARSA + PS + Kernel,2024,415,-96,72,5,1
20,SARSA + PS + Kernel,2024,416,-11,23,1,1
20,SARSA + PS + Kernel,2024,417,-5,17,1,1
20,SARSA + PS + Kernel,2024,418,-3,15,1,1
20,SARSA + PS + Kernel,2024,419,6,15,0,1
20,SARSA + PS + Kernel,2024,420,11,10,0,1
20,SARSA + PS + Kernel,2024,421,5,16,0,1
20,SARSA + PS + Kernel,2024,422,5,16,0,1
20,SARSA + PS + Kernel,2024,423,9,12,0,1
20,SARSA + PS + Kernel,2024,424,8,13,0,1
20,SARSA + PS + Kernel,2024,425,11,10,0,1
20,SARSA + PS + Kernel,2024,426,10,11,0,1
20,SARSA + PS + Kernel,2024,427,0,12,1,1
20,SARSA + PS + Kernel,2024,428,-2,14,1,1
20,SARSA + PS + Kernel,2024,429,14,7,0,1
20,SARSA + PS + Kernel,2024,430,10,11,0,1
20,SARSA + PS + Kernel,2024,431,6,15,0,1
20,SARSA + PS + Kernel,2024,432,10,11,0,1
20,SARSA + PS + Kernel,2024,433,-6,18,1,1
20,SARSA + PS + Kernel,2024,434,-8,20,1,1
20,SARSA + PS + Kernel,2024,435,-12,24,1,1
20,SARSA + PS + Kernel,2024,436,5,16,0,1
20,SARSA + PS + Kernel,2024,437,8,13,0,1
20,SARSA + PS + Kernel,2024,438,-37,31,3,1
20,SARSA + PS + Kernel,2024,439,4,17,0,1
20,SARSA + PS + Kernel,2024,440,8,13,0,1
20,SARSA + PS + Kernel,2024,441,1,11,1,1
20,SARSA + PS + Kernel,2024,442,4,17,0,1
20,SARSA + PS + Kernel,2024,443,-86,89,2,1
20,SARSA + PS + Kernel,2024,444,2,19,0,1
20,SARSA + PS + Kernel,2024,445,-16,19,2,1
20,SARSA + PS + Kernel,2024,446,4,17,0,1
20,SARSA + PS + Kernel,2024,447,-7,19,1,1
20,SARSA + PS + Kernel,2024,448,12,9,0,1
20,SARSA + PS + Kernel,2024,449,3,18,0,1
20,SARSA + PS + Kernel,2024,450,6,15,0,1
20,SARSA + PS + Kernel,2024,451,-8,20,1,1
20,SARSA + PS + Kernel,2024,452,8,13,0,1
20,SARSA + PS + Kernel,2024,453,6,15,0,1
20,SARSA + PS + Kernel,2024,454,9,12,0,1
20,SARSA + PS + Kernel,2024,455,10,11,0,1
20,SARSA + PS + Kernel,2024,456,-5,26,0,1
20,SARSA + PS + Kernel,2024,457,10,11,0,1
20,SARSA + PS + Kernel,2024,458,-1,22,0,1
20,SARSA + PS + Kernel,2024,459,7,14,0,1
20,SARSA + PS + Kernel,2024,460,10,11,0,1
20,SARSA + PS + Kernel,2024,461,5,16,0,1
20,SARSA + PS + Kernel,2024,462,-13,25,1,1
20,SARSA + PS + Kernel,2024,463,-3,15,1,1
20,SARSA + PS + Kernel,2024,464,4,17,0,1
20,SARSA + PS + Kernel,2024,465,-22,16,3,1
20,SARSA + PS + Kernel,2024,466,10,11,0,1
20,SARSA + PS + Kernel,2024,467,7,14,0,1
20,SARSA + PS + Kernel,2024,468,11,10,0,1
20,SARSA + PS + Kernel,2024,469,-6,18,1,1
20,SARSA + PS + Kernel,2024,470,1,11,1,1
20,SARSA + PS + Kernel,2024,471,4,17,0,1
20,SARSA + PS + Kernel,2024,472,-2,14,1,1
20,SARSA + PS + Kernel,2024,473,11,10,0,1
20,SARSA + PS + Kernel,2024,474,-8,20,1,1
20,SARSA + PS + Kernel,2024,475,5,16,0,1
20,SARSA + PS + Kernel,2024,476,6,15,0,1
20,SARSA + PS + Kernel,2024,477,6,15,0,1
20,SARSA + PS + Kernel,2024,478,-9,12,2,1
20,SARSA + PS + Kernel,2024,479,4,17,0,1
20,SARSA + PS + Kernel,2024,480,6,15,0,1
20,SARSA + PS + Kernel,2024,481,10,11,0,1
20,SARSA + PS + Kernel,2024,482,-5,26,0,1
20,SARSA + PS + Kernel,2024,483,-6,18,1,1
20,SARSA + PS + Kernel,2024,484,12,9,0,1
20,SARSA + PS + Kernel,2024,485,10,11,0,1
20,SARSA + PS + Kernel,2024,486,9,12,0,1
20,SARSA + PS + Kernel,2024,487,11,10,0,1
20,SARSA + PS + Kernel,2024,488,0,12,1,1
20,SARSA + PS + Kernel,2024,489,-9,21,1,1
20,SARSA + PS + Kernel,2024,490,12,9,0,1
20,SARSA + PS + Kernel,2024,491,4,17,0,1
20,SARSA + PS + Kernel,2024,492,7,14,0,1
20,SARSA + PS + Kernel,2024,493,-7,19,1,1
20,SARSA + PS + Kernel,2024,494,-2,14,1,1
20,SARSA + PS + Kernel,2024,495,7,14,0,1
20,SARSA + PS + Kernel,2024,496,3,18,0,1
20,SARSA + PS + Kernel,2024,497,-11,14,2,1
20,SARSA + PS + Kernel,2024,498,7,14,0,1
20,SARSA + PS + Kernel,2024,499,-2,14,1,1
