Epsilon,Algorithm,Seed,Episode,Reward,Steps,Errors,Success
0.01,SARSA,42,0,-677,200,53,0
0.01,SARSA,42,1,-776,200,64,0
0.01,SARSA,42,2,-731,200,59,0
0.01,SARSA,42,3,-560,200,40,0
0.01,SARSA,42,4,-740,200,60,0
0.01,SARSA,42,5,-740,200,60,0
0.01,SARSA,42,6,-731,200,59,0
0.01,SARSA,42,7,-560,200,40,0
0.01,SARSA,42,8,-587,200,43,0
0.01,SARSA,42,9,-560,200,40,0
0.01,SARSA,42,10,-704,200,56,0
0.01,SARSA,42,11,-452,200,28,0
0.01,SARSA,42,12,-587,200,43,0
0.01,SARSA,42,13,-848,200,72,0
0.01,SARSA,42,14,-749,200,61,0
0.01,SARSA,42,15,-609,189,49,1
0.01,SARSA,42,16,-200,200,0,0
0.01,SARSA,42,17,-218,200,2,0
0.01,SARSA,42,18,-344,200,16,0
0.01,SARSA,42,19,-398,200,22,0
0.01,SARSA,42,20,-731,200,59,0
0.01,SARSA,42,21,-479,200,31,0
0.01,SARSA,42,22,-524,200,36,0
0.01,SARSA,42,23,-641,200,49,0
0.01,SARSA,42,24,-200,200,0,0
0.01,SARSA,42,25,-218,200,2,0
0.01,SARSA,42,26,-200,200,0,0
0.01,SARSA,42,27,-209,200,1,0
0.01,SARSA,42,28,-200,200,0,0
0.01,SARSA,42,29,-443,200,27,0
0.01,SARSA,42,30,-704,200,56,0
0.01,SARSA,42,31,-371,200,19,0
0.01,SARSA,42,32,-200,200,0,0
0.01,SARSA,42,33,-218,200,2,0
0.01,SARSA,42,34,-254,200,6,0
0.01,SARSA,42,35,-200,200,0,0
0.01,SARSA,42,36,-776,200,64,0
0.01,SARSA,42,37,-569,200,41,0
0.01,SARSA,42,38,-209,200,1,0
0.01,SARSA,42,39,-722,200,58,0
0.01,SARSA,42,40,-218,200,2,0
0.01,SARSA,42,41,-605,200,45,0
0.01,SARSA,42,42,-200,200,0,0
0.01,SARSA,42,43,-156,159,2,1
0.01,SARSA,42,44,-200,200,0,0
0.01,SARSA,42,45,-53,56,2,1
0.01,SARSA,42,46,-38,59,0,1
0.01,SARSA,42,47,-209,200,1,0
0.01,SARSA,42,48,-209,200,1,0
0.01,SARSA,42,49,-200,200,0,0
0.01,SARSA,42,50,-362,200,18,0
0.01,SARSA,42,51,-245,200,5,0
0.01,SARSA,42,52,-218,200,2,0
0.01,SARSA,42,53,-144,165,0,1
0.01,SARSA,42,54,-488,200,32,0
0.01,SARSA,42,55,-200,200,0,0
0.01,SARSA,42,56,-200,200,0,0
0.01,SARSA,42,57,-200,200,0,0
0.01,SARSA,42,58,-313,100,26,1
0.01,SARSA,42,59,-158,107,8,1
0.01,SARSA,42,60,-200,200,0,0
0.01,SARSA,42,61,-317,200,13,0
0.01,SARSA,42,62,-200,200,0,0
0.01,SARSA,42,63,-218,200,2,0
0.01,SARSA,42,64,-209,200,1,0
0.01,SARSA,42,65,-281,200,9,0
0.01,SARSA,42,66,-209,200,1,0
0.01,SARSA,42,67,-254,200,6,0
0.01,SARSA,42,68,-245,200,5,0
0.01,SARSA,42,69,-200,200,0,0
0.01,SARSA,42,70,-77,98,0,1
0.01,SARSA,42,71,-218,200,2,0
0.01,SARSA,42,72,-209,200,1,0
0.01,SARSA,42,73,-200,200,0,0
0.01,SARSA,42,74,-209,200,1,0
0.01,SARSA,42,75,-200,200,0,0
0.01,SARSA,42,76,-110,131,0,1
0.01,SARSA,42,77,-66,87,0,1
0.01,SARSA,42,78,-200,200,0,0
0.01,SARSA,42,79,-200,200,0,0
0.01,SARSA,42,80,-200,200,0,0
0.01,SARSA,42,81,-46,67,0,1
0.01,SARSA,42,82,-209,200,1,0
0.01,SARSA,42,83,-218,200,2,0
0.01,SARSA,42,84,-205,199,3,1
0.01,SARSA,42,85,-40,61,0,1
0.01,SARSA,42,86,-533,200,37,0
0.01,SARSA,42,87,-200,200,0,0
0.01,SARSA,42,88,-200,200,0,0
0.01,SARSA,42,89,-200,200,0,0
0.01,SARSA,42,90,-200,200,0,0
0.01,SARSA,42,91,-85,106,0,1
0.01,SARSA,42,92,-209,200,1,0
0.01,SARSA,42,93,-200,200,0,0
0.01,SARSA,42,94,-335,200,15,0
0.01,SARSA,42,95,-272,200,8,0
0.01,SARSA,42,96,-200,200,0,0
0.01,SARSA,42,97,-290,200,10,0
0.01,SARSA,42,98,-200,200,0,0
0.01,SARSA,42,99,-209,200,1,0
0.01,SARSA,42,100,-47,68,0,1
0.01,SARSA,42,101,-215,200,4,1
0.01,SARSA,42,102,-218,200,2,0
0.01,SARSA,42,103,-200,200,0,0
0.01,SARSA,42,104,-218,200,2,0
0.01,SARSA,42,105,-218,200,2,0
0.01,SARSA,42,106,-218,200,2,0
0.01,SARSA,42,107,-200,200,0,0
0.01,SARSA,42,108,-5,26,0,1
0.01,SARSA,42,109,-239,134,14,1
0.01,SARSA,42,110,-200,200,0,0
0.01,SARSA,42,111,-272,200,8,0
0.01,SARSA,42,112,-470,200,30,0
0.01,SARSA,42,113,-218,200,2,0
0.01,SARSA,42,114,-73,76,2,1
0.01,SARSA,42,115,-91,112,0,1
0.01,SARSA,42,116,-66,87,0,1
0.01,SARSA,42,117,-200,200,0,0
0.01,SARSA,42,118,-160,181,0,1
0.01,SARSA,42,119,-209,200,1,0
0.01,SARSA,42,120,-200,200,0,0
0.01,SARSA,42,121,-27,48,0,1
0.01,SARSA,42,122,-245,200,5,0
0.01,SARSA,42,123,-200,200,0,0
0.01,SARSA,42,124,-227,200,3,0
0.01,SARSA,42,125,-91,112,0,1
0.01,SARSA,42,126,-227,200,3,0
0.01,SARSA,42,127,-158,152,3,1
0.01,SARSA,42,128,-218,200,2,0
0.01,SARSA,42,129,-107,56,8,1
0.01,SARSA,42,130,-300,177,16,1
0.01,SARSA,42,131,-200,200,0,0
0.01,SARSA,42,132,-162,174,1,1
0.01,SARSA,42,133,-200,200,0,0
0.01,SARSA,42,134,-209,200,1,0
0.01,SARSA,42,135,-187,181,3,1
0.01,SARSA,42,136,-160,172,1,1
0.01,SARSA,42,137,-209,200,1,0
0.01,SARSA,42,138,-605,200,45,0
0.01,SARSA,42,139,-443,200,27,0
0.01,SARSA,42,140,-227,200,3,0
0.01,SARSA,42,141,-36,57,0,1
0.01,SARSA,42,142,-200,200,0,0
0.01,SARSA,42,143,-200,200,0,0
0.01,SARSA,42,144,-398,200,22,0
0.01,SARSA,42,145,-315,174,18,1
0.01,SARSA,42,146,-326,200,14,0
0.01,SARSA,42,147,-209,200,1,0
0.01,SARSA,42,148,-659,200,51,0
0.01,SARSA,42,149,-218,200,2,0
0.01,SARSA,42,150,-88,109,0,1
0.01,SARSA,42,151,-398,200,22,0
0.01,SARSA,42,152,-290,200,10,0
0.01,SARSA,42,153,-272,200,8,0
0.01,SARSA,42,154,-106,118,1,1
0.01,SARSA,42,155,-151,136,4,1
0.01,SARSA,42,156,-88,109,0,1
0.01,SARSA,42,157,-199,76,16,1
0.01,SARSA,42,158,-98,119,0,1
0.01,SARSA,42,159,-37,58,0,1
0.01,SARSA,42,160,-254,200,6,0
0.01,SARSA,42,161,-758,200,62,0
0.01,SARSA,42,162,-150,171,0,1
0.01,SARSA,42,163,-560,200,40,0
0.01,SARSA,42,164,-371,200,19,0
0.01,SARSA,42,165,-416,200,24,0
0.01,SARSA,42,166,-36,57,0,1
0.01,SARSA,42,167,-506,140,43,1
0.01,SARSA,42,168,-641,200,49,0
0.01,SARSA,42,169,-200,200,0,0
0.01,SARSA,42,170,-227,200,3,0
0.01,SARSA,42,171,-148,160,1,1
0.01,SARSA,42,172,-139,151,1,1
0.01,SARSA,42,173,-362,200,18,0
0.01,SARSA,42,174,-200,200,0,0
0.01,SARSA,42,175,-218,200,2,0
0.01,SARSA,42,176,-5,26,0,1
0.01,SARSA,42,177,-101,113,1,1
0.01,SARSA,42,178,-165,186,0,1
0.01,SARSA,42,179,-218,200,2,0
0.01,SARSA,42,180,-96,117,0,1
0.01,SARSA,42,181,-227,200,3,0
0.01,SARSA,42,182,-170,191,0,1
0.01,SARSA,42,183,-228,141,12,1
0.01,SARSA,42,184,-294,126,21,1
0.01,SARSA,42,185,-236,200,4,0
0.01,SARSA,42,186,-125,110,4,1
0.01,SARSA,42,187,-234,183,8,1
0.01,SARSA,42,188,-51,45,3,1
0.01,SARSA,42,189,-344,200,16,0
0.01,SARSA,42,190,-54,66,1,1
0.01,SARSA,42,191,-236,200,4,0
0.01,SARSA,42,192,-274,178,13,1
0.01,SARSA,42,193,-306,192,15,1
0.01,SARSA,42,194,-140,134,3,1
0.01,SARSA,42,195,-141,162,0,1
0.01,SARSA,42,196,-236,200,4,0
0.01,SARSA,42,197,-290,200,10,0
0.01,SARSA,42,198,-277,118,20,1
0.01,SARSA,42,199,-158,179,0,1
0.01,SARSA,42,200,-312,180,17,1
0.01,SARSA,42,201,-257,143,15,1
0.01,SARSA,42,202,-136,112,5,1
0.01,SARSA,42,203,-524,200,36,0
0.01,SARSA,42,204,-187,154,6,1
0.01,SARSA,42,205,-3,24,0,1
0.01,SARSA,42,206,-179,146,6,1
0.01,SARSA,42,207,-209,200,1,0
0.01,SARSA,42,208,-174,69,14,1
0.01,SARSA,42,209,-362,200,18,0
0.01,SARSA,42,210,-227,200,3,0
0.01,SARSA,42,211,-135,147,1,1
0.01,SARSA,42,212,-40,61,0,1
0.01,SARSA,42,213,-306,156,19,1
0.01,SARSA,42,214,-196,118,11,1
0.01,SARSA,42,215,-281,200,9,0
0.01,SARSA,42,216,-95,116,0,1
0.01,SARSA,42,217,-686,200,54,0
0.01,SARSA,42,218,-245,167,11,1
0.01,SARSA,42,219,-192,168,5,1
0.01,SARSA,42,220,-200,200,0,0
0.01,SARSA,42,221,-227,131,13,1
0.01,SARSA,42,222,-330,117,26,1
0.01,SARSA,42,223,-242,137,14,1
0.01,SARSA,42,224,-90,102,1,1
0.01,SARSA,42,225,-230,179,8,1
0.01,SARSA,42,226,-149,170,0,1
0.01,SARSA,42,227,-151,172,0,1
0.01,SARSA,42,228,-219,186,6,1
0.01,SARSA,42,229,-245,200,5,0
0.01,SARSA,42,230,-198,165,6,1
0.01,SARSA,42,231,-237,186,8,1
0.01,SARSA,42,232,-106,91,4,1
0.01,SARSA,42,233,-227,200,3,0
0.01,SARSA,42,234,13,8,0,1
0.01,SARSA,42,235,-85,70,4,1
0.01,SARSA,42,236,-25,46,0,1
0.01,SARSA,42,237,-134,155,0,1
0.01,SARSA,42,238,-136,103,6,1
0.01,SARSA,42,239,-2,23,0,1
0.01,SARSA,42,240,-202,196,3,1
0.01,SARSA,42,241,-245,200,5,0
0.01,SARSA,42,242,-272,200,8,0
0.01,SARSA,42,243,-100,85,4,1
0.01,SARSA,42,244,-176,152,5,1
0.01,SARSA,42,245,-148,133,4,1
0.01,SARSA,42,246,-73,58,4,1
0.01,SARSA,42,247,-281,200,9,0
0.01,SARSA,42,248,-8,29,0,1
0.01,SARSA,42,249,-191,140,8,1
0.01,SARSA,42,250,-78,99,0,1
0.01,SARSA,42,251,-150,117,6,1
0.01,SARSA,42,252,-240,99,18,1
0.01,SARSA,42,253,-122,143,0,1
0.01,SARSA,42,254,-299,200,11,0
0.01,SARSA,42,255,-164,167,2,1
0.01,SARSA,42,256,-308,200,12,0
0.01,SARSA,42,257,-172,175,2,1
0.01,SARSA,42,258,-133,145,1,1
0.01,SARSA,42,259,-132,126,3,1
0.01,SARSA,42,260,5,16,0,1
0.01,SARSA,42,261,-236,200,4,0
0.01,SARSA,42,262,-181,175,3,1
0.01,SARSA,42,263,-100,76,5,1
0.01,SARSA,42,264,-181,184,2,1
0.01,SARSA,42,265,-182,194,1,1
0.01,SARSA,42,266,-124,145,0,1
0.01,SARSA,42,267,-139,124,4,1
0.01,SARSA,42,268,-209,200,1,0
0.01,SARSA,42,269,-142,136,3,1
0.01,SARSA,42,270,-254,200,6,0
0.01,SARSA,42,271,-174,141,6,1
0.01,SARSA,42,272,-104,125,0,1
0.01,SARSA,42,273,-101,104,2,1
0.01,SARSA,42,274,-19,22,2,1
0.01,SARSA,42,275,-242,155,12,1
0.01,SARSA,42,276,-6,27,0,1
0.01,SARSA,42,277,-166,142,5,1
0.01,SARSA,42,278,-170,137,6,1
0.01,SARSA,42,279,-72,75,2,1
0.01,SARSA,42,280,-113,116,2,1
0.01,SARSA,42,281,-200,200,0,0
0.01,SARSA,42,282,-11,14,2,1
0.01,SARSA,42,283,-218,200,2,0
0.01,SARSA,42,284,-46,58,1,1
0.01,SARSA,42,285,-184,151,6,1
0.01,SARSA,42,286,-290,200,10,0
0.01,SARSA,42,287,-272,200,8,0
0.01,SARSA,42,288,-200,200,0,0
0.01,SARSA,42,289,-88,109,0,1
0.01,SARSA,42,290,-42,54,1,1
0.01,SARSA,42,291,-201,150,8,1
0.01,SARSA,42,292,-44,65,0,1
0.01,SARSA,42,293,-209,200,1,0
0.01,SARSA,42,294,-98,119,0,1
0.01,SARSA,42,295,-56,59,2,1
0.01,SARSA,42,296,-113,116,2,1
0.01,SARSA,42,297,6,15,0,1
0.01,SARSA,42,298,-17,29,1,1
0.01,SARSA,42,299,-497,200,33,0
0.01,SARSA,42,300,-45,57,1,1
0.01,SARSA,42,301,-281,200,9,0
0.01,SARSA,42,302,-74,77,2,1
0.01,SARSA,42,303,-236,200,4,0
0.01,SARSA,42,304,-218,200,2,0
0.01,SARSA,42,305,-200,200,0,0
0.01,SARSA,42,306,-74,86,1,1
0.01,SARSA,42,307,-200,200,0,0
0.01,SARSA,42,308,-284,179,14,1
0.01,SARSA,42,309,3,18,0,1
0.01,SARSA,42,310,-127,94,6,1
0.01,SARSA,42,311,-362,200,18,0
0.01,SARSA,42,312,-51,72,0,1
0.01,SARSA,42,313,-14,35,0,1
0.01,SARSA,42,314,-398,200,22,0
0.01,SARSA,42,315,-70,55,4,1
0.01,SARSA,42,316,-41,62,0,1
0.01,SARSA,42,317,-102,105,2,1
0.01,SARSA,42,318,-238,160,11,1
0.01,SARSA,42,319,-166,160,3,1
0.01,SARSA,42,320,-106,118,1,1
0.01,SARSA,42,321,6,15,0,1
0.01,SARSA,42,322,-243,129,15,1
0.01,SARSA,42,323,7,14,0,1
0.01,SARSA,42,324,-143,146,2,1
0.01,SARSA,42,325,-4,25,0,1
0.01,SARSA,42,326,-63,84,0,1
0.01,SARSA,42,327,6,15,0,1
0.01,SARSA,42,328,-300,141,20,1
0.01,SARSA,42,329,-13,34,0,1
0.01,SARSA,42,330,-64,85,0,1
0.01,SARSA,42,331,-114,135,0,1
0.01,SARSA,42,332,-240,135,14,1
0.01,SARSA,42,333,-16,37,0,1
0.01,SARSA,42,334,-78,99,0,1
0.01,SARSA,42,335,-46,67,0,1
0.01,SARSA,42,336,-208,193,4,1
0.01,SARSA,42,337,-89,110,0,1
0.01,SARSA,42,338,-109,130,0,1
0.01,SARSA,42,339,-141,126,4,1
0.01,SARSA,42,340,-113,134,0,1
0.01,SARSA,42,341,-247,160,12,1
0.01,SARSA,42,342,-107,101,3,1
0.01,SARSA,42,343,-370,139,28,1
0.01,SARSA,42,344,-132,126,3,1
0.01,SARSA,42,345,-123,99,5,1
0.01,SARSA,42,346,-341,146,24,1
0.01,SARSA,42,347,-26,29,2,1
0.01,SARSA,42,348,-110,122,1,1
0.01,SARSA,42,349,5,7,1,1
0.01,SARSA,42,350,-155,104,8,1
0.01,SARSA,42,351,-260,119,18,1
0.01,SARSA,42,352,10,11,0,1
0.01,SARSA,42,353,-162,120,7,1
0.01,SARSA,42,354,-262,112,19,1
0.01,SARSA,42,355,-8,29,0,1
0.01,SARSA,42,356,-4,25,0,1
0.01,SARSA,42,357,-252,138,15,1
0.01,SARSA,42,358,-31,34,2,1
0.01,SARSA,42,359,-342,183,20,1
0.01,SARSA,42,360,-205,154,8,1
0.01,SARSA,42,361,14,7,0,1
0.01,SARSA,42,362,-102,87,4,1
0.01,SARSA,42,363,-245,200,5,0
0.01,SARSA,42,364,-146,140,3,1
0.01,SARSA,42,365,-294,144,19,1
0.01,SARSA,42,366,-15,18,2,1
0.01,SARSA,42,367,-70,82,1,1
0.01,SARSA,42,368,-104,89,4,1
0.01,SARSA,42,369,-57,78,0,1
0.01,SARSA,42,370,-148,88,9,1
0.01,SARSA,42,371,14,7,0,1
0.01,SARSA,42,372,-6,27,0,1
0.01,SARSA,42,373,-200,200,0,0
0.01,SARSA,42,374,5,16,0,1
0.01,SARSA,42,375,-68,89,0,1
0.01,SARSA,42,376,-116,128,1,1
0.01,SARSA,42,377,-93,60,6,1
0.01,SARSA,42,378,5,16,0,1
0.01,SARSA,42,379,-87,108,0,1
0.01,SARSA,42,380,-117,138,0,1
0.01,SARSA,42,381,-169,118,8,1
0.01,SARSA,42,382,-380,200,20,0
0.01,SARSA,42,383,-77,89,1,1
0.01,SARSA,42,384,-64,31,6,1
0.01,SARSA,42,385,-371,194,22,1
0.01,SARSA,42,386,-66,87,0,1
0.01,SARSA,42,387,-4,16,1,1
0.01,SARSA,42,388,-246,123,16,1
0.01,SARSA,42,389,-40,61,0,1
0.01,SARSA,42,390,-54,75,0,1
0.01,SARSA,42,391,-168,189,0,1
0.01,SARSA,42,392,-170,119,8,1
0.01,SARSA,42,393,-40,61,0,1
0.01,SARSA,42,394,-145,112,6,1
0.01,SARSA,42,395,-4,25,0,1
0.01,SARSA,42,396,-131,98,6,1
0.01,SARSA,42,397,-167,71,13,1
0.01,SARSA,42,398,-169,100,10,1
0.01,SARSA,42,399,14,7,0,1
0.01,SARSA,42,400,-176,134,7,1
0.01,SARSA,42,401,-220,88,17,1
0.01,SARSA,42,402,-7,28,0,1
0.01,SARSA,42,403,-73,76,2,1
0.01,SARSA,42,404,-560,200,40,0
0.01,SARSA,42,405,-272,200,8,0
0.01,SARSA,42,406,-229,160,10,1
0.01,SARSA,42,407,-56,41,4,1
0.01,SARSA,42,408,-133,82,8,1
0.01,SARSA,42,409,-49,70,0,1
0.01,SARSA,42,410,12,9,0,1
0.01,SARSA,42,411,-218,200,2,0
0.01,SARSA,42,412,-13,34,0,1
0.01,SARSA,42,413,-35,56,0,1
0.01,SARSA,42,414,-377,200,22,1
0.01,SARSA,42,415,-87,108,0,1
0.01,SARSA,42,416,-160,145,4,1
0.01,SARSA,42,417,-101,86,4,1
0.01,SARSA,42,418,-193,97,13,1
0.01,SARSA,42,419,-173,104,10,1
0.01,SARSA,42,420,-49,52,2,1
0.01,SARSA,42,421,-13,34,0,1
0.01,SARSA,42,422,-36,57,0,1
0.01,SARSA,42,423,-230,152,11,1
0.01,SARSA,42,424,-93,96,2,1
0.01,SARSA,42,425,-60,81,0,1
0.01,SARSA,42,426,12,9,0,1
0.01,SARSA,42,427,-23,44,0,1
0.01,SARSA,42,428,-14,26,1,1
0.01,SARSA,42,429,0,21,0,1
0.01,SARSA,42,430,11,10,0,1
0.01,SARSA,42,431,2,19,0,1
0.01,SARSA,42,432,2,19,0,1
0.01,SARSA,42,433,-139,106,6,1
0.01,SARSA,42,434,-110,77,6,1
0.01,SARSA,42,435,-133,136,2,1
0.01,SARSA,42,436,-115,91,5,1
0.01,SARSA,42,437,-66,60,3,1
0.01,SARSA,42,438,-39,42,2,1
0.01,SARSA,42,439,-121,133,1,1
0.01,SARSA,42,440,-161,92,10,1
0.01,SARSA,42,441,-227,200,3,0
0.01,SARSA,42,442,-76,61,4,1
0.01,SARSA,42,443,-2,23,0,1
0.01,SARSA,42,444,-121,70,8,1
0.01,SARSA,42,445,-1,22,0,1
0.01,SARSA,42,446,-97,118,0,1
0.01,SARSA,42,447,-64,67,2,1
0.01,SARSA,42,448,-34,55,0,1
0.01,SARSA,42,449,-92,59,6,1
0.01,SARSA,42,450,-20,41,0,1
0.01,SARSA,42,451,-86,89,2,1
0.01,SARSA,42,452,-185,134,8,1
0.01,SARSA,42,453,-128,95,6,1
0.01,SARSA,42,454,-154,103,8,1
0.01,SARSA,42,455,-196,190,3,1
0.01,SARSA,42,456,-51,63,1,1
0.01,SARSA,42,457,-138,123,4,1
0.01,SARSA,42,458,-84,87,2,1
0.01,SARSA,42,459,-23,35,1,1
0.01,SARSA,42,460,11,10,0,1
0.01,SARSA,42,461,-149,116,6,1
0.01,SARSA,42,462,-71,56,4,1
0.01,SARSA,42,463,-114,81,6,1
0.01,SARSA,42,464,2,19,0,1
0.01,SARSA,42,465,-122,125,2,1
0.01,SARSA,42,466,-84,69,4,1
0.01,SARSA,42,467,7,14,0,1
0.01,SARSA,42,468,-27,48,0,1
0.01,SARSA,42,469,-154,121,6,1
0.01,SARSA,42,470,14,7,0,1
0.01,SARSA,42,471,-48,33,4,1
0.01,SARSA,42,472,-113,89,5,1
0.01,SARSA,42,473,4,17,0,1
0.01,SARSA,42,474,-118,103,4,1
0.01,SARSA,42,475,-94,97,2,1
0.01,SARSA,42,476,-40,61,0,1
0.01,SARSA,42,477,-149,143,3,1
0.01,SARSA,42,478,-29,50,0,1
0.01,SARSA,42,479,-24,27,2,1
0.01,SARSA,42,480,-93,87,3,1
0.01,SARSA,42,481,-103,88,4,1
0.01,SARSA,42,482,-39,42,2,1
0.01,SARSA,42,483,-5,26,0,1
0.01,SARSA,42,484,6,15,0,1
0.01,SARSA,42,485,-39,60,0,1
0.01,SARSA,42,486,-65,86,0,1
0.01,SARSA,42,487,-148,133,4,1
0.01,SARSA,42,488,-71,92,0,1
0.01,SARSA,42,489,-163,121,7,1
0.01,SARSA,42,490,3,18,0,1
0.01,SARSA,42,491,-69,90,0,1
0.01,SARSA,42,492,-9,12,2,1
0.01,SARSA,42,493,-299,200,11,0
0.01,SARSA,42,494,14,7,0,1
0.01,SARSA,42,495,-23,44,0,1
0.01,SARSA,42,496,-28,49,0,1
0.01,SARSA,42,497,-56,68,1,1
0.01,SARSA,42,498,-92,77,4,1
0.01,SARSA,42,499,-25,46,0,1
0.01,SARSA,123,0,-767,200,63,0
0.01,SARSA,123,1,-713,200,57,0
0.01,SARSA,123,2,-776,200,64,0
0.01,SARSA,123,3,-605,200,45,0
0.01,SARSA,123,4,-695,200,55,0
0.01,SARSA,123,5,-767,200,63,0
0.01,SARSA,123,6,-578,200,42,0
0.01,SARSA,123,7,-524,200,36,0
0.01,SARSA,123,8,-740,200,60,0
0.01,SARSA,123,9,-578,200,42,0
0.01,SARSA,123,10,-668,200,52,0
0.01,SARSA,123,11,-686,200,54,0
0.01,SARSA,123,12,-722,200,58,0
0.01,SARSA,123,13,-614,200,46,0
0.01,SARSA,123,14,-587,200,43,0
0.01,SARSA,123,15,-551,200,39,0
0.01,SARSA,123,16,-407,200,23,0
0.01,SARSA,123,17,-596,200,44,0
0.01,SARSA,123,18,-713,200,57,0
0.01,SARSA,123,19,-533,200,37,0
0.01,SARSA,123,20,-623,200,47,0
0.01,SARSA,123,21,-3,24,0,1
0.01,SARSA,123,22,-515,200,35,0
0.01,SARSA,123,23,-506,200,34,0
0.01,SARSA,123,24,-605,200,45,0
0.01,SARSA,123,25,-668,200,52,0
0.01,SARSA,123,26,-605,200,45,0
0.01,SARSA,123,27,-186,72,15,1
0.01,SARSA,123,28,-209,200,1,0
0.01,SARSA,123,29,-63,66,2,1
0.01,SARSA,123,30,-704,200,56,0
0.01,SARSA,123,31,-209,200,1,0
0.01,SARSA,123,32,-605,200,45,0
0.01,SARSA,123,33,-127,112,4,1
0.01,SARSA,123,34,-200,200,0,0
0.01,SARSA,123,35,-209,200,1,0
0.01,SARSA,123,36,-200,200,0,0
0.01,SARSA,123,37,-713,200,57,0
0.01,SARSA,123,38,-200,200,0,0
0.01,SARSA,123,39,-272,200,8,0
0.01,SARSA,123,40,-200,200,0,0
0.01,SARSA,123,41,-218,200,2,0
0.01,SARSA,123,42,-200,200,0,0
0.01,SARSA,123,43,-569,200,41,0
0.01,SARSA,123,44,-113,116,2,1
0.01,SARSA,123,45,-123,144,0,1
0.01,SARSA,123,46,-200,200,0,0
0.01,SARSA,123,47,-200,200,0,0
0.01,SARSA,123,48,-209,200,1,0
0.01,SARSA,123,49,-141,162,0,1
0.01,SARSA,123,50,-209,200,1,0
0.01,SARSA,123,51,-209,200,1,0
0.01,SARSA,123,52,-209,200,1,0
0.01,SARSA,123,53,-227,200,3,0
0.01,SARSA,123,54,-488,200,32,0
0.01,SARSA,123,55,-267,198,10,1
0.01,SARSA,123,56,-317,200,13,0
0.01,SARSA,123,57,-236,200,4,0
0.01,SARSA,123,58,-200,200,0,0
0.01,SARSA,123,59,-209,200,1,0
0.01,SARSA,123,60,-200,200,0,0
0.01,SARSA,123,61,-197,200,2,1
0.01,SARSA,123,62,-227,200,3,0
0.01,SARSA,123,63,-218,200,2,0
0.01,SARSA,123,64,-200,200,0,0
0.01,SARSA,123,65,-200,200,0,0
0.01,SARSA,123,66,-200,200,0,0
0.01,SARSA,123,67,-209,200,1,0
0.01,SARSA,123,68,-200,200,0,0
0.01,SARSA,123,69,-200,200,0,0
0.01,SARSA,123,70,-109,130,0,1
0.01,SARSA,123,71,-200,200,0,0
0.01,SARSA,123,72,-177,198,0,1
0.01,SARSA,123,73,-218,200,2,0
0.01,SARSA,123,74,-209,200,1,0
0.01,SARSA,123,75,-200,200,0,0
0.01,SARSA,123,76,-209,200,1,0
0.01,SARSA,123,77,-209,200,1,0
0.01,SARSA,123,78,-200,200,0,0
0.01,SARSA,123,79,-200,200,0,0
0.01,SARSA,123,80,-28,49,0,1
0.01,SARSA,123,81,-209,200,1,0
0.01,SARSA,123,82,-209,200,1,0
0.01,SARSA,123,83,-245,200,5,0
0.01,SARSA,123,84,-209,200,1,0
0.01,SARSA,123,85,-170,173,2,1
0.01,SARSA,123,86,-209,200,1,0
0.01,SARSA,123,87,-119,140,0,1
0.01,SARSA,123,88,-200,200,0,0
0.01,SARSA,123,89,-209,200,1,0
0.01,SARSA,123,90,-218,200,2,0
0.01,SARSA,123,91,-200,200,0,0
0.01,SARSA,123,92,-254,200,6,0
0.01,SARSA,123,93,-200,200,0,0
0.01,SARSA,123,94,-180,192,1,1
0.01,SARSA,123,95,-113,116,2,1
0.01,SARSA,123,96,-93,105,1,1
0.01,SARSA,123,97,-121,133,1,1
0.01,SARSA,123,98,-200,200,0,0
0.01,SARSA,123,99,-136,121,4,1
0.01,SARSA,123,100,-200,200,0,0
0.01,SARSA,123,101,-209,200,1,0
0.01,SARSA,123,102,-227,200,3,0
0.01,SARSA,123,103,-200,200,0,0
0.01,SARSA,123,104,-200,200,0,0
0.01,SARSA,123,105,-63,84,0,1
0.01,SARSA,123,106,-200,200,0,0
0.01,SARSA,123,107,-200,200,0,0
0.01,SARSA,123,108,-200,200,0,0
0.01,SARSA,123,109,4,17,0,1
0.01,SARSA,123,110,-67,88,0,1
0.01,SARSA,123,111,-209,200,1,0
0.01,SARSA,123,112,-183,195,1,1
0.01,SARSA,123,113,-44,65,0,1
0.01,SARSA,123,114,-209,200,1,0
0.01,SARSA,123,115,-126,147,0,1
0.01,SARSA,123,116,-200,200,0,0
0.01,SARSA,123,117,-234,165,10,1
0.01,SARSA,123,118,-115,136,0,1
0.01,SARSA,123,119,-200,200,0,0
0.01,SARSA,123,120,-209,200,1,0
0.01,SARSA,123,121,-200,200,0,0
0.01,SARSA,123,122,-209,200,1,0
0.01,SARSA,123,123,-200,200,0,0
0.01,SARSA,123,124,-209,200,1,0
0.01,SARSA,123,125,-162,183,0,1
0.01,SARSA,123,126,-155,176,0,1
0.01,SARSA,123,127,-10,31,0,1
0.01,SARSA,123,128,-84,96,1,1
0.01,SARSA,123,129,-121,142,0,1
0.01,SARSA,123,130,-416,200,24,0
0.01,SARSA,123,131,-209,200,1,0
0.01,SARSA,123,132,-64,76,1,1
0.01,SARSA,123,133,-209,200,1,0
0.01,SARSA,123,134,-533,200,37,0
0.01,SARSA,123,135,-209,200,1,0
0.01,SARSA,123,136,-124,145,0,1
0.01,SARSA,123,137,-326,200,14,0
0.01,SARSA,123,138,-169,172,2,1
0.01,SARSA,123,139,-245,200,5,0
0.01,SARSA,123,140,-66,78,1,1
0.01,SARSA,123,141,-373,151,27,1
0.01,SARSA,123,142,-95,107,1,1
0.01,SARSA,123,143,-147,168,0,1
0.01,SARSA,123,144,-174,105,10,1
0.01,SARSA,123,145,-686,200,54,0
0.01,SARSA,123,146,-154,121,6,1
0.01,SARSA,123,147,-443,200,27,0
0.01,SARSA,123,148,-263,200,7,0
0.01,SARSA,123,149,-200,200,0,0
0.01,SARSA,123,150,-447,180,32,1
0.01,SARSA,123,151,-479,200,31,0
0.01,SARSA,123,152,-200,200,0,0
0.01,SARSA,123,153,11,10,0,1
0.01,SARSA,123,154,-417,186,28,1
0.01,SARSA,123,155,-389,194,24,1
0.01,SARSA,123,156,-412,181,28,1
0.01,SARSA,123,157,-200,200,0,0
0.01,SARSA,123,158,-88,109,0,1
0.01,SARSA,123,159,-218,200,2,0
0.01,SARSA,123,160,-209,200,1,0
0.01,SARSA,123,161,-488,200,32,0
0.01,SARSA,123,162,-16,37,0,1
0.01,SARSA,123,163,-20,41,0,1
0.01,SARSA,123,164,-479,200,31,0
0.01,SARSA,123,165,-308,200,12,0
0.01,SARSA,123,166,-88,73,4,1
0.01,SARSA,123,167,-425,200,25,0
0.01,SARSA,123,168,-171,192,0,1
0.01,SARSA,123,169,-77,53,5,1
0.01,SARSA,123,170,-192,168,5,1
0.01,SARSA,123,171,-290,200,10,0
0.01,SARSA,123,172,-596,200,44,0
0.01,SARSA,123,173,-209,200,1,0
0.01,SARSA,123,174,-284,143,18,1
0.01,SARSA,123,175,-97,118,0,1
0.01,SARSA,123,176,-200,200,0,0
0.01,SARSA,123,177,-115,109,3,1
0.01,SARSA,123,178,-282,168,15,1
0.01,SARSA,123,179,-200,200,0,0
0.01,SARSA,123,180,-344,200,16,0
0.01,SARSA,123,181,-236,200,4,0
0.01,SARSA,123,182,-292,187,14,1
0.01,SARSA,123,183,-165,114,8,1
0.01,SARSA,123,184,-308,200,12,0
0.01,SARSA,123,185,-153,165,1,1
0.01,SARSA,123,186,-209,158,8,1
0.01,SARSA,123,187,-246,186,9,1
0.01,SARSA,123,188,-224,182,7,1
0.01,SARSA,123,189,-362,200,18,0
0.01,SARSA,123,190,-254,200,6,0
0.01,SARSA,123,191,-79,100,0,1
0.01,SARSA,123,192,-515,200,35,0
0.01,SARSA,123,193,-95,80,4,1
0.01,SARSA,123,194,-192,186,3,1
0.01,SARSA,123,195,-218,200,2,0
0.01,SARSA,123,196,-145,166,0,1
0.01,SARSA,123,197,-200,200,0,0
0.01,SARSA,123,198,-178,181,2,1
0.01,SARSA,123,199,-236,200,4,0
0.01,SARSA,123,200,-668,200,52,0
0.01,SARSA,123,201,-199,121,11,1
0.01,SARSA,123,202,-25,28,2,1
0.01,SARSA,123,203,-51,72,0,1
0.01,SARSA,123,204,-389,200,21,0
0.01,SARSA,123,205,-679,178,58,1
0.01,SARSA,123,206,-267,171,13,1
0.01,SARSA,123,207,-397,175,27,1
0.01,SARSA,123,208,-34,55,0,1
0.01,SARSA,123,209,-132,135,2,1
0.01,SARSA,123,210,-245,200,5,0
0.01,SARSA,123,211,-584,155,50,1
0.01,SARSA,123,212,-371,200,19,0
0.01,SARSA,123,213,-308,200,12,0
0.01,SARSA,123,214,-209,200,1,0
0.01,SARSA,123,215,-45,66,0,1
0.01,SARSA,123,216,-129,123,3,1
0.01,SARSA,123,217,-30,33,2,1
0.01,SARSA,123,218,-254,200,6,0
0.01,SARSA,123,219,-196,199,2,1
0.01,SARSA,123,220,-245,200,5,0
0.01,SARSA,123,221,-27,48,0,1
0.01,SARSA,123,222,-236,200,4,0
0.01,SARSA,123,223,-272,200,8,0
0.01,SARSA,123,224,-227,200,3,0
0.01,SARSA,123,225,-118,130,1,1
0.01,SARSA,123,226,-126,147,0,1
0.01,SARSA,123,227,-120,123,2,1
0.01,SARSA,123,228,-380,200,20,0
0.01,SARSA,123,229,-206,173,6,1
0.01,SARSA,123,230,-33,54,0,1
0.01,SARSA,123,231,-234,192,7,1
0.01,SARSA,123,232,-1,22,0,1
0.01,SARSA,123,233,-258,198,9,1
0.01,SARSA,123,234,-236,200,4,0
0.01,SARSA,123,235,-78,99,0,1
0.01,SARSA,123,236,-99,120,0,1
0.01,SARSA,123,237,-132,117,4,1
0.01,SARSA,123,238,-125,74,8,1
0.01,SARSA,123,239,-389,200,21,0
0.01,SARSA,123,240,-58,61,2,1
0.01,SARSA,123,241,-133,136,2,1
0.01,SARSA,123,242,-153,156,2,1
0.01,SARSA,123,243,-130,133,2,1
0.01,SARSA,123,244,-200,149,8,1
0.01,SARSA,123,245,-181,193,1,1
0.01,SARSA,123,246,-209,140,10,1
0.01,SARSA,123,247,-218,200,2,0
0.01,SARSA,123,248,-108,129,0,1
0.01,SARSA,123,249,-108,129,0,1
0.01,SARSA,123,250,-200,200,0,0
0.01,SARSA,123,251,-42,45,2,1
0.01,SARSA,123,252,-187,145,7,1
0.01,SARSA,123,253,-151,118,6,1
0.01,SARSA,123,254,-141,117,5,1
0.01,SARSA,123,255,-189,111,11,1
0.01,SARSA,123,256,-75,78,2,1
0.01,SARSA,123,257,-95,98,2,1
0.01,SARSA,123,258,-99,120,0,1
0.01,SARSA,123,259,-246,132,15,1
0.01,SARSA,123,260,-89,110,0,1
0.01,SARSA,123,261,-107,110,2,1
0.01,SARSA,123,262,-177,171,3,1
0.01,SARSA,123,263,-77,98,0,1
0.01,SARSA,123,264,-9,30,0,1
0.01,SARSA,123,265,-185,179,3,1
0.01,SARSA,123,266,-16,37,0,1
0.01,SARSA,123,267,-176,179,2,1
0.01,SARSA,123,268,-7,28,0,1
0.01,SARSA,123,269,-19,40,0,1
0.01,SARSA,123,270,-38,41,2,1
0.01,SARSA,123,271,-4,25,0,1
0.01,SARSA,123,272,-376,190,23,1
0.01,SARSA,123,273,-228,159,10,1
0.01,SARSA,123,274,-193,160,6,1
0.01,SARSA,123,275,-74,86,1,1
0.01,SARSA,123,276,-278,182,13,1
0.01,SARSA,123,277,-157,160,2,1
0.01,SARSA,123,278,-76,79,2,1
0.01,SARSA,123,279,-218,200,2,0
0.01,SARSA,123,280,14,7,0,1
0.01,SARSA,123,281,-92,113,0,1
0.01,SARSA,123,282,-236,200,4,0
0.01,SARSA,123,283,-140,134,3,1
0.01,SARSA,123,284,-200,158,7,1
0.01,SARSA,123,285,-207,120,12,1
0.01,SARSA,123,286,-158,125,6,1
0.01,SARSA,123,287,-218,200,2,0
0.01,SARSA,123,288,-377,164,26,1
0.01,SARSA,123,289,-136,139,2,1
0.01,SARSA,123,290,14,7,0,1
0.01,SARSA,123,291,-58,43,4,1
0.01,SARSA,123,292,-101,122,0,1
0.01,SARSA,123,293,-111,132,0,1
0.01,SARSA,123,294,-8,29,0,1
0.01,SARSA,123,295,-222,135,12,1
0.01,SARSA,123,296,-23,44,0,1
0.01,SARSA,123,297,-43,64,0,1
0.01,SARSA,123,298,-79,91,1,1
0.01,SARSA,123,299,-106,109,2,1
0.01,SARSA,123,300,-37,22,4,1
0.01,SARSA,123,301,-245,200,5,0
0.01,SARSA,123,302,-214,190,5,1
0.01,SARSA,123,303,-159,162,2,1
0.01,SARSA,123,304,-236,200,4,0
0.01,SARSA,123,305,-168,171,2,1
0.01,SARSA,123,306,-46,58,1,1
0.01,SARSA,123,307,-227,200,3,0
0.01,SARSA,123,308,-61,82,0,1
0.01,SARSA,123,309,-46,49,2,1
0.01,SARSA,123,310,-119,131,1,1
0.01,SARSA,123,311,-345,186,20,1
0.01,SARSA,123,312,-79,100,0,1
0.01,SARSA,123,313,-125,146,0,1
0.01,SARSA,123,314,-20,41,0,1
0.01,SARSA,123,315,-97,91,3,1
0.01,SARSA,123,316,-175,160,4,1
0.01,SARSA,123,317,-145,148,2,1
0.01,SARSA,123,318,14,7,0,1
0.01,SARSA,123,319,-58,52,3,1
0.01,SARSA,123,320,-202,169,6,1
0.01,SARSA,123,321,-183,177,3,1
0.01,SARSA,123,322,-84,105,0,1
0.01,SARSA,123,323,-136,148,1,1
0.01,SARSA,123,324,-120,132,1,1
0.01,SARSA,123,325,-353,200,17,0
0.01,SARSA,123,326,-149,143,3,1
0.01,SARSA,123,327,-47,68,0,1
0.01,SARSA,123,328,-170,146,5,1
0.01,SARSA,123,329,-162,84,11,1
0.01,SARSA,123,330,-227,200,3,0
0.01,SARSA,123,331,-5,26,0,1
0.01,SARSA,123,332,2,19,0,1
0.01,SARSA,123,333,-116,137,0,1
0.01,SARSA,123,334,-147,150,2,1
0.01,SARSA,123,335,-54,75,0,1
0.01,SARSA,123,336,-34,55,0,1
0.01,SARSA,123,337,-48,69,0,1
0.01,SARSA,123,338,-183,150,6,1
0.01,SARSA,123,339,-78,99,0,1
0.01,SARSA,123,340,-69,90,0,1
0.01,SARSA,123,341,-152,101,8,1
0.01,SARSA,123,342,-200,200,0,0
0.01,SARSA,123,343,-53,74,0,1
0.01,SARSA,123,344,-155,68,12,1
0.01,SARSA,123,345,3,18,0,1
0.01,SARSA,123,346,-161,182,0,1
0.01,SARSA,123,347,-44,47,2,1
0.01,SARSA,123,348,-18,39,0,1
0.01,SARSA,123,349,-17,38,0,1
0.01,SARSA,123,350,-18,39,0,1
0.01,SARSA,123,351,-12,15,2,1
0.01,SARSA,123,352,-295,163,17,1
0.01,SARSA,123,353,-229,160,10,1
0.01,SARSA,123,354,-75,78,2,1
0.01,SARSA,123,355,-138,150,1,1
0.01,SARSA,123,356,-12,33,0,1
0.01,SARSA,123,357,-220,133,12,1
0.01,SARSA,123,358,-123,144,0,1
0.01,SARSA,123,359,-53,74,0,1
0.01,SARSA,123,360,-170,191,0,1
0.01,SARSA,123,361,-186,198,1,1
0.01,SARSA,123,362,-346,133,26,1
0.01,SARSA,123,363,-65,77,1,1
0.01,SARSA,123,364,-128,122,3,1
0.01,SARSA,123,365,-81,84,2,1
0.01,SARSA,123,366,-172,157,4,1
0.01,SARSA,123,367,-28,49,0,1
0.01,SARSA,123,368,-102,123,0,1
0.01,SARSA,123,369,-112,133,0,1
0.01,SARSA,123,370,-272,200,8,0
0.01,SARSA,123,371,-327,186,18,1
0.01,SARSA,123,372,-239,134,14,1
0.01,SARSA,123,373,-86,71,4,1
0.01,SARSA,123,374,-12,33,0,1
0.01,SARSA,123,375,9,12,0,1
0.01,SARSA,123,376,-80,101,0,1
0.01,SARSA,123,377,-480,177,36,1
0.01,SARSA,123,378,-139,124,4,1
0.01,SARSA,123,379,13,8,0,1
0.01,SARSA,123,380,-151,82,10,1
0.01,SARSA,123,381,-389,200,21,0
0.01,SARSA,123,382,-82,76,3,1
0.01,SARSA,123,383,-86,89,2,1
0.01,SARSA,123,384,-470,200,30,0
0.01,SARSA,123,385,-34,55,0,1
0.01,SARSA,123,386,11,10,0,1
0.01,SARSA,123,387,-29,50,0,1
0.01,SARSA,123,388,-632,200,48,0
0.01,SARSA,123,389,14,7,0,1
0.01,SARSA,123,390,-68,89,0,1
0.01,SARSA,123,391,-101,104,2,1
0.01,SARSA,123,392,-10,31,0,1
0.01,SARSA,123,393,-61,73,1,1
0.01,SARSA,123,394,-60,63,2,1
0.01,SARSA,123,395,-241,163,11,1
0.01,SARSA,123,396,-227,200,3,0
0.01,SARSA,123,397,-45,66,0,1
0.01,SARSA,123,398,-96,81,4,1
0.01,SARSA,123,399,-125,128,2,1
0.01,SARSA,123,400,10,11,0,1
0.01,SARSA,123,401,-161,92,10,1
0.01,SARSA,123,402,-41,62,0,1
0.01,SARSA,123,403,-34,37,2,1
0.01,SARSA,123,404,-105,72,6,1
0.01,SARSA,123,405,-47,68,0,1
0.01,SARSA,123,406,-152,155,2,1
0.01,SARSA,123,407,-21,42,0,1
0.01,SARSA,123,408,-129,114,4,1
0.01,SARSA,123,409,-90,66,5,1
0.01,SARSA,123,410,-93,60,6,1
0.01,SARSA,123,411,-139,70,10,1
0.01,SARSA,123,412,-115,100,4,1
0.01,SARSA,123,413,14,7,0,1
0.01,SARSA,123,414,-7,28,0,1
0.01,SARSA,123,415,-164,95,10,1
0.01,SARSA,123,416,-185,98,12,1
0.01,SARSA,123,417,-28,49,0,1
0.01,SARSA,123,418,-33,36,2,1
0.01,SARSA,123,419,-16,37,0,1
0.01,SARSA,123,420,-290,200,10,0
0.01,SARSA,123,421,-115,109,3,1
0.01,SARSA,123,422,-343,130,26,1
0.01,SARSA,123,423,-34,55,0,1
0.01,SARSA,123,424,-119,122,2,1
0.01,SARSA,123,425,-26,47,0,1
0.01,SARSA,123,426,-135,138,2,1
0.01,SARSA,123,427,-373,169,25,1
0.01,SARSA,123,428,-29,50,0,1
0.01,SARSA,123,429,-238,169,10,1
0.01,SARSA,123,430,-346,142,25,1
0.01,SARSA,123,431,11,10,0,1
0.01,SARSA,123,432,-278,146,17,1
0.01,SARSA,123,433,-291,132,20,1
0.01,SARSA,123,434,-135,111,5,1
0.01,SARSA,123,435,-13,34,0,1
0.01,SARSA,123,436,10,11,0,1
0.01,SARSA,123,437,-48,60,1,1
0.01,SARSA,123,438,-1,22,0,1
0.01,SARSA,123,439,-111,114,2,1
0.01,SARSA,123,440,-75,78,2,1
0.01,SARSA,123,441,-24,27,2,1
0.01,SARSA,123,442,-254,113,18,1
0.01,SARSA,123,443,-198,111,12,1
0.01,SARSA,123,444,-57,78,0,1
0.01,SARSA,123,445,-78,90,1,1
0.01,SARSA,123,446,-99,102,2,1
0.01,SARSA,123,447,-157,133,5,1
0.01,SARSA,123,448,-140,107,6,1
0.01,SARSA,123,449,6,15,0,1
0.01,SARSA,123,450,-125,137,1,1
0.01,SARSA,123,451,-11,32,0,1
0.01,SARSA,123,452,-66,78,1,1
0.01,SARSA,123,453,-98,119,0,1
0.01,SARSA,123,454,-65,41,5,1
0.01,SARSA,123,455,-44,29,4,1
0.01,SARSA,123,456,-197,146,8,1
0.01,SARSA,123,457,14,7,0,1
0.01,SARSA,123,458,-183,159,5,1
0.01,SARSA,123,459,-154,121,6,1
0.01,SARSA,123,460,-76,97,0,1
0.01,SARSA,123,461,-137,104,6,1
0.01,SARSA,123,462,-100,85,4,1
0.01,SARSA,123,463,3,9,1,1
0.01,SARSA,123,464,-62,65,2,1
0.01,SARSA,123,465,-3,24,0,1
0.01,SARSA,123,466,-78,63,4,1
0.01,SARSA,123,467,-4,25,0,1
0.01,SARSA,123,468,-50,71,0,1
0.01,SARSA,123,469,-94,115,0,1
0.01,SARSA,123,470,-44,65,0,1
0.01,SARSA,123,471,-125,119,3,1
0.01,SARSA,123,472,-182,104,11,1
0.01,SARSA,123,473,-123,126,2,1
0.01,SARSA,123,474,8,13,0,1
0.01,SARSA,123,475,-85,61,5,1
0.01,SARSA,123,476,-82,103,0,1
0.01,SARSA,123,477,-140,107,6,1
0.01,SARSA,123,478,-83,77,3,1
0.01,SARSA,123,479,-109,103,3,1
0.01,SARSA,123,480,-79,64,4,1
0.01,SARSA,123,481,-135,138,2,1
0.01,SARSA,123,482,-1,22,0,1
0.01,SARSA,123,483,-100,76,5,1
0.01,SARSA,123,484,11,10,0,1
0.01,SARSA,123,485,-19,31,1,1
0.01,SARSA,123,486,-64,85,0,1
0.01,SARSA,123,487,-272,200,8,0
0.01,SARSA,123,488,-218,140,11,1
0.01,SARSA,123,489,2,19,0,1
0.01,SARSA,123,490,-115,100,4,1
0.01,SARSA,123,491,-60,81,0,1
0.01,SARSA,123,492,11,10,0,1
0.01,SARSA,123,493,-19,40,0,1
0.01,SARSA,123,494,-57,60,2,1
0.01,SARSA,123,495,-171,120,8,1
0.01,SARSA,123,496,-56,59,2,1
0.01,SARSA,123,497,-79,100,0,1
0.01,SARSA,123,498,-22,43,0,1
0.01,SARSA,123,499,-272,200,8,0
0.01,SARSA,777,0,-740,200,60,0
0.01,SARSA,777,1,-713,200,57,0
0.01,SARSA,777,2,-659,200,51,0
0.01,SARSA,777,3,-704,200,56,0
0.01,SARSA,777,4,-812,200,68,0
0.01,SARSA,777,5,-614,200,46,0
0.01,SARSA,777,6,-686,200,54,0
0.01,SARSA,777,7,-560,200,40,0
0.01,SARSA,777,8,-812,200,68,0
0.01,SARSA,777,9,-668,200,52,0
0.01,SARSA,777,10,-614,200,46,0
0.01,SARSA,777,11,-560,200,40,0
0.01,SARSA,777,12,-326,200,14,0
0.01,SARSA,777,13,-767,200,63,0
0.01,SARSA,777,14,-740,200,60,0
0.01,SARSA,777,15,-578,200,42,0
0.01,SARSA,777,16,-381,168,26,1
0.01,SARSA,777,17,-731,200,59,0
0.01,SARSA,777,18,-230,134,13,1
0.01,SARSA,777,19,-452,200,28,0
0.01,SARSA,777,20,-704,200,56,0
0.01,SARSA,777,21,-371,200,19,0
0.01,SARSA,777,22,-632,200,48,0
0.01,SARSA,777,23,-511,190,38,1
0.01,SARSA,777,24,-452,200,28,0
0.01,SARSA,777,25,-776,200,64,0
0.01,SARSA,777,26,-209,200,1,0
0.01,SARSA,777,27,-380,200,20,0
0.01,SARSA,777,28,-479,200,31,0
0.01,SARSA,777,29,-596,200,44,0
0.01,SARSA,777,30,-649,184,54,1
0.01,SARSA,777,31,-722,200,58,0
0.01,SARSA,777,32,-209,200,1,0
0.01,SARSA,777,33,-218,200,2,0
0.01,SARSA,777,34,-560,200,40,0
0.01,SARSA,777,35,-200,200,0,0
0.01,SARSA,777,36,-218,200,2,0
0.01,SARSA,777,37,-209,200,1,0
0.01,SARSA,777,38,-236,200,4,0
0.01,SARSA,777,39,-497,200,33,0
0.01,SARSA,777,40,-200,200,0,0
0.01,SARSA,777,41,-200,200,0,0
0.01,SARSA,777,42,-301,160,18,1
0.01,SARSA,777,43,-569,200,41,0
0.01,SARSA,777,44,-95,80,4,1
0.01,SARSA,777,45,-218,200,2,0
0.01,SARSA,777,46,-152,173,0,1
0.01,SARSA,777,47,-218,200,2,0
0.01,SARSA,777,48,-175,196,0,1
0.01,SARSA,777,49,-200,200,0,0
0.01,SARSA,777,50,-200,200,0,0
0.01,SARSA,777,51,-33,54,0,1
0.01,SARSA,777,52,-200,200,0,0
0.01,SARSA,777,53,-209,200,1,0
0.01,SARSA,777,54,-209,200,1,0
0.01,SARSA,777,55,-209,200,1,0
0.01,SARSA,777,56,-209,200,1,0
0.01,SARSA,777,57,-209,200,1,0
0.01,SARSA,777,58,-158,179,0,1
0.01,SARSA,777,59,-200,200,0,0
0.01,SARSA,777,60,-200,200,0,0
0.01,SARSA,777,61,-200,200,0,0
0.01,SARSA,777,62,-96,117,0,1
0.01,SARSA,777,63,-209,200,1,0
0.01,SARSA,777,64,-227,200,3,0
0.01,SARSA,777,65,-200,200,0,0
0.01,SARSA,777,66,-200,200,0,0
0.01,SARSA,777,67,-65,86,0,1
0.01,SARSA,777,68,-200,200,0,0
0.01,SARSA,777,69,-200,200,0,0
0.01,SARSA,777,70,-200,200,0,0
0.01,SARSA,777,71,-218,200,2,0
0.01,SARSA,777,72,-138,159,0,1
0.01,SARSA,777,73,-218,200,2,0
0.01,SARSA,777,74,-104,125,0,1
0.01,SARSA,777,75,-227,200,3,0
0.01,SARSA,777,76,-93,114,0,1
0.01,SARSA,777,77,-209,200,1,0
0.01,SARSA,777,78,-218,200,2,0
0.01,SARSA,777,79,-179,200,0,1
0.01,SARSA,777,80,-227,200,3,0
0.01,SARSA,777,81,-209,200,1,0
0.01,SARSA,777,82,-218,200,2,0
0.01,SARSA,777,83,-218,200,2,0
0.01,SARSA,777,84,-209,200,1,0
0.01,SARSA,777,85,-218,200,2,0
0.01,SARSA,777,86,-209,200,1,0
0.01,SARSA,777,87,-126,138,1,1
0.01,SARSA,777,88,-209,200,1,0
0.01,SARSA,777,89,-200,200,0,0
0.01,SARSA,777,90,-218,200,2,0
0.01,SARSA,777,91,-227,200,3,0
0.01,SARSA,777,92,-209,200,1,0
0.01,SARSA,777,93,-104,125,0,1
0.01,SARSA,777,94,-218,200,2,0
0.01,SARSA,777,95,-161,173,1,1
0.01,SARSA,777,96,-52,64,1,1
0.01,SARSA,777,97,-209,200,1,0
0.01,SARSA,777,98,-200,200,0,0
0.01,SARSA,777,99,-134,146,1,1
0.01,SARSA,777,100,-200,200,0,0
0.01,SARSA,777,101,-319,196,16,1
0.01,SARSA,777,102,-209,200,1,0
0.01,SARSA,777,103,-218,200,2,0
0.01,SARSA,777,104,-218,200,2,0
0.01,SARSA,777,105,-236,200,4,0
0.01,SARSA,777,106,-52,73,0,1
0.01,SARSA,777,107,-209,200,1,0
0.01,SARSA,777,108,-123,144,0,1
0.01,SARSA,777,109,-200,200,0,0
0.01,SARSA,777,110,-200,200,0,0
0.01,SARSA,777,111,-209,200,1,0
0.01,SARSA,777,112,-84,105,0,1
0.01,SARSA,777,113,-227,200,3,0
0.01,SARSA,777,114,-209,200,1,0
0.01,SARSA,777,115,-20,41,0,1
0.01,SARSA,777,116,-749,200,61,0
0.01,SARSA,777,117,-71,92,0,1
0.01,SARSA,777,118,-15,36,0,1
0.01,SARSA,777,119,-200,200,0,0
0.01,SARSA,777,120,-169,172,2,1
0.01,SARSA,777,121,-209,200,1,0
0.01,SARSA,777,122,-200,200,0,0
0.01,SARSA,777,123,-407,200,23,0
0.01,SARSA,777,124,-200,200,0,0
0.01,SARSA,777,125,-200,200,0,0
0.01,SARSA,777,126,-200,200,0,0
0.01,SARSA,777,127,-200,200,0,0
0.01,SARSA,777,128,-20,41,0,1
0.01,SARSA,777,129,-281,200,9,0
0.01,SARSA,777,130,-20,41,0,1
0.01,SARSA,777,131,-285,180,14,1
0.01,SARSA,777,132,-107,110,2,1
0.01,SARSA,777,133,-155,167,1,1
0.01,SARSA,777,134,-371,200,19,0
0.01,SARSA,777,135,-342,165,22,1
0.01,SARSA,777,136,-695,200,55,0
0.01,SARSA,777,137,-163,130,6,1
0.01,SARSA,777,138,-227,200,3,0
0.01,SARSA,777,139,-227,200,3,0
0.01,SARSA,777,140,-416,200,24,0
0.01,SARSA,777,141,-43,64,0,1
0.01,SARSA,777,142,-218,200,2,0
0.01,SARSA,777,143,-218,200,2,0
0.01,SARSA,777,144,-200,200,0,0
0.01,SARSA,777,145,-236,122,15,1
0.01,SARSA,777,146,-209,200,1,0
0.01,SARSA,777,147,-344,200,16,0
0.01,SARSA,777,148,-34,37,2,1
0.01,SARSA,777,149,-209,200,1,0
0.01,SARSA,777,150,-200,200,0,0
0.01,SARSA,777,151,-41,62,0,1
0.01,SARSA,777,152,-209,200,1,0
0.01,SARSA,777,153,-200,200,0,0
0.01,SARSA,777,154,-76,97,0,1
0.01,SARSA,777,155,-200,200,0,0
0.01,SARSA,777,156,-32,53,0,1
0.01,SARSA,777,157,-605,200,45,0
0.01,SARSA,777,158,-163,175,1,1
0.01,SARSA,777,159,-218,200,2,0
0.01,SARSA,777,160,-28,49,0,1
0.01,SARSA,777,161,-470,200,30,0
0.01,SARSA,777,162,-329,134,24,1
0.01,SARSA,777,163,-138,105,6,1
0.01,SARSA,777,164,-136,85,8,1
0.01,SARSA,777,165,-308,200,12,0
0.01,SARSA,777,166,-236,200,4,0
0.01,SARSA,777,167,-209,200,1,0
0.01,SARSA,777,168,-292,97,24,1
0.01,SARSA,777,169,-243,165,11,1
0.01,SARSA,777,170,-19,40,0,1
0.01,SARSA,777,171,-218,200,2,0
0.01,SARSA,777,172,-283,142,18,1
0.01,SARSA,777,173,-200,200,0,0
0.01,SARSA,777,174,-57,42,4,1
0.01,SARSA,777,175,-143,128,4,1
0.01,SARSA,777,176,-126,138,1,1
0.01,SARSA,777,177,-194,107,12,1
0.01,SARSA,777,178,-60,81,0,1
0.01,SARSA,777,179,-132,117,4,1
0.01,SARSA,777,180,-524,200,36,0
0.01,SARSA,777,181,-434,185,30,1
0.01,SARSA,777,182,-264,177,12,1
0.01,SARSA,777,183,-209,200,1,0
0.01,SARSA,777,184,-305,128,22,1
0.01,SARSA,777,185,-108,129,0,1
0.01,SARSA,777,186,-263,200,7,0
0.01,SARSA,777,187,-48,69,0,1
0.01,SARSA,777,188,-380,200,20,0
0.01,SARSA,777,189,-329,116,26,1
0.01,SARSA,777,190,-242,146,13,1
0.01,SARSA,777,191,-169,127,7,1
0.01,SARSA,777,192,-92,77,4,1
0.01,SARSA,777,193,-398,200,22,0
0.01,SARSA,777,194,-488,200,32,0
0.01,SARSA,777,195,-209,200,1,0
0.01,SARSA,777,196,-21,42,0,1
0.01,SARSA,777,197,-326,200,14,0
0.01,SARSA,777,198,-416,200,24,0
0.01,SARSA,777,199,-93,114,0,1
0.01,SARSA,777,200,-245,200,5,0
0.01,SARSA,777,201,-26,47,0,1
0.01,SARSA,777,202,-81,102,0,1
0.01,SARSA,777,203,-461,200,29,0
0.01,SARSA,777,204,-272,200,8,0
0.01,SARSA,777,205,-200,200,0,0
0.01,SARSA,777,206,-461,200,29,0
0.01,SARSA,777,207,-89,56,6,1
0.01,SARSA,777,208,-176,107,10,1
0.01,SARSA,777,209,-61,28,6,1
0.01,SARSA,777,210,-214,163,8,1
0.01,SARSA,777,211,-82,103,0,1
0.01,SARSA,777,212,-371,200,19,0
0.01,SARSA,777,213,-215,92,16,1
0.01,SARSA,777,214,-35,56,0,1
0.01,SARSA,777,215,-272,200,8,0
0.01,SARSA,777,216,-93,114,0,1
0.01,SARSA,777,217,-245,158,12,1
0.01,SARSA,777,218,-632,200,48,0
0.01,SARSA,777,219,-254,200,6,0
0.01,SARSA,777,220,-227,200,3,0
0.01,SARSA,777,221,-138,141,2,1
0.01,SARSA,777,222,-99,120,0,1
0.01,SARSA,777,223,-96,108,1,1
0.01,SARSA,777,224,-218,200,2,0
0.01,SARSA,777,225,-158,71,12,1
0.01,SARSA,777,226,-227,200,3,0
0.01,SARSA,777,227,-76,88,1,1
0.01,SARSA,777,228,-272,200,8,0
0.01,SARSA,777,229,-91,85,3,1
0.01,SARSA,777,230,-214,190,5,1
0.01,SARSA,777,231,-188,191,2,1
0.01,SARSA,777,232,-272,200,8,0
0.01,SARSA,777,233,-21,24,2,1
0.01,SARSA,777,234,-270,174,13,1
0.01,SARSA,777,235,-236,200,4,0
0.01,SARSA,777,236,6,15,0,1
0.01,SARSA,777,237,-174,159,4,1
0.01,SARSA,777,238,-245,200,5,0
0.01,SARSA,777,239,-31,34,2,1
0.01,SARSA,777,240,-227,200,3,0
0.01,SARSA,777,241,-55,40,4,1
0.01,SARSA,777,242,-63,66,2,1
0.01,SARSA,777,243,-18,39,0,1
0.01,SARSA,777,244,-28,49,0,1
0.01,SARSA,777,245,-37,40,2,1
0.01,SARSA,777,246,-107,101,3,1
0.01,SARSA,777,247,-167,152,4,1
0.01,SARSA,777,248,-453,177,33,1
0.01,SARSA,777,249,-35,38,2,1
0.01,SARSA,777,250,-272,200,8,0
0.01,SARSA,777,251,-193,178,4,1
0.01,SARSA,777,252,-143,146,2,1
0.01,SARSA,777,253,-224,200,5,1
0.01,SARSA,777,254,-174,141,6,1
0.01,SARSA,777,255,-162,147,4,1
0.01,SARSA,777,256,-17,20,2,1
0.01,SARSA,777,257,-200,200,0,0
0.01,SARSA,777,258,-180,138,7,1
0.01,SARSA,777,259,-95,116,0,1
0.01,SARSA,777,260,-209,194,4,1
0.01,SARSA,777,261,-218,200,2,0
0.01,SARSA,777,262,-137,104,6,1
0.01,SARSA,777,263,-279,156,16,1
0.01,SARSA,777,264,-131,134,2,1
0.01,SARSA,777,265,-225,192,6,1
0.01,SARSA,777,266,-134,155,0,1
0.01,SARSA,777,267,-200,200,0,0
0.01,SARSA,777,268,-218,200,2,0
0.01,SARSA,777,269,-106,109,2,1
0.01,SARSA,777,270,-94,115,0,1
0.01,SARSA,777,271,-82,85,2,1
0.01,SARSA,777,272,-51,72,0,1
0.01,SARSA,777,273,-20,41,0,1
0.01,SARSA,777,274,-12,33,0,1
0.01,SARSA,777,275,-254,200,6,0
0.01,SARSA,777,276,-79,64,4,1
0.01,SARSA,777,277,-95,98,2,1
0.01,SARSA,777,278,-16,37,0,1
0.01,SARSA,777,279,-272,200,8,0
0.01,SARSA,777,280,-102,123,0,1
0.01,SARSA,777,281,6,15,0,1
0.01,SARSA,777,282,-216,192,5,1
0.01,SARSA,777,283,-299,200,11,0
0.01,SARSA,777,284,-245,200,5,0
0.01,SARSA,777,285,-124,127,2,1
0.01,SARSA,777,286,-155,176,0,1
0.01,SARSA,777,287,-138,159,0,1
0.01,SARSA,777,288,-37,40,2,1
0.01,SARSA,777,289,-73,76,2,1
0.01,SARSA,777,290,-222,189,6,1
0.01,SARSA,777,291,-89,110,0,1
0.01,SARSA,777,292,-63,84,0,1
0.01,SARSA,777,293,-129,78,8,1
0.01,SARSA,777,294,-145,94,8,1
0.01,SARSA,777,295,-133,145,1,1
0.01,SARSA,777,296,-133,145,1,1
0.01,SARSA,777,297,9,12,0,1
0.01,SARSA,777,298,-218,200,2,0
0.01,SARSA,777,299,-144,156,1,1
0.01,SARSA,777,300,-280,139,18,1
0.01,SARSA,777,301,-254,200,6,0
0.01,SARSA,777,302,-150,162,1,1
0.01,SARSA,777,303,-4,25,0,1
0.01,SARSA,777,304,-90,93,2,1
0.01,SARSA,777,305,-12,33,0,1
0.01,SARSA,777,306,9,12,0,1
0.01,SARSA,777,307,-78,99,0,1
0.01,SARSA,777,308,-245,200,5,0
0.01,SARSA,777,309,-160,154,3,1
0.01,SARSA,777,310,-16,37,0,1
0.01,SARSA,777,311,-64,76,1,1
0.01,SARSA,777,312,-26,29,2,1
0.01,SARSA,777,313,-227,200,3,0
0.01,SARSA,777,314,-195,72,16,1
0.01,SARSA,777,315,-133,136,2,1
0.01,SARSA,777,316,-138,159,0,1
0.01,SARSA,777,317,-16,37,0,1
0.01,SARSA,777,318,-118,121,2,1
0.01,SARSA,777,319,-207,165,7,1
0.01,SARSA,777,320,-80,83,2,1
0.01,SARSA,777,321,-197,92,14,1
0.01,SARSA,777,322,-45,66,0,1
0.01,SARSA,777,323,-49,70,0,1
0.01,SARSA,777,324,-79,100,0,1
0.01,SARSA,777,325,-218,200,2,0
0.01,SARSA,777,326,-209,200,1,0
0.01,SARSA,777,327,-228,141,12,1
0.01,SARSA,777,328,-37,58,0,1
0.01,SARSA,777,329,-55,76,0,1
0.01,SARSA,777,330,-94,115,0,1
0.01,SARSA,777,331,-239,152,12,1
0.01,SARSA,777,332,-193,133,9,1
0.01,SARSA,777,333,-114,117,2,1
0.01,SARSA,777,334,-23,44,0,1
0.01,SARSA,777,335,-227,200,3,0
0.01,SARSA,777,336,-71,56,4,1
0.01,SARSA,777,337,-63,75,1,1
0.01,SARSA,777,338,-142,118,5,1
0.01,SARSA,777,339,-132,117,4,1
0.01,SARSA,777,340,-23,44,0,1
0.01,SARSA,777,341,-13,34,0,1
0.01,SARSA,777,342,-226,148,11,1
0.01,SARSA,777,343,-129,141,1,1
0.01,SARSA,777,344,-144,156,1,1
0.01,SARSA,777,345,5,16,0,1
0.01,SARSA,777,346,-163,175,1,1
0.01,SARSA,777,347,-131,152,0,1
0.01,SARSA,777,348,-200,149,8,1
0.01,SARSA,777,349,-9,30,0,1
0.01,SARSA,777,350,-45,57,1,1
0.01,SARSA,777,351,-200,200,0,0
0.01,SARSA,777,352,-11,32,0,1
0.01,SARSA,777,353,-27,48,0,1
0.01,SARSA,777,354,-23,44,0,1
0.01,SARSA,777,355,-150,117,6,1
0.01,SARSA,777,356,-158,161,2,1
0.01,SARSA,777,357,-380,200,20,0
0.01,SARSA,777,358,-42,63,0,1
0.01,SARSA,777,359,-13,34,0,1
0.01,SARSA,777,360,-218,95,16,1
0.01,SARSA,777,361,-132,99,6,1
0.01,SARSA,777,362,-83,104,0,1
0.01,SARSA,777,363,-65,68,2,1
0.01,SARSA,777,364,14,7,0,1
0.01,SARSA,777,365,-15,36,0,1
0.01,SARSA,777,366,-129,132,2,1
0.01,SARSA,777,367,-27,48,0,1
0.01,SARSA,777,368,-125,146,0,1
0.01,SARSA,777,369,-185,188,2,1
0.01,SARSA,777,370,-148,124,5,1
0.01,SARSA,777,371,-8,20,1,1
0.01,SARSA,777,372,-99,66,6,1
0.01,SARSA,777,373,-21,42,0,1
0.01,SARSA,777,374,-9,30,0,1
0.01,SARSA,777,375,-120,132,1,1
0.01,SARSA,777,376,14,7,0,1
0.01,SARSA,777,377,-73,85,1,1
0.01,SARSA,777,378,-7,28,0,1
0.01,SARSA,777,379,-215,155,9,1
0.01,SARSA,777,380,-59,80,0,1
0.01,SARSA,777,381,-441,138,36,1
0.01,SARSA,777,382,-398,200,22,0
0.01,SARSA,777,383,-34,37,2,1
0.01,SARSA,777,384,-56,68,1,1
0.01,SARSA,777,385,-64,85,0,1
0.01,SARSA,777,386,-156,96,9,1
0.01,SARSA,777,387,-78,72,3,1
0.01,SARSA,777,388,-362,200,18,0
0.01,SARSA,777,389,-54,75,0,1
0.01,SARSA,777,390,-70,91,0,1
0.01,SARSA,777,391,-254,200,6,0
0.01,SARSA,777,392,9,12,0,1
0.01,SARSA,777,393,-11,32,0,1
0.01,SARSA,777,394,-181,130,8,1
0.01,SARSA,777,395,-141,162,0,1
0.01,SARSA,777,396,14,7,0,1
0.01,SARSA,777,397,-175,142,6,1
0.01,SARSA,777,398,4,17,0,1
0.01,SARSA,777,399,3,18,0,1
0.01,SARSA,777,400,-272,95,22,1
0.01,SARSA,777,401,-114,117,2,1
0.01,SARSA,777,402,-27,48,0,1
0.01,SARSA,777,403,-146,68,11,1
0.01,SARSA,777,404,-155,122,6,1
0.01,SARSA,777,405,-7,28,0,1
0.01,SARSA,777,406,-54,75,0,1
0.01,SARSA,777,407,-63,75,1,1
0.01,SARSA,777,408,-176,125,8,1
0.01,SARSA,777,409,-102,114,1,1
0.01,SARSA,777,410,-68,89,0,1
0.01,SARSA,777,411,-8,29,0,1
0.01,SARSA,777,412,-35,47,1,1
0.01,SARSA,777,413,-45,30,4,1
0.01,SARSA,777,414,-484,154,39,1
0.01,SARSA,777,415,-211,196,4,1
0.01,SARSA,777,416,-18,39,0,1
0.01,SARSA,777,417,-18,39,0,1
0.01,SARSA,777,418,10,11,0,1
0.01,SARSA,777,419,-257,98,20,1
0.01,SARSA,777,420,-213,198,4,1
0.01,SARSA,777,421,2,19,0,1
0.01,SARSA,777,422,-31,52,0,1
0.01,SARSA,777,423,12,9,0,1
0.01,SARSA,777,424,12,9,0,1
0.01,SARSA,777,425,12,9,0,1
0.01,SARSA,777,426,-6,27,0,1
0.01,SARSA,777,427,-142,73,10,1
0.01,SARSA,777,428,-41,62,0,1
0.01,SARSA,777,429,-5,26,0,1
0.01,SARSA,777,430,14,7,0,1
0.01,SARSA,777,431,-139,106,6,1
0.01,SARSA,777,432,-12,24,1,1
0.01,SARSA,777,433,-141,72,10,1
0.01,SARSA,777,434,-2,23,0,1
0.01,SARSA,777,435,-33,45,1,1
0.01,SARSA,777,436,-77,98,0,1
0.01,SARSA,777,437,-181,112,10,1
0.01,SARSA,777,438,-109,94,4,1
0.01,SARSA,777,439,-35,47,1,1
0.01,SARSA,777,440,-379,193,23,1
0.01,SARSA,777,441,-71,92,0,1
0.01,SARSA,777,442,-13,16,2,1
0.01,SARSA,777,443,7,14,0,1
0.01,SARSA,777,444,-5,26,0,1
0.01,SARSA,777,445,-68,53,4,1
0.01,SARSA,777,446,-158,80,11,1
0.01,SARSA,777,447,-338,107,28,1
0.01,SARSA,777,448,-45,66,0,1
0.01,SARSA,777,449,-81,66,4,1
0.01,SARSA,777,450,-235,121,15,1
0.01,SARSA,777,451,-98,83,4,1
0.01,SARSA,777,452,-92,104,1,1
0.01,SARSA,777,453,-56,41,4,1
0.01,SARSA,777,454,-5,26,0,1
0.01,SARSA,777,455,-322,154,21,1
0.01,SARSA,777,456,-4,25,0,1
0.01,SARSA,777,457,-20,41,0,1
0.01,SARSA,777,458,14,7,0,1
0.01,SARSA,777,459,14,7,0,1
0.01,SARSA,777,460,-43,64,0,1
0.01,SARSA,777,461,-131,89,7,1
0.01,SARSA,777,462,-126,120,3,1
0.01,SARSA,777,463,-158,80,11,1
0.01,SARSA,777,464,-43,28,4,1
0.01,SARSA,777,465,14,7,0,1
0.01,SARSA,777,466,-84,87,2,1
0.01,SARSA,777,467,-101,50,8,1
0.01,SARSA,777,468,-50,62,1,1
0.01,SARSA,777,469,14,7,0,1
0.01,SARSA,777,470,-24,45,0,1
0.01,SARSA,777,471,-154,139,4,1
0.01,SARSA,777,472,-1,22,0,1
0.01,SARSA,777,473,-101,86,4,1
0.01,SARSA,777,474,-2,23,0,1
0.01,SARSA,777,475,-79,82,2,1
0.01,SARSA,777,476,-110,95,4,1
0.01,SARSA,777,477,-39,60,0,1
0.01,SARSA,777,478,14,7,0,1
0.01,SARSA,777,479,-102,69,6,1
0.01,SARSA,777,480,-41,62,0,1
0.01,SARSA,777,481,-46,67,0,1
0.01,SARSA,777,482,15,6,0,1
0.01,SARSA,777,483,-312,99,26,1
0.01,SARSA,777,484,-134,146,1,1
0.01,SARSA,777,485,-137,113,5,1
0.01,SARSA,777,486,-25,28,2,1
0.01,SARSA,777,487,-21,42,0,1
0.01,SARSA,777,488,-21,33,1,1
0.01,SARSA,777,489,-82,103,0,1
0.01,SARSA,777,490,-58,79,0,1
0.01,SARSA,777,491,-103,70,6,1
0.01,SARSA,777,492,-46,31,4,1
0.01,SARSA,777,493,14,7,0,1
0.01,SARSA,777,494,-178,190,1,1
0.01,SARSA,777,495,-141,108,6,1
0.01,SARSA,777,496,-72,93,0,1
0.01,SARSA,777,497,-71,74,2,1
0.01,SARSA,777,498,-64,85,0,1
0.01,SARSA,777,499,-50,35,4,1
0.01,SARSA,999,0,-668,200,52,0
0.01,SARSA,999,1,-668,200,52,0
0.01,SARSA,999,2,-740,200,60,0
0.01,SARSA,999,3,-740,200,60,0
0.01,SARSA,999,4,-686,200,54,0
0.01,SARSA,999,5,-641,200,49,0
0.01,SARSA,999,6,-272,200,8,0
0.01,SARSA,999,7,-740,200,60,0
0.01,SARSA,999,8,-776,200,64,0
0.01,SARSA,999,9,-704,200,56,0
0.01,SARSA,999,10,-731,200,59,0
0.01,SARSA,999,11,-695,200,55,0
0.01,SARSA,999,12,-776,200,64,0
0.01,SARSA,999,13,-668,200,52,0
0.01,SARSA,999,14,-686,200,54,0
0.01,SARSA,999,15,-659,200,51,0
0.01,SARSA,999,16,-776,200,64,0
0.01,SARSA,999,17,-641,200,49,0
0.01,SARSA,999,18,-551,200,39,0
0.01,SARSA,999,19,-475,127,41,1
0.01,SARSA,999,20,-344,200,16,0
0.01,SARSA,999,21,-200,200,0,0
0.01,SARSA,999,22,-398,200,22,0
0.01,SARSA,999,23,-337,133,25,1
0.01,SARSA,999,24,-488,200,32,0
0.01,SARSA,999,25,-200,200,0,0
0.01,SARSA,999,26,-614,200,46,0
0.01,SARSA,999,27,-740,200,60,0
0.01,SARSA,999,28,-605,200,45,0
0.01,SARSA,999,29,-200,200,0,0
0.01,SARSA,999,30,-200,200,0,0
0.01,SARSA,999,31,-209,200,1,0
0.01,SARSA,999,32,-278,146,17,1
0.01,SARSA,999,33,-434,200,26,0
0.01,SARSA,999,34,-200,200,0,0
0.01,SARSA,999,35,-488,200,32,0
0.01,SARSA,999,36,-218,200,2,0
0.01,SARSA,999,37,-209,200,1,0
0.01,SARSA,999,38,-218,200,2,0
0.01,SARSA,999,39,-344,200,16,0
0.01,SARSA,999,40,-209,200,1,0
0.01,SARSA,999,41,-515,200,35,0
0.01,SARSA,999,42,-200,200,0,0
0.01,SARSA,999,43,-147,78,10,1
0.01,SARSA,999,44,-209,200,1,0
0.01,SARSA,999,45,-209,200,1,0
0.01,SARSA,999,46,-91,94,2,1
0.01,SARSA,999,47,-200,200,0,0
0.01,SARSA,999,48,-209,200,1,0
0.01,SARSA,999,49,-209,200,1,0
0.01,SARSA,999,50,-138,159,0,1
0.01,SARSA,999,51,-209,200,1,0
0.01,SARSA,999,52,-254,200,6,0
0.01,SARSA,999,53,-200,200,0,0
0.01,SARSA,999,54,-524,200,36,0
0.01,SARSA,999,55,-596,200,44,0
0.01,SARSA,999,56,-227,200,3,0
0.01,SARSA,999,57,-176,197,0,1
0.01,SARSA,999,58,-248,188,9,1
0.01,SARSA,999,59,-209,200,1,0
0.01,SARSA,999,60,-200,200,0,0
0.01,SARSA,999,61,-200,200,0,0
0.01,SARSA,999,62,-218,200,2,0
0.01,SARSA,999,63,-200,200,0,0
0.01,SARSA,999,64,-200,200,0,0
0.01,SARSA,999,65,-209,200,1,0
0.01,SARSA,999,66,-209,200,1,0
0.01,SARSA,999,67,-200,200,0,0
0.01,SARSA,999,68,-236,200,4,0
0.01,SARSA,999,69,-218,200,2,0
0.01,SARSA,999,70,-200,200,0,0
0.01,SARSA,999,71,-109,121,1,1
0.01,SARSA,999,72,-200,200,0,0
0.01,SARSA,999,73,-209,200,1,0
0.01,SARSA,999,74,-218,200,2,0
0.01,SARSA,999,75,-105,126,0,1
0.01,SARSA,999,76,-123,135,1,1
0.01,SARSA,999,77,-209,200,1,0
0.01,SARSA,999,78,-200,200,0,0
0.01,SARSA,999,79,-200,200,0,0
0.01,SARSA,999,80,-142,73,10,1
0.01,SARSA,999,81,-200,200,0,0
0.01,SARSA,999,82,-92,113,0,1
0.01,SARSA,999,83,-200,200,0,0
0.01,SARSA,999,84,-200,200,0,0
0.01,SARSA,999,85,-236,200,4,0
0.01,SARSA,999,86,-200,200,0,0
0.01,SARSA,999,87,-200,200,0,0
0.01,SARSA,999,88,-200,200,0,0
0.01,SARSA,999,89,-209,200,1,0
0.01,SARSA,999,90,0,21,0,1
0.01,SARSA,999,91,-218,200,2,0
0.01,SARSA,999,92,-63,84,0,1
0.01,SARSA,999,93,-209,200,1,0
0.01,SARSA,999,94,-245,200,5,0
0.01,SARSA,999,95,-209,200,1,0
0.01,SARSA,999,96,-209,200,1,0
0.01,SARSA,999,97,-470,200,30,0
0.01,SARSA,999,98,-62,83,0,1
0.01,SARSA,999,99,-470,200,30,0
0.01,SARSA,999,100,-200,200,0,0
0.01,SARSA,999,101,-200,200,0,0
0.01,SARSA,999,102,-218,200,2,0
0.01,SARSA,999,103,-200,200,0,0
0.01,SARSA,999,104,-66,87,0,1
0.01,SARSA,999,105,-200,200,0,0
0.01,SARSA,999,106,-200,200,0,0
0.01,SARSA,999,107,-181,184,2,1
0.01,SARSA,999,108,-200,200,0,0
0.01,SARSA,999,109,-200,200,0,0
0.01,SARSA,999,110,-524,200,36,0
0.01,SARSA,999,111,-209,200,1,0
0.01,SARSA,999,112,-200,200,0,0
0.01,SARSA,999,113,-200,200,0,0
0.01,SARSA,999,114,-183,195,1,1
0.01,SARSA,999,115,-497,200,33,0
0.01,SARSA,999,116,-218,200,2,0
0.01,SARSA,999,117,-179,191,1,1
0.01,SARSA,999,118,-200,200,0,0
0.01,SARSA,999,119,-29,50,0,1
0.01,SARSA,999,120,-236,200,4,0
0.01,SARSA,999,121,-218,200,2,0
0.01,SARSA,999,122,-209,200,1,0
0.01,SARSA,999,123,-317,200,13,0
0.01,SARSA,999,124,-148,151,2,1
0.01,SARSA,999,125,-200,200,0,0
0.01,SARSA,999,126,-389,200,21,0
0.01,SARSA,999,127,-200,200,0,0
0.01,SARSA,999,128,-7,28,0,1
0.01,SARSA,999,129,-236,200,4,0
0.01,SARSA,999,130,-125,146,0,1
0.01,SARSA,999,131,-236,200,4,0
0.01,SARSA,999,132,-153,156,2,1
0.01,SARSA,999,133,-161,155,3,1
0.01,SARSA,999,134,-200,200,0,0
0.01,SARSA,999,135,-254,200,6,0
0.01,SARSA,999,136,-209,200,1,0
0.01,SARSA,999,137,-171,66,14,1
0.01,SARSA,999,138,-200,200,0,0
0.01,SARSA,999,139,-200,200,0,0
0.01,SARSA,999,140,-169,172,2,1
0.01,SARSA,999,141,-104,125,0,1
0.01,SARSA,999,142,-56,77,0,1
0.01,SARSA,999,143,-129,141,1,1
0.01,SARSA,999,144,-245,200,5,0
0.01,SARSA,999,145,-200,200,0,0
0.01,SARSA,999,146,-218,200,2,0
0.01,SARSA,999,147,-524,200,36,0
0.01,SARSA,999,148,-362,200,18,0
0.01,SARSA,999,149,-12,33,0,1
0.01,SARSA,999,150,-72,93,0,1
0.01,SARSA,999,151,-200,200,0,0
0.01,SARSA,999,152,-200,200,0,0
0.01,SARSA,999,153,-209,200,1,0
0.01,SARSA,999,154,-16,37,0,1
0.01,SARSA,999,155,-209,200,1,0
0.01,SARSA,999,156,-111,132,0,1
0.01,SARSA,999,157,-235,184,8,1
0.01,SARSA,999,158,-305,191,15,1
0.01,SARSA,999,159,-596,200,44,0
0.01,SARSA,999,160,-492,189,36,1
0.01,SARSA,999,161,-91,103,1,1
0.01,SARSA,999,162,-380,200,20,0
0.01,SARSA,999,163,-54,75,0,1
0.01,SARSA,999,164,-544,196,41,1
0.01,SARSA,999,165,-452,200,28,0
0.01,SARSA,999,166,-200,200,0,0
0.01,SARSA,999,167,-686,200,54,0
0.01,SARSA,999,168,-174,150,5,1
0.01,SARSA,999,169,-123,126,2,1
0.01,SARSA,999,170,11,10,0,1
0.01,SARSA,999,171,-155,176,0,1
0.01,SARSA,999,172,-227,176,8,1
0.01,SARSA,999,173,-308,200,12,0
0.01,SARSA,999,174,-8,29,0,1
0.01,SARSA,999,175,-299,200,11,0
0.01,SARSA,999,176,-200,200,0,0
0.01,SARSA,999,177,-53,47,3,1
0.01,SARSA,999,178,-587,200,43,0
0.01,SARSA,999,179,-72,93,0,1
0.01,SARSA,999,180,-251,128,16,1
0.01,SARSA,999,181,-176,71,14,1
0.01,SARSA,999,182,-605,200,45,0
0.01,SARSA,999,183,-231,180,8,1
0.01,SARSA,999,184,-137,131,3,1
0.01,SARSA,999,185,-23,44,0,1
0.01,SARSA,999,186,-158,134,5,1
0.01,SARSA,999,187,-260,110,19,1
0.01,SARSA,999,188,-686,200,54,0
0.01,SARSA,999,189,-200,200,0,0
0.01,SARSA,999,190,-236,200,4,0
0.01,SARSA,999,191,-167,188,0,1
0.01,SARSA,999,192,-389,200,21,0
0.01,SARSA,999,193,-223,190,6,1
0.01,SARSA,999,194,-138,114,5,1
0.01,SARSA,999,195,-298,139,20,1
0.01,SARSA,999,196,-14,35,0,1
0.01,SARSA,999,197,-25,46,0,1
0.01,SARSA,999,198,-236,200,4,0
0.01,SARSA,999,199,-592,199,46,1
0.01,SARSA,999,200,-51,54,2,1
0.01,SARSA,999,201,-132,126,3,1
0.01,SARSA,999,202,-60,81,0,1
0.01,SARSA,999,203,-76,25,8,1
0.01,SARSA,999,204,-263,200,7,0
0.01,SARSA,999,205,-187,163,5,1
0.01,SARSA,999,206,-139,142,2,1
0.01,SARSA,999,207,-209,200,1,0
0.01,SARSA,999,208,-10,13,2,1
0.01,SARSA,999,209,-83,95,1,1
0.01,SARSA,999,210,-281,200,9,0
0.01,SARSA,999,211,-144,156,1,1
0.01,SARSA,999,212,4,17,0,1
0.01,SARSA,999,213,-53,65,1,1
0.01,SARSA,999,214,-470,200,30,0
0.01,SARSA,999,215,-200,200,0,0
0.01,SARSA,999,216,-200,200,0,0
0.01,SARSA,999,217,-183,177,3,1
0.01,SARSA,999,218,-489,195,35,1
0.01,SARSA,999,219,-97,82,4,1
0.01,SARSA,999,220,-113,80,6,1
0.01,SARSA,999,221,-192,186,3,1
0.01,SARSA,999,222,-176,89,12,1
0.01,SARSA,999,223,-86,89,2,1
0.01,SARSA,999,224,-186,135,8,1
0.01,SARSA,999,225,-205,190,4,1
0.01,SARSA,999,226,-321,162,20,1
0.01,SARSA,999,227,-160,73,12,1
0.01,SARSA,999,228,-205,190,4,1
0.01,SARSA,999,229,-90,93,2,1
0.01,SARSA,999,230,-209,200,1,0
0.01,SARSA,999,231,-172,166,3,1
0.01,SARSA,999,232,-7,28,0,1
0.01,SARSA,999,233,-218,200,2,0
0.01,SARSA,999,234,-60,81,0,1
0.01,SARSA,999,235,-90,93,2,1
0.01,SARSA,999,236,8,13,0,1
0.01,SARSA,999,237,-34,19,4,1
0.01,SARSA,999,238,-161,173,1,1
0.01,SARSA,999,239,-202,196,3,1
0.01,SARSA,999,240,-65,86,0,1
0.01,SARSA,999,241,-218,200,2,0
0.01,SARSA,999,242,-76,97,0,1
0.01,SARSA,999,243,12,9,0,1
0.01,SARSA,999,244,-26,47,0,1
0.01,SARSA,999,245,-3,24,0,1
0.01,SARSA,999,246,-93,96,2,1
0.01,SARSA,999,247,-14,35,0,1
0.01,SARSA,999,248,-201,186,4,1
0.01,SARSA,999,249,-209,200,1,0
0.01,SARSA,999,250,-227,158,10,1
0.01,SARSA,999,251,-123,90,6,1
0.01,SARSA,999,252,-28,49,0,1
0.01,SARSA,999,253,-293,134,20,1
0.01,SARSA,999,254,-71,74,2,1
0.01,SARSA,999,255,-524,200,36,0
0.01,SARSA,999,256,14,7,0,1
0.01,SARSA,999,257,-139,88,8,1
0.01,SARSA,999,258,-93,114,0,1
0.01,SARSA,999,259,-250,181,10,1
0.01,SARSA,999,260,15,6,0,1
0.01,SARSA,999,261,-200,200,0,0
0.01,SARSA,999,262,-209,200,1,0
0.01,SARSA,999,263,-254,200,6,0
0.01,SARSA,999,264,-213,171,7,1
0.01,SARSA,999,265,-51,54,2,1
0.01,SARSA,999,266,-176,161,4,1
0.01,SARSA,999,267,-328,151,22,1
0.01,SARSA,999,268,-178,190,1,1
0.01,SARSA,999,269,-200,200,0,0
0.01,SARSA,999,270,-70,73,2,1
0.01,SARSA,999,271,0,21,0,1
0.01,SARSA,999,272,-218,200,2,0
0.01,SARSA,999,273,-76,70,3,1
0.01,SARSA,999,274,-358,181,22,1
0.01,SARSA,999,275,-19,40,0,1
0.01,SARSA,999,276,-133,154,0,1
0.01,SARSA,999,277,0,21,0,1
0.01,SARSA,999,278,13,8,0,1
0.01,SARSA,999,279,-134,119,4,1
0.01,SARSA,999,280,-49,70,0,1
0.01,SARSA,999,281,-32,35,2,1
0.01,SARSA,999,282,-290,200,10,0
0.01,SARSA,999,283,-46,58,1,1
0.01,SARSA,999,284,-71,92,0,1
0.01,SARSA,999,285,-277,136,18,1
0.01,SARSA,999,286,-91,94,2,1
0.01,SARSA,999,287,-102,123,0,1
0.01,SARSA,999,288,-245,200,5,0
0.01,SARSA,999,289,-21,42,0,1
0.01,SARSA,999,290,-227,200,3,0
0.01,SARSA,999,291,-236,200,4,0
0.01,SARSA,999,292,-252,156,13,1
0.01,SARSA,999,293,-97,109,1,1
0.01,SARSA,999,294,-11,32,0,1
0.01,SARSA,999,295,15,6,0,1
0.01,SARSA,999,296,-78,99,0,1
0.01,SARSA,999,297,-190,175,4,1
0.01,SARSA,999,298,-234,147,12,1
0.01,SARSA,999,299,-2,23,0,1
0.01,SARSA,999,300,-117,66,8,1
0.01,SARSA,999,301,-125,92,6,1
0.01,SARSA,999,302,-254,200,6,0
0.01,SARSA,999,303,-58,79,0,1
0.01,SARSA,999,304,-91,112,0,1
0.01,SARSA,999,305,-32,35,2,1
0.01,SARSA,999,306,-98,101,2,1
0.01,SARSA,999,307,-224,191,6,1
0.01,SARSA,999,308,-118,94,5,1
0.01,SARSA,999,309,-117,102,4,1
0.01,SARSA,999,310,-209,200,1,0
0.01,SARSA,999,311,-121,88,6,1
0.01,SARSA,999,312,-112,115,2,1
0.01,SARSA,999,313,-149,170,0,1
0.01,SARSA,999,314,-223,64,20,1
0.01,SARSA,999,315,-74,77,2,1
0.01,SARSA,999,316,-218,200,2,0
0.01,SARSA,999,317,-249,162,12,1
0.01,SARSA,999,318,-209,200,1,0
0.01,SARSA,999,319,-40,43,2,1
0.01,SARSA,999,320,-218,200,2,0
0.01,SARSA,999,321,-30,51,0,1
0.01,SARSA,999,322,-169,172,2,1
0.01,SARSA,999,323,-115,136,0,1
0.01,SARSA,999,324,-123,135,1,1
0.01,SARSA,999,325,-8,29,0,1
0.01,SARSA,999,326,3,18,0,1
0.01,SARSA,999,327,-121,124,2,1
0.01,SARSA,999,328,-238,169,10,1
0.01,SARSA,999,329,3,18,0,1
0.01,SARSA,999,330,-19,40,0,1
0.01,SARSA,999,331,-120,114,3,1
0.01,SARSA,999,332,-108,111,2,1
0.01,SARSA,999,333,-181,184,2,1
0.01,SARSA,999,334,-34,55,0,1
0.01,SARSA,999,335,-41,44,2,1
0.01,SARSA,999,336,-623,200,47,0
0.01,SARSA,999,337,-110,77,6,1
0.01,SARSA,999,338,-20,41,0,1
0.01,SARSA,999,339,-75,96,0,1
0.01,SARSA,999,340,-209,200,1,0
0.01,SARSA,999,341,-89,110,0,1
0.01,SARSA,999,342,-58,79,0,1
0.01,SARSA,999,343,-5,26,0,1
0.01,SARSA,999,344,-193,196,2,1
0.01,SARSA,999,345,-38,59,0,1
0.01,SARSA,999,346,-119,140,0,1
0.01,SARSA,999,347,-185,152,6,1
0.01,SARSA,999,348,-105,54,8,1
0.01,SARSA,999,349,-78,90,1,1
0.01,SARSA,999,350,-102,114,1,1
0.01,SARSA,999,351,-236,200,4,0
0.01,SARSA,999,352,-150,171,0,1
0.01,SARSA,999,353,-114,81,6,1
0.01,SARSA,999,354,-102,87,4,1
0.01,SARSA,999,355,-155,176,0,1
0.01,SARSA,999,356,-161,164,2,1
0.01,SARSA,999,357,-85,106,0,1
0.01,SARSA,999,358,-91,103,1,1
0.01,SARSA,999,359,-82,76,3,1
0.01,SARSA,999,360,-36,57,0,1
0.01,SARSA,999,361,-87,108,0,1
0.01,SARSA,999,362,-97,100,2,1
0.01,SARSA,999,363,-85,97,1,1
0.01,SARSA,999,364,-25,28,2,1
0.01,SARSA,999,365,-99,102,2,1
0.01,SARSA,999,366,14,7,0,1
0.01,SARSA,999,367,-157,160,2,1
0.01,SARSA,999,368,13,8,0,1
0.01,SARSA,999,369,-222,99,16,1
0.01,SARSA,999,370,-174,150,5,1
0.01,SARSA,999,371,-15,18,2,1
0.01,SARSA,999,372,-112,133,0,1
0.01,SARSA,999,373,-254,200,6,0
0.01,SARSA,999,374,-21,33,1,1
0.01,SARSA,999,375,-158,143,4,1
0.01,SARSA,999,376,2,19,0,1
0.01,SARSA,999,377,-89,110,0,1
0.01,SARSA,999,378,-91,94,2,1
0.01,SARSA,999,379,-55,58,2,1
0.01,SARSA,999,380,-2,23,0,1
0.01,SARSA,999,381,-260,182,11,1
0.01,SARSA,999,382,-218,200,2,0
0.01,SARSA,999,383,-41,44,2,1
0.01,SARSA,999,384,-89,74,4,1
0.01,SARSA,999,385,10,11,0,1
0.01,SARSA,999,386,-135,120,4,1
0.01,SARSA,999,387,-46,67,0,1
0.01,SARSA,999,388,-155,158,2,1
0.01,SARSA,999,389,-470,200,30,0
0.01,SARSA,999,390,-279,138,18,1
0.01,SARSA,999,391,-82,103,0,1
0.01,SARSA,999,392,-238,115,16,1
0.01,SARSA,999,393,-128,149,0,1
0.01,SARSA,999,394,-151,136,4,1
0.01,SARSA,999,395,-11,32,0,1
0.01,SARSA,999,396,-79,82,2,1
0.01,SARSA,999,397,-52,73,0,1
0.01,SARSA,999,398,-227,200,3,0
0.01,SARSA,999,399,-218,200,2,0
0.01,SARSA,999,400,-12,33,0,1
0.01,SARSA,999,401,-21,24,2,1
0.01,SARSA,999,402,-55,76,0,1
0.01,SARSA,999,403,-119,122,2,1
0.01,SARSA,999,404,-90,93,2,1
0.01,SARSA,999,405,-338,197,18,1
0.01,SARSA,999,406,-145,148,2,1
0.01,SARSA,999,407,-23,26,2,1
0.01,SARSA,999,408,-18,39,0,1
0.01,SARSA,999,409,-48,51,2,1
0.01,SARSA,999,410,-7,28,0,1
0.01,SARSA,999,411,-96,99,2,1
0.01,SARSA,999,412,-205,199,3,1
0.01,SARSA,999,413,-76,97,0,1
0.01,SARSA,999,414,-285,198,12,1
0.01,SARSA,999,415,-16,37,0,1
0.01,SARSA,999,416,-39,42,2,1
0.01,SARSA,999,417,-3,24,0,1
0.01,SARSA,999,418,-515,200,35,0
0.01,SARSA,999,419,-57,60,2,1
0.01,SARSA,999,420,-172,121,8,1
0.01,SARSA,999,421,8,13,0,1
0.01,SARSA,999,422,-183,114,10,1
0.01,SARSA,999,423,-134,65,10,1
0.01,SARSA,999,424,-83,104,0,1
0.01,SARSA,999,425,-123,126,2,1
0.01,SARSA,999,426,-216,120,13,1
0.01,SARSA,999,427,-94,79,4,1
0.01,SARSA,999,428,-405,129,33,1
0.01,SARSA,999,429,-75,60,4,1
0.01,SARSA,999,430,-11,32,0,1
0.01,SARSA,999,431,-77,80,2,1
0.01,SARSA,999,432,1,20,0,1
0.01,SARSA,999,433,4,17,0,1
0.01,SARSA,999,434,4,17,0,1
0.01,SARSA,999,435,14,7,0,1
0.01,SARSA,999,436,-30,51,0,1
0.01,SARSA,999,437,-293,134,20,1
0.01,SARSA,999,438,12,9,0,1
0.01,SARSA,999,439,-35,47,1,1
0.01,SARSA,999,440,-14,17,2,1
0.01,SARSA,999,441,8,13,0,1
0.01,SARSA,999,442,-14,35,0,1
0.01,SARSA,999,443,14,7,0,1
0.01,SARSA,999,444,-129,114,4,1
0.01,SARSA,999,445,5,16,0,1
0.01,SARSA,999,446,11,10,0,1
0.01,SARSA,999,447,-326,149,22,1
0.01,SARSA,999,448,-302,179,16,1
0.01,SARSA,999,449,-15,18,2,1
0.01,SARSA,999,450,-11,32,0,1
0.01,SARSA,999,451,-38,23,4,1
0.01,SARSA,999,452,11,10,0,1
0.01,SARSA,999,453,-141,153,1,1
0.01,SARSA,999,454,-88,100,1,1
0.01,SARSA,999,455,-3,24,0,1
0.01,SARSA,999,456,-76,79,2,1
0.01,SARSA,999,457,-139,151,1,1
0.01,SARSA,999,458,-245,140,14,1
0.01,SARSA,999,459,-30,51,0,1
0.01,SARSA,999,460,-59,44,4,1
0.01,SARSA,999,461,-76,97,0,1
0.01,SARSA,999,462,-113,116,2,1
0.01,SARSA,999,463,-236,200,4,0
0.01,SARSA,999,464,-472,151,38,1
0.01,SARSA,999,465,-38,59,0,1
0.01,SARSA,999,466,-61,82,0,1
0.01,SARSA,999,467,-12,33,0,1
0.01,SARSA,999,468,-100,103,2,1
0.01,SARSA,999,469,-138,141,2,1
0.01,SARSA,999,470,-89,110,0,1
0.01,SARSA,999,471,-91,58,6,1
0.01,SARSA,999,472,-177,198,0,1
0.01,SARSA,999,473,-205,64,18,1
0.01,SARSA,999,474,-362,200,18,0
0.01,SARSA,999,475,1,20,0,1
0.01,SARSA,999,476,-171,84,12,1
0.01,SARSA,999,477,-272,200,8,0
0.01,SARSA,999,478,-74,59,4,1
0.01,SARSA,999,479,-93,78,4,1
0.01,SARSA,999,480,-6,27,0,1
0.01,SARSA,999,481,-227,176,8,1
0.01,SARSA,999,482,14,7,0,1
0.01,SARSA,999,483,-569,200,41,0
0.01,SARSA,999,484,-84,87,2,1
0.01,SARSA,999,485,-131,98,6,1
0.01,SARSA,999,486,-90,93,2,1
0.01,SARSA,999,487,-128,104,5,1
0.01,SARSA,999,488,13,8,0,1
0.01,SARSA,999,489,-133,109,5,1
0.01,SARSA,999,490,8,13,0,1
0.01,SARSA,999,491,-49,61,1,1
0.01,SARSA,999,492,7,14,0,1
0.01,SARSA,999,493,-194,80,15,1
0.01,SARSA,999,494,-96,108,1,1
0.01,SARSA,999,495,10,11,0,1
0.01,SARSA,999,496,13,8,0,1
0.01,SARSA,999,497,-48,69,0,1
0.01,SARSA,999,498,4,17,0,1
0.01,SARSA,999,499,-112,106,3,1
0.01,SARSA,2024,0,-695,200,55,0
0.01,SARSA,2024,1,-596,200,44,0
0.01,SARSA,2024,2,-668,200,52,0
0.01,SARSA,2024,3,-596,200,44,0
0.01,SARSA,2024,4,-704,200,56,0
0.01,SARSA,2024,5,-677,200,53,0
0.01,SARSA,2024,6,-622,184,51,1
0.01,SARSA,2024,7,-713,200,57,0
0.01,SARSA,2024,8,-740,200,60,0
0.01,SARSA,2024,9,-767,200,63,0
0.01,SARSA,2024,10,-740,200,60,0
0.01,SARSA,2024,11,-704,200,56,0
0.01,SARSA,2024,12,-605,200,45,0
0.01,SARSA,2024,13,-731,200,59,0
0.01,SARSA,2024,14,-389,200,21,0
0.01,SARSA,2024,15,-209,200,1,0
0.01,SARSA,2024,16,-740,200,60,0
0.01,SARSA,2024,17,-564,144,49,1
0.01,SARSA,2024,18,-515,200,35,0
0.01,SARSA,2024,19,-200,200,0,0
0.01,SARSA,2024,20,-200,200,0,0
0.01,SARSA,2024,21,-200,200,0,0
0.01,SARSA,2024,22,-731,200,59,0
0.01,SARSA,2024,23,-236,200,4,0
0.01,SARSA,2024,24,-209,200,1,0
0.01,SARSA,2024,25,-767,200,63,0
0.01,SARSA,2024,26,-650,200,50,0
0.01,SARSA,2024,27,-380,200,20,0
0.01,SARSA,2024,28,-218,200,2,0
0.01,SARSA,2024,29,-200,200,0,0
0.01,SARSA,2024,30,-632,200,48,0
0.01,SARSA,2024,31,-533,200,37,0
0.01,SARSA,2024,32,-63,57,3,1
0.01,SARSA,2024,33,-16,19,2,1
0.01,SARSA,2024,34,-560,200,40,0
0.01,SARSA,2024,35,-209,200,1,0
0.01,SARSA,2024,36,-587,200,43,0
0.01,SARSA,2024,37,-533,200,37,0
0.01,SARSA,2024,38,-200,200,0,0
0.01,SARSA,2024,39,-218,200,2,0
0.01,SARSA,2024,40,-587,200,43,0
0.01,SARSA,2024,41,-263,200,7,0
0.01,SARSA,2024,42,-200,200,0,0
0.01,SARSA,2024,43,-209,200,1,0
0.01,SARSA,2024,44,-200,200,0,0
0.01,SARSA,2024,45,-200,200,0,0
0.01,SARSA,2024,46,-209,200,1,0
0.01,SARSA,2024,47,-241,118,16,1
0.01,SARSA,2024,48,-209,200,1,0
0.01,SARSA,2024,49,-308,200,12,0
0.01,SARSA,2024,50,-126,138,1,1
0.01,SARSA,2024,51,-218,200,2,0
0.01,SARSA,2024,52,-209,200,1,0
0.01,SARSA,2024,53,-172,193,0,1
0.01,SARSA,2024,54,-218,200,2,0
0.01,SARSA,2024,55,-218,200,2,0
0.01,SARSA,2024,56,-200,200,0,0
0.01,SARSA,2024,57,-351,165,23,1
0.01,SARSA,2024,58,-236,200,4,0
0.01,SARSA,2024,59,-139,115,5,1
0.01,SARSA,2024,60,-209,200,1,0
0.01,SARSA,2024,61,-148,169,0,1
0.01,SARSA,2024,62,-767,200,63,0
0.01,SARSA,2024,63,-144,165,0,1
0.01,SARSA,2024,64,-200,200,0,0
0.01,SARSA,2024,65,-200,200,0,0
0.01,SARSA,2024,66,-209,200,1,0
0.01,SARSA,2024,67,-209,200,1,0
0.01,SARSA,2024,68,-200,200,0,0
0.01,SARSA,2024,69,-200,200,0,0
0.01,SARSA,2024,70,4,17,0,1
0.01,SARSA,2024,71,-166,187,0,1
0.01,SARSA,2024,72,-218,200,2,0
0.01,SARSA,2024,73,-200,200,0,0
0.01,SARSA,2024,74,-200,200,0,0
0.01,SARSA,2024,75,-167,170,2,1
0.01,SARSA,2024,76,-91,112,0,1
0.01,SARSA,2024,77,-209,200,1,0
0.01,SARSA,2024,78,-272,200,8,0
0.01,SARSA,2024,79,-200,200,0,0
0.01,SARSA,2024,80,-211,178,6,1
0.01,SARSA,2024,81,-209,200,1,0
0.01,SARSA,2024,82,-200,200,0,0
0.01,SARSA,2024,83,-83,104,0,1
0.01,SARSA,2024,84,-497,200,33,0
0.01,SARSA,2024,85,3,18,0,1
0.01,SARSA,2024,86,-272,200,8,0
0.01,SARSA,2024,87,-200,200,0,0
0.01,SARSA,2024,88,-218,200,2,0
0.01,SARSA,2024,89,-209,200,1,0
0.01,SARSA,2024,90,-254,200,6,0
0.01,SARSA,2024,91,-209,200,1,0
0.01,SARSA,2024,92,-209,200,1,0
0.01,SARSA,2024,93,-266,80,23,1
0.01,SARSA,2024,94,-209,200,1,0
0.01,SARSA,2024,95,-236,200,4,0
0.01,SARSA,2024,96,-209,200,1,0
0.01,SARSA,2024,97,-204,198,3,1
0.01,SARSA,2024,98,-184,124,9,1
0.01,SARSA,2024,99,-140,161,0,1
0.01,SARSA,2024,100,-183,186,2,1
0.01,SARSA,2024,101,-63,84,0,1
0.01,SARSA,2024,102,-209,200,1,0
0.01,SARSA,2024,103,-209,200,1,0
0.01,SARSA,2024,104,-61,82,0,1
0.01,SARSA,2024,105,-227,200,3,0
0.01,SARSA,2024,106,-200,200,0,0
0.01,SARSA,2024,107,-16,37,0,1
0.01,SARSA,2024,108,-209,200,1,0
0.01,SARSA,2024,109,-200,200,0,0
0.01,SARSA,2024,110,-218,200,2,0
0.01,SARSA,2024,111,-227,200,3,0
0.01,SARSA,2024,112,-227,200,3,0
0.01,SARSA,2024,113,-209,200,1,0
0.01,SARSA,2024,114,-90,111,0,1
0.01,SARSA,2024,115,-506,200,34,0
0.01,SARSA,2024,116,-218,200,2,0
0.01,SARSA,2024,117,-143,155,1,1
0.01,SARSA,2024,118,-77,98,0,1
0.01,SARSA,2024,119,-209,200,1,0
0.01,SARSA,2024,120,-218,200,2,0
0.01,SARSA,2024,121,-65,86,0,1
0.01,SARSA,2024,122,-147,150,2,1
0.01,SARSA,2024,123,-19,40,0,1
0.01,SARSA,2024,124,-218,200,2,0
0.01,SARSA,2024,125,4,17,0,1
0.01,SARSA,2024,126,-200,200,0,0
0.01,SARSA,2024,127,-68,89,0,1
0.01,SARSA,2024,128,-227,200,3,0
0.01,SARSA,2024,129,-209,200,1,0
0.01,SARSA,2024,130,-24,45,0,1
0.01,SARSA,2024,131,-50,71,0,1
0.01,SARSA,2024,132,-29,50,0,1
0.01,SARSA,2024,133,-86,80,3,1
0.01,SARSA,2024,134,-227,200,3,0
0.01,SARSA,2024,135,-209,200,1,0
0.01,SARSA,2024,136,-209,200,1,0
0.01,SARSA,2024,137,-164,185,0,1
0.01,SARSA,2024,138,-112,133,0,1
0.01,SARSA,2024,139,-425,200,25,0
0.01,SARSA,2024,140,-200,200,0,0
0.01,SARSA,2024,141,-425,200,25,0
0.01,SARSA,2024,142,-209,200,1,0
0.01,SARSA,2024,143,-479,200,31,0
0.01,SARSA,2024,144,-149,143,3,1
0.01,SARSA,2024,145,-200,200,0,0
0.01,SARSA,2024,146,-659,200,51,0
0.01,SARSA,2024,147,-236,200,4,0
0.01,SARSA,2024,148,-209,200,1,0
0.01,SARSA,2024,149,-200,200,0,0
0.01,SARSA,2024,150,-70,91,0,1
0.01,SARSA,2024,151,-268,145,16,1
0.01,SARSA,2024,152,-73,94,0,1
0.01,SARSA,2024,153,-291,168,16,1
0.01,SARSA,2024,154,-153,174,0,1
0.01,SARSA,2024,155,-506,200,34,0
0.01,SARSA,2024,156,-200,200,0,0
0.01,SARSA,2024,157,-209,200,1,0
0.01,SARSA,2024,158,-81,102,0,1
0.01,SARSA,2024,159,-367,181,23,1
0.01,SARSA,2024,160,-32,35,2,1
0.01,SARSA,2024,161,-78,99,0,1
0.01,SARSA,2024,162,-200,200,0,0
0.01,SARSA,2024,163,-524,200,36,0
0.01,SARSA,2024,164,-55,76,0,1
0.01,SARSA,2024,165,-26,29,2,1
0.01,SARSA,2024,166,-200,200,0,0
0.01,SARSA,2024,167,-77,80,2,1
0.01,SARSA,2024,168,-204,153,8,1
0.01,SARSA,2024,169,-632,200,48,0
0.01,SARSA,2024,170,-650,200,50,0
0.01,SARSA,2024,171,-200,200,0,0
0.01,SARSA,2024,172,-200,200,0,0
0.01,SARSA,2024,173,-200,200,0,0
0.01,SARSA,2024,174,-407,200,23,0
0.01,SARSA,2024,175,-200,200,0,0
0.01,SARSA,2024,176,-218,200,2,0
0.01,SARSA,2024,177,-123,144,0,1
0.01,SARSA,2024,178,-35,56,0,1
0.01,SARSA,2024,179,-740,200,60,0
0.01,SARSA,2024,180,-37,58,0,1
0.01,SARSA,2024,181,-200,200,0,0
0.01,SARSA,2024,182,-425,185,29,1
0.01,SARSA,2024,183,-214,199,4,1
0.01,SARSA,2024,184,11,10,0,1
0.01,SARSA,2024,185,-272,200,8,0
0.01,SARSA,2024,186,-86,107,0,1
0.01,SARSA,2024,187,-34,55,0,1
0.01,SARSA,2024,188,-140,143,2,1
0.01,SARSA,2024,189,-326,200,14,0
0.01,SARSA,2024,190,-230,197,6,1
0.01,SARSA,2024,191,-218,200,2,0
0.01,SARSA,2024,192,-134,83,8,1
0.01,SARSA,2024,193,-479,200,31,0
0.01,SARSA,2024,194,-218,200,2,0
0.01,SARSA,2024,195,-220,169,8,1
0.01,SARSA,2024,196,-236,200,4,0
0.01,SARSA,2024,197,-102,114,1,1
0.01,SARSA,2024,198,-254,200,6,0
0.01,SARSA,2024,199,-623,200,47,0
0.01,SARSA,2024,200,-184,133,8,1
0.01,SARSA,2024,201,-54,75,0,1
0.01,SARSA,2024,202,-154,166,1,1
0.01,SARSA,2024,203,-85,52,6,1
0.01,SARSA,2024,204,-200,200,0,0
0.01,SARSA,2024,205,-183,78,14,1
0.01,SARSA,2024,206,-398,200,22,0
0.01,SARSA,2024,207,-316,103,26,1
0.01,SARSA,2024,208,-28,31,2,1
0.01,SARSA,2024,209,-103,106,2,1
0.01,SARSA,2024,210,-200,200,0,0
0.01,SARSA,2024,211,-154,121,6,1
0.01,SARSA,2024,212,-194,161,6,1
0.01,SARSA,2024,213,-461,200,29,0
0.01,SARSA,2024,214,-138,132,3,1
0.01,SARSA,2024,215,-14,35,0,1
0.01,SARSA,2024,216,-209,200,1,0
0.01,SARSA,2024,217,-407,200,23,0
0.01,SARSA,2024,218,-118,139,0,1
0.01,SARSA,2024,219,-218,200,2,0
0.01,SARSA,2024,220,-168,135,6,1
0.01,SARSA,2024,221,-209,200,1,0
0.01,SARSA,2024,222,-254,200,6,0
0.01,SARSA,2024,223,-155,140,4,1
0.01,SARSA,2024,224,-86,107,0,1
0.01,SARSA,2024,225,-113,116,2,1
0.01,SARSA,2024,226,-149,116,6,1
0.01,SARSA,2024,227,-414,156,31,1
0.01,SARSA,2024,228,-200,200,0,0
0.01,SARSA,2024,229,-438,171,32,1
0.01,SARSA,2024,230,-155,140,4,1
0.01,SARSA,2024,231,-157,133,5,1
0.01,SARSA,2024,232,-209,200,1,0
0.01,SARSA,2024,233,-105,90,4,1
0.01,SARSA,2024,234,-218,200,2,0
0.01,SARSA,2024,235,-446,197,30,1
0.01,SARSA,2024,236,0,21,0,1
0.01,SARSA,2024,237,-126,129,2,1
0.01,SARSA,2024,238,-236,200,4,0
0.01,SARSA,2024,239,-380,200,20,0
0.01,SARSA,2024,240,-47,50,2,1
0.01,SARSA,2024,241,-569,200,41,0
0.01,SARSA,2024,242,5,16,0,1
0.01,SARSA,2024,243,-181,193,1,1
0.01,SARSA,2024,244,-139,124,4,1
0.01,SARSA,2024,245,-336,177,20,1
0.01,SARSA,2024,246,-218,200,2,0
0.01,SARSA,2024,247,-221,197,5,1
0.01,SARSA,2024,248,-254,200,6,0
0.01,SARSA,2024,249,-30,51,0,1
0.01,SARSA,2024,250,-319,178,18,1
0.01,SARSA,2024,251,-62,65,2,1
0.01,SARSA,2024,252,-89,83,3,1
0.01,SARSA,2024,253,-227,200,3,0
0.01,SARSA,2024,254,-218,200,2,0
0.01,SARSA,2024,255,-114,63,8,1
0.01,SARSA,2024,256,-141,126,4,1
0.01,SARSA,2024,257,-152,119,6,1
0.01,SARSA,2024,258,-206,182,5,1
0.01,SARSA,2024,259,-109,121,1,1
0.01,SARSA,2024,260,-263,200,7,0
0.01,SARSA,2024,261,-179,173,3,1
0.01,SARSA,2024,262,-164,176,1,1
0.01,SARSA,2024,263,-263,200,7,0
0.01,SARSA,2024,264,-236,200,4,0
0.01,SARSA,2024,265,-120,141,0,1
0.01,SARSA,2024,266,-140,116,5,1
0.01,SARSA,2024,267,-365,161,25,1
0.01,SARSA,2024,268,-153,156,2,1
0.01,SARSA,2024,269,14,7,0,1
0.01,SARSA,2024,270,-42,63,0,1
0.01,SARSA,2024,271,-93,114,0,1
0.01,SARSA,2024,272,-46,49,2,1
0.01,SARSA,2024,273,-200,200,0,0
0.01,SARSA,2024,274,-184,169,4,1
0.01,SARSA,2024,275,-56,59,2,1
0.01,SARSA,2024,276,-200,200,0,0
0.01,SARSA,2024,277,-80,101,0,1
0.01,SARSA,2024,278,-125,137,1,1
0.01,SARSA,2024,279,-146,113,6,1
0.01,SARSA,2024,280,-36,57,0,1
0.01,SARSA,2024,281,-200,200,0,0
0.01,SARSA,2024,282,-125,137,1,1
0.01,SARSA,2024,283,-61,64,2,1
0.01,SARSA,2024,284,-26,29,2,1
0.01,SARSA,2024,285,-216,183,6,1
0.01,SARSA,2024,286,-106,127,0,1
0.01,SARSA,2024,287,-236,200,4,0
0.01,SARSA,2024,288,-119,131,1,1
0.01,SARSA,2024,289,-189,120,10,1
0.01,SARSA,2024,290,-371,200,19,0
0.01,SARSA,2024,291,-78,99,0,1
0.01,SARSA,2024,292,-57,69,1,1
0.01,SARSA,2024,293,-143,119,5,1
0.01,SARSA,2024,294,-118,112,3,1
0.01,SARSA,2024,295,-170,173,2,1
0.01,SARSA,2024,296,-175,169,3,1
0.01,SARSA,2024,297,-184,169,4,1
0.01,SARSA,2024,298,-230,179,8,1
0.01,SARSA,2024,299,-8,29,0,1
0.01,SARSA,2024,300,-91,94,2,1
0.01,SARSA,2024,301,-84,42,7,1
0.01,SARSA,2024,302,-75,51,5,1
0.01,SARSA,2024,303,-88,100,1,1
0.01,SARSA,2024,304,-60,27,6,1
0.01,SARSA,2024,305,-100,94,3,1
0.01,SARSA,2024,306,-17,38,0,1
0.01,SARSA,2024,307,-166,160,3,1
0.01,SARSA,2024,308,-362,200,18,0
0.01,SARSA,2024,309,-47,68,0,1
0.01,SARSA,2024,310,-247,196,8,1
0.01,SARSA,2024,311,-80,92,1,1
0.01,SARSA,2024,312,-85,79,3,1
0.01,SARSA,2024,313,-165,96,10,1
0.01,SARSA,2024,314,-89,92,2,1
0.01,SARSA,2024,315,-227,200,3,0
0.01,SARSA,2024,316,-174,186,1,1
0.01,SARSA,2024,317,-241,172,10,1
0.01,SARSA,2024,318,-50,71,0,1
0.01,SARSA,2024,319,-125,146,0,1
0.01,SARSA,2024,320,-200,200,0,0
0.01,SARSA,2024,321,-43,46,2,1
0.01,SARSA,2024,322,-46,67,0,1
0.01,SARSA,2024,323,-143,164,0,1
0.01,SARSA,2024,324,-497,200,33,0
0.01,SARSA,2024,325,-84,69,4,1
0.01,SARSA,2024,326,-96,90,3,1
0.01,SARSA,2024,327,-200,200,0,0
0.01,SARSA,2024,328,-236,185,8,1
0.01,SARSA,2024,329,-104,89,4,1
0.01,SARSA,2024,330,-173,176,2,1
0.01,SARSA,2024,331,-161,155,3,1
0.01,SARSA,2024,332,-107,128,0,1
0.01,SARSA,2024,333,-254,200,6,0
0.01,SARSA,2024,334,-140,125,4,1
0.01,SARSA,2024,335,-16,37,0,1
0.01,SARSA,2024,336,-69,81,1,1
0.01,SARSA,2024,337,-10,31,0,1
0.01,SARSA,2024,338,-29,32,2,1
0.01,SARSA,2024,339,-209,200,1,0
0.01,SARSA,2024,340,-4,16,1,1
0.01,SARSA,2024,341,-59,80,0,1
0.01,SARSA,2024,342,-89,110,0,1
0.01,SARSA,2024,343,-20,41,0,1
0.01,SARSA,2024,344,-89,110,0,1
0.01,SARSA,2024,345,-202,79,16,1
0.01,SARSA,2024,346,-113,116,2,1
0.01,SARSA,2024,347,-83,50,6,1
0.01,SARSA,2024,348,-81,102,0,1
0.01,SARSA,2024,349,-114,99,4,1
0.01,SARSA,2024,350,-425,200,25,0
0.01,SARSA,2024,351,7,14,0,1
0.01,SARSA,2024,352,-124,145,0,1
0.01,SARSA,2024,353,-200,200,0,0
0.01,SARSA,2024,354,10,11,0,1
0.01,SARSA,2024,355,-34,55,0,1
0.01,SARSA,2024,356,-17,38,0,1
0.01,SARSA,2024,357,14,7,0,1
0.01,SARSA,2024,358,-125,92,6,1
0.01,SARSA,2024,359,-39,60,0,1
0.01,SARSA,2024,360,-68,89,0,1
0.01,SARSA,2024,361,-77,98,0,1
0.01,SARSA,2024,362,-11,32,0,1
0.01,SARSA,2024,363,-18,39,0,1
0.01,SARSA,2024,364,-303,144,20,1
0.01,SARSA,2024,365,-79,82,2,1
0.01,SARSA,2024,366,-130,133,2,1
0.01,SARSA,2024,367,-222,171,8,1
0.01,SARSA,2024,368,-76,61,4,1
0.01,SARSA,2024,369,-52,73,0,1
0.01,SARSA,2024,370,-235,184,8,1
0.01,SARSA,2024,371,-37,58,0,1
0.01,SARSA,2024,372,-40,61,0,1
0.01,SARSA,2024,373,-11,14,2,1
0.01,SARSA,2024,374,-393,153,29,1
0.01,SARSA,2024,375,-253,112,18,1
0.01,SARSA,2024,376,-141,108,6,1
0.01,SARSA,2024,377,-126,138,1,1
0.01,SARSA,2024,378,-133,118,4,1
0.01,SARSA,2024,379,-69,81,1,1
0.01,SARSA,2024,380,-13,34,0,1
0.01,SARSA,2024,381,-110,131,0,1
0.01,SARSA,2024,382,-19,40,0,1
0.01,SARSA,2024,383,-95,98,2,1
0.01,SARSA,2024,384,-98,83,4,1
0.01,SARSA,2024,385,-524,200,36,0
0.01,SARSA,2024,386,-317,200,13,0
0.01,SARSA,2024,387,-88,109,0,1
0.01,SARSA,2024,388,-131,152,0,1
0.01,SARSA,2024,389,-45,66,0,1
0.01,SARSA,2024,390,-322,181,18,1
0.01,SARSA,2024,391,-156,177,0,1
0.01,SARSA,2024,392,1,20,0,1
0.01,SARSA,2024,393,-21,42,0,1
0.01,SARSA,2024,394,-204,153,8,1
0.01,SARSA,2024,395,-304,127,22,1
0.01,SARSA,2024,396,-1,22,0,1
0.01,SARSA,2024,397,-141,72,10,1
0.01,SARSA,2024,398,-218,200,2,0
0.01,SARSA,2024,399,-59,62,2,1
0.01,SARSA,2024,400,-158,80,11,1
0.01,SARSA,2024,401,-264,141,16,1
0.01,SARSA,2024,402,-104,116,1,1
0.01,SARSA,2024,403,-1,22,0,1
0.01,SARSA,2024,404,-135,147,1,1
0.01,SARSA,2024,405,-23,44,0,1
0.01,SARSA,2024,406,-18,30,1,1
0.01,SARSA,2024,407,14,7,0,1
0.01,SARSA,2024,408,-200,200,0,0
0.01,SARSA,2024,409,-97,46,8,1
0.01,SARSA,2024,410,-222,144,11,1
0.01,SARSA,2024,411,-199,112,12,1
0.01,SARSA,2024,412,-55,76,0,1
0.01,SARSA,2024,413,-227,122,14,1
0.01,SARSA,2024,414,-26,47,0,1
0.01,SARSA,2024,415,-152,128,5,1
0.01,SARSA,2024,416,-308,200,12,0
0.01,SARSA,2024,417,-77,98,0,1
0.01,SARSA,2024,418,-135,75,9,1
0.01,SARSA,2024,419,-62,47,4,1
0.01,SARSA,2024,420,4,17,0,1
0.01,SARSA,2024,421,-27,48,0,1
0.01,SARSA,2024,422,-109,112,2,1
0.01,SARSA,2024,423,-85,52,6,1
0.01,SARSA,2024,424,-41,62,0,1
0.01,SARSA,2024,425,-6,18,1,1
0.01,SARSA,2024,426,-26,47,0,1
0.01,SARSA,2024,427,-12,33,0,1
0.01,SARSA,2024,428,-623,200,47,0
0.01,SARSA,2024,429,15,6,0,1
0.01,SARSA,2024,430,-5,26,0,1
0.01,SARSA,2024,431,-120,87,6,1
0.01,SARSA,2024,432,-20,41,0,1
0.01,SARSA,2024,433,-112,97,4,1
0.01,SARSA,2024,434,-204,162,7,1
0.01,SARSA,2024,435,-91,94,2,1
0.01,SARSA,2024,436,-167,134,6,1
0.01,SARSA,2024,437,-192,123,10,1
0.01,SARSA,2024,438,-68,71,2,1
0.01,SARSA,2024,439,-168,81,12,1
0.01,SARSA,2024,440,-138,105,6,1
0.01,SARSA,2024,441,-57,69,1,1
0.01,SARSA,2024,442,-210,105,14,1
0.01,SARSA,2024,443,-58,79,0,1
0.01,SARSA,2024,444,-67,79,1,1
0.01,SARSA,2024,445,-86,107,0,1
0.01,SARSA,2024,446,-115,82,6,1
0.01,SARSA,2024,447,-65,50,4,1
0.01,SARSA,2024,448,11,10,0,1
0.01,SARSA,2024,449,-107,128,0,1
0.01,SARSA,2024,450,-103,124,0,1
0.01,SARSA,2024,451,-145,121,5,1
0.01,SARSA,2024,452,-56,59,2,1
0.01,SARSA,2024,453,-178,163,4,1
0.01,SARSA,2024,454,-237,96,18,1
0.01,SARSA,2024,455,10,11,0,1
0.01,SARSA,2024,456,-163,130,6,1
0.01,SARSA,2024,457,-2,23,0,1
0.01,SARSA,2024,458,-47,68,0,1
0.01,SARSA,2024,459,-31,43,1,1
0.01,SARSA,2024,460,8,13,0,1
0.01,SARSA,2024,461,-78,99,0,1
0.01,SARSA,2024,462,-290,200,10,0
0.01,SARSA,2024,463,-3,24,0,1
0.01,SARSA,2024,464,-62,65,2,1
0.01,SARSA,2024,465,-47,50,2,1
0.01,SARSA,2024,466,-22,43,0,1
0.01,SARSA,2024,467,-326,122,25,1
0.01,SARSA,2024,468,-51,54,2,1
0.01,SARSA,2024,469,-71,92,0,1
0.01,SARSA,2024,470,3,18,0,1
0.01,SARSA,2024,471,-101,86,4,1
0.01,SARSA,2024,472,-176,134,7,1
0.01,SARSA,2024,473,9,12,0,1
0.01,SARSA,2024,474,-88,100,1,1
0.01,SARSA,2024,475,-56,68,1,1
0.01,SARSA,2024,476,-56,41,4,1
0.01,SARSA,2024,477,-70,91,0,1
0.01,SARSA,2024,478,-56,68,1,1
0.01,SARSA,2024,479,-204,117,12,1
0.01,SARSA,2024,480,-116,83,6,1
0.01,SARSA,2024,481,8,13,0,1
0.01,SARSA,2024,482,-146,131,4,1
0.01,SARSA,2024,483,-62,83,0,1
0.01,SARSA,2024,484,-14,35,0,1
0.01,SARSA,2024,485,-72,75,2,1
0.01,SARSA,2024,486,7,14,0,1
0.01,SARSA,2024,487,-27,48,0,1
0.01,SARSA,2024,488,-56,41,4,1
0.01,SARSA,2024,489,-99,66,6,1
0.01,SARSA,2024,490,12,9,0,1
0.01,SARSA,2024,491,-84,87,2,1
0.01,SARSA,2024,492,-44,47,2,1
0.01,SARSA,2024,493,-44,65,0,1
0.01,SARSA,2024,494,-10,31,0,1
0.01,SARSA,2024,495,-57,78,0,1
0.01,SARSA,2024,496,-155,140,4,1
0.01,SARSA,2024,497,-10,31,0,1
0.01,SARSA,2024,498,-42,54,1,1
0.01,SARSA,2024,499,-54,57,2,1
0.01,SARSA + PS,42,0,-758,200,62,0
0.01,SARSA + PS,42,1,-731,200,59,0
0.01,SARSA + PS,42,2,-695,200,55,0
0.01,SARSA + PS,42,3,-668,200,52,0
0.01,SARSA + PS,42,4,-776,200,64,0
0.01,SARSA + PS,42,5,-731,200,59,0
0.01,SARSA + PS,42,6,-821,200,69,0
0.01,SARSA + PS,42,7,-596,200,44,0
0.01,SARSA + PS,42,8,-524,200,36,0
0.01,SARSA + PS,42,9,-749,200,61,0
0.01,SARSA + PS,42,10,-614,200,46,0
0.01,SARSA + PS,42,11,-560,200,40,0
0.01,SARSA + PS,42,12,-401,161,29,1
0.01,SARSA + PS,42,13,-731,200,59,0
0.01,SARSA + PS,42,14,-776,200,64,0
0.01,SARSA + PS,42,15,-484,163,38,1
0.01,SARSA + PS,42,16,-551,200,39,0
0.01,SARSA + PS,42,17,-218,200,2,0
0.01,SARSA + PS,42,18,-341,146,24,1
0.01,SARSA + PS,42,19,-713,200,57,0
0.01,SARSA + PS,42,20,-740,200,60,0
0.01,SARSA + PS,42,21,-434,200,26,0
0.01,SARSA + PS,42,22,-470,200,30,0
0.01,SARSA + PS,42,23,-569,200,41,0
0.01,SARSA + PS,42,24,-36,57,0,1
0.01,SARSA + PS,42,25,-161,101,9,1
0.01,SARSA + PS,42,26,-45,66,0,1
0.01,SARSA + PS,42,27,-97,118,0,1
0.01,SARSA + PS,42,28,-200,200,0,0
0.01,SARSA + PS,42,29,-63,84,0,1
0.01,SARSA + PS,42,30,-740,200,60,0
0.01,SARSA + PS,42,31,-27,48,0,1
0.01,SARSA + PS,42,32,-196,145,8,1
0.01,SARSA + PS,42,33,-200,200,0,0
0.01,SARSA + PS,42,34,-85,106,0,1
0.01,SARSA + PS,42,35,-380,200,20,0
0.01,SARSA + PS,42,36,-749,200,61,0
0.01,SARSA + PS,42,37,-59,80,0,1
0.01,SARSA + PS,42,38,-109,130,0,1
0.01,SARSA + PS,42,39,-704,200,56,0
0.01,SARSA + PS,42,40,5,16,0,1
0.01,SARSA + PS,42,41,-632,200,48,0
0.01,SARSA + PS,42,42,-45,66,0,1
0.01,SARSA + PS,42,43,14,7,0,1
0.01,SARSA + PS,42,44,-110,131,0,1
0.01,SARSA + PS,42,45,-44,56,1,1
0.01,SARSA + PS,42,46,14,7,0,1
0.01,SARSA + PS,42,47,-61,82,0,1
0.01,SARSA + PS,42,48,-66,87,0,1
0.01,SARSA + PS,42,49,-209,200,1,0
0.01,SARSA + PS,42,50,-218,200,2,0
0.01,SARSA + PS,42,51,-209,200,1,0
0.01,SARSA + PS,42,52,-209,200,1,0
0.01,SARSA + PS,42,53,-16,37,0,1
0.01,SARSA + PS,42,54,-200,200,0,0
0.01,SARSA + PS,42,55,-254,200,6,0
0.01,SARSA + PS,42,56,-200,200,0,0
0.01,SARSA + PS,42,57,-218,200,2,0
0.01,SARSA + PS,42,58,-200,200,0,0
0.01,SARSA + PS,42,59,-200,200,0,0
0.01,SARSA + PS,42,60,-2,23,0,1
0.01,SARSA + PS,42,61,-416,200,24,0
0.01,SARSA + PS,42,62,-102,105,2,1
0.01,SARSA + PS,42,63,-24,45,0,1
0.01,SARSA + PS,42,64,-8,29,0,1
0.01,SARSA + PS,42,65,-130,61,10,1
0.01,SARSA + PS,42,66,-22,34,1,1
0.01,SARSA + PS,42,67,-452,200,28,0
0.01,SARSA + PS,42,68,-12,33,0,1
0.01,SARSA + PS,42,69,-126,93,6,1
0.01,SARSA + PS,42,70,-200,200,0,0
0.01,SARSA + PS,42,71,-148,160,1,1
0.01,SARSA + PS,42,72,-236,200,4,0
0.01,SARSA + PS,42,73,10,11,0,1
0.01,SARSA + PS,42,74,11,10,0,1
0.01,SARSA + PS,42,75,-70,91,0,1
0.01,SARSA + PS,42,76,-159,171,1,1
0.01,SARSA + PS,42,77,-74,95,0,1
0.01,SARSA + PS,42,78,-105,126,0,1
0.01,SARSA + PS,42,79,-28,49,0,1
0.01,SARSA + PS,42,80,-209,200,1,0
0.01,SARSA + PS,42,81,-200,200,0,0
0.01,SARSA + PS,42,82,-113,125,1,1
0.01,SARSA + PS,42,83,-28,40,1,1
0.01,SARSA + PS,42,84,15,6,0,1
0.01,SARSA + PS,42,85,8,13,0,1
0.01,SARSA + PS,42,86,-605,200,45,0
0.01,SARSA + PS,42,87,-164,185,0,1
0.01,SARSA + PS,42,88,-109,112,2,1
0.01,SARSA + PS,42,89,11,10,0,1
0.01,SARSA + PS,42,90,-10,31,0,1
0.01,SARSA + PS,42,91,-21,42,0,1
0.01,SARSA + PS,42,92,-142,91,8,1
0.01,SARSA + PS,42,93,-139,142,2,1
0.01,SARSA + PS,42,94,-200,200,0,0
0.01,SARSA + PS,42,95,-167,188,0,1
0.01,SARSA + PS,42,96,-29,50,0,1
0.01,SARSA + PS,42,97,-142,163,0,1
0.01,SARSA + PS,42,98,-86,107,0,1
0.01,SARSA + PS,42,99,-14,26,1,1
0.01,SARSA + PS,42,100,11,10,0,1
0.01,SARSA + PS,42,101,-65,86,0,1
0.01,SARSA + PS,42,102,10,11,0,1
0.01,SARSA + PS,42,103,-48,69,0,1
0.01,SARSA + PS,42,104,-200,200,0,0
0.01,SARSA + PS,42,105,-209,200,1,0
0.01,SARSA + PS,42,106,-18,39,0,1
0.01,SARSA + PS,42,107,-125,146,0,1
0.01,SARSA + PS,42,108,15,6,0,1
0.01,SARSA + PS,42,109,-90,111,0,1
0.01,SARSA + PS,42,110,-89,110,0,1
0.01,SARSA + PS,42,111,-5,26,0,1
0.01,SARSA + PS,42,112,-119,140,0,1
0.01,SARSA + PS,42,113,-92,104,1,1
0.01,SARSA + PS,42,114,13,8,0,1
0.01,SARSA + PS,42,115,9,12,0,1
0.01,SARSA + PS,42,116,-44,65,0,1
0.01,SARSA + PS,42,117,-205,199,3,1
0.01,SARSA + PS,42,118,12,9,0,1
0.01,SARSA + PS,42,119,-139,160,0,1
0.01,SARSA + PS,42,120,-80,101,0,1
0.01,SARSA + PS,42,121,11,10,0,1
0.01,SARSA + PS,42,122,-30,51,0,1
0.01,SARSA + PS,42,123,12,9,0,1
0.01,SARSA + PS,42,124,-14,26,1,1
0.01,SARSA + PS,42,125,-65,77,1,1
0.01,SARSA + PS,42,126,-39,60,0,1
0.01,SARSA + PS,42,127,-20,41,0,1
0.01,SARSA + PS,42,128,-200,200,0,0
0.01,SARSA + PS,42,129,-1,22,0,1
0.01,SARSA + PS,42,130,1,11,1,1
0.01,SARSA + PS,42,131,-9,30,0,1
0.01,SARSA + PS,42,132,-200,200,0,0
0.01,SARSA + PS,42,133,-200,200,0,0
0.01,SARSA + PS,42,134,-108,129,0,1
0.01,SARSA + PS,42,135,11,10,0,1
0.01,SARSA + PS,42,136,-150,162,1,1
0.01,SARSA + PS,42,137,-31,52,0,1
0.01,SARSA + PS,42,138,9,12,0,1
0.01,SARSA + PS,42,139,-106,118,1,1
0.01,SARSA + PS,42,140,3,18,0,1
0.01,SARSA + PS,42,141,12,9,0,1
0.01,SARSA + PS,42,142,-47,68,0,1
0.01,SARSA + PS,42,143,-19,40,0,1
0.01,SARSA + PS,42,144,-175,187,1,1
0.01,SARSA + PS,42,145,-37,58,0,1
0.01,SARSA + PS,42,146,9,12,0,1
0.01,SARSA + PS,42,147,-66,78,1,1
0.01,SARSA + PS,42,148,-31,52,0,1
0.01,SARSA + PS,42,149,3,18,0,1
0.01,SARSA + PS,42,150,-32,53,0,1
0.01,SARSA + PS,42,151,-124,136,1,1
0.01,SARSA + PS,42,152,-73,94,0,1
0.01,SARSA + PS,42,153,-19,40,0,1
0.01,SARSA + PS,42,154,-17,38,0,1
0.01,SARSA + PS,42,155,-4,25,0,1
0.01,SARSA + PS,42,156,10,11,0,1
0.01,SARSA + PS,42,157,-6,27,0,1
0.01,SARSA + PS,42,158,-28,49,0,1
0.01,SARSA + PS,42,159,11,10,0,1
0.01,SARSA + PS,42,160,-153,165,1,1
0.01,SARSA + PS,42,161,-32,53,0,1
0.01,SARSA + PS,42,162,8,13,0,1
0.01,SARSA + PS,42,163,-200,200,0,0
0.01,SARSA + PS,42,164,6,15,0,1
0.01,SARSA + PS,42,165,1,20,0,1
0.01,SARSA + PS,42,166,14,7,0,1
0.01,SARSA + PS,42,167,10,11,0,1
0.01,SARSA + PS,42,168,-97,118,0,1
0.01,SARSA + PS,42,169,8,13,0,1
0.01,SARSA + PS,42,170,9,12,0,1
0.01,SARSA + PS,42,171,-33,54,0,1
0.01,SARSA + PS,42,172,9,12,0,1
0.01,SARSA + PS,42,173,-9,30,0,1
0.01,SARSA + PS,42,174,5,16,0,1
0.01,SARSA + PS,42,175,7,14,0,1
0.01,SARSA + PS,42,176,-1,22,0,1
0.01,SARSA + PS,42,177,-61,82,0,1
0.01,SARSA + PS,42,178,-33,54,0,1
0.01,SARSA + PS,42,179,-52,73,0,1
0.01,SARSA + PS,42,180,13,8,0,1
0.01,SARSA + PS,42,181,-2,23,0,1
0.01,SARSA + PS,42,182,10,11,0,1
0.01,SARSA + PS,42,183,2,19,0,1
0.01,SARSA + PS,42,184,3,18,0,1
0.01,SARSA + PS,42,185,10,11,0,1
0.01,SARSA + PS,42,186,11,10,0,1
0.01,SARSA + PS,42,187,-15,36,0,1
0.01,SARSA + PS,42,188,2,10,1,1
0.01,SARSA + PS,42,189,-25,46,0,1
0.01,SARSA + PS,42,190,12,9,0,1
0.01,SARSA + PS,42,191,9,12,0,1
0.01,SARSA + PS,42,192,-5,26,0,1
0.01,SARSA + PS,42,193,10,11,0,1
0.01,SARSA + PS,42,194,10,11,0,1
0.01,SARSA + PS,42,195,2,19,0,1
0.01,SARSA + PS,42,196,-53,74,0,1
0.01,SARSA + PS,42,197,-45,66,0,1
0.01,SARSA + PS,42,198,-16,37,0,1
0.01,SARSA + PS,42,199,12,9,0,1
0.01,SARSA + PS,42,200,9,12,0,1
0.01,SARSA + PS,42,201,8,13,0,1
0.01,SARSA + PS,42,202,9,12,0,1
0.01,SARSA + PS,42,203,10,11,0,1
0.01,SARSA + PS,42,204,-38,59,0,1
0.01,SARSA + PS,42,205,11,10,0,1
0.01,SARSA + PS,42,206,-33,54,0,1
0.01,SARSA + PS,42,207,-131,143,1,1
0.01,SARSA + PS,42,208,4,8,1,1
0.01,SARSA + PS,42,209,10,11,0,1
0.01,SARSA + PS,42,210,-85,106,0,1
0.01,SARSA + PS,42,211,-11,32,0,1
0.01,SARSA + PS,42,212,11,10,0,1
0.01,SARSA + PS,42,213,-2,23,0,1
0.01,SARSA + PS,42,214,10,11,0,1
0.01,SARSA + PS,42,215,-200,200,0,0
0.01,SARSA + PS,42,216,9,12,0,1
0.01,SARSA + PS,42,217,9,12,0,1
0.01,SARSA + PS,42,218,6,15,0,1
0.01,SARSA + PS,42,219,1,20,0,1
0.01,SARSA + PS,42,220,-42,63,0,1
0.01,SARSA + PS,42,221,12,9,0,1
0.01,SARSA + PS,42,222,13,8,0,1
0.01,SARSA + PS,42,223,10,11,0,1
0.01,SARSA + PS,42,224,14,7,0,1
0.01,SARSA + PS,42,225,2,10,1,1
0.01,SARSA + PS,42,226,-61,73,1,1
0.01,SARSA + PS,42,227,-2,14,1,1
0.01,SARSA + PS,42,228,-70,91,0,1
0.01,SARSA + PS,42,229,2,19,0,1
0.01,SARSA + PS,42,230,-1,22,0,1
0.01,SARSA + PS,42,231,7,14,0,1
0.01,SARSA + PS,42,232,1,20,0,1
0.01,SARSA + PS,42,233,6,15,0,1
0.01,SARSA + PS,42,234,15,6,0,1
0.01,SARSA + PS,42,235,11,10,0,1
0.01,SARSA + PS,42,236,5,16,0,1
0.01,SARSA + PS,42,237,-26,47,0,1
0.01,SARSA + PS,42,238,11,10,0,1
0.01,SARSA + PS,42,239,12,9,0,1
0.01,SARSA + PS,42,240,10,11,0,1
0.01,SARSA + PS,42,241,-123,144,0,1
0.01,SARSA + PS,42,242,-16,37,0,1
0.01,SARSA + PS,42,243,10,11,0,1
0.01,SARSA + PS,42,244,8,13,0,1
0.01,SARSA + PS,42,245,-2,23,0,1
0.01,SARSA + PS,42,246,7,14,0,1
0.01,SARSA + PS,42,247,-20,41,0,1
0.01,SARSA + PS,42,248,8,13,0,1
0.01,SARSA + PS,42,249,3,18,0,1
0.01,SARSA + PS,42,250,7,14,0,1
0.01,SARSA + PS,42,251,6,15,0,1
0.01,SARSA + PS,42,252,-60,81,0,1
0.01,SARSA + PS,42,253,4,17,0,1
0.01,SARSA + PS,42,254,-2,23,0,1
0.01,SARSA + PS,42,255,-2,23,0,1
0.01,SARSA + PS,42,256,9,12,0,1
0.01,SARSA + PS,42,257,6,15,0,1
0.01,SARSA + PS,42,258,7,14,0,1
0.01,SARSA + PS,42,259,9,12,0,1
0.01,SARSA + PS,42,260,11,10,0,1
0.01,SARSA + PS,42,261,-22,43,0,1
0.01,SARSA + PS,42,262,-41,62,0,1
0.01,SARSA + PS,42,263,10,11,0,1
0.01,SARSA + PS,42,264,-9,30,0,1
0.01,SARSA + PS,42,265,1,20,0,1
0.01,SARSA + PS,42,266,10,11,0,1
0.01,SARSA + PS,42,267,4,17,0,1
0.01,SARSA + PS,42,268,7,14,0,1
0.01,SARSA + PS,42,269,8,13,0,1
0.01,SARSA + PS,42,270,-67,88,0,1
0.01,SARSA + PS,42,271,1,20,0,1
0.01,SARSA + PS,42,272,-72,84,1,1
0.01,SARSA + PS,42,273,-76,97,0,1
0.01,SARSA + PS,42,274,13,8,0,1
0.01,SARSA + PS,42,275,4,17,0,1
0.01,SARSA + PS,42,276,12,9,0,1
0.01,SARSA + PS,42,277,2,19,0,1
0.01,SARSA + PS,42,278,-43,64,0,1
0.01,SARSA + PS,42,279,8,13,0,1
0.01,SARSA + PS,42,280,-94,115,0,1
0.01,SARSA + PS,42,281,-1,22,0,1
0.01,SARSA + PS,42,282,13,8,0,1
0.01,SARSA + PS,42,283,-85,97,1,1
0.01,SARSA + PS,42,284,11,10,0,1
0.01,SARSA + PS,42,285,-20,41,0,1
0.01,SARSA + PS,42,286,-65,86,0,1
0.01,SARSA + PS,42,287,-4,16,1,1
0.01,SARSA + PS,42,288,-61,82,0,1
0.01,SARSA + PS,42,289,12,9,0,1
0.01,SARSA + PS,42,290,10,11,0,1
0.01,SARSA + PS,42,291,-11,32,0,1
0.01,SARSA + PS,42,292,12,9,0,1
0.01,SARSA + PS,42,293,-92,113,0,1
0.01,SARSA + PS,42,294,-24,45,0,1
0.01,SARSA + PS,42,295,6,15,0,1
0.01,SARSA + PS,42,296,11,10,0,1
0.01,SARSA + PS,42,297,6,15,0,1
0.01,SARSA + PS,42,298,10,11,0,1
0.01,SARSA + PS,42,299,-20,32,1,1
0.01,SARSA + PS,42,300,9,12,0,1
0.01,SARSA + PS,42,301,-103,115,1,1
0.01,SARSA + PS,42,302,-1,13,1,1
0.01,SARSA + PS,42,303,2,19,0,1
0.01,SARSA + PS,42,304,2,19,0,1
0.01,SARSA + PS,42,305,-14,35,0,1
0.01,SARSA + PS,42,306,4,17,0,1
0.01,SARSA + PS,42,307,9,12,0,1
0.01,SARSA + PS,42,308,-6,18,1,1
0.01,SARSA + PS,42,309,11,10,0,1
0.01,SARSA + PS,42,310,-11,32,0,1
0.01,SARSA + PS,42,311,-109,121,1,1
0.01,SARSA + PS,42,312,-14,35,0,1
0.01,SARSA + PS,42,313,11,10,0,1
0.01,SARSA + PS,42,314,7,14,0,1
0.01,SARSA + PS,42,315,2,19,0,1
0.01,SARSA + PS,42,316,2,19,0,1
0.01,SARSA + PS,42,317,12,9,0,1
0.01,SARSA + PS,42,318,6,15,0,1
0.01,SARSA + PS,42,319,6,15,0,1
0.01,SARSA + PS,42,320,8,13,0,1
0.01,SARSA + PS,42,321,12,9,0,1
0.01,SARSA + PS,42,322,-24,45,0,1
0.01,SARSA + PS,42,323,11,10,0,1
0.01,SARSA + PS,42,324,8,13,0,1
0.01,SARSA + PS,42,325,0,12,1,1
0.01,SARSA + PS,42,326,9,12,0,1
0.01,SARSA + PS,42,327,10,11,0,1
0.01,SARSA + PS,42,328,5,16,0,1
0.01,SARSA + PS,42,329,9,12,0,1
0.01,SARSA + PS,42,330,10,11,0,1
0.01,SARSA + PS,42,331,2,19,0,1
0.01,SARSA + PS,42,332,-54,75,0,1
0.01,SARSA + PS,42,333,6,15,0,1
0.01,SARSA + PS,42,334,10,11,0,1
0.01,SARSA + PS,42,335,10,11,0,1
0.01,SARSA + PS,42,336,9,12,0,1
0.01,SARSA + PS,42,337,-19,40,0,1
0.01,SARSA + PS,42,338,3,18,0,1
0.01,SARSA + PS,42,339,6,15,0,1
0.01,SARSA + PS,42,340,1,20,0,1
0.01,SARSA + PS,42,341,-5,26,0,1
0.01,SARSA + PS,42,342,9,12,0,1
0.01,SARSA + PS,42,343,-18,39,0,1
0.01,SARSA + PS,42,344,6,15,0,1
0.01,SARSA + PS,42,345,11,10,0,1
0.01,SARSA + PS,42,346,7,14,0,1
0.01,SARSA + PS,42,347,12,9,0,1
0.01,SARSA + PS,42,348,0,21,0,1
0.01,SARSA + PS,42,349,15,6,0,1
0.01,SARSA + PS,42,350,5,16,0,1
0.01,SARSA + PS,42,351,8,13,0,1
0.01,SARSA + PS,42,352,12,9,0,1
0.01,SARSA + PS,42,353,2,19,0,1
0.01,SARSA + PS,42,354,8,13,0,1
0.01,SARSA + PS,42,355,8,13,0,1
0.01,SARSA + PS,42,356,11,10,0,1
0.01,SARSA + PS,42,357,-4,25,0,1
0.01,SARSA + PS,42,358,7,14,0,1
0.01,SARSA + PS,42,359,6,15,0,1
0.01,SARSA + PS,42,360,-33,54,0,1
0.01,SARSA + PS,42,361,14,7,0,1
0.01,SARSA + PS,42,362,10,11,0,1
0.01,SARSA + PS,42,363,4,17,0,1
0.01,SARSA + PS,42,364,6,15,0,1
0.01,SARSA + PS,42,365,6,15,0,1
0.01,SARSA + PS,42,366,9,12,0,1
0.01,SARSA + PS,42,367,8,13,0,1
0.01,SARSA + PS,42,368,6,15,0,1
0.01,SARSA + PS,42,369,7,14,0,1
0.01,SARSA + PS,42,370,10,11,0,1
0.01,SARSA + PS,42,371,14,7,0,1
0.01,SARSA + PS,42,372,12,9,0,1
0.01,SARSA + PS,42,373,-72,93,0,1
0.01,SARSA + PS,42,374,11,10,0,1
0.01,SARSA + PS,42,375,12,9,0,1
0.01,SARSA + PS,42,376,8,13,0,1
0.01,SARSA + PS,42,377,7,14,0,1
0.01,SARSA + PS,42,378,11,10,0,1
0.01,SARSA + PS,42,379,3,18,0,1
0.01,SARSA + PS,42,380,5,16,0,1
0.01,SARSA + PS,42,381,9,12,0,1
0.01,SARSA + PS,42,382,-59,80,0,1
0.01,SARSA + PS,42,383,-28,49,0,1
0.01,SARSA + PS,42,384,10,11,0,1
0.01,SARSA + PS,42,385,-22,43,0,1
0.01,SARSA + PS,42,386,2,19,0,1
0.01,SARSA + PS,42,387,10,11,0,1
0.01,SARSA + PS,42,388,-42,54,1,1
0.01,SARSA + PS,42,389,-13,34,0,1
0.01,SARSA + PS,42,390,6,15,0,1
0.01,SARSA + PS,42,391,-41,62,0,1
0.01,SARSA + PS,42,392,6,15,0,1
0.01,SARSA + PS,42,393,8,13,0,1
0.01,SARSA + PS,42,394,-5,26,0,1
0.01,SARSA + PS,42,395,10,11,0,1
0.01,SARSA + PS,42,396,5,16,0,1
0.01,SARSA + PS,42,397,7,14,0,1
0.01,SARSA + PS,42,398,7,14,0,1
0.01,SARSA + PS,42,399,14,7,0,1
0.01,SARSA + PS,42,400,8,13,0,1
0.01,SARSA + PS,42,401,0,21,0,1
0.01,SARSA + PS,42,402,11,10,0,1
0.01,SARSA + PS,42,403,10,11,0,1
0.01,SARSA + PS,42,404,0,21,0,1
0.01,SARSA + PS,42,405,-4,25,0,1
0.01,SARSA + PS,42,406,3,18,0,1
0.01,SARSA + PS,42,407,4,17,0,1
0.01,SARSA + PS,42,408,7,14,0,1
0.01,SARSA + PS,42,409,9,12,0,1
0.01,SARSA + PS,42,410,12,9,0,1
0.01,SARSA + PS,42,411,-13,34,0,1
0.01,SARSA + PS,42,412,5,16,0,1
0.01,SARSA + PS,42,413,10,11,0,1
0.01,SARSA + PS,42,414,7,14,0,1
0.01,SARSA + PS,42,415,8,13,0,1
0.01,SARSA + PS,42,416,-30,42,1,1
0.01,SARSA + PS,42,417,4,17,0,1
0.01,SARSA + PS,42,418,6,15,0,1
0.01,SARSA + PS,42,419,5,16,0,1
0.01,SARSA + PS,42,420,4,17,0,1
0.01,SARSA + PS,42,421,7,14,0,1
0.01,SARSA + PS,42,422,10,11,0,1
0.01,SARSA + PS,42,423,0,21,0,1
0.01,SARSA + PS,42,424,7,14,0,1
0.01,SARSA + PS,42,425,5,16,0,1
0.01,SARSA + PS,42,426,12,9,0,1
0.01,SARSA + PS,42,427,3,18,0,1
0.01,SARSA + PS,42,428,12,9,0,1
0.01,SARSA + PS,42,429,8,13,0,1
0.01,SARSA + PS,42,430,11,10,0,1
0.01,SARSA + PS,42,431,8,13,0,1
0.01,SARSA + PS,42,432,10,11,0,1
0.01,SARSA + PS,42,433,5,16,0,1
0.01,SARSA + PS,42,434,5,16,0,1
0.01,SARSA + PS,42,435,3,18,0,1
0.01,SARSA + PS,42,436,8,13,0,1
0.01,SARSA + PS,42,437,8,13,0,1
0.01,SARSA + PS,42,438,9,12,0,1
0.01,SARSA + PS,42,439,-12,33,0,1
0.01,SARSA + PS,42,440,9,12,0,1
0.01,SARSA + PS,42,441,-92,113,0,1
0.01,SARSA + PS,42,442,-8,29,0,1
0.01,SARSA + PS,42,443,10,11,0,1
0.01,SARSA + PS,42,444,5,16,0,1
0.01,SARSA + PS,42,445,9,12,0,1
0.01,SARSA + PS,42,446,-1,22,0,1
0.01,SARSA + PS,42,447,2,19,0,1
0.01,SARSA + PS,42,448,8,13,0,1
0.01,SARSA + PS,42,449,8,13,0,1
0.01,SARSA + PS,42,450,-56,77,0,1
0.01,SARSA + PS,42,451,2,19,0,1
0.01,SARSA + PS,42,452,-1,22,0,1
0.01,SARSA + PS,42,453,4,17,0,1
0.01,SARSA + PS,42,454,8,13,0,1
0.01,SARSA + PS,42,455,8,13,0,1
0.01,SARSA + PS,42,456,11,10,0,1
0.01,SARSA + PS,42,457,7,14,0,1
0.01,SARSA + PS,42,458,-14,35,0,1
0.01,SARSA + PS,42,459,13,8,0,1
0.01,SARSA + PS,42,460,13,8,0,1
0.01,SARSA + PS,42,461,5,16,0,1
0.01,SARSA + PS,42,462,1,20,0,1
0.01,SARSA + PS,42,463,4,17,0,1
0.01,SARSA + PS,42,464,10,11,0,1
0.01,SARSA + PS,42,465,2,19,0,1
0.01,SARSA + PS,42,466,10,11,0,1
0.01,SARSA + PS,42,467,13,8,0,1
0.01,SARSA + PS,42,468,9,12,0,1
0.01,SARSA + PS,42,469,-26,47,0,1
0.01,SARSA + PS,42,470,14,7,0,1
0.01,SARSA + PS,42,471,8,13,0,1
0.01,SARSA + PS,42,472,7,14,0,1
0.01,SARSA + PS,42,473,8,13,0,1
0.01,SARSA + PS,42,474,-2,23,0,1
0.01,SARSA + PS,42,475,7,14,0,1
0.01,SARSA + PS,42,476,-14,35,0,1
0.01,SARSA + PS,42,477,-35,56,0,1
0.01,SARSA + PS,42,478,9,12,0,1
0.01,SARSA + PS,42,479,0,12,1,1
0.01,SARSA + PS,42,480,-15,27,1,1
0.01,SARSA + PS,42,481,12,9,0,1
0.01,SARSA + PS,42,482,9,12,0,1
0.01,SARSA + PS,42,483,9,12,0,1
0.01,SARSA + PS,42,484,12,9,0,1
0.01,SARSA + PS,42,485,-1,13,1,1
0.01,SARSA + PS,42,486,-9,30,0,1
0.01,SARSA + PS,42,487,-8,29,0,1
0.01,SARSA + PS,42,488,9,12,0,1
0.01,SARSA + PS,42,489,-3,24,0,1
0.01,SARSA + PS,42,490,7,14,0,1
0.01,SARSA + PS,42,491,9,12,0,1
0.01,SARSA + PS,42,492,11,10,0,1
0.01,SARSA + PS,42,493,-15,36,0,1
0.01,SARSA + PS,42,494,14,7,0,1
0.01,SARSA + PS,42,495,9,12,0,1
0.01,SARSA + PS,42,496,10,11,0,1
0.01,SARSA + PS,42,497,-4,25,0,1
0.01,SARSA + PS,42,498,8,13,0,1
0.01,SARSA + PS,42,499,7,14,0,1
0.01,SARSA + PS,123,0,-542,200,38,0
0.01,SARSA + PS,123,1,-677,200,53,0
0.01,SARSA + PS,123,2,-776,200,64,0
0.01,SARSA + PS,123,3,-623,200,47,0
0.01,SARSA + PS,123,4,-659,200,51,0
0.01,SARSA + PS,123,5,-686,200,54,0
0.01,SARSA + PS,123,6,-650,200,50,0
0.01,SARSA + PS,123,7,-659,200,51,0
0.01,SARSA + PS,123,8,-659,200,51,0
0.01,SARSA + PS,123,9,-641,200,49,0
0.01,SARSA + PS,123,10,-659,200,51,0
0.01,SARSA + PS,123,11,-686,200,54,0
0.01,SARSA + PS,123,12,-731,200,59,0
0.01,SARSA + PS,123,13,-632,200,48,0
0.01,SARSA + PS,123,14,-587,200,43,0
0.01,SARSA + PS,123,15,-632,200,48,0
0.01,SARSA + PS,123,16,-722,200,58,0
0.01,SARSA + PS,123,17,-542,200,38,0
0.01,SARSA + PS,123,18,-668,200,52,0
0.01,SARSA + PS,123,19,-170,65,14,1
0.01,SARSA + PS,123,20,-209,200,1,0
0.01,SARSA + PS,123,21,-677,200,53,0
0.01,SARSA + PS,123,22,-749,200,61,0
0.01,SARSA + PS,123,23,-398,200,22,0
0.01,SARSA + PS,123,24,-209,200,1,0
0.01,SARSA + PS,123,25,-776,200,64,0
0.01,SARSA + PS,123,26,-759,195,65,1
0.01,SARSA + PS,123,27,-361,85,33,1
0.01,SARSA + PS,123,28,-200,200,0,0
0.01,SARSA + PS,123,29,-412,190,27,1
0.01,SARSA + PS,123,30,-416,200,24,0
0.01,SARSA + PS,123,31,-200,200,0,0
0.01,SARSA + PS,123,32,-587,200,43,0
0.01,SARSA + PS,123,33,3,18,0,1
0.01,SARSA + PS,123,34,-7,28,0,1
0.01,SARSA + PS,123,35,-245,200,5,0
0.01,SARSA + PS,123,36,-40,61,0,1
0.01,SARSA + PS,123,37,-749,200,61,0
0.01,SARSA + PS,123,38,-7,28,0,1
0.01,SARSA + PS,123,39,-173,185,1,1
0.01,SARSA + PS,123,40,-119,122,2,1
0.01,SARSA + PS,123,41,-218,200,2,0
0.01,SARSA + PS,123,42,-109,121,1,1
0.01,SARSA + PS,123,43,-524,200,36,0
0.01,SARSA + PS,123,44,-99,120,0,1
0.01,SARSA + PS,123,45,-200,200,0,0
0.01,SARSA + PS,123,46,-148,169,0,1
0.01,SARSA + PS,123,47,-77,89,1,1
0.01,SARSA + PS,123,48,-118,139,0,1
0.01,SARSA + PS,123,49,7,14,0,1
0.01,SARSA + PS,123,50,-31,52,0,1
0.01,SARSA + PS,123,51,-218,200,2,0
0.01,SARSA + PS,123,52,-25,46,0,1
0.01,SARSA + PS,123,53,-36,57,0,1
0.01,SARSA + PS,123,54,-209,200,1,0
0.01,SARSA + PS,123,55,-168,189,0,1
0.01,SARSA + PS,123,56,-423,102,38,1
0.01,SARSA + PS,123,57,-335,200,15,0
0.01,SARSA + PS,123,58,-106,127,0,1
0.01,SARSA + PS,123,59,-209,200,1,0
0.01,SARSA + PS,123,60,8,13,0,1
0.01,SARSA + PS,123,61,-41,62,0,1
0.01,SARSA + PS,123,62,-39,60,0,1
0.01,SARSA + PS,123,63,-132,153,0,1
0.01,SARSA + PS,123,64,-209,200,1,0
0.01,SARSA + PS,123,65,-200,200,0,0
0.01,SARSA + PS,123,66,-42,63,0,1
0.01,SARSA + PS,123,67,-19,40,0,1
0.01,SARSA + PS,123,68,-3,24,0,1
0.01,SARSA + PS,123,69,-39,60,0,1
0.01,SARSA + PS,123,70,-187,199,1,1
0.01,SARSA + PS,123,71,-156,168,1,1
0.01,SARSA + PS,123,72,-131,152,0,1
0.01,SARSA + PS,123,73,-128,149,0,1
0.01,SARSA + PS,123,74,-130,151,0,1
0.01,SARSA + PS,123,75,-214,163,8,1
0.01,SARSA + PS,123,76,-91,112,0,1
0.01,SARSA + PS,123,77,-130,133,2,1
0.01,SARSA + PS,123,78,-1,22,0,1
0.01,SARSA + PS,123,79,-209,200,1,0
0.01,SARSA + PS,123,80,-52,73,0,1
0.01,SARSA + PS,123,81,-82,85,2,1
0.01,SARSA + PS,123,82,-37,58,0,1
0.01,SARSA + PS,123,83,0,21,0,1
0.01,SARSA + PS,123,84,-21,42,0,1
0.01,SARSA + PS,123,85,14,7,0,1
0.01,SARSA + PS,123,86,-4,25,0,1
0.01,SARSA + PS,123,87,-200,200,0,0
0.01,SARSA + PS,123,88,9,12,0,1
0.01,SARSA + PS,123,89,-135,156,0,1
0.01,SARSA + PS,123,90,-11,32,0,1
0.01,SARSA + PS,123,91,-97,118,0,1
0.01,SARSA + PS,123,92,-43,64,0,1
0.01,SARSA + PS,123,93,-61,82,0,1
0.01,SARSA + PS,123,94,-33,54,0,1
0.01,SARSA + PS,123,95,-23,44,0,1
0.01,SARSA + PS,123,96,-44,65,0,1
0.01,SARSA + PS,123,97,-75,96,0,1
0.01,SARSA + PS,123,98,-98,119,0,1
0.01,SARSA + PS,123,99,13,8,0,1
0.01,SARSA + PS,123,100,-209,200,1,0
0.01,SARSA + PS,123,101,-32,53,0,1
0.01,SARSA + PS,123,102,-70,91,0,1
0.01,SARSA + PS,123,103,-141,153,1,1
0.01,SARSA + PS,123,104,-28,49,0,1
0.01,SARSA + PS,123,105,11,10,0,1
0.01,SARSA + PS,123,106,-87,108,0,1
0.01,SARSA + PS,123,107,2,10,1,1
0.01,SARSA + PS,123,108,-47,68,0,1
0.01,SARSA + PS,123,109,12,9,0,1
0.01,SARSA + PS,123,110,-64,85,0,1
0.01,SARSA + PS,123,111,1,20,0,1
0.01,SARSA + PS,123,112,8,13,0,1
0.01,SARSA + PS,123,113,12,9,0,1
0.01,SARSA + PS,123,114,-84,105,0,1
0.01,SARSA + PS,123,115,-49,70,0,1
0.01,SARSA + PS,123,116,-118,130,1,1
0.01,SARSA + PS,123,117,-8,29,0,1
0.01,SARSA + PS,123,118,12,9,0,1
0.01,SARSA + PS,123,119,-55,58,2,1
0.01,SARSA + PS,123,120,-209,200,1,0
0.01,SARSA + PS,123,121,-2,23,0,1
0.01,SARSA + PS,123,122,10,11,0,1
0.01,SARSA + PS,123,123,-71,92,0,1
0.01,SARSA + PS,123,124,11,10,0,1
0.01,SARSA + PS,123,125,-59,71,1,1
0.01,SARSA + PS,123,126,-75,96,0,1
0.01,SARSA + PS,123,127,14,7,0,1
0.01,SARSA + PS,123,128,8,13,0,1
0.01,SARSA + PS,123,129,-147,150,2,1
0.01,SARSA + PS,123,130,-133,154,0,1
0.01,SARSA + PS,123,131,12,9,0,1
0.01,SARSA + PS,123,132,6,15,0,1
0.01,SARSA + PS,123,133,-30,51,0,1
0.01,SARSA + PS,123,134,-67,88,0,1
0.01,SARSA + PS,123,135,1,20,0,1
0.01,SARSA + PS,123,136,7,14,0,1
0.01,SARSA + PS,123,137,-89,110,0,1
0.01,SARSA + PS,123,138,-183,186,2,1
0.01,SARSA + PS,123,139,-2,23,0,1
0.01,SARSA + PS,123,140,12,9,0,1
0.01,SARSA + PS,123,141,13,8,0,1
0.01,SARSA + PS,123,142,10,11,0,1
0.01,SARSA + PS,123,143,14,7,0,1
0.01,SARSA + PS,123,144,12,9,0,1
0.01,SARSA + PS,123,145,-46,58,1,1
0.01,SARSA + PS,123,146,8,13,0,1
0.01,SARSA + PS,123,147,-123,135,1,1
0.01,SARSA + PS,123,148,-25,37,1,1
0.01,SARSA + PS,123,149,9,12,0,1
0.01,SARSA + PS,123,150,-1,22,0,1
0.01,SARSA + PS,123,151,-27,48,0,1
0.01,SARSA + PS,123,152,-10,31,0,1
0.01,SARSA + PS,123,153,15,6,0,1
0.01,SARSA + PS,123,154,11,10,0,1
0.01,SARSA + PS,123,155,-4,25,0,1
0.01,SARSA + PS,123,156,-66,78,1,1
0.01,SARSA + PS,123,157,9,12,0,1
0.01,SARSA + PS,123,158,12,9,0,1
0.01,SARSA + PS,123,159,-16,37,0,1
0.01,SARSA + PS,123,160,-200,200,0,0
0.01,SARSA + PS,123,161,-34,55,0,1
0.01,SARSA + PS,123,162,10,11,0,1
0.01,SARSA + PS,123,163,10,11,0,1
0.01,SARSA + PS,123,164,-95,107,1,1
0.01,SARSA + PS,123,165,5,16,0,1
0.01,SARSA + PS,123,166,-39,60,0,1
0.01,SARSA + PS,123,167,-23,35,1,1
0.01,SARSA + PS,123,168,5,16,0,1
0.01,SARSA + PS,123,169,-5,26,0,1
0.01,SARSA + PS,123,170,3,18,0,1
0.01,SARSA + PS,123,171,2,19,0,1
0.01,SARSA + PS,123,172,-10,31,0,1
0.01,SARSA + PS,123,173,-9,30,0,1
0.01,SARSA + PS,123,174,-24,45,0,1
0.01,SARSA + PS,123,175,-49,70,0,1
0.01,SARSA + PS,123,176,-9,21,1,1
0.01,SARSA + PS,123,177,-19,40,0,1
0.01,SARSA + PS,123,178,9,12,0,1
0.01,SARSA + PS,123,179,11,10,0,1
0.01,SARSA + PS,123,180,-57,78,0,1
0.01,SARSA + PS,123,181,-27,48,0,1
0.01,SARSA + PS,123,182,10,11,0,1
0.01,SARSA + PS,123,183,-1,22,0,1
0.01,SARSA + PS,123,184,-34,55,0,1
0.01,SARSA + PS,123,185,8,13,0,1
0.01,SARSA + PS,123,186,6,15,0,1
0.01,SARSA + PS,123,187,-33,54,0,1
0.01,SARSA + PS,123,188,-4,25,0,1
0.01,SARSA + PS,123,189,-55,76,0,1
0.01,SARSA + PS,123,190,-26,47,0,1
0.01,SARSA + PS,123,191,-42,63,0,1
0.01,SARSA + PS,123,192,-78,99,0,1
0.01,SARSA + PS,123,193,13,8,0,1
0.01,SARSA + PS,123,194,-10,31,0,1
0.01,SARSA + PS,123,195,12,9,0,1
0.01,SARSA + PS,123,196,-80,101,0,1
0.01,SARSA + PS,123,197,-41,62,0,1
0.01,SARSA + PS,123,198,6,15,0,1
0.01,SARSA + PS,123,199,-43,64,0,1
0.01,SARSA + PS,123,200,-76,97,0,1
0.01,SARSA + PS,123,201,13,8,0,1
0.01,SARSA + PS,123,202,-3,24,0,1
0.01,SARSA + PS,123,203,11,10,0,1
0.01,SARSA + PS,123,204,-22,43,0,1
0.01,SARSA + PS,123,205,-25,46,0,1
0.01,SARSA + PS,123,206,-58,79,0,1
0.01,SARSA + PS,123,207,-134,155,0,1
0.01,SARSA + PS,123,208,12,9,0,1
0.01,SARSA + PS,123,209,10,11,0,1
0.01,SARSA + PS,123,210,-58,79,0,1
0.01,SARSA + PS,123,211,12,9,0,1
0.01,SARSA + PS,123,212,-4,25,0,1
0.01,SARSA + PS,123,213,-120,141,0,1
0.01,SARSA + PS,123,214,-2,23,0,1
0.01,SARSA + PS,123,215,11,10,0,1
0.01,SARSA + PS,123,216,-2,23,0,1
0.01,SARSA + PS,123,217,12,9,0,1
0.01,SARSA + PS,123,218,-10,31,0,1
0.01,SARSA + PS,123,219,7,14,0,1
0.01,SARSA + PS,123,220,-7,28,0,1
0.01,SARSA + PS,123,221,9,12,0,1
0.01,SARSA + PS,123,222,-10,31,0,1
0.01,SARSA + PS,123,223,-19,40,0,1
0.01,SARSA + PS,123,224,-32,53,0,1
0.01,SARSA + PS,123,225,-51,72,0,1
0.01,SARSA + PS,123,226,-5,26,0,1
0.01,SARSA + PS,123,227,8,13,0,1
0.01,SARSA + PS,123,228,11,10,0,1
0.01,SARSA + PS,123,229,-103,124,0,1
0.01,SARSA + PS,123,230,-100,103,2,1
0.01,SARSA + PS,123,231,-51,72,0,1
0.01,SARSA + PS,123,232,11,10,0,1
0.01,SARSA + PS,123,233,1,20,0,1
0.01,SARSA + PS,123,234,-22,43,0,1
0.01,SARSA + PS,123,235,9,12,0,1
0.01,SARSA + PS,123,236,12,9,0,1
0.01,SARSA + PS,123,237,8,13,0,1
0.01,SARSA + PS,123,238,6,15,0,1
0.01,SARSA + PS,123,239,8,13,0,1
0.01,SARSA + PS,123,240,12,9,0,1
0.01,SARSA + PS,123,241,-56,77,0,1
0.01,SARSA + PS,123,242,11,10,0,1
0.01,SARSA + PS,123,243,8,13,0,1
0.01,SARSA + PS,123,244,10,11,0,1
0.01,SARSA + PS,123,245,9,12,0,1
0.01,SARSA + PS,123,246,10,11,0,1
0.01,SARSA + PS,123,247,-7,28,0,1
0.01,SARSA + PS,123,248,9,12,0,1
0.01,SARSA + PS,123,249,10,11,0,1
0.01,SARSA + PS,123,250,-10,22,1,1
0.01,SARSA + PS,123,251,-37,58,0,1
0.01,SARSA + PS,123,252,-12,33,0,1
0.01,SARSA + PS,123,253,10,11,0,1
0.01,SARSA + PS,123,254,10,11,0,1
0.01,SARSA + PS,123,255,7,14,0,1
0.01,SARSA + PS,123,256,-10,31,0,1
0.01,SARSA + PS,123,257,-16,37,0,1
0.01,SARSA + PS,123,258,2,19,0,1
0.01,SARSA + PS,123,259,-73,94,0,1
0.01,SARSA + PS,123,260,-25,46,0,1
0.01,SARSA + PS,123,261,-5,26,0,1
0.01,SARSA + PS,123,262,-1,22,0,1
0.01,SARSA + PS,123,263,-24,36,1,1
0.01,SARSA + PS,123,264,11,10,0,1
0.01,SARSA + PS,123,265,-11,32,0,1
0.01,SARSA + PS,123,266,12,9,0,1
0.01,SARSA + PS,123,267,0,21,0,1
0.01,SARSA + PS,123,268,15,6,0,1
0.01,SARSA + PS,123,269,-47,68,0,1
0.01,SARSA + PS,123,270,8,13,0,1
0.01,SARSA + PS,123,271,12,9,0,1
0.01,SARSA + PS,123,272,-10,31,0,1
0.01,SARSA + PS,123,273,-2,14,1,1
0.01,SARSA + PS,123,274,9,12,0,1
0.01,SARSA + PS,123,275,11,10,0,1
0.01,SARSA + PS,123,276,-4,25,0,1
0.01,SARSA + PS,123,277,5,16,0,1
0.01,SARSA + PS,123,278,-16,37,0,1
0.01,SARSA + PS,123,279,-19,40,0,1
0.01,SARSA + PS,123,280,14,7,0,1
0.01,SARSA + PS,123,281,10,11,0,1
0.01,SARSA + PS,123,282,3,18,0,1
0.01,SARSA + PS,123,283,4,17,0,1
0.01,SARSA + PS,123,284,4,17,0,1
0.01,SARSA + PS,123,285,9,12,0,1
0.01,SARSA + PS,123,286,8,13,0,1
0.01,SARSA + PS,123,287,-4,25,0,1
0.01,SARSA + PS,123,288,-1,22,0,1
0.01,SARSA + PS,123,289,10,11,0,1
0.01,SARSA + PS,123,290,14,7,0,1
0.01,SARSA + PS,123,291,12,9,0,1
0.01,SARSA + PS,123,292,-41,62,0,1
0.01,SARSA + PS,123,293,11,10,0,1
0.01,SARSA + PS,123,294,12,9,0,1
0.01,SARSA + PS,123,295,-2,14,1,1
0.01,SARSA + PS,123,296,1,20,0,1
0.01,SARSA + PS,123,297,11,10,0,1
0.01,SARSA + PS,123,298,7,14,0,1
0.01,SARSA + PS,123,299,-7,28,0,1
0.01,SARSA + PS,123,300,9,12,0,1
0.01,SARSA + PS,123,301,-173,176,2,1
0.01,SARSA + PS,123,302,-8,29,0,1
0.01,SARSA + PS,123,303,10,11,0,1
0.01,SARSA + PS,123,304,-124,145,0,1
0.01,SARSA + PS,123,305,-46,58,1,1
0.01,SARSA + PS,123,306,10,11,0,1
0.01,SARSA + PS,123,307,2,19,0,1
0.01,SARSA + PS,123,308,-1,22,0,1
0.01,SARSA + PS,123,309,8,13,0,1
0.01,SARSA + PS,123,310,-1,22,0,1
0.01,SARSA + PS,123,311,-6,27,0,1
0.01,SARSA + PS,123,312,6,15,0,1
0.01,SARSA + PS,123,313,-61,82,0,1
0.01,SARSA + PS,123,314,10,11,0,1
0.01,SARSA + PS,123,315,5,16,0,1
0.01,SARSA + PS,123,316,7,14,0,1
0.01,SARSA + PS,123,317,-5,26,0,1
0.01,SARSA + PS,123,318,12,9,0,1
0.01,SARSA + PS,123,319,10,11,0,1
0.01,SARSA + PS,123,320,-8,29,0,1
0.01,SARSA + PS,123,321,9,12,0,1
0.01,SARSA + PS,123,322,10,11,0,1
0.01,SARSA + PS,123,323,-54,75,0,1
0.01,SARSA + PS,123,324,-10,31,0,1
0.01,SARSA + PS,123,325,-1,22,0,1
0.01,SARSA + PS,123,326,-8,29,0,1
0.01,SARSA + PS,123,327,1,20,0,1
0.01,SARSA + PS,123,328,9,12,0,1
0.01,SARSA + PS,123,329,12,9,0,1
0.01,SARSA + PS,123,330,-218,200,2,0
0.01,SARSA + PS,123,331,3,18,0,1
0.01,SARSA + PS,123,332,10,11,0,1
0.01,SARSA + PS,123,333,9,12,0,1
0.01,SARSA + PS,123,334,8,13,0,1
0.01,SARSA + PS,123,335,-24,45,0,1
0.01,SARSA + PS,123,336,-10,31,0,1
0.01,SARSA + PS,123,337,-2,23,0,1
0.01,SARSA + PS,123,338,-1,22,0,1
0.01,SARSA + PS,123,339,1,20,0,1
0.01,SARSA + PS,123,340,7,14,0,1
0.01,SARSA + PS,123,341,10,11,0,1
0.01,SARSA + PS,123,342,-9,30,0,1
0.01,SARSA + PS,123,343,5,16,0,1
0.01,SARSA + PS,123,344,7,14,0,1
0.01,SARSA + PS,123,345,2,10,1,1
0.01,SARSA + PS,123,346,5,16,0,1
0.01,SARSA + PS,123,347,12,9,0,1
0.01,SARSA + PS,123,348,8,13,0,1
0.01,SARSA + PS,123,349,11,10,0,1
0.01,SARSA + PS,123,350,8,13,0,1
0.01,SARSA + PS,123,351,10,11,0,1
0.01,SARSA + PS,123,352,1,20,0,1
0.01,SARSA + PS,123,353,-3,24,0,1
0.01,SARSA + PS,123,354,-11,32,0,1
0.01,SARSA + PS,123,355,8,13,0,1
0.01,SARSA + PS,123,356,8,13,0,1
0.01,SARSA + PS,123,357,9,12,0,1
0.01,SARSA + PS,123,358,-65,77,1,1
0.01,SARSA + PS,123,359,9,12,0,1
0.01,SARSA + PS,123,360,-70,73,2,1
0.01,SARSA + PS,123,361,-42,54,1,1
0.01,SARSA + PS,123,362,10,11,0,1
0.01,SARSA + PS,123,363,1,20,0,1
0.01,SARSA + PS,123,364,9,12,0,1
0.01,SARSA + PS,123,365,-39,51,1,1
0.01,SARSA + PS,123,366,-14,35,0,1
0.01,SARSA + PS,123,367,8,13,0,1
0.01,SARSA + PS,123,368,-8,20,1,1
0.01,SARSA + PS,123,369,-37,49,1,1
0.01,SARSA + PS,123,370,-18,39,0,1
0.01,SARSA + PS,123,371,-13,34,0,1
0.01,SARSA + PS,123,372,-2,23,0,1
0.01,SARSA + PS,123,373,8,13,0,1
0.01,SARSA + PS,123,374,-13,34,0,1
0.01,SARSA + PS,123,375,11,10,0,1
0.01,SARSA + PS,123,376,4,17,0,1
0.01,SARSA + PS,123,377,-15,36,0,1
0.01,SARSA + PS,123,378,13,8,0,1
0.01,SARSA + PS,123,379,13,8,0,1
0.01,SARSA + PS,123,380,-23,44,0,1
0.01,SARSA + PS,123,381,-13,34,0,1
0.01,SARSA + PS,123,382,0,21,0,1
0.01,SARSA + PS,123,383,10,11,0,1
0.01,SARSA + PS,123,384,8,13,0,1
0.01,SARSA + PS,123,385,10,11,0,1
0.01,SARSA + PS,123,386,13,8,0,1
0.01,SARSA + PS,123,387,9,12,0,1
0.01,SARSA + PS,123,388,-111,132,0,1
0.01,SARSA + PS,123,389,14,7,0,1
0.01,SARSA + PS,123,390,8,13,0,1
0.01,SARSA + PS,123,391,3,18,0,1
0.01,SARSA + PS,123,392,8,13,0,1
0.01,SARSA + PS,123,393,1,20,0,1
0.01,SARSA + PS,123,394,8,13,0,1
0.01,SARSA + PS,123,395,-16,37,0,1
0.01,SARSA + PS,123,396,-35,56,0,1
0.01,SARSA + PS,123,397,9,12,0,1
0.01,SARSA + PS,123,398,10,11,0,1
0.01,SARSA + PS,123,399,-66,78,1,1
0.01,SARSA + PS,123,400,12,9,0,1
0.01,SARSA + PS,123,401,9,12,0,1
0.01,SARSA + PS,123,402,9,12,0,1
0.01,SARSA + PS,123,403,12,9,0,1
0.01,SARSA + PS,123,404,9,12,0,1
0.01,SARSA + PS,123,405,-11,32,0,1
0.01,SARSA + PS,123,406,-2,23,0,1
0.01,SARSA + PS,123,407,11,10,0,1
0.01,SARSA + PS,123,408,3,18,0,1
0.01,SARSA + PS,123,409,5,16,0,1
0.01,SARSA + PS,123,410,9,12,0,1
0.01,SARSA + PS,123,411,11,10,0,1
0.01,SARSA + PS,123,412,-91,94,2,1
0.01,SARSA + PS,123,413,14,7,0,1
0.01,SARSA + PS,123,414,9,12,0,1
0.01,SARSA + PS,123,415,10,11,0,1
0.01,SARSA + PS,123,416,6,15,0,1
0.01,SARSA + PS,123,417,8,13,0,1
0.01,SARSA + PS,123,418,7,14,0,1
0.01,SARSA + PS,123,419,10,11,0,1
0.01,SARSA + PS,123,420,0,21,0,1
0.01,SARSA + PS,123,421,-8,29,0,1
0.01,SARSA + PS,123,422,10,11,0,1
0.01,SARSA + PS,123,423,8,13,0,1
0.01,SARSA + PS,123,424,5,16,0,1
0.01,SARSA + PS,123,425,10,11,0,1
0.01,SARSA + PS,123,426,8,13,0,1
0.01,SARSA + PS,123,427,-41,62,0,1
0.01,SARSA + PS,123,428,7,14,0,1
0.01,SARSA + PS,123,429,-10,31,0,1
0.01,SARSA + PS,123,430,7,14,0,1
0.01,SARSA + PS,123,431,11,10,0,1
0.01,SARSA + PS,123,432,-8,29,0,1
0.01,SARSA + PS,123,433,-1,22,0,1
0.01,SARSA + PS,123,434,0,21,0,1
0.01,SARSA + PS,123,435,5,16,0,1
0.01,SARSA + PS,123,436,12,9,0,1
0.01,SARSA + PS,123,437,10,11,0,1
0.01,SARSA + PS,123,438,9,12,0,1
0.01,SARSA + PS,123,439,8,13,0,1
0.01,SARSA + PS,123,440,7,14,0,1
0.01,SARSA + PS,123,441,9,12,0,1
0.01,SARSA + PS,123,442,10,11,0,1
0.01,SARSA + PS,123,443,5,16,0,1
0.01,SARSA + PS,123,444,-9,30,0,1
0.01,SARSA + PS,123,445,9,12,0,1
0.01,SARSA + PS,123,446,5,16,0,1
0.01,SARSA + PS,123,447,-7,28,0,1
0.01,SARSA + PS,123,448,-1,22,0,1
0.01,SARSA + PS,123,449,12,9,0,1
0.01,SARSA + PS,123,450,-27,48,0,1
0.01,SARSA + PS,123,451,9,12,0,1
0.01,SARSA + PS,123,452,9,12,0,1
0.01,SARSA + PS,123,453,-19,40,0,1
0.01,SARSA + PS,123,454,5,16,0,1
0.01,SARSA + PS,123,455,8,13,0,1
0.01,SARSA + PS,123,456,5,16,0,1
0.01,SARSA + PS,123,457,14,7,0,1
0.01,SARSA + PS,123,458,-15,36,0,1
0.01,SARSA + PS,123,459,6,15,0,1
0.01,SARSA + PS,123,460,6,15,0,1
0.01,SARSA + PS,123,461,-46,67,0,1
0.01,SARSA + PS,123,462,6,15,0,1
0.01,SARSA + PS,123,463,13,8,0,1
0.01,SARSA + PS,123,464,10,11,0,1
0.01,SARSA + PS,123,465,11,10,0,1
0.01,SARSA + PS,123,466,8,13,0,1
0.01,SARSA + PS,123,467,10,11,0,1
0.01,SARSA + PS,123,468,10,11,0,1
0.01,SARSA + PS,123,469,6,15,0,1
0.01,SARSA + PS,123,470,7,14,0,1
0.01,SARSA + PS,123,471,3,18,0,1
0.01,SARSA + PS,123,472,-8,29,0,1
0.01,SARSA + PS,123,473,5,16,0,1
0.01,SARSA + PS,123,474,13,8,0,1
0.01,SARSA + PS,123,475,4,17,0,1
0.01,SARSA + PS,123,476,-10,31,0,1
0.01,SARSA + PS,123,477,-14,35,0,1
0.01,SARSA + PS,123,478,9,12,0,1
0.01,SARSA + PS,123,479,7,14,0,1
0.01,SARSA + PS,123,480,7,14,0,1
0.01,SARSA + PS,123,481,2,19,0,1
0.01,SARSA + PS,123,482,7,14,0,1
0.01,SARSA + PS,123,483,8,13,0,1
0.01,SARSA + PS,123,484,11,10,0,1
0.01,SARSA + PS,123,485,11,10,0,1
0.01,SARSA + PS,123,486,-34,55,0,1
0.01,SARSA + PS,123,487,-26,47,0,1
0.01,SARSA + PS,123,488,10,11,0,1
0.01,SARSA + PS,123,489,8,13,0,1
0.01,SARSA + PS,123,490,-12,24,1,1
0.01,SARSA + PS,123,491,0,21,0,1
0.01,SARSA + PS,123,492,11,10,0,1
0.01,SARSA + PS,123,493,8,13,0,1
0.01,SARSA + PS,123,494,-9,30,0,1
0.01,SARSA + PS,123,495,8,13,0,1
0.01,SARSA + PS,123,496,-12,15,2,1
0.01,SARSA + PS,123,497,3,18,0,1
0.01,SARSA + PS,123,498,9,12,0,1
0.01,SARSA + PS,123,499,-17,38,0,1
0.01,SARSA + PS,777,0,-668,200,52,0
0.01,SARSA + PS,777,1,-686,200,54,0
0.01,SARSA + PS,777,2,-758,200,62,0
0.01,SARSA + PS,777,3,-740,200,60,0
0.01,SARSA + PS,777,4,-740,200,60,0
0.01,SARSA + PS,777,5,-632,200,48,0
0.01,SARSA + PS,777,6,-731,200,59,0
0.01,SARSA + PS,777,7,-758,200,62,0
0.01,SARSA + PS,777,8,-803,200,67,0
0.01,SARSA + PS,777,9,-659,200,51,0
0.01,SARSA + PS,777,10,-650,200,50,0
0.01,SARSA + PS,777,11,-650,200,50,0
0.01,SARSA + PS,777,12,-524,200,36,0
0.01,SARSA + PS,777,13,-875,200,75,0
0.01,SARSA + PS,777,14,-740,200,60,0
0.01,SARSA + PS,777,15,-299,200,11,0
0.01,SARSA + PS,777,16,-374,152,27,1
0.01,SARSA + PS,777,17,-614,200,46,0
0.01,SARSA + PS,777,18,-560,200,40,0
0.01,SARSA + PS,777,19,-308,200,12,0
0.01,SARSA + PS,777,20,-758,200,62,0
0.01,SARSA + PS,777,21,-114,72,7,1
0.01,SARSA + PS,777,22,-677,200,53,0
0.01,SARSA + PS,777,23,-209,200,1,0
0.01,SARSA + PS,777,24,-569,140,50,1
0.01,SARSA + PS,777,25,-839,200,71,0
0.01,SARSA + PS,777,26,-186,171,4,1
0.01,SARSA + PS,777,27,-380,200,20,0
0.01,SARSA + PS,777,28,-251,155,13,1
0.01,SARSA + PS,777,29,-542,200,38,0
0.01,SARSA + PS,777,30,-236,200,4,0
0.01,SARSA + PS,777,31,-650,200,50,0
0.01,SARSA + PS,777,32,-200,200,0,0
0.01,SARSA + PS,777,33,-209,200,1,0
0.01,SARSA + PS,777,34,-884,200,76,0
0.01,SARSA + PS,777,35,-209,200,1,0
0.01,SARSA + PS,777,36,-39,51,1,1
0.01,SARSA + PS,777,37,-39,60,0,1
0.01,SARSA + PS,777,38,-164,176,1,1
0.01,SARSA + PS,777,39,-416,200,24,0
0.01,SARSA + PS,777,40,-200,200,0,0
0.01,SARSA + PS,777,41,-308,200,12,0
0.01,SARSA + PS,777,42,-43,64,0,1
0.01,SARSA + PS,777,43,-326,200,14,0
0.01,SARSA + PS,777,44,-245,200,5,0
0.01,SARSA + PS,777,45,-209,200,1,0
0.01,SARSA + PS,777,46,-326,200,14,0
0.01,SARSA + PS,777,47,-287,200,12,1
0.01,SARSA + PS,777,48,3,18,0,1
0.01,SARSA + PS,777,49,-106,127,0,1
0.01,SARSA + PS,777,50,-200,200,0,0
0.01,SARSA + PS,777,51,-69,90,0,1
0.01,SARSA + PS,777,52,-35,56,0,1
0.01,SARSA + PS,777,53,-34,55,0,1
0.01,SARSA + PS,777,54,-209,200,1,0
0.01,SARSA + PS,777,55,-155,122,6,1
0.01,SARSA + PS,777,56,-138,159,0,1
0.01,SARSA + PS,777,57,9,12,0,1
0.01,SARSA + PS,777,58,-218,200,2,0
0.01,SARSA + PS,777,59,-143,164,0,1
0.01,SARSA + PS,777,60,-11,32,0,1
0.01,SARSA + PS,777,61,-80,101,0,1
0.01,SARSA + PS,777,62,-209,200,1,0
0.01,SARSA + PS,777,63,-77,98,0,1
0.01,SARSA + PS,777,64,4,17,0,1
0.01,SARSA + PS,777,65,-64,85,0,1
0.01,SARSA + PS,777,66,-135,156,0,1
0.01,SARSA + PS,777,67,-107,128,0,1
0.01,SARSA + PS,777,68,-100,121,0,1
0.01,SARSA + PS,777,69,-198,183,4,1
0.01,SARSA + PS,777,70,-129,150,0,1
0.01,SARSA + PS,777,71,-200,200,0,0
0.01,SARSA + PS,777,72,-92,113,0,1
0.01,SARSA + PS,777,73,-145,166,0,1
0.01,SARSA + PS,777,74,-58,79,0,1
0.01,SARSA + PS,777,75,-200,200,0,0
0.01,SARSA + PS,777,76,-149,170,0,1
0.01,SARSA + PS,777,77,-200,200,0,0
0.01,SARSA + PS,777,78,-89,110,0,1
0.01,SARSA + PS,777,79,13,8,0,1
0.01,SARSA + PS,777,80,-168,171,2,1
0.01,SARSA + PS,777,81,-148,169,0,1
0.01,SARSA + PS,777,82,-209,200,1,0
0.01,SARSA + PS,777,83,2,19,0,1
0.01,SARSA + PS,777,84,-112,133,0,1
0.01,SARSA + PS,777,85,-103,115,1,1
0.01,SARSA + PS,777,86,-91,112,0,1
0.01,SARSA + PS,777,87,-184,196,1,1
0.01,SARSA + PS,777,88,-3,24,0,1
0.01,SARSA + PS,777,89,-71,92,0,1
0.01,SARSA + PS,777,90,-171,192,0,1
0.01,SARSA + PS,777,91,9,12,0,1
0.01,SARSA + PS,777,92,-68,89,0,1
0.01,SARSA + PS,777,93,8,13,0,1
0.01,SARSA + PS,777,94,-66,87,0,1
0.01,SARSA + PS,777,95,11,10,0,1
0.01,SARSA + PS,777,96,-52,73,0,1
0.01,SARSA + PS,777,97,-132,144,1,1
0.01,SARSA + PS,777,98,-43,55,1,1
0.01,SARSA + PS,777,99,-39,60,0,1
0.01,SARSA + PS,777,100,-146,167,0,1
0.01,SARSA + PS,777,101,11,10,0,1
0.01,SARSA + PS,777,102,-52,64,1,1
0.01,SARSA + PS,777,103,-41,62,0,1
0.01,SARSA + PS,777,104,-168,189,0,1
0.01,SARSA + PS,777,105,-104,98,3,1
0.01,SARSA + PS,777,106,-8,29,0,1
0.01,SARSA + PS,777,107,-16,37,0,1
0.01,SARSA + PS,777,108,-16,37,0,1
0.01,SARSA + PS,777,109,-121,133,1,1
0.01,SARSA + PS,777,110,-15,36,0,1
0.01,SARSA + PS,777,111,-8,29,0,1
0.01,SARSA + PS,777,112,12,9,0,1
0.01,SARSA + PS,777,113,2,19,0,1
0.01,SARSA + PS,777,114,-30,51,0,1
0.01,SARSA + PS,777,115,14,7,0,1
0.01,SARSA + PS,777,116,7,14,0,1
0.01,SARSA + PS,777,117,-61,82,0,1
0.01,SARSA + PS,777,118,8,13,0,1
0.01,SARSA + PS,777,119,-155,167,1,1
0.01,SARSA + PS,777,120,-129,150,0,1
0.01,SARSA + PS,777,121,-31,43,1,1
0.01,SARSA + PS,777,122,-110,131,0,1
0.01,SARSA + PS,777,123,15,6,0,1
0.01,SARSA + PS,777,124,-109,130,0,1
0.01,SARSA + PS,777,125,8,13,0,1
0.01,SARSA + PS,777,126,-161,182,0,1
0.01,SARSA + PS,777,127,-37,58,0,1
0.01,SARSA + PS,777,128,12,9,0,1
0.01,SARSA + PS,777,129,-38,59,0,1
0.01,SARSA + PS,777,130,-200,200,0,0
0.01,SARSA + PS,777,131,-37,58,0,1
0.01,SARSA + PS,777,132,-89,110,0,1
0.01,SARSA + PS,777,133,7,14,0,1
0.01,SARSA + PS,777,134,-6,27,0,1
0.01,SARSA + PS,777,135,11,10,0,1
0.01,SARSA + PS,777,136,7,14,0,1
0.01,SARSA + PS,777,137,9,12,0,1
0.01,SARSA + PS,777,138,11,10,0,1
0.01,SARSA + PS,777,139,-63,84,0,1
0.01,SARSA + PS,777,140,-7,28,0,1
0.01,SARSA + PS,777,141,11,10,0,1
0.01,SARSA + PS,777,142,12,9,0,1
0.01,SARSA + PS,777,143,-147,168,0,1
0.01,SARSA + PS,777,144,-10,31,0,1
0.01,SARSA + PS,777,145,-8,29,0,1
0.01,SARSA + PS,777,146,-14,35,0,1
0.01,SARSA + PS,777,147,9,12,0,1
0.01,SARSA + PS,777,148,0,21,0,1
0.01,SARSA + PS,777,149,7,14,0,1
0.01,SARSA + PS,777,150,-77,89,1,1
0.01,SARSA + PS,777,151,-13,34,0,1
0.01,SARSA + PS,777,152,-43,64,0,1
0.01,SARSA + PS,777,153,-65,77,1,1
0.01,SARSA + PS,777,154,-70,91,0,1
0.01,SARSA + PS,777,155,-64,85,0,1
0.01,SARSA + PS,777,156,-56,77,0,1
0.01,SARSA + PS,777,157,-82,103,0,1
0.01,SARSA + PS,777,158,-80,101,0,1
0.01,SARSA + PS,777,159,-103,124,0,1
0.01,SARSA + PS,777,160,10,11,0,1
0.01,SARSA + PS,777,161,-80,92,1,1
0.01,SARSA + PS,777,162,14,7,0,1
0.01,SARSA + PS,777,163,11,10,0,1
0.01,SARSA + PS,777,164,10,11,0,1
0.01,SARSA + PS,777,165,-30,42,1,1
0.01,SARSA + PS,777,166,-32,44,1,1
0.01,SARSA + PS,777,167,-12,24,1,1
0.01,SARSA + PS,777,168,-60,81,0,1
0.01,SARSA + PS,777,169,9,12,0,1
0.01,SARSA + PS,777,170,13,8,0,1
0.01,SARSA + PS,777,171,-20,41,0,1
0.01,SARSA + PS,777,172,11,10,0,1
0.01,SARSA + PS,777,173,-73,85,1,1
0.01,SARSA + PS,777,174,11,10,0,1
0.01,SARSA + PS,777,175,3,18,0,1
0.01,SARSA + PS,777,176,10,11,0,1
0.01,SARSA + PS,777,177,10,11,0,1
0.01,SARSA + PS,777,178,14,7,0,1
0.01,SARSA + PS,777,179,6,15,0,1
0.01,SARSA + PS,777,180,-138,150,1,1
0.01,SARSA + PS,777,181,-60,81,0,1
0.01,SARSA + PS,777,182,-61,82,0,1
0.01,SARSA + PS,777,183,-96,117,0,1
0.01,SARSA + PS,777,184,9,12,0,1
0.01,SARSA + PS,777,185,8,13,0,1
0.01,SARSA + PS,777,186,-31,52,0,1
0.01,SARSA + PS,777,187,13,8,0,1
0.01,SARSA + PS,777,188,-60,72,1,1
0.01,SARSA + PS,777,189,8,13,0,1
0.01,SARSA + PS,777,190,10,11,0,1
0.01,SARSA + PS,777,191,11,10,0,1
0.01,SARSA + PS,777,192,0,21,0,1
0.01,SARSA + PS,777,193,-49,70,0,1
0.01,SARSA + PS,777,194,3,18,0,1
0.01,SARSA + PS,777,195,-50,71,0,1
0.01,SARSA + PS,777,196,13,8,0,1
0.01,SARSA + PS,777,197,4,17,0,1
0.01,SARSA + PS,777,198,11,10,0,1
0.01,SARSA + PS,777,199,9,12,0,1
0.01,SARSA + PS,777,200,-58,79,0,1
0.01,SARSA + PS,777,201,12,9,0,1
0.01,SARSA + PS,777,202,9,12,0,1
0.01,SARSA + PS,777,203,-32,53,0,1
0.01,SARSA + PS,777,204,2,19,0,1
0.01,SARSA + PS,777,205,8,13,0,1
0.01,SARSA + PS,777,206,-43,64,0,1
0.01,SARSA + PS,777,207,7,14,0,1
0.01,SARSA + PS,777,208,10,11,0,1
0.01,SARSA + PS,777,209,11,10,0,1
0.01,SARSA + PS,777,210,12,9,0,1
0.01,SARSA + PS,777,211,10,11,0,1
0.01,SARSA + PS,777,212,-17,38,0,1
0.01,SARSA + PS,777,213,-2,23,0,1
0.01,SARSA + PS,777,214,9,12,0,1
0.01,SARSA + PS,777,215,-48,69,0,1
0.01,SARSA + PS,777,216,5,16,0,1
0.01,SARSA + PS,777,217,-12,33,0,1
0.01,SARSA + PS,777,218,9,12,0,1
0.01,SARSA + PS,777,219,-138,150,1,1
0.01,SARSA + PS,777,220,-62,83,0,1
0.01,SARSA + PS,777,221,7,14,0,1
0.01,SARSA + PS,777,222,11,10,0,1
0.01,SARSA + PS,777,223,-34,55,0,1
0.01,SARSA + PS,777,224,-60,81,0,1
0.01,SARSA + PS,777,225,0,21,0,1
0.01,SARSA + PS,777,226,-32,53,0,1
0.01,SARSA + PS,777,227,9,12,0,1
0.01,SARSA + PS,777,228,-71,92,0,1
0.01,SARSA + PS,777,229,12,9,0,1
0.01,SARSA + PS,777,230,-38,59,0,1
0.01,SARSA + PS,777,231,-26,47,0,1
0.01,SARSA + PS,777,232,-32,53,0,1
0.01,SARSA + PS,777,233,8,13,0,1
0.01,SARSA + PS,777,234,10,11,0,1
0.01,SARSA + PS,777,235,2,19,0,1
0.01,SARSA + PS,777,236,12,9,0,1
0.01,SARSA + PS,777,237,9,12,0,1
0.01,SARSA + PS,777,238,9,12,0,1
0.01,SARSA + PS,777,239,9,12,0,1
0.01,SARSA + PS,777,240,-1,22,0,1
0.01,SARSA + PS,777,241,11,10,0,1
0.01,SARSA + PS,777,242,7,14,0,1
0.01,SARSA + PS,777,243,12,9,0,1
0.01,SARSA + PS,777,244,10,11,0,1
0.01,SARSA + PS,777,245,9,12,0,1
0.01,SARSA + PS,777,246,12,9,0,1
0.01,SARSA + PS,777,247,-27,48,0,1
0.01,SARSA + PS,777,248,15,6,0,1
0.01,SARSA + PS,777,249,11,10,0,1
0.01,SARSA + PS,777,250,6,15,0,1
0.01,SARSA + PS,777,251,-41,62,0,1
0.01,SARSA + PS,777,252,-15,36,0,1
0.01,SARSA + PS,777,253,-22,43,0,1
0.01,SARSA + PS,777,254,6,15,0,1
0.01,SARSA + PS,777,255,-18,39,0,1
0.01,SARSA + PS,777,256,12,9,0,1
0.01,SARSA + PS,777,257,-4,25,0,1
0.01,SARSA + PS,777,258,6,15,0,1
0.01,SARSA + PS,777,259,8,13,0,1
0.01,SARSA + PS,777,260,-31,52,0,1
0.01,SARSA + PS,777,261,0,21,0,1
0.01,SARSA + PS,777,262,7,14,0,1
0.01,SARSA + PS,777,263,-13,34,0,1
0.01,SARSA + PS,777,264,9,12,0,1
0.01,SARSA + PS,777,265,9,12,0,1
0.01,SARSA + PS,777,266,-44,56,1,1
0.01,SARSA + PS,777,267,-37,58,0,1
0.01,SARSA + PS,777,268,3,18,0,1
0.01,SARSA + PS,777,269,2,19,0,1
0.01,SARSA + PS,777,270,12,9,0,1
0.01,SARSA + PS,777,271,-8,29,0,1
0.01,SARSA + PS,777,272,8,13,0,1
0.01,SARSA + PS,777,273,10,11,0,1
0.01,SARSA + PS,777,274,8,13,0,1
0.01,SARSA + PS,777,275,-16,37,0,1
0.01,SARSA + PS,777,276,10,11,0,1
0.01,SARSA + PS,777,277,-11,32,0,1
0.01,SARSA + PS,777,278,10,11,0,1
0.01,SARSA + PS,777,279,-52,73,0,1
0.01,SARSA + PS,777,280,8,13,0,1
0.01,SARSA + PS,777,281,14,7,0,1
0.01,SARSA + PS,777,282,-2,23,0,1
0.01,SARSA + PS,777,283,-106,118,1,1
0.01,SARSA + PS,777,284,-58,79,0,1
0.01,SARSA + PS,777,285,-28,49,0,1
0.01,SARSA + PS,777,286,-37,49,1,1
0.01,SARSA + PS,777,287,8,13,0,1
0.01,SARSA + PS,777,288,11,10,0,1
0.01,SARSA + PS,777,289,-13,34,0,1
0.01,SARSA + PS,777,290,-42,63,0,1
0.01,SARSA + PS,777,291,-65,86,0,1
0.01,SARSA + PS,777,292,13,8,0,1
0.01,SARSA + PS,777,293,-7,28,0,1
0.01,SARSA + PS,777,294,7,14,0,1
0.01,SARSA + PS,777,295,9,12,0,1
0.01,SARSA + PS,777,296,9,12,0,1
0.01,SARSA + PS,777,297,11,10,0,1
0.01,SARSA + PS,777,298,-23,44,0,1
0.01,SARSA + PS,777,299,-9,30,0,1
0.01,SARSA + PS,777,300,-48,69,0,1
0.01,SARSA + PS,777,301,-5,26,0,1
0.01,SARSA + PS,777,302,8,13,0,1
0.01,SARSA + PS,777,303,2,19,0,1
0.01,SARSA + PS,777,304,12,9,0,1
0.01,SARSA + PS,777,305,-45,57,1,1
0.01,SARSA + PS,777,306,13,8,0,1
0.01,SARSA + PS,777,307,-22,43,0,1
0.01,SARSA + PS,777,308,-10,31,0,1
0.01,SARSA + PS,777,309,-15,36,0,1
0.01,SARSA + PS,777,310,11,10,0,1
0.01,SARSA + PS,777,311,-12,33,0,1
0.01,SARSA + PS,777,312,12,9,0,1
0.01,SARSA + PS,777,313,-6,18,1,1
0.01,SARSA + PS,777,314,-14,35,0,1
0.01,SARSA + PS,777,315,11,10,0,1
0.01,SARSA + PS,777,316,-18,30,1,1
0.01,SARSA + PS,777,317,7,14,0,1
0.01,SARSA + PS,777,318,12,9,0,1
0.01,SARSA + PS,777,319,-43,64,0,1
0.01,SARSA + PS,777,320,12,9,0,1
0.01,SARSA + PS,777,321,9,12,0,1
0.01,SARSA + PS,777,322,1,20,0,1
0.01,SARSA + PS,777,323,9,12,0,1
0.01,SARSA + PS,777,324,6,15,0,1
0.01,SARSA + PS,777,325,-54,75,0,1
0.01,SARSA + PS,777,326,9,12,0,1
0.01,SARSA + PS,777,327,-12,33,0,1
0.01,SARSA + PS,777,328,-9,30,0,1
0.01,SARSA + PS,777,329,-42,63,0,1
0.01,SARSA + PS,777,330,7,14,0,1
0.01,SARSA + PS,777,331,7,14,0,1
0.01,SARSA + PS,777,332,-12,33,0,1
0.01,SARSA + PS,777,333,8,13,0,1
0.01,SARSA + PS,777,334,7,14,0,1
0.01,SARSA + PS,777,335,6,15,0,1
0.01,SARSA + PS,777,336,-5,26,0,1
0.01,SARSA + PS,777,337,-7,28,0,1
0.01,SARSA + PS,777,338,-6,27,0,1
0.01,SARSA + PS,777,339,4,17,0,1
0.01,SARSA + PS,777,340,11,10,0,1
0.01,SARSA + PS,777,341,13,8,0,1
0.01,SARSA + PS,777,342,8,13,0,1
0.01,SARSA + PS,777,343,7,14,0,1
0.01,SARSA + PS,777,344,8,13,0,1
0.01,SARSA + PS,777,345,11,10,0,1
0.01,SARSA + PS,777,346,8,13,0,1
0.01,SARSA + PS,777,347,5,16,0,1
0.01,SARSA + PS,777,348,3,18,0,1
0.01,SARSA + PS,777,349,12,9,0,1
0.01,SARSA + PS,777,350,9,12,0,1
0.01,SARSA + PS,777,351,-29,50,0,1
0.01,SARSA + PS,777,352,11,10,0,1
0.01,SARSA + PS,777,353,6,15,0,1
0.01,SARSA + PS,777,354,11,10,0,1
0.01,SARSA + PS,777,355,-8,29,0,1
0.01,SARSA + PS,777,356,7,14,0,1
0.01,SARSA + PS,777,357,-28,49,0,1
0.01,SARSA + PS,777,358,-2,14,1,1
0.01,SARSA + PS,777,359,5,16,0,1
0.01,SARSA + PS,777,360,8,13,0,1
0.01,SARSA + PS,777,361,10,11,0,1
0.01,SARSA + PS,777,362,11,10,0,1
0.01,SARSA + PS,777,363,10,11,0,1
0.01,SARSA + PS,777,364,14,7,0,1
0.01,SARSA + PS,777,365,11,10,0,1
0.01,SARSA + PS,777,366,1,20,0,1
0.01,SARSA + PS,777,367,2,19,0,1
0.01,SARSA + PS,777,368,7,14,0,1
0.01,SARSA + PS,777,369,5,16,0,1
0.01,SARSA + PS,777,370,-18,39,0,1
0.01,SARSA + PS,777,371,14,7,0,1
0.01,SARSA + PS,777,372,9,12,0,1
0.01,SARSA + PS,777,373,9,12,0,1
0.01,SARSA + PS,777,374,11,10,0,1
0.01,SARSA + PS,777,375,2,19,0,1
0.01,SARSA + PS,777,376,14,7,0,1
0.01,SARSA + PS,777,377,9,12,0,1
0.01,SARSA + PS,777,378,13,8,0,1
0.01,SARSA + PS,777,379,-13,25,1,1
0.01,SARSA + PS,777,380,-47,68,0,1
0.01,SARSA + PS,777,381,3,18,0,1
0.01,SARSA + PS,777,382,7,14,0,1
0.01,SARSA + PS,777,383,6,15,0,1
0.01,SARSA + PS,777,384,9,12,0,1
0.01,SARSA + PS,777,385,10,11,0,1
0.01,SARSA + PS,777,386,7,14,0,1
0.01,SARSA + PS,777,387,-2,14,1,1
0.01,SARSA + PS,777,388,-8,29,0,1
0.01,SARSA + PS,777,389,8,13,0,1
0.01,SARSA + PS,777,390,-4,25,0,1
0.01,SARSA + PS,777,391,9,12,0,1
0.01,SARSA + PS,777,392,11,10,0,1
0.01,SARSA + PS,777,393,7,14,0,1
0.01,SARSA + PS,777,394,-9,30,0,1
0.01,SARSA + PS,777,395,-7,28,0,1
0.01,SARSA + PS,777,396,14,7,0,1
0.01,SARSA + PS,777,397,7,14,0,1
0.01,SARSA + PS,777,398,10,11,0,1
0.01,SARSA + PS,777,399,11,10,0,1
0.01,SARSA + PS,777,400,-35,56,0,1
0.01,SARSA + PS,777,401,2,19,0,1
0.01,SARSA + PS,777,402,11,10,0,1
0.01,SARSA + PS,777,403,12,9,0,1
0.01,SARSA + PS,777,404,9,12,0,1
0.01,SARSA + PS,777,405,11,10,0,1
0.01,SARSA + PS,777,406,11,10,0,1
0.01,SARSA + PS,777,407,11,10,0,1
0.01,SARSA + PS,777,408,8,13,0,1
0.01,SARSA + PS,777,409,10,11,0,1
0.01,SARSA + PS,777,410,10,11,0,1
0.01,SARSA + PS,777,411,10,11,0,1
0.01,SARSA + PS,777,412,-3,24,0,1
0.01,SARSA + PS,777,413,5,16,0,1
0.01,SARSA + PS,777,414,1,20,0,1
0.01,SARSA + PS,777,415,4,17,0,1
0.01,SARSA + PS,777,416,8,13,0,1
0.01,SARSA + PS,777,417,10,11,0,1
0.01,SARSA + PS,777,418,12,9,0,1
0.01,SARSA + PS,777,419,9,12,0,1
0.01,SARSA + PS,777,420,-4,25,0,1
0.01,SARSA + PS,777,421,10,11,0,1
0.01,SARSA + PS,777,422,7,14,0,1
0.01,SARSA + PS,777,423,12,9,0,1
0.01,SARSA + PS,777,424,12,9,0,1
0.01,SARSA + PS,777,425,14,7,0,1
0.01,SARSA + PS,777,426,10,11,0,1
0.01,SARSA + PS,777,427,10,11,0,1
0.01,SARSA + PS,777,428,1,20,0,1
0.01,SARSA + PS,777,429,11,10,0,1
0.01,SARSA + PS,777,430,14,7,0,1
0.01,SARSA + PS,777,431,5,16,0,1
0.01,SARSA + PS,777,432,8,13,0,1
0.01,SARSA + PS,777,433,9,12,0,1
0.01,SARSA + PS,777,434,12,9,0,1
0.01,SARSA + PS,777,435,10,11,0,1
0.01,SARSA + PS,777,436,4,17,0,1
0.01,SARSA + PS,777,437,-13,34,0,1
0.01,SARSA + PS,777,438,1,20,0,1
0.01,SARSA + PS,777,439,9,12,0,1
0.01,SARSA + PS,777,440,-47,68,0,1
0.01,SARSA + PS,777,441,11,10,0,1
0.01,SARSA + PS,777,442,11,10,0,1
0.01,SARSA + PS,777,443,11,10,0,1
0.01,SARSA + PS,777,444,8,13,0,1
0.01,SARSA + PS,777,445,8,13,0,1
0.01,SARSA + PS,777,446,10,11,0,1
0.01,SARSA + PS,777,447,9,12,0,1
0.01,SARSA + PS,777,448,9,12,0,1
0.01,SARSA + PS,777,449,10,11,0,1
0.01,SARSA + PS,777,450,9,12,0,1
0.01,SARSA + PS,777,451,-22,43,0,1
0.01,SARSA + PS,777,452,5,16,0,1
0.01,SARSA + PS,777,453,9,12,0,1
0.01,SARSA + PS,777,454,11,10,0,1
0.01,SARSA + PS,777,455,5,16,0,1
0.01,SARSA + PS,777,456,12,9,0,1
0.01,SARSA + PS,777,457,10,11,0,1
0.01,SARSA + PS,777,458,12,9,0,1
0.01,SARSA + PS,777,459,14,7,0,1
0.01,SARSA + PS,777,460,11,10,0,1
0.01,SARSA + PS,777,461,6,15,0,1
0.01,SARSA + PS,777,462,4,17,0,1
0.01,SARSA + PS,777,463,7,14,0,1
0.01,SARSA + PS,777,464,7,14,0,1
0.01,SARSA + PS,777,465,14,7,0,1
0.01,SARSA + PS,777,466,10,11,0,1
0.01,SARSA + PS,777,467,5,16,0,1
0.01,SARSA + PS,777,468,-6,27,0,1
0.01,SARSA + PS,777,469,14,7,0,1
0.01,SARSA + PS,777,470,8,13,0,1
0.01,SARSA + PS,777,471,8,13,0,1
0.01,SARSA + PS,777,472,9,12,0,1
0.01,SARSA + PS,777,473,9,12,0,1
0.01,SARSA + PS,777,474,8,13,0,1
0.01,SARSA + PS,777,475,-19,22,2,1
0.01,SARSA + PS,777,476,9,12,0,1
0.01,SARSA + PS,777,477,9,12,0,1
0.01,SARSA + PS,777,478,14,7,0,1
0.01,SARSA + PS,777,479,8,13,0,1
0.01,SARSA + PS,777,480,5,16,0,1
0.01,SARSA + PS,777,481,8,13,0,1
0.01,SARSA + PS,777,482,15,6,0,1
0.01,SARSA + PS,777,483,-17,38,0,1
0.01,SARSA + PS,777,484,7,14,0,1
0.01,SARSA + PS,777,485,-35,56,0,1
0.01,SARSA + PS,777,486,9,12,0,1
0.01,SARSA + PS,777,487,9,12,0,1
0.01,SARSA + PS,777,488,9,12,0,1
0.01,SARSA + PS,777,489,10,11,0,1
0.01,SARSA + PS,777,490,-22,43,0,1
0.01,SARSA + PS,777,491,-15,36,0,1
0.01,SARSA + PS,777,492,8,13,0,1
0.01,SARSA + PS,777,493,14,7,0,1
0.01,SARSA + PS,777,494,6,15,0,1
0.01,SARSA + PS,777,495,8,13,0,1
0.01,SARSA + PS,777,496,6,15,0,1
0.01,SARSA + PS,777,497,9,12,0,1
0.01,SARSA + PS,777,498,7,14,0,1
0.01,SARSA + PS,777,499,12,9,0,1
0.01,SARSA + PS,999,0,-695,200,55,0
0.01,SARSA + PS,999,1,-731,200,59,0
0.01,SARSA + PS,999,2,-668,200,52,0
0.01,SARSA + PS,999,3,-740,200,60,0
0.01,SARSA + PS,999,4,-740,200,60,0
0.01,SARSA + PS,999,5,-650,200,50,0
0.01,SARSA + PS,999,6,-515,200,35,0
0.01,SARSA + PS,999,7,-420,99,38,1
0.01,SARSA + PS,999,8,-731,200,59,0
0.01,SARSA + PS,999,9,-758,200,62,0
0.01,SARSA + PS,999,10,-659,200,51,0
0.01,SARSA + PS,999,11,-830,200,70,0
0.01,SARSA + PS,999,12,-740,200,60,0
0.01,SARSA + PS,999,13,-767,200,63,0
0.01,SARSA + PS,999,14,-740,200,60,0
0.01,SARSA + PS,999,15,-659,200,51,0
0.01,SARSA + PS,999,16,-812,200,68,0
0.01,SARSA + PS,999,17,-596,200,44,0
0.01,SARSA + PS,999,18,-497,200,33,0
0.01,SARSA + PS,999,19,-287,74,26,1
0.01,SARSA + PS,999,20,-497,200,33,0
0.01,SARSA + PS,999,21,-461,200,29,0
0.01,SARSA + PS,999,22,-353,200,17,0
0.01,SARSA + PS,999,23,-162,183,0,1
0.01,SARSA + PS,999,24,-6,27,0,1
0.01,SARSA + PS,999,25,-200,200,0,0
0.01,SARSA + PS,999,26,-551,200,39,0
0.01,SARSA + PS,999,27,-785,200,65,0
0.01,SARSA + PS,999,28,-218,200,2,0
0.01,SARSA + PS,999,29,-245,200,5,0
0.01,SARSA + PS,999,30,-416,200,24,0
0.01,SARSA + PS,999,31,-218,200,2,0
0.01,SARSA + PS,999,32,-479,200,31,0
0.01,SARSA + PS,999,33,-200,200,0,0
0.01,SARSA + PS,999,34,1,20,0,1
0.01,SARSA + PS,999,35,-285,171,15,1
0.01,SARSA + PS,999,36,-281,200,9,0
0.01,SARSA + PS,999,37,-200,200,0,0
0.01,SARSA + PS,999,38,-416,200,24,0
0.01,SARSA + PS,999,39,-392,107,34,1
0.01,SARSA + PS,999,40,-200,200,0,0
0.01,SARSA + PS,999,41,-533,200,37,0
0.01,SARSA + PS,999,42,-218,200,2,0
0.01,SARSA + PS,999,43,-143,74,10,1
0.01,SARSA + PS,999,44,-136,139,2,1
0.01,SARSA + PS,999,45,-200,200,0,0
0.01,SARSA + PS,999,46,-78,81,2,1
0.01,SARSA + PS,999,47,-161,164,2,1
0.01,SARSA + PS,999,48,-30,51,0,1
0.01,SARSA + PS,999,49,-126,147,0,1
0.01,SARSA + PS,999,50,-28,49,0,1
0.01,SARSA + PS,999,51,-26,47,0,1
0.01,SARSA + PS,999,52,-288,165,16,1
0.01,SARSA + PS,999,53,-80,101,0,1
0.01,SARSA + PS,999,54,-508,169,40,1
0.01,SARSA + PS,999,55,-69,90,0,1
0.01,SARSA + PS,999,56,-200,200,0,0
0.01,SARSA + PS,999,57,-133,136,2,1
0.01,SARSA + PS,999,58,-64,85,0,1
0.01,SARSA + PS,999,59,-52,73,0,1
0.01,SARSA + PS,999,60,-218,200,2,0
0.01,SARSA + PS,999,61,-317,200,13,0
0.01,SARSA + PS,999,62,-200,200,0,0
0.01,SARSA + PS,999,63,-152,173,0,1
0.01,SARSA + PS,999,64,-103,115,1,1
0.01,SARSA + PS,999,65,-20,32,1,1
0.01,SARSA + PS,999,66,-7,28,0,1
0.01,SARSA + PS,999,67,-85,106,0,1
0.01,SARSA + PS,999,68,-116,137,0,1
0.01,SARSA + PS,999,69,-123,144,0,1
0.01,SARSA + PS,999,70,13,8,0,1
0.01,SARSA + PS,999,71,-187,199,1,1
0.01,SARSA + PS,999,72,-22,43,0,1
0.01,SARSA + PS,999,73,-131,152,0,1
0.01,SARSA + PS,999,74,-143,155,1,1
0.01,SARSA + PS,999,75,7,14,0,1
0.01,SARSA + PS,999,76,-74,95,0,1
0.01,SARSA + PS,999,77,-75,96,0,1
0.01,SARSA + PS,999,78,-92,113,0,1
0.01,SARSA + PS,999,79,-29,50,0,1
0.01,SARSA + PS,999,80,-90,102,1,1
0.01,SARSA + PS,999,81,-23,44,0,1
0.01,SARSA + PS,999,82,12,9,0,1
0.01,SARSA + PS,999,83,-65,86,0,1
0.01,SARSA + PS,999,84,13,8,0,1
0.01,SARSA + PS,999,85,-90,111,0,1
0.01,SARSA + PS,999,86,-84,105,0,1
0.01,SARSA + PS,999,87,-54,75,0,1
0.01,SARSA + PS,999,88,11,10,0,1
0.01,SARSA + PS,999,89,-62,83,0,1
0.01,SARSA + PS,999,90,12,9,0,1
0.01,SARSA + PS,999,91,-91,112,0,1
0.01,SARSA + PS,999,92,-85,106,0,1
0.01,SARSA + PS,999,93,-209,200,1,0
0.01,SARSA + PS,999,94,-135,156,0,1
0.01,SARSA + PS,999,95,-111,123,1,1
0.01,SARSA + PS,999,96,8,13,0,1
0.01,SARSA + PS,999,97,-57,78,0,1
0.01,SARSA + PS,999,98,-148,169,0,1
0.01,SARSA + PS,999,99,-23,44,0,1
0.01,SARSA + PS,999,100,-83,104,0,1
0.01,SARSA + PS,999,101,3,18,0,1
0.01,SARSA + PS,999,102,-99,102,2,1
0.01,SARSA + PS,999,103,-145,166,0,1
0.01,SARSA + PS,999,104,1,20,0,1
0.01,SARSA + PS,999,105,-168,180,1,1
0.01,SARSA + PS,999,106,-153,165,1,1
0.01,SARSA + PS,999,107,-209,200,1,0
0.01,SARSA + PS,999,108,-45,66,0,1
0.01,SARSA + PS,999,109,-99,120,0,1
0.01,SARSA + PS,999,110,-45,66,0,1
0.01,SARSA + PS,999,111,-72,84,1,1
0.01,SARSA + PS,999,112,-5,26,0,1
0.01,SARSA + PS,999,113,-138,150,1,1
0.01,SARSA + PS,999,114,-19,40,0,1
0.01,SARSA + PS,999,115,-87,108,0,1
0.01,SARSA + PS,999,116,-50,71,0,1
0.01,SARSA + PS,999,117,6,15,0,1
0.01,SARSA + PS,999,118,11,10,0,1
0.01,SARSA + PS,999,119,13,8,0,1
0.01,SARSA + PS,999,120,-48,69,0,1
0.01,SARSA + PS,999,121,-77,98,0,1
0.01,SARSA + PS,999,122,0,21,0,1
0.01,SARSA + PS,999,123,1,11,1,1
0.01,SARSA + PS,999,124,-30,51,0,1
0.01,SARSA + PS,999,125,-18,39,0,1
0.01,SARSA + PS,999,126,-11,32,0,1
0.01,SARSA + PS,999,127,12,9,0,1
0.01,SARSA + PS,999,128,11,10,0,1
0.01,SARSA + PS,999,129,-117,138,0,1
0.01,SARSA + PS,999,130,11,10,0,1
0.01,SARSA + PS,999,131,-147,168,0,1
0.01,SARSA + PS,999,132,11,10,0,1
0.01,SARSA + PS,999,133,-63,84,0,1
0.01,SARSA + PS,999,134,-111,132,0,1
0.01,SARSA + PS,999,135,-67,61,3,1
0.01,SARSA + PS,999,136,-28,49,0,1
0.01,SARSA + PS,999,137,-5,26,0,1
0.01,SARSA + PS,999,138,-61,82,0,1
0.01,SARSA + PS,999,139,-20,41,0,1
0.01,SARSA + PS,999,140,11,10,0,1
0.01,SARSA + PS,999,141,10,11,0,1
0.01,SARSA + PS,999,142,14,7,0,1
0.01,SARSA + PS,999,143,9,12,0,1
0.01,SARSA + PS,999,144,-41,62,0,1
0.01,SARSA + PS,999,145,-72,93,0,1
0.01,SARSA + PS,999,146,-19,40,0,1
0.01,SARSA + PS,999,147,-61,82,0,1
0.01,SARSA + PS,999,148,-66,78,1,1
0.01,SARSA + PS,999,149,14,7,0,1
0.01,SARSA + PS,999,150,7,14,0,1
0.01,SARSA + PS,999,151,-75,96,0,1
0.01,SARSA + PS,999,152,11,10,0,1
0.01,SARSA + PS,999,153,-42,63,0,1
0.01,SARSA + PS,999,154,14,7,0,1
0.01,SARSA + PS,999,155,-47,68,0,1
0.01,SARSA + PS,999,156,13,8,0,1
0.01,SARSA + PS,999,157,-85,88,2,1
0.01,SARSA + PS,999,158,-49,70,0,1
0.01,SARSA + PS,999,159,-76,97,0,1
0.01,SARSA + PS,999,160,-85,106,0,1
0.01,SARSA + PS,999,161,0,21,0,1
0.01,SARSA + PS,999,162,1,20,0,1
0.01,SARSA + PS,999,163,-60,81,0,1
0.01,SARSA + PS,999,164,2,19,0,1
0.01,SARSA + PS,999,165,-22,43,0,1
0.01,SARSA + PS,999,166,-58,79,0,1
0.01,SARSA + PS,999,167,4,17,0,1
0.01,SARSA + PS,999,168,-26,47,0,1
0.01,SARSA + PS,999,169,-5,26,0,1
0.01,SARSA + PS,999,170,11,10,0,1
0.01,SARSA + PS,999,171,-3,24,0,1
0.01,SARSA + PS,999,172,-5,26,0,1
0.01,SARSA + PS,999,173,-79,91,1,1
0.01,SARSA + PS,999,174,14,7,0,1
0.01,SARSA + PS,999,175,9,12,0,1
0.01,SARSA + PS,999,176,0,12,1,1
0.01,SARSA + PS,999,177,11,10,0,1
0.01,SARSA + PS,999,178,-209,200,1,0
0.01,SARSA + PS,999,179,4,17,0,1
0.01,SARSA + PS,999,180,11,10,0,1
0.01,SARSA + PS,999,181,12,9,0,1
0.01,SARSA + PS,999,182,8,13,0,1
0.01,SARSA + PS,999,183,11,10,0,1
0.01,SARSA + PS,999,184,11,10,0,1
0.01,SARSA + PS,999,185,11,10,0,1
0.01,SARSA + PS,999,186,8,13,0,1
0.01,SARSA + PS,999,187,10,11,0,1
0.01,SARSA + PS,999,188,10,11,0,1
0.01,SARSA + PS,999,189,10,11,0,1
0.01,SARSA + PS,999,190,-21,42,0,1
0.01,SARSA + PS,999,191,-17,38,0,1
0.01,SARSA + PS,999,192,-53,65,1,1
0.01,SARSA + PS,999,193,-77,98,0,1
0.01,SARSA + PS,999,194,7,14,0,1
0.01,SARSA + PS,999,195,-42,45,2,1
0.01,SARSA + PS,999,196,2,10,1,1
0.01,SARSA + PS,999,197,7,14,0,1
0.01,SARSA + PS,999,198,-52,64,1,1
0.01,SARSA + PS,999,199,10,11,0,1
0.01,SARSA + PS,999,200,-1,22,0,1
0.01,SARSA + PS,999,201,12,9,0,1
0.01,SARSA + PS,999,202,12,9,0,1
0.01,SARSA + PS,999,203,14,7,0,1
0.01,SARSA + PS,999,204,10,11,0,1
0.01,SARSA + PS,999,205,0,12,1,1
0.01,SARSA + PS,999,206,-1,22,0,1
0.01,SARSA + PS,999,207,11,10,0,1
0.01,SARSA + PS,999,208,14,7,0,1
0.01,SARSA + PS,999,209,-15,36,0,1
0.01,SARSA + PS,999,210,-16,28,1,1
0.01,SARSA + PS,999,211,3,18,0,1
0.01,SARSA + PS,999,212,12,9,0,1
0.01,SARSA + PS,999,213,10,11,0,1
0.01,SARSA + PS,999,214,-168,189,0,1
0.01,SARSA + PS,999,215,-59,71,1,1
0.01,SARSA + PS,999,216,-27,48,0,1
0.01,SARSA + PS,999,217,9,12,0,1
0.01,SARSA + PS,999,218,-7,19,1,1
0.01,SARSA + PS,999,219,11,10,0,1
0.01,SARSA + PS,999,220,11,10,0,1
0.01,SARSA + PS,999,221,1,11,1,1
0.01,SARSA + PS,999,222,-6,27,0,1
0.01,SARSA + PS,999,223,0,12,1,1
0.01,SARSA + PS,999,224,10,11,0,1
0.01,SARSA + PS,999,225,9,12,0,1
0.01,SARSA + PS,999,226,9,12,0,1
0.01,SARSA + PS,999,227,4,17,0,1
0.01,SARSA + PS,999,228,-47,68,0,1
0.01,SARSA + PS,999,229,-34,55,0,1
0.01,SARSA + PS,999,230,-49,70,0,1
0.01,SARSA + PS,999,231,9,12,0,1
0.01,SARSA + PS,999,232,11,10,0,1
0.01,SARSA + PS,999,233,-11,32,0,1
0.01,SARSA + PS,999,234,12,9,0,1
0.01,SARSA + PS,999,235,10,11,0,1
0.01,SARSA + PS,999,236,14,7,0,1
0.01,SARSA + PS,999,237,14,7,0,1
0.01,SARSA + PS,999,238,11,10,0,1
0.01,SARSA + PS,999,239,4,17,0,1
0.01,SARSA + PS,999,240,-59,71,1,1
0.01,SARSA + PS,999,241,-33,54,0,1
0.01,SARSA + PS,999,242,5,16,0,1
0.01,SARSA + PS,999,243,13,8,0,1
0.01,SARSA + PS,999,244,10,11,0,1
0.01,SARSA + PS,999,245,1,20,0,1
0.01,SARSA + PS,999,246,-37,58,0,1
0.01,SARSA + PS,999,247,14,7,0,1
0.01,SARSA + PS,999,248,-2,23,0,1
0.01,SARSA + PS,999,249,8,13,0,1
0.01,SARSA + PS,999,250,1,11,1,1
0.01,SARSA + PS,999,251,9,12,0,1
0.01,SARSA + PS,999,252,8,13,0,1
0.01,SARSA + PS,999,253,-3,24,0,1
0.01,SARSA + PS,999,254,9,12,0,1
0.01,SARSA + PS,999,255,-19,31,1,1
0.01,SARSA + PS,999,256,14,7,0,1
0.01,SARSA + PS,999,257,8,13,0,1
0.01,SARSA + PS,999,258,-89,110,0,1
0.01,SARSA + PS,999,259,2,19,0,1
0.01,SARSA + PS,999,260,15,6,0,1
0.01,SARSA + PS,999,261,-12,33,0,1
0.01,SARSA + PS,999,262,-91,112,0,1
0.01,SARSA + PS,999,263,-21,42,0,1
0.01,SARSA + PS,999,264,9,12,0,1
0.01,SARSA + PS,999,265,9,12,0,1
0.01,SARSA + PS,999,266,-21,42,0,1
0.01,SARSA + PS,999,267,10,11,0,1
0.01,SARSA + PS,999,268,-50,71,0,1
0.01,SARSA + PS,999,269,-45,57,1,1
0.01,SARSA + PS,999,270,8,13,0,1
0.01,SARSA + PS,999,271,14,7,0,1
0.01,SARSA + PS,999,272,0,21,0,1
0.01,SARSA + PS,999,273,-153,156,2,1
0.01,SARSA + PS,999,274,-20,41,0,1
0.01,SARSA + PS,999,275,-11,32,0,1
0.01,SARSA + PS,999,276,-1,13,1,1
0.01,SARSA + PS,999,277,12,9,0,1
0.01,SARSA + PS,999,278,12,9,0,1
0.01,SARSA + PS,999,279,-53,56,2,1
0.01,SARSA + PS,999,280,9,12,0,1
0.01,SARSA + PS,999,281,14,7,0,1
0.01,SARSA + PS,999,282,-5,26,0,1
0.01,SARSA + PS,999,283,10,11,0,1
0.01,SARSA + PS,999,284,9,12,0,1
0.01,SARSA + PS,999,285,-14,35,0,1
0.01,SARSA + PS,999,286,-43,64,0,1
0.01,SARSA + PS,999,287,10,11,0,1
0.01,SARSA + PS,999,288,-104,125,0,1
0.01,SARSA + PS,999,289,11,10,0,1
0.01,SARSA + PS,999,290,-55,76,0,1
0.01,SARSA + PS,999,291,-92,104,1,1
0.01,SARSA + PS,999,292,-8,29,0,1
0.01,SARSA + PS,999,293,9,12,0,1
0.01,SARSA + PS,999,294,11,10,0,1
0.01,SARSA + PS,999,295,15,6,0,1
0.01,SARSA + PS,999,296,6,15,0,1
0.01,SARSA + PS,999,297,8,13,0,1
0.01,SARSA + PS,999,298,-42,63,0,1
0.01,SARSA + PS,999,299,6,15,0,1
0.01,SARSA + PS,999,300,9,12,0,1
0.01,SARSA + PS,999,301,5,16,0,1
0.01,SARSA + PS,999,302,-25,46,0,1
0.01,SARSA + PS,999,303,-18,39,0,1
0.01,SARSA + PS,999,304,11,10,0,1
0.01,SARSA + PS,999,305,8,13,0,1
0.01,SARSA + PS,999,306,13,8,0,1
0.01,SARSA + PS,999,307,-2,23,0,1
0.01,SARSA + PS,999,308,7,14,0,1
0.01,SARSA + PS,999,309,6,15,0,1
0.01,SARSA + PS,999,310,-18,39,0,1
0.01,SARSA + PS,999,311,11,10,0,1
0.01,SARSA + PS,999,312,9,12,0,1
0.01,SARSA + PS,999,313,-48,69,0,1
0.01,SARSA + PS,999,314,9,12,0,1
0.01,SARSA + PS,999,315,-1,22,0,1
0.01,SARSA + PS,999,316,-98,110,1,1
0.01,SARSA + PS,999,317,9,12,0,1
0.01,SARSA + PS,999,318,-146,167,0,1
0.01,SARSA + PS,999,319,8,13,0,1
0.01,SARSA + PS,999,320,9,12,0,1
0.01,SARSA + PS,999,321,8,13,0,1
0.01,SARSA + PS,999,322,-12,33,0,1
0.01,SARSA + PS,999,323,7,14,0,1
0.01,SARSA + PS,999,324,-35,56,0,1
0.01,SARSA + PS,999,325,12,9,0,1
0.01,SARSA + PS,999,326,13,8,0,1
0.01,SARSA + PS,999,327,-1,13,1,1
0.01,SARSA + PS,999,328,-20,41,0,1
0.01,SARSA + PS,999,329,13,8,0,1
0.01,SARSA + PS,999,330,11,10,0,1
0.01,SARSA + PS,999,331,10,11,0,1
0.01,SARSA + PS,999,332,-39,60,0,1
0.01,SARSA + PS,999,333,-115,127,1,1
0.01,SARSA + PS,999,334,10,11,0,1
0.01,SARSA + PS,999,335,-5,26,0,1
0.01,SARSA + PS,999,336,10,11,0,1
0.01,SARSA + PS,999,337,8,13,0,1
0.01,SARSA + PS,999,338,-4,25,0,1
0.01,SARSA + PS,999,339,5,16,0,1
0.01,SARSA + PS,999,340,-27,48,0,1
0.01,SARSA + PS,999,341,9,12,0,1
0.01,SARSA + PS,999,342,9,12,0,1
0.01,SARSA + PS,999,343,11,10,0,1
0.01,SARSA + PS,999,344,-36,48,1,1
0.01,SARSA + PS,999,345,-12,33,0,1
0.01,SARSA + PS,999,346,3,18,0,1
0.01,SARSA + PS,999,347,9,12,0,1
0.01,SARSA + PS,999,348,9,12,0,1
0.01,SARSA + PS,999,349,-8,29,0,1
0.01,SARSA + PS,999,350,8,13,0,1
0.01,SARSA + PS,999,351,7,14,0,1
0.01,SARSA + PS,999,352,8,13,0,1
0.01,SARSA + PS,999,353,-10,31,0,1
0.01,SARSA + PS,999,354,12,9,0,1
0.01,SARSA + PS,999,355,7,14,0,1
0.01,SARSA + PS,999,356,0,21,0,1
0.01,SARSA + PS,999,357,10,11,0,1
0.01,SARSA + PS,999,358,-43,64,0,1
0.01,SARSA + PS,999,359,-4,25,0,1
0.01,SARSA + PS,999,360,9,12,0,1
0.01,SARSA + PS,999,361,10,11,0,1
0.01,SARSA + PS,999,362,-2,23,0,1
0.01,SARSA + PS,999,363,-9,30,0,1
0.01,SARSA + PS,999,364,9,12,0,1
0.01,SARSA + PS,999,365,11,10,0,1
0.01,SARSA + PS,999,366,14,7,0,1
0.01,SARSA + PS,999,367,-15,27,1,1
0.01,SARSA + PS,999,368,13,8,0,1
0.01,SARSA + PS,999,369,-72,93,0,1
0.01,SARSA + PS,999,370,-1,22,0,1
0.01,SARSA + PS,999,371,11,10,0,1
0.01,SARSA + PS,999,372,11,10,0,1
0.01,SARSA + PS,999,373,-70,91,0,1
0.01,SARSA + PS,999,374,13,8,0,1
0.01,SARSA + PS,999,375,0,21,0,1
0.01,SARSA + PS,999,376,8,13,0,1
0.01,SARSA + PS,999,377,9,12,0,1
0.01,SARSA + PS,999,378,12,9,0,1
0.01,SARSA + PS,999,379,-2,14,1,1
0.01,SARSA + PS,999,380,12,9,0,1
0.01,SARSA + PS,999,381,-6,27,0,1
0.01,SARSA + PS,999,382,-41,62,0,1
0.01,SARSA + PS,999,383,3,18,0,1
0.01,SARSA + PS,999,384,8,13,0,1
0.01,SARSA + PS,999,385,12,9,0,1
0.01,SARSA + PS,999,386,8,13,0,1
0.01,SARSA + PS,999,387,8,13,0,1
0.01,SARSA + PS,999,388,-41,62,0,1
0.01,SARSA + PS,999,389,-30,42,1,1
0.01,SARSA + PS,999,390,5,16,0,1
0.01,SARSA + PS,999,391,-2,23,0,1
0.01,SARSA + PS,999,392,-16,37,0,1
0.01,SARSA + PS,999,393,-2,14,1,1
0.01,SARSA + PS,999,394,3,18,0,1
0.01,SARSA + PS,999,395,-1,13,1,1
0.01,SARSA + PS,999,396,-30,42,1,1
0.01,SARSA + PS,999,397,10,11,0,1
0.01,SARSA + PS,999,398,-50,71,0,1
0.01,SARSA + PS,999,399,-8,20,1,1
0.01,SARSA + PS,999,400,10,11,0,1
0.01,SARSA + PS,999,401,9,12,0,1
0.01,SARSA + PS,999,402,11,10,0,1
0.01,SARSA + PS,999,403,-24,45,0,1
0.01,SARSA + PS,999,404,8,13,0,1
0.01,SARSA + PS,999,405,-42,63,0,1
0.01,SARSA + PS,999,406,9,12,0,1
0.01,SARSA + PS,999,407,11,10,0,1
0.01,SARSA + PS,999,408,12,9,0,1
0.01,SARSA + PS,999,409,8,13,0,1
0.01,SARSA + PS,999,410,5,16,0,1
0.01,SARSA + PS,999,411,8,13,0,1
0.01,SARSA + PS,999,412,-25,46,0,1
0.01,SARSA + PS,999,413,12,9,0,1
0.01,SARSA + PS,999,414,-15,36,0,1
0.01,SARSA + PS,999,415,12,9,0,1
0.01,SARSA + PS,999,416,9,12,0,1
0.01,SARSA + PS,999,417,9,12,0,1
0.01,SARSA + PS,999,418,-19,31,1,1
0.01,SARSA + PS,999,419,11,10,0,1
0.01,SARSA + PS,999,420,-7,19,1,1
0.01,SARSA + PS,999,421,10,11,0,1
0.01,SARSA + PS,999,422,-7,28,0,1
0.01,SARSA + PS,999,423,8,13,0,1
0.01,SARSA + PS,999,424,11,10,0,1
0.01,SARSA + PS,999,425,7,14,0,1
0.01,SARSA + PS,999,426,-34,55,0,1
0.01,SARSA + PS,999,427,7,14,0,1
0.01,SARSA + PS,999,428,12,9,0,1
0.01,SARSA + PS,999,429,-9,21,1,1
0.01,SARSA + PS,999,430,7,14,0,1
0.01,SARSA + PS,999,431,-31,52,0,1
0.01,SARSA + PS,999,432,11,10,0,1
0.01,SARSA + PS,999,433,4,17,0,1
0.01,SARSA + PS,999,434,10,11,0,1
0.01,SARSA + PS,999,435,14,7,0,1
0.01,SARSA + PS,999,436,10,11,0,1
0.01,SARSA + PS,999,437,7,14,0,1
0.01,SARSA + PS,999,438,12,9,0,1
0.01,SARSA + PS,999,439,9,12,0,1
0.01,SARSA + PS,999,440,12,9,0,1
0.01,SARSA + PS,999,441,12,9,0,1
0.01,SARSA + PS,999,442,10,11,0,1
0.01,SARSA + PS,999,443,14,7,0,1
0.01,SARSA + PS,999,444,-6,27,0,1
0.01,SARSA + PS,999,445,11,10,0,1
0.01,SARSA + PS,999,446,11,10,0,1
0.01,SARSA + PS,999,447,11,10,0,1
0.01,SARSA + PS,999,448,-2,23,0,1
0.01,SARSA + PS,999,449,9,12,0,1
0.01,SARSA + PS,999,450,9,12,0,1
0.01,SARSA + PS,999,451,10,11,0,1
0.01,SARSA + PS,999,452,13,8,0,1
0.01,SARSA + PS,999,453,-7,28,0,1
0.01,SARSA + PS,999,454,-46,67,0,1
0.01,SARSA + PS,999,455,5,16,0,1
0.01,SARSA + PS,999,456,10,11,0,1
0.01,SARSA + PS,999,457,2,19,0,1
0.01,SARSA + PS,999,458,9,12,0,1
0.01,SARSA + PS,999,459,8,13,0,1
0.01,SARSA + PS,999,460,11,10,0,1
0.01,SARSA + PS,999,461,8,13,0,1
0.01,SARSA + PS,999,462,-21,42,0,1
0.01,SARSA + PS,999,463,-58,79,0,1
0.01,SARSA + PS,999,464,7,14,0,1
0.01,SARSA + PS,999,465,10,11,0,1
0.01,SARSA + PS,999,466,-1,22,0,1
0.01,SARSA + PS,999,467,0,12,1,1
0.01,SARSA + PS,999,468,-9,30,0,1
0.01,SARSA + PS,999,469,6,15,0,1
0.01,SARSA + PS,999,470,-15,36,0,1
0.01,SARSA + PS,999,471,7,14,0,1
0.01,SARSA + PS,999,472,-103,115,1,1
0.01,SARSA + PS,999,473,-1,22,0,1
0.01,SARSA + PS,999,474,-5,26,0,1
0.01,SARSA + PS,999,475,9,12,0,1
0.01,SARSA + PS,999,476,7,14,0,1
0.01,SARSA + PS,999,477,-1,22,0,1
0.01,SARSA + PS,999,478,8,13,0,1
0.01,SARSA + PS,999,479,9,12,0,1
0.01,SARSA + PS,999,480,10,11,0,1
0.01,SARSA + PS,999,481,-27,48,0,1
0.01,SARSA + PS,999,482,14,7,0,1
0.01,SARSA + PS,999,483,-11,32,0,1
0.01,SARSA + PS,999,484,6,15,0,1
0.01,SARSA + PS,999,485,-16,28,1,1
0.01,SARSA + PS,999,486,4,17,0,1
0.01,SARSA + PS,999,487,7,14,0,1
0.01,SARSA + PS,999,488,13,8,0,1
0.01,SARSA + PS,999,489,9,12,0,1
0.01,SARSA + PS,999,490,0,12,1,1
0.01,SARSA + PS,999,491,7,14,0,1
0.01,SARSA + PS,999,492,11,10,0,1
0.01,SARSA + PS,999,493,8,13,0,1
0.01,SARSA + PS,999,494,-3,24,0,1
0.01,SARSA + PS,999,495,10,11,0,1
0.01,SARSA + PS,999,496,13,8,0,1
0.01,SARSA + PS,999,497,-4,25,0,1
0.01,SARSA + PS,999,498,-3,15,1,1
0.01,SARSA + PS,999,499,-26,47,0,1
0.01,SARSA + PS,2024,0,-713,200,57,0
0.01,SARSA + PS,2024,1,-776,200,64,0
0.01,SARSA + PS,2024,2,-695,200,55,0
0.01,SARSA + PS,2024,3,-623,200,47,0
0.01,SARSA + PS,2024,4,-713,200,57,0
0.01,SARSA + PS,2024,5,-659,200,51,0
0.01,SARSA + PS,2024,6,-282,168,15,1
0.01,SARSA + PS,2024,7,-740,200,60,0
0.01,SARSA + PS,2024,8,-740,200,60,0
0.01,SARSA + PS,2024,9,-731,200,59,0
0.01,SARSA + PS,2024,10,-704,200,56,0
0.01,SARSA + PS,2024,11,-677,200,53,0
0.01,SARSA + PS,2024,12,-776,200,64,0
0.01,SARSA + PS,2024,13,-704,200,56,0
0.01,SARSA + PS,2024,14,-308,200,12,0
0.01,SARSA + PS,2024,15,-283,133,19,1
0.01,SARSA + PS,2024,16,-632,200,48,0
0.01,SARSA + PS,2024,17,-515,200,35,0
0.01,SARSA + PS,2024,18,-551,200,39,0
0.01,SARSA + PS,2024,19,-200,200,0,0
0.01,SARSA + PS,2024,20,-209,200,1,0
0.01,SARSA + PS,2024,21,-168,90,11,1
0.01,SARSA + PS,2024,22,-623,200,47,0
0.01,SARSA + PS,2024,23,-254,200,6,0
0.01,SARSA + PS,2024,24,-26,47,0,1
0.01,SARSA + PS,2024,25,-794,200,66,0
0.01,SARSA + PS,2024,26,-542,200,38,0
0.01,SARSA + PS,2024,27,-353,200,17,0
0.01,SARSA + PS,2024,28,-38,41,2,1
0.01,SARSA + PS,2024,29,-200,200,0,0
0.01,SARSA + PS,2024,30,-587,200,43,0
0.01,SARSA + PS,2024,31,-614,200,46,0
0.01,SARSA + PS,2024,32,-145,166,0,1
0.01,SARSA + PS,2024,33,14,7,0,1
0.01,SARSA + PS,2024,34,-713,200,57,0
0.01,SARSA + PS,2024,35,-209,200,1,0
0.01,SARSA + PS,2024,36,-686,200,54,0
0.01,SARSA + PS,2024,37,-605,200,45,0
0.01,SARSA + PS,2024,38,-95,107,1,1
0.01,SARSA + PS,2024,39,-110,113,2,1
0.01,SARSA + PS,2024,40,-614,200,46,0
0.01,SARSA + PS,2024,41,-200,200,0,0
0.01,SARSA + PS,2024,42,-170,128,7,1
0.01,SARSA + PS,2024,43,-200,200,0,0
0.01,SARSA + PS,2024,44,4,17,0,1
0.01,SARSA + PS,2024,45,-209,200,1,0
0.01,SARSA + PS,2024,46,-200,200,0,0
0.01,SARSA + PS,2024,47,-164,176,1,1
0.01,SARSA + PS,2024,48,-209,200,1,0
0.01,SARSA + PS,2024,49,-272,200,8,0
0.01,SARSA + PS,2024,50,-172,184,1,1
0.01,SARSA + PS,2024,51,-62,74,1,1
0.01,SARSA + PS,2024,52,-81,102,0,1
0.01,SARSA + PS,2024,53,-4,25,0,1
0.01,SARSA + PS,2024,54,-36,57,0,1
0.01,SARSA + PS,2024,55,-18,39,0,1
0.01,SARSA + PS,2024,56,-218,200,2,0
0.01,SARSA + PS,2024,57,-163,130,6,1
0.01,SARSA + PS,2024,58,-31,52,0,1
0.01,SARSA + PS,2024,59,-209,200,1,0
0.01,SARSA + PS,2024,60,-10,31,0,1
0.01,SARSA + PS,2024,61,8,13,0,1
0.01,SARSA + PS,2024,62,-767,200,63,0
0.01,SARSA + PS,2024,63,-18,39,0,1
0.01,SARSA + PS,2024,64,-107,128,0,1
0.01,SARSA + PS,2024,65,-209,200,1,0
0.01,SARSA + PS,2024,66,-14,35,0,1
0.01,SARSA + PS,2024,67,-71,92,0,1
0.01,SARSA + PS,2024,68,-51,72,0,1
0.01,SARSA + PS,2024,69,-183,186,2,1
0.01,SARSA + PS,2024,70,14,7,0,1
0.01,SARSA + PS,2024,71,-42,63,0,1
0.01,SARSA + PS,2024,72,-200,200,0,0
0.01,SARSA + PS,2024,73,-111,132,0,1
0.01,SARSA + PS,2024,74,-200,200,0,0
0.01,SARSA + PS,2024,75,12,9,0,1
0.01,SARSA + PS,2024,76,9,12,0,1
0.01,SARSA + PS,2024,77,-54,75,0,1
0.01,SARSA + PS,2024,78,-200,200,0,0
0.01,SARSA + PS,2024,79,-227,200,3,0
0.01,SARSA + PS,2024,80,2,19,0,1
0.01,SARSA + PS,2024,81,-143,146,2,1
0.01,SARSA + PS,2024,82,-110,122,1,1
0.01,SARSA + PS,2024,83,7,14,0,1
0.01,SARSA + PS,2024,84,0,21,0,1
0.01,SARSA + PS,2024,85,-209,200,1,0
0.01,SARSA + PS,2024,86,5,16,0,1
0.01,SARSA + PS,2024,87,-76,97,0,1
0.01,SARSA + PS,2024,88,-27,48,0,1
0.01,SARSA + PS,2024,89,-44,65,0,1
0.01,SARSA + PS,2024,90,12,9,0,1
0.01,SARSA + PS,2024,91,-163,175,1,1
0.01,SARSA + PS,2024,92,-123,144,0,1
0.01,SARSA + PS,2024,93,12,9,0,1
0.01,SARSA + PS,2024,94,-10,31,0,1
0.01,SARSA + PS,2024,95,1,20,0,1
0.01,SARSA + PS,2024,96,-218,200,2,0
0.01,SARSA + PS,2024,97,-49,70,0,1
0.01,SARSA + PS,2024,98,0,21,0,1
0.01,SARSA + PS,2024,99,-200,200,0,0
0.01,SARSA + PS,2024,100,13,8,0,1
0.01,SARSA + PS,2024,101,1,20,0,1
0.01,SARSA + PS,2024,102,-90,111,0,1
0.01,SARSA + PS,2024,103,-218,200,2,0
0.01,SARSA + PS,2024,104,13,8,0,1
0.01,SARSA + PS,2024,105,12,9,0,1
0.01,SARSA + PS,2024,106,-110,131,0,1
0.01,SARSA + PS,2024,107,14,7,0,1
0.01,SARSA + PS,2024,108,-10,31,0,1
0.01,SARSA + PS,2024,109,-175,187,1,1
0.01,SARSA + PS,2024,110,-108,129,0,1
0.01,SARSA + PS,2024,111,-1,13,1,1
0.01,SARSA + PS,2024,112,-200,200,0,0
0.01,SARSA + PS,2024,113,10,11,0,1
0.01,SARSA + PS,2024,114,-186,198,1,1
0.01,SARSA + PS,2024,115,9,12,0,1
0.01,SARSA + PS,2024,116,-30,51,0,1
0.01,SARSA + PS,2024,117,4,17,0,1
0.01,SARSA + PS,2024,118,11,10,0,1
0.01,SARSA + PS,2024,119,-401,161,29,1
0.01,SARSA + PS,2024,120,-121,142,0,1
0.01,SARSA + PS,2024,121,7,14,0,1
0.01,SARSA + PS,2024,122,5,16,0,1
0.01,SARSA + PS,2024,123,11,10,0,1
0.01,SARSA + PS,2024,124,-108,120,1,1
0.01,SARSA + PS,2024,125,12,9,0,1
0.01,SARSA + PS,2024,126,-4,25,0,1
0.01,SARSA + PS,2024,127,-27,48,0,1
0.01,SARSA + PS,2024,128,11,10,0,1
0.01,SARSA + PS,2024,129,-29,50,0,1
0.01,SARSA + PS,2024,130,8,13,0,1
0.01,SARSA + PS,2024,131,-33,54,0,1
0.01,SARSA + PS,2024,132,13,8,0,1
0.01,SARSA + PS,2024,133,12,9,0,1
0.01,SARSA + PS,2024,134,10,11,0,1
0.01,SARSA + PS,2024,135,-43,64,0,1
0.01,SARSA + PS,2024,136,10,11,0,1
0.01,SARSA + PS,2024,137,-66,87,0,1
0.01,SARSA + PS,2024,138,-18,30,1,1
0.01,SARSA + PS,2024,139,8,13,0,1
0.01,SARSA + PS,2024,140,-121,133,1,1
0.01,SARSA + PS,2024,141,-35,56,0,1
0.01,SARSA + PS,2024,142,-94,115,0,1
0.01,SARSA + PS,2024,143,-13,34,0,1
0.01,SARSA + PS,2024,144,11,10,0,1
0.01,SARSA + PS,2024,145,10,11,0,1
0.01,SARSA + PS,2024,146,-15,36,0,1
0.01,SARSA + PS,2024,147,10,11,0,1
0.01,SARSA + PS,2024,148,-137,95,7,1
0.01,SARSA + PS,2024,149,-120,132,1,1
0.01,SARSA + PS,2024,150,-2,23,0,1
0.01,SARSA + PS,2024,151,-84,105,0,1
0.01,SARSA + PS,2024,152,13,8,0,1
0.01,SARSA + PS,2024,153,1,11,1,1
0.01,SARSA + PS,2024,154,13,8,0,1
0.01,SARSA + PS,2024,155,11,10,0,1
0.01,SARSA + PS,2024,156,-32,53,0,1
0.01,SARSA + PS,2024,157,-20,41,0,1
0.01,SARSA + PS,2024,158,11,10,0,1
0.01,SARSA + PS,2024,159,0,21,0,1
0.01,SARSA + PS,2024,160,-10,31,0,1
0.01,SARSA + PS,2024,161,8,13,0,1
0.01,SARSA + PS,2024,162,-41,62,0,1
0.01,SARSA + PS,2024,163,10,11,0,1
0.01,SARSA + PS,2024,164,13,8,0,1
0.01,SARSA + PS,2024,165,10,11,0,1
0.01,SARSA + PS,2024,166,9,12,0,1
0.01,SARSA + PS,2024,167,-31,43,1,1
0.01,SARSA + PS,2024,168,8,13,0,1
0.01,SARSA + PS,2024,169,0,21,0,1
0.01,SARSA + PS,2024,170,-26,47,0,1
0.01,SARSA + PS,2024,171,11,10,0,1
0.01,SARSA + PS,2024,172,-147,168,0,1
0.01,SARSA + PS,2024,173,-209,200,1,0
0.01,SARSA + PS,2024,174,-218,200,2,0
0.01,SARSA + PS,2024,175,-19,40,0,1
0.01,SARSA + PS,2024,176,-82,94,1,1
0.01,SARSA + PS,2024,177,-19,40,0,1
0.01,SARSA + PS,2024,178,-39,60,0,1
0.01,SARSA + PS,2024,179,-45,66,0,1
0.01,SARSA + PS,2024,180,-72,93,0,1
0.01,SARSA + PS,2024,181,-60,81,0,1
0.01,SARSA + PS,2024,182,11,10,0,1
0.01,SARSA + PS,2024,183,-118,130,1,1
0.01,SARSA + PS,2024,184,15,6,0,1
0.01,SARSA + PS,2024,185,8,13,0,1
0.01,SARSA + PS,2024,186,-46,67,0,1
0.01,SARSA + PS,2024,187,0,21,0,1
0.01,SARSA + PS,2024,188,-2,23,0,1
0.01,SARSA + PS,2024,189,-75,96,0,1
0.01,SARSA + PS,2024,190,-13,34,0,1
0.01,SARSA + PS,2024,191,-78,99,0,1
0.01,SARSA + PS,2024,192,-121,142,0,1
0.01,SARSA + PS,2024,193,12,9,0,1
0.01,SARSA + PS,2024,194,9,12,0,1
0.01,SARSA + PS,2024,195,-10,31,0,1
0.01,SARSA + PS,2024,196,6,15,0,1
0.01,SARSA + PS,2024,197,9,12,0,1
0.01,SARSA + PS,2024,198,-46,67,0,1
0.01,SARSA + PS,2024,199,12,9,0,1
0.01,SARSA + PS,2024,200,0,21,0,1
0.01,SARSA + PS,2024,201,10,11,0,1
0.01,SARSA + PS,2024,202,-4,25,0,1
0.01,SARSA + PS,2024,203,13,8,0,1
0.01,SARSA + PS,2024,204,-35,56,0,1
0.01,SARSA + PS,2024,205,11,10,0,1
0.01,SARSA + PS,2024,206,12,9,0,1
0.01,SARSA + PS,2024,207,-15,27,1,1
0.01,SARSA + PS,2024,208,0,21,0,1
0.01,SARSA + PS,2024,209,-57,78,0,1
0.01,SARSA + PS,2024,210,-98,119,0,1
0.01,SARSA + PS,2024,211,9,12,0,1
0.01,SARSA + PS,2024,212,10,11,0,1
0.01,SARSA + PS,2024,213,-103,115,1,1
0.01,SARSA + PS,2024,214,10,11,0,1
0.01,SARSA + PS,2024,215,10,11,0,1
0.01,SARSA + PS,2024,216,-43,55,1,1
0.01,SARSA + PS,2024,217,-51,63,1,1
0.01,SARSA + PS,2024,218,5,16,0,1
0.01,SARSA + PS,2024,219,-64,85,0,1
0.01,SARSA + PS,2024,220,-159,180,0,1
0.01,SARSA + PS,2024,221,-51,72,0,1
0.01,SARSA + PS,2024,222,-56,77,0,1
0.01,SARSA + PS,2024,223,-32,53,0,1
0.01,SARSA + PS,2024,224,-32,53,0,1
0.01,SARSA + PS,2024,225,9,12,0,1
0.01,SARSA + PS,2024,226,-63,84,0,1
0.01,SARSA + PS,2024,227,10,11,0,1
0.01,SARSA + PS,2024,228,-13,34,0,1
0.01,SARSA + PS,2024,229,10,11,0,1
0.01,SARSA + PS,2024,230,-11,32,0,1
0.01,SARSA + PS,2024,231,-8,29,0,1
0.01,SARSA + PS,2024,232,3,18,0,1
0.01,SARSA + PS,2024,233,9,12,0,1
0.01,SARSA + PS,2024,234,-19,40,0,1
0.01,SARSA + PS,2024,235,-6,27,0,1
0.01,SARSA + PS,2024,236,10,11,0,1
0.01,SARSA + PS,2024,237,8,13,0,1
0.01,SARSA + PS,2024,238,-52,73,0,1
0.01,SARSA + PS,2024,239,9,12,0,1
0.01,SARSA + PS,2024,240,11,10,0,1
0.01,SARSA + PS,2024,241,9,12,0,1
0.01,SARSA + PS,2024,242,15,6,0,1
0.01,SARSA + PS,2024,243,-54,66,1,1
0.01,SARSA + PS,2024,244,5,16,0,1
0.01,SARSA + PS,2024,245,-14,35,0,1
0.01,SARSA + PS,2024,246,-22,43,0,1
0.01,SARSA + PS,2024,247,8,13,0,1
0.01,SARSA + PS,2024,248,9,12,0,1
0.01,SARSA + PS,2024,249,1,20,0,1
0.01,SARSA + PS,2024,250,-15,36,0,1
0.01,SARSA + PS,2024,251,-2,23,0,1
0.01,SARSA + PS,2024,252,6,15,0,1
0.01,SARSA + PS,2024,253,3,18,0,1
0.01,SARSA + PS,2024,254,-117,138,0,1
0.01,SARSA + PS,2024,255,12,9,0,1
0.01,SARSA + PS,2024,256,11,10,0,1
0.01,SARSA + PS,2024,257,9,12,0,1
0.01,SARSA + PS,2024,258,9,12,0,1
0.01,SARSA + PS,2024,259,3,18,0,1
0.01,SARSA + PS,2024,260,-30,51,0,1
0.01,SARSA + PS,2024,261,9,12,0,1
0.01,SARSA + PS,2024,262,9,12,0,1
0.01,SARSA + PS,2024,263,-59,80,0,1
0.01,SARSA + PS,2024,264,0,21,0,1
0.01,SARSA + PS,2024,265,-19,40,0,1
0.01,SARSA + PS,2024,266,-12,33,0,1
0.01,SARSA + PS,2024,267,-9,30,0,1
0.01,SARSA + PS,2024,268,-96,117,0,1
0.01,SARSA + PS,2024,269,14,7,0,1
0.01,SARSA + PS,2024,270,-12,33,0,1
0.01,SARSA + PS,2024,271,11,10,0,1
0.01,SARSA + PS,2024,272,8,13,0,1
0.01,SARSA + PS,2024,273,9,12,0,1
0.01,SARSA + PS,2024,274,10,11,0,1
0.01,SARSA + PS,2024,275,5,16,0,1
0.01,SARSA + PS,2024,276,-4,16,1,1
0.01,SARSA + PS,2024,277,10,11,0,1
0.01,SARSA + PS,2024,278,11,10,0,1
0.01,SARSA + PS,2024,279,-36,57,0,1
0.01,SARSA + PS,2024,280,4,17,0,1
0.01,SARSA + PS,2024,281,-74,86,1,1
0.01,SARSA + PS,2024,282,-43,64,0,1
0.01,SARSA + PS,2024,283,-41,62,0,1
0.01,SARSA + PS,2024,284,10,11,0,1
0.01,SARSA + PS,2024,285,-4,25,0,1
0.01,SARSA + PS,2024,286,10,11,0,1
0.01,SARSA + PS,2024,287,-97,109,1,1
0.01,SARSA + PS,2024,288,-11,32,0,1
0.01,SARSA + PS,2024,289,7,14,0,1
0.01,SARSA + PS,2024,290,7,14,0,1
0.01,SARSA + PS,2024,291,8,13,0,1
0.01,SARSA + PS,2024,292,5,16,0,1
0.01,SARSA + PS,2024,293,-8,29,0,1
0.01,SARSA + PS,2024,294,9,12,0,1
0.01,SARSA + PS,2024,295,-48,69,0,1
0.01,SARSA + PS,2024,296,-72,93,0,1
0.01,SARSA + PS,2024,297,9,12,0,1
0.01,SARSA + PS,2024,298,7,14,0,1
0.01,SARSA + PS,2024,299,10,11,0,1
0.01,SARSA + PS,2024,300,-4,25,0,1
0.01,SARSA + PS,2024,301,4,17,0,1
0.01,SARSA + PS,2024,302,9,12,0,1
0.01,SARSA + PS,2024,303,10,11,0,1
0.01,SARSA + PS,2024,304,12,9,0,1
0.01,SARSA + PS,2024,305,10,11,0,1
0.01,SARSA + PS,2024,306,9,12,0,1
0.01,SARSA + PS,2024,307,4,17,0,1
0.01,SARSA + PS,2024,308,8,13,0,1
0.01,SARSA + PS,2024,309,-3,24,0,1
0.01,SARSA + PS,2024,310,-3,24,0,1
0.01,SARSA + PS,2024,311,2,19,0,1
0.01,SARSA + PS,2024,312,10,11,0,1
0.01,SARSA + PS,2024,313,4,17,0,1
0.01,SARSA + PS,2024,314,-20,41,0,1
0.01,SARSA + PS,2024,315,-24,45,0,1
0.01,SARSA + PS,2024,316,-27,48,0,1
0.01,SARSA + PS,2024,317,-30,51,0,1
0.01,SARSA + PS,2024,318,3,18,0,1
0.01,SARSA + PS,2024,319,7,14,0,1
0.01,SARSA + PS,2024,320,-56,77,0,1
0.01,SARSA + PS,2024,321,7,14,0,1
0.01,SARSA + PS,2024,322,0,21,0,1
0.01,SARSA + PS,2024,323,-45,57,1,1
0.01,SARSA + PS,2024,324,8,13,0,1
0.01,SARSA + PS,2024,325,10,11,0,1
0.01,SARSA + PS,2024,326,-4,25,0,1
0.01,SARSA + PS,2024,327,8,13,0,1
0.01,SARSA + PS,2024,328,-5,26,0,1
0.01,SARSA + PS,2024,329,12,9,0,1
0.01,SARSA + PS,2024,330,3,18,0,1
0.01,SARSA + PS,2024,331,-14,35,0,1
0.01,SARSA + PS,2024,332,7,14,0,1
0.01,SARSA + PS,2024,333,-5,26,0,1
0.01,SARSA + PS,2024,334,8,13,0,1
0.01,SARSA + PS,2024,335,8,13,0,1
0.01,SARSA + PS,2024,336,9,12,0,1
0.01,SARSA + PS,2024,337,10,11,0,1
0.01,SARSA + PS,2024,338,13,8,0,1
0.01,SARSA + PS,2024,339,-3,24,0,1
0.01,SARSA + PS,2024,340,12,9,0,1
0.01,SARSA + PS,2024,341,11,10,0,1
0.01,SARSA + PS,2024,342,-2,23,0,1
0.01,SARSA + PS,2024,343,12,9,0,1
0.01,SARSA + PS,2024,344,7,14,0,1
0.01,SARSA + PS,2024,345,5,16,0,1
0.01,SARSA + PS,2024,346,-20,41,0,1
0.01,SARSA + PS,2024,347,10,11,0,1
0.01,SARSA + PS,2024,348,-53,74,0,1
0.01,SARSA + PS,2024,349,8,13,0,1
0.01,SARSA + PS,2024,350,-17,38,0,1
0.01,SARSA + PS,2024,351,11,10,0,1
0.01,SARSA + PS,2024,352,8,13,0,1
0.01,SARSA + PS,2024,353,6,15,0,1
0.01,SARSA + PS,2024,354,0,12,1,1
0.01,SARSA + PS,2024,355,8,13,0,1
0.01,SARSA + PS,2024,356,5,16,0,1
0.01,SARSA + PS,2024,357,14,7,0,1
0.01,SARSA + PS,2024,358,-8,29,0,1
0.01,SARSA + PS,2024,359,13,8,0,1
0.01,SARSA + PS,2024,360,10,11,0,1
0.01,SARSA + PS,2024,361,-12,24,1,1
0.01,SARSA + PS,2024,362,9,12,0,1
0.01,SARSA + PS,2024,363,8,13,0,1
0.01,SARSA + PS,2024,364,5,16,0,1
0.01,SARSA + PS,2024,365,9,12,0,1
0.01,SARSA + PS,2024,366,9,12,0,1
0.01,SARSA + PS,2024,367,-5,26,0,1
0.01,SARSA + PS,2024,368,10,11,0,1
0.01,SARSA + PS,2024,369,-4,16,1,1
0.01,SARSA + PS,2024,370,-90,111,0,1
0.01,SARSA + PS,2024,371,9,12,0,1
0.01,SARSA + PS,2024,372,6,15,0,1
0.01,SARSA + PS,2024,373,13,8,0,1
0.01,SARSA + PS,2024,374,2,19,0,1
0.01,SARSA + PS,2024,375,5,16,0,1
0.01,SARSA + PS,2024,376,-5,26,0,1
0.01,SARSA + PS,2024,377,-16,37,0,1
0.01,SARSA + PS,2024,378,6,15,0,1
0.01,SARSA + PS,2024,379,-9,30,0,1
0.01,SARSA + PS,2024,380,11,10,0,1
0.01,SARSA + PS,2024,381,-30,51,0,1
0.01,SARSA + PS,2024,382,11,10,0,1
0.01,SARSA + PS,2024,383,-21,42,0,1
0.01,SARSA + PS,2024,384,10,11,0,1
0.01,SARSA + PS,2024,385,-11,32,0,1
0.01,SARSA + PS,2024,386,-12,33,0,1
0.01,SARSA + PS,2024,387,10,11,0,1
0.01,SARSA + PS,2024,388,-21,42,0,1
0.01,SARSA + PS,2024,389,9,12,0,1
0.01,SARSA + PS,2024,390,3,18,0,1
0.01,SARSA + PS,2024,391,8,13,0,1
0.01,SARSA + PS,2024,392,11,10,0,1
0.01,SARSA + PS,2024,393,9,12,0,1
0.01,SARSA + PS,2024,394,10,11,0,1
0.01,SARSA + PS,2024,395,8,13,0,1
0.01,SARSA + PS,2024,396,11,10,0,1
0.01,SARSA + PS,2024,397,-9,30,0,1
0.01,SARSA + PS,2024,398,-22,43,0,1
0.01,SARSA + PS,2024,399,-3,15,1,1
0.01,SARSA + PS,2024,400,9,12,0,1
0.01,SARSA + PS,2024,401,11,10,0,1
0.01,SARSA + PS,2024,402,10,11,0,1
0.01,SARSA + PS,2024,403,11,10,0,1
0.01,SARSA + PS,2024,404,-88,100,1,1
0.01,SARSA + PS,2024,405,13,8,0,1
0.01,SARSA + PS,2024,406,11,10,0,1
0.01,SARSA + PS,2024,407,14,7,0,1
0.01,SARSA + PS,2024,408,-49,61,1,1
0.01,SARSA + PS,2024,409,7,14,0,1
0.01,SARSA + PS,2024,410,9,12,0,1
0.01,SARSA + PS,2024,411,8,13,0,1
0.01,SARSA + PS,2024,412,9,12,0,1
0.01,SARSA + PS,2024,413,11,10,0,1
0.01,SARSA + PS,2024,414,-8,29,0,1
0.01,SARSA + PS,2024,415,-22,43,0,1
0.01,SARSA + PS,2024,416,-71,92,0,1
0.01,SARSA + PS,2024,417,3,18,0,1
0.01,SARSA + PS,2024,418,9,12,0,1
0.01,SARSA + PS,2024,419,-2,23,0,1
0.01,SARSA + PS,2024,420,12,9,0,1
0.01,SARSA + PS,2024,421,7,14,0,1
0.01,SARSA + PS,2024,422,1,20,0,1
0.01,SARSA + PS,2024,423,11,10,0,1
0.01,SARSA + PS,2024,424,8,13,0,1
0.01,SARSA + PS,2024,425,11,10,0,1
0.01,SARSA + PS,2024,426,10,11,0,1
0.01,SARSA + PS,2024,427,10,11,0,1
0.01,SARSA + PS,2024,428,8,13,0,1
0.01,SARSA + PS,2024,429,15,6,0,1
0.01,SARSA + PS,2024,430,11,10,0,1
0.01,SARSA + PS,2024,431,7,14,0,1
0.01,SARSA + PS,2024,432,10,11,0,1
0.01,SARSA + PS,2024,433,-2,23,0,1
0.01,SARSA + PS,2024,434,-21,42,0,1
0.01,SARSA + PS,2024,435,1,20,0,1
0.01,SARSA + PS,2024,436,7,14,0,1
0.01,SARSA + PS,2024,437,8,13,0,1
0.01,SARSA + PS,2024,438,2,19,0,1
0.01,SARSA + PS,2024,439,4,17,0,1
0.01,SARSA + PS,2024,440,10,11,0,1
0.01,SARSA + PS,2024,441,11,10,0,1
0.01,SARSA + PS,2024,442,-3,15,1,1
0.01,SARSA + PS,2024,443,-22,43,0,1
0.01,SARSA + PS,2024,444,1,20,0,1
0.01,SARSA + PS,2024,445,-2,23,0,1
0.01,SARSA + PS,2024,446,7,14,0,1
0.01,SARSA + PS,2024,447,-7,28,0,1
0.01,SARSA + PS,2024,448,12,9,0,1
0.01,SARSA + PS,2024,449,6,15,0,1
0.01,SARSA + PS,2024,450,7,14,0,1
0.01,SARSA + PS,2024,451,-11,32,0,1
0.01,SARSA + PS,2024,452,8,13,0,1
0.01,SARSA + PS,2024,453,0,21,0,1
0.01,SARSA + PS,2024,454,9,12,0,1
0.01,SARSA + PS,2024,455,10,11,0,1
0.01,SARSA + PS,2024,456,4,17,0,1
0.01,SARSA + PS,2024,457,10,11,0,1
0.01,SARSA + PS,2024,458,1,20,0,1
0.01,SARSA + PS,2024,459,1,20,0,1
0.01,SARSA + PS,2024,460,8,13,0,1
0.01,SARSA + PS,2024,461,5,16,0,1
0.01,SARSA + PS,2024,462,5,16,0,1
0.01,SARSA + PS,2024,463,-3,15,1,1
0.01,SARSA + PS,2024,464,0,21,0,1
0.01,SARSA + PS,2024,465,9,12,0,1
0.01,SARSA + PS,2024,466,10,11,0,1
0.01,SARSA + PS,2024,467,3,18,0,1
0.01,SARSA + PS,2024,468,11,10,0,1
0.01,SARSA + PS,2024,469,-5,26,0,1
0.01,SARSA + PS,2024,470,10,11,0,1
0.01,SARSA + PS,2024,471,7,14,0,1
0.01,SARSA + PS,2024,472,8,13,0,1
0.01,SARSA + PS,2024,473,11,10,0,1
0.01,SARSA + PS,2024,474,-3,24,0,1
0.01,SARSA + PS,2024,475,7,14,0,1
0.01,SARSA + PS,2024,476,7,14,0,1
0.01,SARSA + PS,2024,477,8,13,0,1
0.01,SARSA + PS,2024,478,11,10,0,1
0.01,SARSA + PS,2024,479,-14,35,0,1
0.01,SARSA + PS,2024,480,8,13,0,1
0.01,SARSA + PS,2024,481,10,11,0,1
0.01,SARSA + PS,2024,482,-16,37,0,1
0.01,SARSA + PS,2024,483,-22,34,1,1
0.01,SARSA + PS,2024,484,12,9,0,1
0.01,SARSA + PS,2024,485,10,11,0,1
0.01,SARSA + PS,2024,486,9,12,0,1
0.01,SARSA + PS,2024,487,11,10,0,1
0.01,SARSA + PS,2024,488,10,11,0,1
0.01,SARSA + PS,2024,489,-1,22,0,1
0.01,SARSA + PS,2024,490,12,9,0,1
0.01,SARSA + PS,2024,491,2,19,0,1
0.01,SARSA + PS,2024,492,8,13,0,1
0.01,SARSA + PS,2024,493,2,19,0,1
0.01,SARSA + PS,2024,494,8,13,0,1
0.01,SARSA + PS,2024,495,9,12,0,1
0.01,SARSA + PS,2024,496,1,20,0,1
0.01,SARSA + PS,2024,497,10,11,0,1
0.01,SARSA + PS,2024,498,8,13,0,1
0.01,SARSA + PS,2024,499,10,11,0,1
0.05,SARSA,42,0,-758,200,62,0
0.05,SARSA,42,1,-731,200,59,0
0.05,SARSA,42,2,-731,200,59,0
0.05,SARSA,42,3,-515,200,35,0
0.05,SARSA,42,4,-776,200,64,0
0.05,SARSA,42,5,-704,200,56,0
0.05,SARSA,42,6,-731,200,59,0
0.05,SARSA,42,7,-560,200,40,0
0.05,SARSA,42,8,-434,200,26,0
0.05,SARSA,42,9,-551,200,39,0
0.05,SARSA,42,10,-695,200,55,0
0.05,SARSA,42,11,-389,200,21,0
0.05,SARSA,42,12,-443,200,27,0
0.05,SARSA,42,13,-740,200,60,0
0.05,SARSA,42,14,-722,200,58,0
0.05,SARSA,42,15,-749,200,61,0
0.05,SARSA,42,16,-488,200,32,0
0.05,SARSA,42,17,-200,200,0,0
0.05,SARSA,42,18,-308,200,12,0
0.05,SARSA,42,19,-380,200,20,0
0.05,SARSA,42,20,-758,200,62,0
0.05,SARSA,42,21,-524,200,36,0
0.05,SARSA,42,22,-416,200,24,0
0.05,SARSA,42,23,-695,200,55,0
0.05,SARSA,42,24,-312,153,20,1
0.05,SARSA,42,25,-245,200,5,0
0.05,SARSA,42,26,-263,200,7,0
0.05,SARSA,42,27,-227,200,3,0
0.05,SARSA,42,28,-227,200,3,0
0.05,SARSA,42,29,-236,200,4,0
0.05,SARSA,42,30,-803,200,67,0
0.05,SARSA,42,31,-561,186,44,1
0.05,SARSA,42,32,-326,200,14,0
0.05,SARSA,42,33,-227,200,3,0
0.05,SARSA,42,34,-218,200,2,0
0.05,SARSA,42,35,-290,200,10,0
0.05,SARSA,42,36,-767,200,63,0
0.05,SARSA,42,37,-407,200,23,0
0.05,SARSA,42,38,-227,200,3,0
0.05,SARSA,42,39,-722,200,58,0
0.05,SARSA,42,40,-33,54,0,1
0.05,SARSA,42,41,-623,200,47,0
0.05,SARSA,42,42,-227,200,3,0
0.05,SARSA,42,43,-227,200,3,0
0.05,SARSA,42,44,-170,173,2,1
0.05,SARSA,42,45,-452,200,28,0
0.05,SARSA,42,46,-161,146,4,1
0.05,SARSA,42,47,-218,200,2,0
0.05,SARSA,42,48,-254,200,6,0
0.05,SARSA,42,49,-254,200,6,0
0.05,SARSA,42,50,-254,200,6,0
0.05,SARSA,42,51,-263,200,7,0
0.05,SARSA,42,52,-236,200,4,0
0.05,SARSA,42,53,-120,132,1,1
0.05,SARSA,42,54,-466,199,32,1
0.05,SARSA,42,55,-218,200,2,0
0.05,SARSA,42,56,-227,200,3,0
0.05,SARSA,42,57,-479,200,31,0
0.05,SARSA,42,58,-209,200,1,0
0.05,SARSA,42,59,-317,200,13,0
0.05,SARSA,42,60,-200,200,0,0
0.05,SARSA,42,61,-209,200,1,0
0.05,SARSA,42,62,-101,104,2,1
0.05,SARSA,42,63,-218,200,2,0
0.05,SARSA,42,64,-281,200,9,0
0.05,SARSA,42,65,-371,200,19,0
0.05,SARSA,42,66,-254,200,6,0
0.05,SARSA,42,67,-263,200,7,0
0.05,SARSA,42,68,-104,107,2,1
0.05,SARSA,42,69,-236,200,4,0
0.05,SARSA,42,70,-145,94,8,1
0.05,SARSA,42,71,-218,200,2,0
0.05,SARSA,42,72,-227,200,3,0
0.05,SARSA,42,73,-227,200,3,0
0.05,SARSA,42,74,-209,200,1,0
0.05,SARSA,42,75,-263,200,7,0
0.05,SARSA,42,76,-236,200,4,0
0.05,SARSA,42,77,-111,78,6,1
0.05,SARSA,42,78,-200,200,0,0
0.05,SARSA,42,79,-227,200,3,0
0.05,SARSA,42,80,-27,39,1,1
0.05,SARSA,42,81,-190,184,3,1
0.05,SARSA,42,82,-272,200,8,0
0.05,SARSA,42,83,-281,200,9,0
0.05,SARSA,42,84,-59,62,2,1
0.05,SARSA,42,85,-38,23,4,1
0.05,SARSA,42,86,-497,200,33,0
0.05,SARSA,42,87,-227,200,3,0
0.05,SARSA,42,88,-186,171,4,1
0.05,SARSA,42,89,-290,200,10,0
0.05,SARSA,42,90,-236,200,4,0
0.05,SARSA,42,91,-254,200,6,0
0.05,SARSA,42,92,-209,200,1,0
0.05,SARSA,42,93,-218,200,2,0
0.05,SARSA,42,94,-227,200,3,0
0.05,SARSA,42,95,-227,200,3,0
0.05,SARSA,42,96,-131,134,2,1
0.05,SARSA,42,97,-218,200,2,0
0.05,SARSA,42,98,-249,171,11,1
0.05,SARSA,42,99,-263,200,7,0
0.05,SARSA,42,100,-218,200,2,0
0.05,SARSA,42,101,-236,200,4,0
0.05,SARSA,42,102,-362,200,18,0
0.05,SARSA,42,103,-236,200,4,0
0.05,SARSA,42,104,-134,128,3,1
0.05,SARSA,42,105,-281,200,9,0
0.05,SARSA,42,106,-299,200,11,0
0.05,SARSA,42,107,-227,200,3,0
0.05,SARSA,42,108,-54,66,1,1
0.05,SARSA,42,109,-190,193,2,1
0.05,SARSA,42,110,-162,183,0,1
0.05,SARSA,42,111,-48,69,0,1
0.05,SARSA,42,112,-236,200,4,0
0.05,SARSA,42,113,-173,122,8,1
0.05,SARSA,42,114,-218,200,2,0
0.05,SARSA,42,115,-211,187,5,1
0.05,SARSA,42,116,-227,200,3,0
0.05,SARSA,42,117,-191,185,3,1
0.05,SARSA,42,118,-56,77,0,1
0.05,SARSA,42,119,-281,200,9,0
0.05,SARSA,42,120,-227,200,3,0
0.05,SARSA,42,121,-236,200,4,0
0.05,SARSA,42,122,-263,200,7,0
0.05,SARSA,42,123,-551,200,39,0
0.05,SARSA,42,124,-224,200,5,1
0.05,SARSA,42,125,-227,200,3,0
0.05,SARSA,42,126,-227,200,3,0
0.05,SARSA,42,127,-32,53,0,1
0.05,SARSA,42,128,-245,200,5,0
0.05,SARSA,42,129,-154,103,8,1
0.05,SARSA,42,130,-64,67,2,1
0.05,SARSA,42,131,-227,200,3,0
0.05,SARSA,42,132,-263,200,7,0
0.05,SARSA,42,133,-205,154,8,1
0.05,SARSA,42,134,-203,188,4,1
0.05,SARSA,42,135,-16,37,0,1
0.05,SARSA,42,136,-227,200,3,0
0.05,SARSA,42,137,-263,200,7,0
0.05,SARSA,42,138,-452,200,28,0
0.05,SARSA,42,139,-80,65,4,1
0.05,SARSA,42,140,-227,200,3,0
0.05,SARSA,42,141,-218,200,2,0
0.05,SARSA,42,142,-281,200,9,0
0.05,SARSA,42,143,-46,49,2,1
0.05,SARSA,42,144,-299,200,11,0
0.05,SARSA,42,145,-79,64,4,1
0.05,SARSA,42,146,-79,82,2,1
0.05,SARSA,42,147,-117,120,2,1
0.05,SARSA,42,148,-11,32,0,1
0.05,SARSA,42,149,-95,98,2,1
0.05,SARSA,42,150,-236,200,4,0
0.05,SARSA,42,151,-380,200,20,0
0.05,SARSA,42,152,-308,200,12,0
0.05,SARSA,42,153,-227,200,3,0
0.05,SARSA,42,154,-213,126,12,1
0.05,SARSA,42,155,-380,200,20,0
0.05,SARSA,42,156,-57,78,0,1
0.05,SARSA,42,157,-279,147,17,1
0.05,SARSA,42,158,-218,200,2,0
0.05,SARSA,42,159,-443,200,27,0
0.05,SARSA,42,160,-326,200,14,0
0.05,SARSA,42,161,-213,144,10,1
0.05,SARSA,42,162,-80,83,2,1
0.05,SARSA,42,163,-168,99,10,1
0.05,SARSA,42,164,-74,95,0,1
0.05,SARSA,42,165,-353,200,17,0
0.05,SARSA,42,166,-63,57,3,1
0.05,SARSA,42,167,-227,194,6,1
0.05,SARSA,42,168,-290,200,10,0
0.05,SARSA,42,169,-267,162,14,1
0.05,SARSA,42,170,-551,200,39,0
0.05,SARSA,42,171,-194,170,5,1
0.05,SARSA,42,172,-209,200,1,0
0.05,SARSA,42,173,-79,82,2,1
0.05,SARSA,42,174,-227,200,3,0
0.05,SARSA,42,175,-42,63,0,1
0.05,SARSA,42,176,-225,174,8,1
0.05,SARSA,42,177,-254,200,6,0
0.05,SARSA,42,178,-163,139,5,1
0.05,SARSA,42,179,-179,182,2,1
0.05,SARSA,42,180,-95,107,1,1
0.05,SARSA,42,181,-129,114,4,1
0.05,SARSA,42,182,-218,200,2,0
0.05,SARSA,42,183,-63,39,5,1
0.05,SARSA,42,184,-317,200,13,0
0.05,SARSA,42,185,-125,128,2,1
0.05,SARSA,42,186,3,18,0,1
0.05,SARSA,42,187,-191,176,4,1
0.05,SARSA,42,188,-308,200,12,0
0.05,SARSA,42,189,-389,200,21,0
0.05,SARSA,42,190,-127,112,4,1
0.05,SARSA,42,191,-188,182,3,1
0.05,SARSA,42,192,-236,185,8,1
0.05,SARSA,42,193,-214,199,4,1
0.05,SARSA,42,194,-28,49,0,1
0.05,SARSA,42,195,-236,200,4,0
0.05,SARSA,42,196,-227,200,3,0
0.05,SARSA,42,197,-263,200,7,0
0.05,SARSA,42,198,-231,99,17,1
0.05,SARSA,42,199,-28,49,0,1
0.05,SARSA,42,200,-427,160,32,1
0.05,SARSA,42,201,-286,199,12,1
0.05,SARSA,42,202,-218,200,2,0
0.05,SARSA,42,203,-504,174,39,1
0.05,SARSA,42,204,-133,127,3,1
0.05,SARSA,42,205,-452,200,28,0
0.05,SARSA,42,206,-211,196,4,1
0.05,SARSA,42,207,-308,200,12,0
0.05,SARSA,42,208,-297,192,14,1
0.05,SARSA,42,209,-245,200,5,0
0.05,SARSA,42,210,-220,169,8,1
0.05,SARSA,42,211,-362,200,18,0
0.05,SARSA,42,212,-84,87,2,1
0.05,SARSA,42,213,-215,155,9,1
0.05,SARSA,42,214,-114,90,5,1
0.05,SARSA,42,215,-101,113,1,1
0.05,SARSA,42,216,-82,67,4,1
0.05,SARSA,42,217,-311,134,22,1
0.05,SARSA,42,218,-317,200,13,0
0.05,SARSA,42,219,-250,199,8,1
0.05,SARSA,42,220,-335,200,15,0
0.05,SARSA,42,221,-353,200,17,0
0.05,SARSA,42,222,7,14,0,1
0.05,SARSA,42,223,-180,138,7,1
0.05,SARSA,42,224,-28,49,0,1
0.05,SARSA,42,225,-165,105,9,1
0.05,SARSA,42,226,-299,200,11,0
0.05,SARSA,42,227,-147,141,3,1
0.05,SARSA,42,228,-245,200,5,0
0.05,SARSA,42,229,-176,134,7,1
0.05,SARSA,42,230,-161,119,7,1
0.05,SARSA,42,231,-317,200,13,0
0.05,SARSA,42,232,-202,169,6,1
0.05,SARSA,42,233,-191,194,2,1
0.05,SARSA,42,234,-203,152,8,1
0.05,SARSA,42,235,-95,107,1,1
0.05,SARSA,42,236,-109,112,2,1
0.05,SARSA,42,237,-281,167,15,1
0.05,SARSA,42,238,-371,200,19,0
0.05,SARSA,42,239,-133,100,6,1
0.05,SARSA,42,240,-115,136,0,1
0.05,SARSA,42,241,-236,200,4,0
0.05,SARSA,42,242,-132,117,4,1
0.05,SARSA,42,243,-116,101,4,1
0.05,SARSA,42,244,-199,184,4,1
0.05,SARSA,42,245,-248,152,13,1
0.05,SARSA,42,246,-164,149,4,1
0.05,SARSA,42,247,-230,125,14,1
0.05,SARSA,42,248,-149,116,6,1
0.05,SARSA,42,249,-232,172,9,1
0.05,SARSA,42,250,-168,117,8,1
0.05,SARSA,42,251,-89,74,4,1
0.05,SARSA,42,252,-245,200,5,0
0.05,SARSA,42,253,-76,79,2,1
0.05,SARSA,42,254,-326,200,14,0
0.05,SARSA,42,255,-175,151,5,1
0.05,SARSA,42,256,-109,112,2,1
0.05,SARSA,42,257,-198,174,5,1
0.05,SARSA,42,258,-51,54,2,1
0.05,SARSA,42,259,-157,115,7,1
0.05,SARSA,42,260,-245,200,5,0
0.05,SARSA,42,261,-129,141,1,1
0.05,SARSA,42,262,-155,158,2,1
0.05,SARSA,42,263,-122,98,5,1
0.05,SARSA,42,264,-147,141,3,1
0.05,SARSA,42,265,-263,200,7,0
0.05,SARSA,42,266,-102,105,2,1
0.05,SARSA,42,267,-212,170,7,1
0.05,SARSA,42,268,-254,200,6,0
0.05,SARSA,42,269,-122,125,2,1
0.05,SARSA,42,270,-362,200,18,0
0.05,SARSA,42,271,-189,129,9,1
0.05,SARSA,42,272,-234,192,7,1
0.05,SARSA,42,273,-92,59,6,1
0.05,SARSA,42,274,5,16,0,1
0.05,SARSA,42,275,-136,121,4,1
0.05,SARSA,42,276,-41,53,1,1
0.05,SARSA,42,277,-196,181,4,1
0.05,SARSA,42,278,-235,166,10,1
0.05,SARSA,42,279,-223,190,6,1
0.05,SARSA,42,280,-125,101,5,1
0.05,SARSA,42,281,-353,200,17,0
0.05,SARSA,42,282,9,12,0,1
0.05,SARSA,42,283,-200,176,5,1
0.05,SARSA,42,284,-189,165,5,1
0.05,SARSA,42,285,-92,77,4,1
0.05,SARSA,42,286,-236,200,4,0
0.05,SARSA,42,287,-272,200,8,0
0.05,SARSA,42,288,-353,200,17,0
0.05,SARSA,42,289,-28,40,1,1
0.05,SARSA,42,290,-74,95,0,1
0.05,SARSA,42,291,-89,56,6,1
0.05,SARSA,42,292,-26,47,0,1
0.05,SARSA,42,293,-59,80,0,1
0.05,SARSA,42,294,-272,200,8,0
0.05,SARSA,42,295,-170,128,7,1
0.05,SARSA,42,296,-20,41,0,1
0.05,SARSA,42,297,-141,153,1,1
0.05,SARSA,42,298,-24,45,0,1
0.05,SARSA,42,299,-116,83,6,1
0.05,SARSA,42,300,-103,115,1,1
0.05,SARSA,42,301,-245,200,5,0
0.05,SARSA,42,302,-17,29,1,1
0.05,SARSA,42,303,-167,107,9,1
0.05,SARSA,42,304,-152,173,0,1
0.05,SARSA,42,305,-86,98,1,1
0.05,SARSA,42,306,-230,143,12,1
0.05,SARSA,42,307,-209,200,1,0
0.05,SARSA,42,308,-369,192,22,1
0.05,SARSA,42,309,-278,155,16,1
0.05,SARSA,42,310,-84,87,2,1
0.05,SARSA,42,311,-159,135,5,1
0.05,SARSA,42,312,-159,135,5,1
0.05,SARSA,42,313,-119,95,5,1
0.05,SARSA,42,314,-389,200,21,0
0.05,SARSA,42,315,-281,200,9,0
0.05,SARSA,42,316,-244,193,8,1
0.05,SARSA,42,317,-18,39,0,1
0.05,SARSA,42,318,-241,190,8,1
0.05,SARSA,42,319,-193,169,5,1
0.05,SARSA,42,320,-99,111,1,1
0.05,SARSA,42,321,-146,104,7,1
0.05,SARSA,42,322,-225,138,12,1
0.05,SARSA,42,323,-2,23,0,1
0.05,SARSA,42,324,-194,143,8,1
0.05,SARSA,42,325,-57,69,1,1
0.05,SARSA,42,326,-80,92,1,1
0.05,SARSA,42,327,-18,30,1,1
0.05,SARSA,42,328,-40,61,0,1
0.05,SARSA,42,329,-66,78,1,1
0.05,SARSA,42,330,-132,126,3,1
0.05,SARSA,42,331,-105,99,3,1
0.05,SARSA,42,332,-53,74,0,1
0.05,SARSA,42,333,-70,64,3,1
0.05,SARSA,42,334,-177,135,7,1
0.05,SARSA,42,335,-58,61,2,1
0.05,SARSA,42,336,-128,122,3,1
0.05,SARSA,42,337,-62,74,1,1
0.05,SARSA,42,338,-74,86,1,1
0.05,SARSA,42,339,-104,107,2,1
0.05,SARSA,42,340,-114,72,7,1
0.05,SARSA,42,341,-189,156,6,1
0.05,SARSA,42,342,-140,134,3,1
0.05,SARSA,42,343,-190,130,9,1
0.05,SARSA,42,344,-116,110,3,1
0.05,SARSA,42,345,-204,135,10,1
0.05,SARSA,42,346,-201,114,12,1
0.05,SARSA,42,347,-11,23,1,1
0.05,SARSA,42,348,-129,132,2,1
0.05,SARSA,42,349,15,6,0,1
0.05,SARSA,42,350,-103,97,3,1
0.05,SARSA,42,351,-238,124,15,1
0.05,SARSA,42,352,-6,18,1,1
0.05,SARSA,42,353,-230,170,9,1
0.05,SARSA,42,354,-111,114,2,1
0.05,SARSA,42,355,-50,53,2,1
0.05,SARSA,42,356,-4,25,0,1
0.05,SARSA,42,357,-173,140,6,1
0.05,SARSA,42,358,-99,66,6,1
0.05,SARSA,42,359,-298,175,16,1
0.05,SARSA,42,360,-245,200,5,0
0.05,SARSA,42,361,-11,23,1,1
0.05,SARSA,42,362,-130,106,5,1
0.05,SARSA,42,363,-126,120,3,1
0.05,SARSA,42,364,-110,86,5,1
0.05,SARSA,42,365,-155,113,7,1
0.05,SARSA,42,366,-36,57,0,1
0.05,SARSA,42,367,-55,67,1,1
0.05,SARSA,42,368,-176,80,13,1
0.05,SARSA,42,369,-92,104,1,1
0.05,SARSA,42,370,-46,31,4,1
0.05,SARSA,42,371,6,15,0,1
0.05,SARSA,42,372,-69,72,2,1
0.05,SARSA,42,373,-183,186,2,1
0.05,SARSA,42,374,-11,32,0,1
0.05,SARSA,42,375,12,9,0,1
0.05,SARSA,42,376,-106,100,3,1
0.05,SARSA,42,377,-85,106,0,1
0.05,SARSA,42,378,-111,60,8,1
0.05,SARSA,42,379,-59,80,0,1
0.05,SARSA,42,380,-77,71,3,1
0.05,SARSA,42,381,-13,34,0,1
0.05,SARSA,42,382,-137,140,2,1
0.05,SARSA,42,383,-317,200,13,0
0.05,SARSA,42,384,-145,121,5,1
0.05,SARSA,42,385,-299,200,11,0
0.05,SARSA,42,386,-142,136,3,1
0.05,SARSA,42,387,-14,35,0,1
0.05,SARSA,42,388,-290,200,10,0
0.05,SARSA,42,389,-111,114,2,1
0.05,SARSA,42,390,-92,77,4,1
0.05,SARSA,42,391,-88,37,8,1
0.05,SARSA,42,392,-148,124,5,1
0.05,SARSA,42,393,-38,50,1,1
0.05,SARSA,42,394,-35,47,1,1
0.05,SARSA,42,395,6,15,0,1
0.05,SARSA,42,396,-29,23,3,1
0.05,SARSA,42,397,-137,95,7,1
0.05,SARSA,42,398,-265,169,13,1
0.05,SARSA,42,399,14,7,0,1
0.05,SARSA,42,400,-110,77,6,1
0.05,SARSA,42,401,-67,43,5,1
0.05,SARSA,42,402,-3,24,0,1
0.05,SARSA,42,403,-11,23,1,1
0.05,SARSA,42,404,-278,173,14,1
0.05,SARSA,42,405,-195,135,9,1
0.05,SARSA,42,406,-73,58,4,1
0.05,SARSA,42,407,-163,130,6,1
0.05,SARSA,42,408,-82,49,6,1
0.05,SARSA,42,409,-127,103,5,1
0.05,SARSA,42,410,6,15,0,1
0.05,SARSA,42,411,-276,126,19,1
0.05,SARSA,42,412,-170,128,7,1
0.05,SARSA,42,413,-4,25,0,1
0.05,SARSA,42,414,-241,172,10,1
0.05,SARSA,42,415,-90,93,2,1
0.05,SARSA,42,416,-95,107,1,1
0.05,SARSA,42,417,-140,71,10,1
0.05,SARSA,42,418,-104,71,6,1
0.05,SARSA,42,419,-121,97,5,1
0.05,SARSA,42,420,-227,149,11,1
0.05,SARSA,42,421,-67,70,2,1
0.05,SARSA,42,422,-7,28,0,1
0.05,SARSA,42,423,-281,200,9,0
0.05,SARSA,42,424,-33,54,0,1
0.05,SARSA,42,425,-115,82,6,1
0.05,SARSA,42,426,-82,58,5,1
0.05,SARSA,42,427,-218,200,2,0
0.05,SARSA,42,428,-24,36,1,1
0.05,SARSA,42,429,-34,46,1,1
0.05,SARSA,42,430,-124,64,9,1
0.05,SARSA,42,431,-15,36,0,1
0.05,SARSA,42,432,0,12,1,1
0.05,SARSA,42,433,-61,55,3,1
0.05,SARSA,42,434,-83,77,3,1
0.05,SARSA,42,435,-71,92,0,1
0.05,SARSA,42,436,-83,86,2,1
0.05,SARSA,42,437,-149,125,5,1
0.05,SARSA,42,438,-10,22,1,1
0.05,SARSA,42,439,-198,183,4,1
0.05,SARSA,42,440,-257,125,17,1
0.05,SARSA,42,441,-141,117,5,1
0.05,SARSA,42,442,-70,64,3,1
0.05,SARSA,42,443,-94,79,4,1
0.05,SARSA,42,444,-61,46,4,1
0.05,SARSA,42,445,-103,79,5,1
0.05,SARSA,42,446,-59,53,3,1
0.05,SARSA,42,447,-39,60,0,1
0.05,SARSA,42,448,-31,25,3,1
0.05,SARSA,42,449,-93,69,5,1
0.05,SARSA,42,450,-122,125,2,1
0.05,SARSA,42,451,-198,174,5,1
0.05,SARSA,42,452,-102,78,5,1
0.05,SARSA,42,453,-187,145,7,1
0.05,SARSA,42,454,-150,108,7,1
0.05,SARSA,42,455,-129,123,3,1
0.05,SARSA,42,456,7,14,0,1
0.05,SARSA,42,457,-179,101,11,1
0.05,SARSA,42,458,-111,123,1,1
0.05,SARSA,42,459,11,10,0,1
0.05,SARSA,42,460,13,8,0,1
0.05,SARSA,42,461,-85,88,2,1
0.05,SARSA,42,462,-70,73,2,1
0.05,SARSA,42,463,-245,140,14,1
0.05,SARSA,42,464,-118,76,7,1
0.05,SARSA,42,465,-79,91,1,1
0.05,SARSA,42,466,8,13,0,1
0.05,SARSA,42,467,13,8,0,1
0.05,SARSA,42,468,-77,89,1,1
0.05,SARSA,42,469,-299,200,11,0
0.05,SARSA,42,470,13,8,0,1
0.05,SARSA,42,471,-41,44,2,1
0.05,SARSA,42,472,-104,80,5,1
0.05,SARSA,42,473,-40,43,2,1
0.05,SARSA,42,474,-45,66,0,1
0.05,SARSA,42,475,-86,62,5,1
0.05,SARSA,42,476,-98,92,3,1
0.05,SARSA,42,477,-124,136,1,1
0.05,SARSA,42,478,-176,134,7,1
0.05,SARSA,42,479,-46,58,1,1
0.05,SARSA,42,480,-30,51,0,1
0.05,SARSA,42,481,-113,98,4,1
0.05,SARSA,42,482,-23,44,0,1
0.05,SARSA,42,483,-5,26,0,1
0.05,SARSA,42,484,-43,55,1,1
0.05,SARSA,42,485,-81,39,7,1
0.05,SARSA,42,486,-174,132,7,1
0.05,SARSA,42,487,-98,110,1,1
0.05,SARSA,42,488,-15,18,2,1
0.05,SARSA,42,489,-85,70,4,1
0.05,SARSA,42,490,-73,76,2,1
0.05,SARSA,42,491,-115,100,4,1
0.05,SARSA,42,492,-8,29,0,1
0.05,SARSA,42,493,-73,67,3,1
0.05,SARSA,42,494,14,7,0,1
0.05,SARSA,42,495,-59,53,3,1
0.05,SARSA,42,496,6,15,0,1
0.05,SARSA,42,497,-21,42,0,1
0.05,SARSA,42,498,-24,45,0,1
0.05,SARSA,42,499,3,18,0,1
0.05,SARSA,123,0,-722,200,58,0
0.05,SARSA,123,1,-704,200,56,0
0.05,SARSA,123,2,-740,200,60,0
0.05,SARSA,123,3,-533,200,37,0
0.05,SARSA,123,4,-668,200,52,0
0.05,SARSA,123,5,-713,200,57,0
0.05,SARSA,123,6,-605,200,45,0
0.05,SARSA,123,7,-515,200,35,0
0.05,SARSA,123,8,-713,200,57,0
0.05,SARSA,123,9,-605,200,45,0
0.05,SARSA,123,10,-605,200,45,0
0.05,SARSA,123,11,-731,200,59,0
0.05,SARSA,123,12,-749,200,61,0
0.05,SARSA,123,13,-524,200,36,0
0.05,SARSA,123,14,-551,200,39,0
0.05,SARSA,123,15,-551,200,39,0
0.05,SARSA,123,16,-326,200,14,0
0.05,SARSA,123,17,-569,200,41,0
0.05,SARSA,123,18,-264,78,23,1
0.05,SARSA,123,19,-617,179,51,1
0.05,SARSA,123,20,-218,200,2,0
0.05,SARSA,123,21,-632,200,48,0
0.05,SARSA,123,22,-578,200,42,0
0.05,SARSA,123,23,-326,200,14,0
0.05,SARSA,123,24,-497,200,33,0
0.05,SARSA,123,25,-713,200,57,0
0.05,SARSA,123,26,-389,200,21,0
0.05,SARSA,123,27,-587,200,43,0
0.05,SARSA,123,28,-227,200,3,0
0.05,SARSA,123,29,-227,200,3,0
0.05,SARSA,123,30,-632,200,48,0
0.05,SARSA,123,31,-200,200,0,0
0.05,SARSA,123,32,-623,200,47,0
0.05,SARSA,123,33,-434,185,30,1
0.05,SARSA,123,34,-245,200,5,0
0.05,SARSA,123,35,-308,200,12,0
0.05,SARSA,123,36,-227,200,3,0
0.05,SARSA,123,37,-740,200,60,0
0.05,SARSA,123,38,-226,175,8,1
0.05,SARSA,123,39,-250,190,9,1
0.05,SARSA,123,40,-236,200,4,0
0.05,SARSA,123,41,-218,200,2,0
0.05,SARSA,123,42,-236,200,4,0
0.05,SARSA,123,43,-551,200,39,0
0.05,SARSA,123,44,-512,164,41,1
0.05,SARSA,123,45,-200,200,0,0
0.05,SARSA,123,46,-176,179,2,1
0.05,SARSA,123,47,-209,200,1,0
0.05,SARSA,123,48,-254,200,6,0
0.05,SARSA,123,49,-56,68,1,1
0.05,SARSA,123,50,-218,200,2,0
0.05,SARSA,123,51,-245,200,5,0
0.05,SARSA,123,52,-236,200,4,0
0.05,SARSA,123,53,-245,200,5,0
0.05,SARSA,123,54,-13,34,0,1
0.05,SARSA,123,55,-254,200,6,0
0.05,SARSA,123,56,-596,200,44,0
0.05,SARSA,123,57,-443,200,27,0
0.05,SARSA,123,58,-272,185,12,1
0.05,SARSA,123,59,-209,200,1,0
0.05,SARSA,123,60,-209,200,1,0
0.05,SARSA,123,61,-209,200,1,0
0.05,SARSA,123,62,-263,200,7,0
0.05,SARSA,123,63,-236,200,4,0
0.05,SARSA,123,64,-227,200,3,0
0.05,SARSA,123,65,-245,200,5,0
0.05,SARSA,123,66,-200,200,0,0
0.05,SARSA,123,67,-218,200,2,0
0.05,SARSA,123,68,-209,200,1,0
0.05,SARSA,123,69,-254,200,6,0
0.05,SARSA,123,70,-227,200,3,0
0.05,SARSA,123,71,-254,200,6,0
0.05,SARSA,123,72,-281,200,9,0
0.05,SARSA,123,73,-236,200,4,0
0.05,SARSA,123,74,-254,200,6,0
0.05,SARSA,123,75,-227,200,3,0
0.05,SARSA,123,76,-200,200,0,0
0.05,SARSA,123,77,-218,200,2,0
0.05,SARSA,123,78,-308,200,12,0
0.05,SARSA,123,79,-308,200,12,0
0.05,SARSA,123,80,-272,200,8,0
0.05,SARSA,123,81,-227,200,3,0
0.05,SARSA,123,82,-44,65,0,1
0.05,SARSA,123,83,-236,200,4,0
0.05,SARSA,123,84,-33,54,0,1
0.05,SARSA,123,85,-33,45,1,1
0.05,SARSA,123,86,-176,179,2,1
0.05,SARSA,123,87,-218,200,2,0
0.05,SARSA,123,88,-254,200,6,0
0.05,SARSA,123,89,-71,65,3,1
0.05,SARSA,123,90,-281,200,9,0
0.05,SARSA,123,91,-245,200,5,0
0.05,SARSA,123,92,-227,200,3,0
0.05,SARSA,123,93,-227,200,3,0
0.05,SARSA,123,94,-160,172,1,1
0.05,SARSA,123,95,-128,131,2,1
0.05,SARSA,123,96,-254,200,6,0
0.05,SARSA,123,97,-236,200,4,0
0.05,SARSA,123,98,-272,200,8,0
0.05,SARSA,123,99,-183,150,6,1
0.05,SARSA,123,100,-183,195,1,1
0.05,SARSA,123,101,-209,200,1,0
0.05,SARSA,123,102,-218,200,2,0
0.05,SARSA,123,103,-218,200,2,0
0.05,SARSA,123,104,-169,181,1,1
0.05,SARSA,123,105,-164,158,3,1
0.05,SARSA,123,106,-164,158,3,1
0.05,SARSA,123,107,-47,59,1,1
0.05,SARSA,123,108,-169,172,2,1
0.05,SARSA,123,109,-177,162,4,1
0.05,SARSA,123,110,-227,200,3,0
0.05,SARSA,123,111,-181,184,2,1
0.05,SARSA,123,112,-190,148,7,1
0.05,SARSA,123,113,-263,200,7,0
0.05,SARSA,123,114,-227,200,3,0
0.05,SARSA,123,115,-148,151,2,1
0.05,SARSA,123,116,-209,200,1,0
0.05,SARSA,123,117,-461,200,29,0
0.05,SARSA,123,118,-245,158,12,1
0.05,SARSA,123,119,-205,154,8,1
0.05,SARSA,123,120,-245,200,5,0
0.05,SARSA,123,121,-218,200,2,0
0.05,SARSA,123,122,-245,200,5,0
0.05,SARSA,123,123,-92,104,1,1
0.05,SARSA,123,124,-138,123,4,1
0.05,SARSA,123,125,-209,200,1,0
0.05,SARSA,123,126,-209,200,1,0
0.05,SARSA,123,127,-227,200,3,0
0.05,SARSA,123,128,-125,137,1,1
0.05,SARSA,123,129,-236,200,4,0
0.05,SARSA,123,130,-254,200,6,0
0.05,SARSA,123,131,-58,52,3,1
0.05,SARSA,123,132,-171,165,3,1
0.05,SARSA,123,133,-176,143,6,1
0.05,SARSA,123,134,-209,200,1,0
0.05,SARSA,123,135,-290,200,10,0
0.05,SARSA,123,136,-290,200,10,0
0.05,SARSA,123,137,-263,200,7,0
0.05,SARSA,123,138,-209,200,1,0
0.05,SARSA,123,139,-515,200,35,0
0.05,SARSA,123,140,-10,22,1,1
0.05,SARSA,123,141,-73,94,0,1
0.05,SARSA,123,142,-218,200,2,0
0.05,SARSA,123,143,-73,94,0,1
0.05,SARSA,123,144,-163,76,12,1
0.05,SARSA,123,145,-124,136,1,1
0.05,SARSA,123,146,-75,78,2,1
0.05,SARSA,123,147,-551,200,39,0
0.05,SARSA,123,148,-307,175,17,1
0.05,SARSA,123,149,-130,142,1,1
0.05,SARSA,123,150,-551,200,39,0
0.05,SARSA,123,151,-371,200,19,0
0.05,SARSA,123,152,-254,200,6,0
0.05,SARSA,123,153,-221,134,12,1
0.05,SARSA,123,154,-165,159,3,1
0.05,SARSA,123,155,-380,200,20,0
0.05,SARSA,123,156,-497,200,33,0
0.05,SARSA,123,157,-13,34,0,1
0.05,SARSA,123,158,-135,129,3,1
0.05,SARSA,123,159,-163,139,5,1
0.05,SARSA,123,160,-218,200,2,0
0.05,SARSA,123,161,-246,195,8,1
0.05,SARSA,123,162,-74,95,0,1
0.05,SARSA,123,163,-22,43,0,1
0.05,SARSA,123,164,-267,162,14,1
0.05,SARSA,123,165,-359,164,24,1
0.05,SARSA,123,166,-326,200,14,0
0.05,SARSA,123,167,-254,200,6,0
0.05,SARSA,123,168,-239,197,7,1
0.05,SARSA,123,169,-97,64,6,1
0.05,SARSA,123,170,-128,122,3,1
0.05,SARSA,123,171,-259,145,15,1
0.05,SARSA,123,172,-274,169,14,1
0.05,SARSA,123,173,-245,200,5,0
0.05,SARSA,123,174,-127,148,0,1
0.05,SARSA,123,175,-227,200,3,0
0.05,SARSA,123,176,-200,200,0,0
0.05,SARSA,123,177,-167,143,5,1
0.05,SARSA,123,178,-178,163,4,1
0.05,SARSA,123,179,-1,22,0,1
0.05,SARSA,123,180,-308,200,12,0
0.05,SARSA,123,181,-182,149,6,1
0.05,SARSA,123,182,-434,200,26,0
0.05,SARSA,123,183,-76,88,1,1
0.05,SARSA,123,184,-425,200,25,0
0.05,SARSA,123,185,-164,149,4,1
0.05,SARSA,123,186,-96,72,5,1
0.05,SARSA,123,187,-227,200,3,0
0.05,SARSA,123,188,-48,51,2,1
0.05,SARSA,123,189,-335,200,15,0
0.05,SARSA,123,190,-252,174,11,1
0.05,SARSA,123,191,-236,200,4,0
0.05,SARSA,123,192,-117,120,2,1
0.05,SARSA,123,193,-47,68,0,1
0.05,SARSA,123,194,-254,200,6,0
0.05,SARSA,123,195,-236,200,4,0
0.05,SARSA,123,196,-236,200,4,0
0.05,SARSA,123,197,-180,174,3,1
0.05,SARSA,123,198,-158,152,3,1
0.05,SARSA,123,199,-299,200,11,0
0.05,SARSA,123,200,-218,200,2,0
0.05,SARSA,123,201,-3,15,1,1
0.05,SARSA,123,202,-398,200,22,0
0.05,SARSA,123,203,-19,40,0,1
0.05,SARSA,123,204,-398,200,22,0
0.05,SARSA,123,205,-303,189,15,1
0.05,SARSA,123,206,-425,200,25,0
0.05,SARSA,123,207,-533,200,37,0
0.05,SARSA,123,208,-2,23,0,1
0.05,SARSA,123,209,-20,41,0,1
0.05,SARSA,123,210,-101,104,2,1
0.05,SARSA,123,211,-271,175,13,1
0.05,SARSA,123,212,-58,70,1,1
0.05,SARSA,123,213,-290,200,10,0
0.05,SARSA,123,214,-176,152,5,1
0.05,SARSA,123,215,-18,30,1,1
0.05,SARSA,123,216,-105,108,2,1
0.05,SARSA,123,217,-335,200,15,0
0.05,SARSA,123,218,-263,200,7,0
0.05,SARSA,123,219,-135,129,3,1
0.05,SARSA,123,220,-122,125,2,1
0.05,SARSA,123,221,-152,119,6,1
0.05,SARSA,123,222,-227,200,3,0
0.05,SARSA,123,223,-326,200,14,0
0.05,SARSA,123,224,-259,154,14,1
0.05,SARSA,123,225,-317,200,13,0
0.05,SARSA,123,226,-223,190,6,1
0.05,SARSA,123,227,-111,78,6,1
0.05,SARSA,123,228,-479,194,34,1
0.05,SARSA,123,229,-263,200,7,0
0.05,SARSA,123,230,-281,200,9,0
0.05,SARSA,123,231,-77,53,5,1
0.05,SARSA,123,232,-43,55,1,1
0.05,SARSA,123,233,-189,147,7,1
0.05,SARSA,123,234,-272,200,8,0
0.05,SARSA,123,235,-65,86,0,1
0.05,SARSA,123,236,-299,200,11,0
0.05,SARSA,123,237,-104,98,3,1
0.05,SARSA,123,238,-203,170,6,1
0.05,SARSA,123,239,-227,200,3,0
0.05,SARSA,123,240,-20,23,2,1
0.05,SARSA,123,241,-308,200,12,0
0.05,SARSA,123,242,-207,156,8,1
0.05,SARSA,123,243,-55,49,3,1
0.05,SARSA,123,244,-18,39,0,1
0.05,SARSA,123,245,-68,80,1,1
0.05,SARSA,123,246,-103,70,6,1
0.05,SARSA,123,247,-227,200,3,0
0.05,SARSA,123,248,-113,134,0,1
0.05,SARSA,123,249,-210,168,7,1
0.05,SARSA,123,250,-206,164,7,1
0.05,SARSA,123,251,-118,103,4,1
0.05,SARSA,123,252,-63,57,3,1
0.05,SARSA,123,253,-308,167,18,1
0.05,SARSA,123,254,-160,145,4,1
0.05,SARSA,123,255,-182,158,5,1
0.05,SARSA,123,256,-299,200,11,0
0.05,SARSA,123,257,-39,51,1,1
0.05,SARSA,123,258,-106,91,4,1
0.05,SARSA,123,259,-218,200,2,0
0.05,SARSA,123,260,-263,200,7,0
0.05,SARSA,123,261,-272,200,8,0
0.05,SARSA,123,262,-272,200,8,0
0.05,SARSA,123,263,-65,86,0,1
0.05,SARSA,123,264,-31,34,2,1
0.05,SARSA,123,265,-108,111,2,1
0.05,SARSA,123,266,4,17,0,1
0.05,SARSA,123,267,-245,200,5,0
0.05,SARSA,123,268,11,10,0,1
0.05,SARSA,123,269,-110,86,5,1
0.05,SARSA,123,270,-152,137,4,1
0.05,SARSA,123,271,8,13,0,1
0.05,SARSA,123,272,-196,190,3,1
0.05,SARSA,123,273,-104,98,3,1
0.05,SARSA,123,274,7,14,0,1
0.05,SARSA,123,275,-9,30,0,1
0.05,SARSA,123,276,-122,98,5,1
0.05,SARSA,123,277,-55,58,2,1
0.05,SARSA,123,278,-77,98,0,1
0.05,SARSA,123,279,-124,127,2,1
0.05,SARSA,123,280,9,12,0,1
0.05,SARSA,123,281,-103,97,3,1
0.05,SARSA,123,282,-187,100,12,1
0.05,SARSA,123,283,-101,104,2,1
0.05,SARSA,123,284,-122,98,5,1
0.05,SARSA,123,285,-86,98,1,1
0.05,SARSA,123,286,-157,115,7,1
0.05,SARSA,123,287,-281,200,9,0
0.05,SARSA,123,288,-227,200,3,0
0.05,SARSA,123,289,-164,149,4,1
0.05,SARSA,123,290,13,8,0,1
0.05,SARSA,123,291,-93,78,4,1
0.05,SARSA,123,292,-290,200,10,0
0.05,SARSA,123,293,-39,33,3,1
0.05,SARSA,123,294,-46,49,2,1
0.05,SARSA,123,295,-145,139,3,1
0.05,SARSA,123,296,-206,146,9,1
0.05,SARSA,123,297,-17,29,1,1
0.05,SARSA,123,298,-73,67,3,1
0.05,SARSA,123,299,-106,118,1,1
0.05,SARSA,123,300,-52,46,3,1
0.05,SARSA,123,301,-236,200,4,0
0.05,SARSA,123,302,-145,157,1,1
0.05,SARSA,123,303,-212,152,9,1
0.05,SARSA,123,304,-326,200,14,0
0.05,SARSA,123,305,-389,200,21,0
0.05,SARSA,123,306,-179,137,7,1
0.05,SARSA,123,307,-163,112,8,1
0.05,SARSA,123,308,-129,123,3,1
0.05,SARSA,123,309,-58,52,3,1
0.05,SARSA,123,310,-254,200,6,0
0.05,SARSA,123,311,-216,156,9,1
0.05,SARSA,123,312,-201,159,7,1
0.05,SARSA,123,313,-208,175,6,1
0.05,SARSA,123,314,8,13,0,1
0.05,SARSA,123,315,-97,100,2,1
0.05,SARSA,123,316,-11,32,0,1
0.05,SARSA,123,317,-72,75,2,1
0.05,SARSA,123,318,12,9,0,1
0.05,SARSA,123,319,-245,200,5,0
0.05,SARSA,123,320,-425,200,25,0
0.05,SARSA,123,321,-98,74,5,1
0.05,SARSA,123,322,-238,187,8,1
0.05,SARSA,123,323,-144,147,2,1
0.05,SARSA,123,324,-371,200,19,0
0.05,SARSA,123,325,-204,153,8,1
0.05,SARSA,123,326,-131,107,5,1
0.05,SARSA,123,327,-190,157,6,1
0.05,SARSA,123,328,-47,68,0,1
0.05,SARSA,123,329,0,21,0,1
0.05,SARSA,123,330,-245,200,5,0
0.05,SARSA,123,331,-94,70,5,1
0.05,SARSA,123,332,-151,118,6,1
0.05,SARSA,123,333,-97,100,2,1
0.05,SARSA,123,334,-153,84,10,1
0.05,SARSA,123,335,-169,163,3,1
0.05,SARSA,123,336,-107,119,1,1
0.05,SARSA,123,337,-68,62,3,1
0.05,SARSA,123,338,-177,99,11,1
0.05,SARSA,123,339,-82,76,3,1
0.05,SARSA,123,340,-138,150,1,1
0.05,SARSA,123,341,-50,53,2,1
0.05,SARSA,123,342,-198,165,6,1
0.05,SARSA,123,343,-44,47,2,1
0.05,SARSA,123,344,-272,158,15,1
0.05,SARSA,123,345,-14,17,2,1
0.05,SARSA,123,346,-52,64,1,1
0.05,SARSA,123,347,-39,42,2,1
0.05,SARSA,123,348,-95,107,1,1
0.05,SARSA,123,349,-19,22,2,1
0.05,SARSA,123,350,-171,147,5,1
0.05,SARSA,123,351,-36,30,3,1
0.05,SARSA,123,352,-198,147,8,1
0.05,SARSA,123,353,-178,154,5,1
0.05,SARSA,123,354,-223,154,10,1
0.05,SARSA,123,355,-98,83,4,1
0.05,SARSA,123,356,-87,63,5,1
0.05,SARSA,123,357,-103,97,3,1
0.05,SARSA,123,358,-243,192,8,1
0.05,SARSA,123,359,-23,26,2,1
0.05,SARSA,123,360,-272,200,8,0
0.05,SARSA,123,361,-134,146,1,1
0.05,SARSA,123,362,-224,182,7,1
0.05,SARSA,123,363,-140,125,4,1
0.05,SARSA,123,364,-157,115,7,1
0.05,SARSA,123,365,-21,42,0,1
0.05,SARSA,123,366,-239,152,12,1
0.05,SARSA,123,367,-68,80,1,1
0.05,SARSA,123,368,-76,97,0,1
0.05,SARSA,123,369,-86,107,0,1
0.05,SARSA,123,370,-218,200,2,0
0.05,SARSA,123,371,-134,128,3,1
0.05,SARSA,123,372,-261,138,16,1
0.05,SARSA,123,373,-116,119,2,1
0.05,SARSA,123,374,-91,94,2,1
0.05,SARSA,123,375,-9,21,1,1
0.05,SARSA,123,376,-9,21,1,1
0.05,SARSA,123,377,-181,166,4,1
0.05,SARSA,123,378,-202,151,8,1
0.05,SARSA,123,379,-9,30,0,1
0.05,SARSA,123,380,-198,183,4,1
0.05,SARSA,123,381,-281,194,12,1
0.05,SARSA,123,382,-59,62,2,1
0.05,SARSA,123,383,-86,89,2,1
0.05,SARSA,123,384,-332,191,18,1
0.05,SARSA,123,385,2,19,0,1
0.05,SARSA,123,386,11,10,0,1
0.05,SARSA,123,387,-19,40,0,1
0.05,SARSA,123,388,-362,200,18,0
0.05,SARSA,123,389,14,7,0,1
0.05,SARSA,123,390,-85,88,2,1
0.05,SARSA,123,391,-94,70,5,1
0.05,SARSA,123,392,-67,70,2,1
0.05,SARSA,123,393,-100,85,4,1
0.05,SARSA,123,394,-72,93,0,1
0.05,SARSA,123,395,-169,154,4,1
0.05,SARSA,123,396,-254,200,6,0
0.05,SARSA,123,397,-186,135,8,1
0.05,SARSA,123,398,-9,30,0,1
0.05,SARSA,123,399,-160,136,5,1
0.05,SARSA,123,400,12,9,0,1
0.05,SARSA,123,401,-98,56,7,1
0.05,SARSA,123,402,-102,51,8,1
0.05,SARSA,123,403,12,9,0,1
0.05,SARSA,123,404,-117,93,5,1
0.05,SARSA,123,405,-164,131,6,1
0.05,SARSA,123,406,-100,67,6,1
0.05,SARSA,123,407,-31,25,3,1
0.05,SARSA,123,408,-77,80,2,1
0.05,SARSA,123,409,-138,105,6,1
0.05,SARSA,123,410,-136,94,7,1
0.05,SARSA,123,411,7,14,0,1
0.05,SARSA,123,412,-99,75,5,1
0.05,SARSA,123,413,14,7,0,1
0.05,SARSA,123,414,-32,53,0,1
0.05,SARSA,123,415,-149,80,10,1
0.05,SARSA,123,416,-28,49,0,1
0.05,SARSA,123,417,-44,56,1,1
0.05,SARSA,123,418,-9,21,1,1
0.05,SARSA,123,419,-8,29,0,1
0.05,SARSA,123,420,-302,170,17,1
0.05,SARSA,123,421,-61,55,3,1
0.05,SARSA,123,422,-262,139,16,1
0.05,SARSA,123,423,-94,70,5,1
0.05,SARSA,123,424,-156,132,5,1
0.05,SARSA,123,425,-34,37,2,1
0.05,SARSA,123,426,-171,165,3,1
0.05,SARSA,123,427,-211,160,8,1
0.05,SARSA,123,428,-102,96,3,1
0.05,SARSA,123,429,-244,166,11,1
0.05,SARSA,123,430,-188,128,9,1
0.05,SARSA,123,431,9,12,0,1
0.05,SARSA,123,432,-221,152,10,1
0.05,SARSA,123,433,-111,78,6,1
0.05,SARSA,123,434,-52,64,1,1
0.05,SARSA,123,435,-118,103,4,1
0.05,SARSA,123,436,-104,53,8,1
0.05,SARSA,123,437,-30,42,1,1
0.05,SARSA,123,438,-16,37,0,1
0.05,SARSA,123,439,-111,96,4,1
0.05,SARSA,123,440,-53,56,2,1
0.05,SARSA,123,441,-2,23,0,1
0.05,SARSA,123,442,-63,66,2,1
0.05,SARSA,123,443,-72,75,2,1
0.05,SARSA,123,444,-63,66,2,1
0.05,SARSA,123,445,0,21,0,1
0.05,SARSA,123,446,-47,68,0,1
0.05,SARSA,123,447,-105,99,3,1
0.05,SARSA,123,448,-103,61,7,1
0.05,SARSA,123,449,-8,29,0,1
0.05,SARSA,123,450,-120,123,2,1
0.05,SARSA,123,451,7,14,0,1
0.05,SARSA,123,452,-80,65,4,1
0.05,SARSA,123,453,-166,142,5,1
0.05,SARSA,123,454,-83,86,2,1
0.05,SARSA,123,455,-4,25,0,1
0.05,SARSA,123,456,-25,46,0,1
0.05,SARSA,123,457,14,7,0,1
0.05,SARSA,123,458,-176,134,7,1
0.05,SARSA,123,459,-229,160,10,1
0.05,SARSA,123,460,-109,94,4,1
0.05,SARSA,123,461,-245,200,5,0
0.05,SARSA,123,462,-234,183,8,1
0.05,SARSA,123,463,13,8,0,1
0.05,SARSA,123,464,-26,38,1,1
0.05,SARSA,123,465,10,11,0,1
0.05,SARSA,123,466,-124,118,3,1
0.05,SARSA,123,467,-44,56,1,1
0.05,SARSA,123,468,2,19,0,1
0.05,SARSA,123,469,-111,105,3,1
0.05,SARSA,123,470,-78,63,4,1
0.05,SARSA,123,471,-130,115,4,1
0.05,SARSA,123,472,-159,144,4,1
0.05,SARSA,123,473,-9,30,0,1
0.05,SARSA,123,474,-48,60,1,1
0.05,SARSA,123,475,-38,41,2,1
0.05,SARSA,123,476,-181,157,5,1
0.05,SARSA,123,477,-162,147,4,1
0.05,SARSA,123,478,-3,24,0,1
0.05,SARSA,123,479,-85,79,3,1
0.05,SARSA,123,480,-87,90,2,1
0.05,SARSA,123,481,-173,131,7,1
0.05,SARSA,123,482,1,20,0,1
0.05,SARSA,123,483,-67,61,3,1
0.05,SARSA,123,484,-75,60,4,1
0.05,SARSA,123,485,-75,78,2,1
0.05,SARSA,123,486,-218,200,2,0
0.05,SARSA,123,487,-182,167,4,1
0.05,SARSA,123,488,-184,151,6,1
0.05,SARSA,123,489,-85,79,3,1
0.05,SARSA,123,490,-117,93,5,1
0.05,SARSA,123,491,-55,67,1,1
0.05,SARSA,123,492,11,10,0,1
0.05,SARSA,123,493,-8,29,0,1
0.05,SARSA,123,494,-69,72,2,1
0.05,SARSA,123,495,-168,90,11,1
0.05,SARSA,123,496,-46,58,1,1
0.05,SARSA,123,497,-145,130,4,1
0.05,SARSA,123,498,-98,56,7,1
0.05,SARSA,123,499,-299,200,11,0
0.05,SARSA,777,0,-695,200,55,0
0.05,SARSA,777,1,-740,200,60,0
0.05,SARSA,777,2,-641,200,49,0
0.05,SARSA,777,3,-704,200,56,0
0.05,SARSA,777,4,-740,200,60,0
0.05,SARSA,777,5,-650,200,50,0
0.05,SARSA,777,6,-731,200,59,0
0.05,SARSA,777,7,-623,200,47,0
0.05,SARSA,777,8,-758,200,62,0
0.05,SARSA,777,9,-650,200,50,0
0.05,SARSA,777,10,-749,200,61,0
0.05,SARSA,777,11,-749,200,61,0
0.05,SARSA,777,12,-353,200,17,0
0.05,SARSA,777,13,-731,200,59,0
0.05,SARSA,777,14,-731,200,59,0
0.05,SARSA,777,15,-416,200,24,0
0.05,SARSA,777,16,-470,200,30,0
0.05,SARSA,777,17,-722,200,58,0
0.05,SARSA,777,18,-272,200,8,0
0.05,SARSA,777,19,-578,200,42,0
0.05,SARSA,777,20,-740,200,60,0
0.05,SARSA,777,21,-109,76,6,1
0.05,SARSA,777,22,-623,200,47,0
0.05,SARSA,777,23,-371,167,25,1
0.05,SARSA,777,24,-596,200,44,0
0.05,SARSA,777,25,-443,200,27,0
0.05,SARSA,777,26,-200,200,0,0
0.05,SARSA,777,27,-260,128,17,1
0.05,SARSA,777,28,-641,200,49,0
0.05,SARSA,777,29,-506,200,34,0
0.05,SARSA,777,30,-119,50,10,1
0.05,SARSA,777,31,-596,200,44,0
0.05,SARSA,777,32,-236,200,4,0
0.05,SARSA,777,33,-290,200,10,0
0.05,SARSA,777,34,-560,200,40,0
0.05,SARSA,777,35,-254,200,6,0
0.05,SARSA,777,36,-245,200,5,0
0.05,SARSA,777,37,-227,200,3,0
0.05,SARSA,777,38,-389,200,21,0
0.05,SARSA,777,39,-245,194,8,1
0.05,SARSA,777,40,-227,200,3,0
0.05,SARSA,777,41,-659,200,51,0
0.05,SARSA,777,42,-263,200,7,0
0.05,SARSA,777,43,-362,200,18,0
0.05,SARSA,777,44,-227,200,3,0
0.05,SARSA,777,45,-209,200,1,0
0.05,SARSA,777,46,-371,200,19,0
0.05,SARSA,777,47,-281,200,9,0
0.05,SARSA,777,48,-156,96,9,1
0.05,SARSA,777,49,-218,200,2,0
0.05,SARSA,777,50,-218,200,2,0
0.05,SARSA,777,51,-223,199,5,1
0.05,SARSA,777,52,-245,200,5,0
0.05,SARSA,777,53,-218,200,2,0
0.05,SARSA,777,54,-38,59,0,1
0.05,SARSA,777,55,-290,200,10,0
0.05,SARSA,777,56,-209,200,1,0
0.05,SARSA,777,57,-272,200,8,0
0.05,SARSA,777,58,-272,200,8,0
0.05,SARSA,777,59,-218,200,2,0
0.05,SARSA,777,60,-218,200,2,0
0.05,SARSA,777,61,-209,200,1,0
0.05,SARSA,777,62,-209,200,1,0
0.05,SARSA,777,63,-263,200,7,0
0.05,SARSA,777,64,-263,200,7,0
0.05,SARSA,777,65,-209,200,1,0
0.05,SARSA,777,66,-209,200,1,0
0.05,SARSA,777,67,-227,200,3,0
0.05,SARSA,777,68,-169,172,2,1
0.05,SARSA,777,69,-138,159,0,1
0.05,SARSA,777,70,-290,200,10,0
0.05,SARSA,777,71,-211,196,4,1
0.05,SARSA,777,72,-163,139,5,1
0.05,SARSA,777,73,-236,200,4,0
0.05,SARSA,777,74,-344,200,16,0
0.05,SARSA,777,75,-236,200,4,0
0.05,SARSA,777,76,-263,200,7,0
0.05,SARSA,777,77,-263,200,7,0
0.05,SARSA,777,78,-209,200,1,0
0.05,SARSA,777,79,-152,146,3,1
0.05,SARSA,777,80,-227,200,3,0
0.05,SARSA,777,81,-254,200,6,0
0.05,SARSA,777,82,-254,200,6,0
0.05,SARSA,777,83,-254,200,6,0
0.05,SARSA,777,84,-227,200,3,0
0.05,SARSA,777,85,-236,200,4,0
0.05,SARSA,777,86,-245,200,5,0
0.05,SARSA,777,87,-236,200,4,0
0.05,SARSA,777,88,-194,161,6,1
0.05,SARSA,777,89,-61,73,1,1
0.05,SARSA,777,90,-227,200,3,0
0.05,SARSA,777,91,-188,191,2,1
0.05,SARSA,777,92,-218,200,2,0
0.05,SARSA,777,93,-272,200,8,0
0.05,SARSA,777,94,-200,185,4,1
0.05,SARSA,777,95,-209,200,1,0
0.05,SARSA,777,96,-218,200,2,0
0.05,SARSA,777,97,-245,200,5,0
0.05,SARSA,777,98,-136,148,1,1
0.05,SARSA,777,99,-236,200,4,0
0.05,SARSA,777,100,-227,200,3,0
0.05,SARSA,777,101,-117,111,3,1
0.05,SARSA,777,102,-127,121,3,1
0.05,SARSA,777,103,-53,65,1,1
0.05,SARSA,777,104,-290,200,10,0
0.05,SARSA,777,105,-218,200,2,0
0.05,SARSA,777,106,-263,200,7,0
0.05,SARSA,777,107,-218,200,2,0
0.05,SARSA,777,108,-236,200,4,0
0.05,SARSA,777,109,-254,200,6,0
0.05,SARSA,777,110,-227,200,3,0
0.05,SARSA,777,111,-299,200,11,0
0.05,SARSA,777,112,-172,175,2,1
0.05,SARSA,777,113,-209,200,1,0
0.05,SARSA,777,114,-173,122,8,1
0.05,SARSA,777,115,-70,82,1,1
0.05,SARSA,777,116,-95,107,1,1
0.05,SARSA,777,117,-236,200,4,0
0.05,SARSA,777,118,-186,171,4,1
0.05,SARSA,777,119,-218,200,2,0
0.05,SARSA,777,120,-218,200,2,0
0.05,SARSA,777,121,-128,122,3,1
0.05,SARSA,777,122,-64,76,1,1
0.05,SARSA,777,123,-73,85,1,1
0.05,SARSA,777,124,-371,200,19,0
0.05,SARSA,777,125,-229,196,6,1
0.05,SARSA,777,126,-209,200,1,0
0.05,SARSA,777,127,-236,200,4,0
0.05,SARSA,777,128,-254,200,6,0
0.05,SARSA,777,129,-236,200,4,0
0.05,SARSA,777,130,-145,139,3,1
0.05,SARSA,777,131,-284,197,12,1
0.05,SARSA,777,132,-380,200,20,0
0.05,SARSA,777,133,-61,73,1,1
0.05,SARSA,777,134,-182,113,10,1
0.05,SARSA,777,135,-375,162,26,1
0.05,SARSA,777,136,-326,200,14,0
0.05,SARSA,777,137,-506,200,34,0
0.05,SARSA,777,138,-221,188,6,1
0.05,SARSA,777,139,-263,200,7,0
0.05,SARSA,777,140,-141,135,3,1
0.05,SARSA,777,141,-380,200,20,0
0.05,SARSA,777,142,-167,152,4,1
0.05,SARSA,777,143,-569,200,41,0
0.05,SARSA,777,144,-245,200,5,0
0.05,SARSA,777,145,-326,200,14,0
0.05,SARSA,777,146,-236,200,4,0
0.05,SARSA,777,147,-63,66,2,1
0.05,SARSA,777,148,-272,200,8,0
0.05,SARSA,777,149,-281,200,9,0
0.05,SARSA,777,150,-218,200,2,0
0.05,SARSA,777,151,-111,105,3,1
0.05,SARSA,777,152,-227,200,3,0
0.05,SARSA,777,153,-245,200,5,0
0.05,SARSA,777,154,-218,200,2,0
0.05,SARSA,777,155,-227,200,3,0
0.05,SARSA,777,156,-257,152,14,1
0.05,SARSA,777,157,-109,103,3,1
0.05,SARSA,777,158,-209,200,1,0
0.05,SARSA,777,159,-515,200,35,0
0.05,SARSA,777,160,-320,197,16,1
0.05,SARSA,777,161,-218,200,2,0
0.05,SARSA,777,162,-4,25,0,1
0.05,SARSA,777,163,-53,74,0,1
0.05,SARSA,777,164,-220,196,5,1
0.05,SARSA,777,165,-371,200,19,0
0.05,SARSA,777,166,-281,200,9,0
0.05,SARSA,777,167,-98,101,2,1
0.05,SARSA,777,168,-254,200,6,0
0.05,SARSA,777,169,-281,200,9,0
0.05,SARSA,777,170,-65,23,7,1
0.05,SARSA,777,171,-263,200,7,0
0.05,SARSA,777,172,-240,108,17,1
0.05,SARSA,777,173,-263,200,7,0
0.05,SARSA,777,174,-148,106,7,1
0.05,SARSA,777,175,-275,197,11,1
0.05,SARSA,777,176,-542,200,38,0
0.05,SARSA,777,177,-103,88,4,1
0.05,SARSA,777,178,6,15,0,1
0.05,SARSA,777,179,-132,108,5,1
0.05,SARSA,777,180,-107,101,3,1
0.05,SARSA,777,181,-218,200,2,0
0.05,SARSA,777,182,-380,200,20,0
0.05,SARSA,777,183,-245,200,5,0
0.05,SARSA,777,184,-72,84,1,1
0.05,SARSA,777,185,-236,200,4,0
0.05,SARSA,777,186,-147,96,8,1
0.05,SARSA,777,187,-40,61,0,1
0.05,SARSA,777,188,-288,156,17,1
0.05,SARSA,777,189,-366,144,27,1
0.05,SARSA,777,190,-231,135,13,1
0.05,SARSA,777,191,-43,55,1,1
0.05,SARSA,777,192,-308,200,12,0
0.05,SARSA,777,193,-236,200,4,0
0.05,SARSA,777,194,-227,185,7,1
0.05,SARSA,777,195,-200,200,0,0
0.05,SARSA,777,196,-124,64,9,1
0.05,SARSA,777,197,-95,98,2,1
0.05,SARSA,777,198,-221,116,14,1
0.05,SARSA,777,199,-254,200,6,0
0.05,SARSA,777,200,-245,194,8,1
0.05,SARSA,777,201,-12,33,0,1
0.05,SARSA,777,202,-254,200,6,0
0.05,SARSA,777,203,-488,200,32,0
0.05,SARSA,777,204,-237,177,9,1
0.05,SARSA,777,205,-236,200,4,0
0.05,SARSA,777,206,-416,200,24,0
0.05,SARSA,777,207,-176,170,3,1
0.05,SARSA,777,208,-239,188,8,1
0.05,SARSA,777,209,-182,122,9,1
0.05,SARSA,777,210,-335,200,15,0
0.05,SARSA,777,211,-150,135,4,1
0.05,SARSA,777,212,-560,200,40,0
0.05,SARSA,777,213,-166,106,9,1
0.05,SARSA,777,214,-135,93,7,1
0.05,SARSA,777,215,-299,200,11,0
0.05,SARSA,777,216,-39,51,1,1
0.05,SARSA,777,217,-218,200,2,0
0.05,SARSA,777,218,-254,200,6,0
0.05,SARSA,777,219,-227,200,3,0
0.05,SARSA,777,220,-326,200,14,0
0.05,SARSA,777,221,-142,154,1,1
0.05,SARSA,777,222,-49,52,2,1
0.05,SARSA,777,223,-156,132,5,1
0.05,SARSA,777,224,-236,200,4,0
0.05,SARSA,777,225,-344,200,16,0
0.05,SARSA,777,226,-101,113,1,1
0.05,SARSA,777,227,-117,111,3,1
0.05,SARSA,777,228,-272,200,8,0
0.05,SARSA,777,229,0,21,0,1
0.05,SARSA,777,230,-228,168,9,1
0.05,SARSA,777,231,-222,198,5,1
0.05,SARSA,777,232,-227,200,3,0
0.05,SARSA,777,233,-84,96,1,1
0.05,SARSA,777,234,-142,145,2,1
0.05,SARSA,777,235,-299,200,11,0
0.05,SARSA,777,236,-166,142,5,1
0.05,SARSA,777,237,-139,124,4,1
0.05,SARSA,777,238,-57,78,0,1
0.05,SARSA,777,239,-281,200,9,0
0.05,SARSA,777,240,-209,200,1,0
0.05,SARSA,777,241,-162,120,7,1
0.05,SARSA,777,242,-443,200,27,0
0.05,SARSA,777,243,-14,35,0,1
0.05,SARSA,777,244,-14,35,0,1
0.05,SARSA,777,245,-37,58,0,1
0.05,SARSA,777,246,0,21,0,1
0.05,SARSA,777,247,-332,173,20,1
0.05,SARSA,777,248,13,8,0,1
0.05,SARSA,777,249,-29,32,2,1
0.05,SARSA,777,250,-204,180,5,1
0.05,SARSA,777,251,-290,200,10,0
0.05,SARSA,777,252,-174,150,5,1
0.05,SARSA,777,253,-202,151,8,1
0.05,SARSA,777,254,-161,146,4,1
0.05,SARSA,777,255,-263,200,7,0
0.05,SARSA,777,256,-19,40,0,1
0.05,SARSA,777,257,-103,115,1,1
0.05,SARSA,777,258,-170,128,7,1
0.05,SARSA,777,259,-156,105,8,1
0.05,SARSA,777,260,-245,200,5,0
0.05,SARSA,777,261,-55,67,1,1
0.05,SARSA,777,262,-227,200,3,0
0.05,SARSA,777,263,-299,200,11,0
0.05,SARSA,777,264,-197,164,6,1
0.05,SARSA,777,265,-119,77,7,1
0.05,SARSA,777,266,-236,200,4,0
0.05,SARSA,777,267,-236,200,4,0
0.05,SARSA,777,268,-180,156,5,1
0.05,SARSA,777,269,-229,178,8,1
0.05,SARSA,777,270,-198,165,6,1
0.05,SARSA,777,271,-229,178,8,1
0.05,SARSA,777,272,-90,57,6,1
0.05,SARSA,777,273,-115,100,4,1
0.05,SARSA,777,274,-18,39,0,1
0.05,SARSA,777,275,-224,164,9,1
0.05,SARSA,777,276,-171,138,6,1
0.05,SARSA,777,277,-53,74,0,1
0.05,SARSA,777,278,-13,25,1,1
0.05,SARSA,777,279,-212,170,7,1
0.05,SARSA,777,280,-236,200,4,0
0.05,SARSA,777,281,-47,41,3,1
0.05,SARSA,777,282,-335,200,15,0
0.05,SARSA,777,283,-245,200,5,0
0.05,SARSA,777,284,-232,181,8,1
0.05,SARSA,777,285,-89,56,6,1
0.05,SARSA,777,286,-152,146,3,1
0.05,SARSA,777,287,-47,68,0,1
0.05,SARSA,777,288,-37,40,2,1
0.05,SARSA,777,289,-353,200,17,0
0.05,SARSA,777,290,-223,172,8,1
0.05,SARSA,777,291,-181,139,7,1
0.05,SARSA,777,292,-49,43,3,1
0.05,SARSA,777,293,-6,27,0,1
0.05,SARSA,777,294,-173,140,6,1
0.05,SARSA,777,295,-147,168,0,1
0.05,SARSA,777,296,-109,85,5,1
0.05,SARSA,777,297,-24,27,2,1
0.05,SARSA,777,298,-254,200,6,0
0.05,SARSA,777,299,-204,162,7,1
0.05,SARSA,777,300,-259,163,13,1
0.05,SARSA,777,301,-57,51,3,1
0.05,SARSA,777,302,-137,140,2,1
0.05,SARSA,777,303,-27,48,0,1
0.05,SARSA,777,304,-34,37,2,1
0.05,SARSA,777,305,-239,170,10,1
0.05,SARSA,777,306,-87,108,0,1
0.05,SARSA,777,307,-124,127,2,1
0.05,SARSA,777,308,-214,163,8,1
0.05,SARSA,777,309,-73,85,1,1
0.05,SARSA,777,310,-185,125,9,1
0.05,SARSA,777,311,-37,40,2,1
0.05,SARSA,777,312,-75,87,1,1
0.05,SARSA,777,313,-184,169,4,1
0.05,SARSA,777,314,-317,200,13,0
0.05,SARSA,777,315,-155,122,6,1
0.05,SARSA,777,316,-416,200,24,0
0.05,SARSA,777,317,-113,98,4,1
0.05,SARSA,777,318,-308,185,16,1
0.05,SARSA,777,319,-171,147,5,1
0.05,SARSA,777,320,-112,79,6,1
0.05,SARSA,777,321,-54,57,2,1
0.05,SARSA,777,322,-80,83,2,1
0.05,SARSA,777,323,-70,91,0,1
0.05,SARSA,777,324,-184,169,4,1
0.05,SARSA,777,325,-236,200,4,0
0.05,SARSA,777,326,-5,26,0,1
0.05,SARSA,777,327,-78,90,1,1
0.05,SARSA,777,328,-236,158,11,1
0.05,SARSA,777,329,-218,200,2,0
0.05,SARSA,777,330,-118,130,1,1
0.05,SARSA,777,331,-272,200,8,0
0.05,SARSA,777,332,-202,169,6,1
0.05,SARSA,777,333,-229,142,12,1
0.05,SARSA,777,334,-38,50,1,1
0.05,SARSA,777,335,-150,117,6,1
0.05,SARSA,777,336,-120,123,2,1
0.05,SARSA,777,337,-132,135,2,1
0.05,SARSA,777,338,-20,41,0,1
0.05,SARSA,777,339,-91,85,3,1
0.05,SARSA,777,340,-120,96,5,1
0.05,SARSA,777,341,10,11,0,1
0.05,SARSA,777,342,-324,165,20,1
0.05,SARSA,777,343,-28,49,0,1
0.05,SARSA,777,344,4,17,0,1
0.05,SARSA,777,345,-5,17,1,1
0.05,SARSA,777,346,-167,152,4,1
0.05,SARSA,777,347,-135,111,5,1
0.05,SARSA,777,348,-128,122,3,1
0.05,SARSA,777,349,-51,45,3,1
0.05,SARSA,777,350,-34,55,0,1
0.05,SARSA,777,351,-26,47,0,1
0.05,SARSA,777,352,-133,154,0,1
0.05,SARSA,777,353,-344,200,16,0
0.05,SARSA,777,354,-19,31,1,1
0.05,SARSA,777,355,-217,184,6,1
0.05,SARSA,777,356,-10,22,1,1
0.05,SARSA,777,357,-114,108,3,1
0.05,SARSA,777,358,-49,61,1,1
0.05,SARSA,777,359,-145,121,5,1
0.05,SARSA,777,360,-146,104,7,1
0.05,SARSA,777,361,-113,116,2,1
0.05,SARSA,777,362,-172,139,6,1
0.05,SARSA,777,363,-109,121,1,1
0.05,SARSA,777,364,14,7,0,1
0.05,SARSA,777,365,-45,48,2,1
0.05,SARSA,777,366,-189,129,9,1
0.05,SARSA,777,367,-209,131,11,1
0.05,SARSA,777,368,-223,163,9,1
0.05,SARSA,777,369,-215,128,12,1
0.05,SARSA,777,370,-252,165,12,1
0.05,SARSA,777,371,12,9,0,1
0.05,SARSA,777,372,-43,46,2,1
0.05,SARSA,777,373,-128,149,0,1
0.05,SARSA,777,374,-197,173,5,1
0.05,SARSA,777,375,-68,53,4,1
0.05,SARSA,777,376,14,7,0,1
0.05,SARSA,777,377,-63,75,1,1
0.05,SARSA,777,378,-31,25,3,1
0.05,SARSA,777,379,-163,121,7,1
0.05,SARSA,777,380,-264,177,12,1
0.05,SARSA,777,381,-191,140,8,1
0.05,SARSA,777,382,-215,200,4,1
0.05,SARSA,777,383,-19,40,0,1
0.05,SARSA,777,384,-176,161,4,1
0.05,SARSA,777,385,-66,78,1,1
0.05,SARSA,777,386,-143,119,5,1
0.05,SARSA,777,387,-83,77,3,1
0.05,SARSA,777,388,-277,154,16,1
0.05,SARSA,777,389,-108,102,3,1
0.05,SARSA,777,390,-50,35,4,1
0.05,SARSA,777,391,-295,190,14,1
0.05,SARSA,777,392,-27,48,0,1
0.05,SARSA,777,393,-69,90,0,1
0.05,SARSA,777,394,-6,27,0,1
0.05,SARSA,777,395,-81,102,0,1
0.05,SARSA,777,396,14,7,0,1
0.05,SARSA,777,397,-175,124,8,1
0.05,SARSA,777,398,-42,45,2,1
0.05,SARSA,777,399,-13,34,0,1
0.05,SARSA,777,400,-261,174,12,1
0.05,SARSA,777,401,-217,139,11,1
0.05,SARSA,777,402,-19,22,2,1
0.05,SARSA,777,403,-25,37,1,1
0.05,SARSA,777,404,-105,81,5,1
0.05,SARSA,777,405,5,16,0,1
0.05,SARSA,777,406,4,17,0,1
0.05,SARSA,777,407,-25,46,0,1
0.05,SARSA,777,408,-144,138,3,1
0.05,SARSA,777,409,-114,90,5,1
0.05,SARSA,777,410,-79,73,3,1
0.05,SARSA,777,411,-117,111,3,1
0.05,SARSA,777,412,-119,86,6,1
0.05,SARSA,777,413,-209,140,10,1
0.05,SARSA,777,414,-262,157,14,1
0.05,SARSA,777,415,-198,165,6,1
0.05,SARSA,777,416,-57,69,1,1
0.05,SARSA,777,417,-2,23,0,1
0.05,SARSA,777,418,-6,18,1,1
0.05,SARSA,777,419,-26,20,3,1
0.05,SARSA,777,420,-134,101,6,1
0.05,SARSA,777,421,-392,188,25,1
0.05,SARSA,777,422,-109,112,2,1
0.05,SARSA,777,423,12,9,0,1
0.05,SARSA,777,424,-232,109,16,1
0.05,SARSA,777,425,2,10,1,1
0.05,SARSA,777,426,-14,26,1,1
0.05,SARSA,777,427,-28,31,2,1
0.05,SARSA,777,428,-87,81,3,1
0.05,SARSA,777,429,7,14,0,1
0.05,SARSA,777,430,14,7,0,1
0.05,SARSA,777,431,-148,124,5,1
0.05,SARSA,777,432,-20,32,1,1
0.05,SARSA,777,433,-200,104,13,1
0.05,SARSA,777,434,10,11,0,1
0.05,SARSA,777,435,-94,52,7,1
0.05,SARSA,777,436,-95,71,5,1
0.05,SARSA,777,437,-201,150,8,1
0.05,SARSA,777,438,-113,107,3,1
0.05,SARSA,777,439,-100,94,3,1
0.05,SARSA,777,440,-209,200,1,0
0.05,SARSA,777,441,-11,32,0,1
0.05,SARSA,777,442,-5,26,0,1
0.05,SARSA,777,443,11,10,0,1
0.05,SARSA,777,444,-65,77,1,1
0.05,SARSA,777,445,6,15,0,1
0.05,SARSA,777,446,-3,15,1,1
0.05,SARSA,777,447,-105,72,6,1
0.05,SARSA,777,448,-51,45,3,1
0.05,SARSA,777,449,-54,57,2,1
0.05,SARSA,777,450,-21,24,2,1
0.05,SARSA,777,451,-173,167,3,1
0.05,SARSA,777,452,-119,140,0,1
0.05,SARSA,777,453,3,18,0,1
0.05,SARSA,777,454,-1,13,1,1
0.05,SARSA,777,455,-57,60,2,1
0.05,SARSA,777,456,-8,20,1,1
0.05,SARSA,777,457,-40,61,0,1
0.05,SARSA,777,458,14,7,0,1
0.05,SARSA,777,459,14,7,0,1
0.05,SARSA,777,460,-279,174,14,1
0.05,SARSA,777,461,-118,112,3,1
0.05,SARSA,777,462,-133,136,2,1
0.05,SARSA,777,463,-132,108,5,1
0.05,SARSA,777,464,-18,39,0,1
0.05,SARSA,777,465,10,11,0,1
0.05,SARSA,777,466,-4,16,1,1
0.05,SARSA,777,467,-50,35,4,1
0.05,SARSA,777,468,-78,81,2,1
0.05,SARSA,777,469,4,8,1,1
0.05,SARSA,777,470,-79,91,1,1
0.05,SARSA,777,471,-227,140,12,1
0.05,SARSA,777,472,-17,29,1,1
0.05,SARSA,777,473,-135,102,6,1
0.05,SARSA,777,474,-20,41,0,1
0.05,SARSA,777,475,-96,99,2,1
0.05,SARSA,777,476,-67,70,2,1
0.05,SARSA,777,477,-49,52,2,1
0.05,SARSA,777,478,4,8,1,1
0.05,SARSA,777,479,-49,52,2,1
0.05,SARSA,777,480,-281,185,13,1
0.05,SARSA,777,481,-42,63,0,1
0.05,SARSA,777,482,15,6,0,1
0.05,SARSA,777,483,-291,159,17,1
0.05,SARSA,777,484,-350,182,21,1
0.05,SARSA,777,485,-86,98,1,1
0.05,SARSA,777,486,-7,28,0,1
0.05,SARSA,777,487,-1,13,1,1
0.05,SARSA,777,488,-62,56,3,1
0.05,SARSA,777,489,-46,67,0,1
0.05,SARSA,777,490,-161,137,5,1
0.05,SARSA,777,491,-139,106,6,1
0.05,SARSA,777,492,-34,55,0,1
0.05,SARSA,777,493,14,7,0,1
0.05,SARSA,777,494,-94,70,5,1
0.05,SARSA,777,495,-148,142,3,1
0.05,SARSA,777,496,-220,151,10,1
0.05,SARSA,777,497,-65,59,3,1
0.05,SARSA,777,498,-40,52,1,1
0.05,SARSA,777,499,12,9,0,1
0.05,SARSA,999,0,-677,200,53,0
0.05,SARSA,999,1,-731,200,59,0
0.05,SARSA,999,2,-731,200,59,0
0.05,SARSA,999,3,-740,200,60,0
0.05,SARSA,999,4,-668,200,52,0
0.05,SARSA,999,5,-722,200,58,0
0.05,SARSA,999,6,-326,200,14,0
0.05,SARSA,999,7,-722,200,58,0
0.05,SARSA,999,8,-650,200,50,0
0.05,SARSA,999,9,-731,200,59,0
0.05,SARSA,999,10,-740,200,60,0
0.05,SARSA,999,11,-605,200,45,0
0.05,SARSA,999,12,-785,200,65,0
0.05,SARSA,999,13,-731,200,59,0
0.05,SARSA,999,14,-713,200,57,0
0.05,SARSA,999,15,-596,200,44,0
0.05,SARSA,999,16,-731,200,59,0
0.05,SARSA,999,17,-632,200,48,0
0.05,SARSA,999,18,-596,200,44,0
0.05,SARSA,999,19,-278,101,22,1
0.05,SARSA,999,20,-227,200,3,0
0.05,SARSA,999,21,-230,80,19,1
0.05,SARSA,999,22,-488,200,32,0
0.05,SARSA,999,23,-470,200,30,0
0.05,SARSA,999,24,-533,200,37,0
0.05,SARSA,999,25,-227,200,3,0
0.05,SARSA,999,26,-605,200,45,0
0.05,SARSA,999,27,-659,200,51,0
0.05,SARSA,999,28,-218,200,2,0
0.05,SARSA,999,29,-245,200,5,0
0.05,SARSA,999,30,-227,200,3,0
0.05,SARSA,999,31,-434,200,26,0
0.05,SARSA,999,32,-551,200,39,0
0.05,SARSA,999,33,-245,200,5,0
0.05,SARSA,999,34,-659,200,51,0
0.05,SARSA,999,35,-413,164,30,1
0.05,SARSA,999,36,-281,200,9,0
0.05,SARSA,999,37,-236,200,4,0
0.05,SARSA,999,38,-416,200,24,0
0.05,SARSA,999,39,-236,200,4,0
0.05,SARSA,999,40,-227,200,3,0
0.05,SARSA,999,41,-605,200,45,0
0.05,SARSA,999,42,-236,200,4,0
0.05,SARSA,999,43,-272,200,8,0
0.05,SARSA,999,44,-200,200,0,0
0.05,SARSA,999,45,-236,200,4,0
0.05,SARSA,999,46,-190,184,3,1
0.05,SARSA,999,47,-254,200,6,0
0.05,SARSA,999,48,-245,200,5,0
0.05,SARSA,999,49,-209,200,1,0
0.05,SARSA,999,50,-236,200,4,0
0.05,SARSA,999,51,-37,40,2,1
0.05,SARSA,999,52,-263,200,7,0
0.05,SARSA,999,53,-218,200,2,0
0.05,SARSA,999,54,-506,200,34,0
0.05,SARSA,999,55,-335,200,15,0
0.05,SARSA,999,56,-236,200,4,0
0.05,SARSA,999,57,-254,200,6,0
0.05,SARSA,999,58,-227,200,3,0
0.05,SARSA,999,59,-380,200,20,0
0.05,SARSA,999,60,-236,200,4,0
0.05,SARSA,999,61,-236,200,4,0
0.05,SARSA,999,62,-218,200,2,0
0.05,SARSA,999,63,-245,200,5,0
0.05,SARSA,999,64,-272,200,8,0
0.05,SARSA,999,65,-263,200,7,0
0.05,SARSA,999,66,-97,91,3,1
0.05,SARSA,999,67,-227,200,3,0
0.05,SARSA,999,68,-209,200,1,0
0.05,SARSA,999,69,-218,200,2,0
0.05,SARSA,999,70,-196,163,6,1
0.05,SARSA,999,71,-236,200,4,0
0.05,SARSA,999,72,-181,157,5,1
0.05,SARSA,999,73,-254,200,6,0
0.05,SARSA,999,74,-236,200,4,0
0.05,SARSA,999,75,-236,200,4,0
0.05,SARSA,999,76,-236,200,4,0
0.05,SARSA,999,77,-254,200,6,0
0.05,SARSA,999,78,-236,200,4,0
0.05,SARSA,999,79,-236,200,4,0
0.05,SARSA,999,80,-254,200,6,0
0.05,SARSA,999,81,-209,200,1,0
0.05,SARSA,999,82,-105,126,0,1
0.05,SARSA,999,83,-245,200,5,0
0.05,SARSA,999,84,-200,200,0,0
0.05,SARSA,999,85,-281,200,9,0
0.05,SARSA,999,86,-299,200,11,0
0.05,SARSA,999,87,-156,150,3,1
0.05,SARSA,999,88,-272,200,8,0
0.05,SARSA,999,89,-254,200,6,0
0.05,SARSA,999,90,-209,200,1,0
0.05,SARSA,999,91,-236,200,4,0
0.05,SARSA,999,92,-407,200,23,0
0.05,SARSA,999,93,-196,190,3,1
0.05,SARSA,999,94,-272,200,8,0
0.05,SARSA,999,95,-184,178,3,1
0.05,SARSA,999,96,-218,200,2,0
0.05,SARSA,999,97,-265,196,10,1
0.05,SARSA,999,98,-227,200,3,0
0.05,SARSA,999,99,-353,200,17,0
0.05,SARSA,999,100,-143,137,3,1
0.05,SARSA,999,101,-218,200,2,0
0.05,SARSA,999,102,-236,200,4,0
0.05,SARSA,999,103,-236,200,4,0
0.05,SARSA,999,104,-272,200,8,0
0.05,SARSA,999,105,-218,200,2,0
0.05,SARSA,999,106,-254,200,6,0
0.05,SARSA,999,107,-272,200,8,0
0.05,SARSA,999,108,-236,200,4,0
0.05,SARSA,999,109,-245,200,5,0
0.05,SARSA,999,110,-254,200,6,0
0.05,SARSA,999,111,-227,200,3,0
0.05,SARSA,999,112,-154,175,0,1
0.05,SARSA,999,113,-227,200,3,0
0.05,SARSA,999,114,-308,200,12,0
0.05,SARSA,999,115,-479,200,31,0
0.05,SARSA,999,116,-227,200,3,0
0.05,SARSA,999,117,-263,200,7,0
0.05,SARSA,999,118,-125,119,3,1
0.05,SARSA,999,119,-179,182,2,1
0.05,SARSA,999,120,-218,200,2,0
0.05,SARSA,999,121,-185,197,1,1
0.05,SARSA,999,122,-50,71,0,1
0.05,SARSA,999,123,-32,53,0,1
0.05,SARSA,999,124,-272,200,8,0
0.05,SARSA,999,125,-103,88,4,1
0.05,SARSA,999,126,-353,200,17,0
0.05,SARSA,999,127,-198,183,4,1
0.05,SARSA,999,128,-127,130,2,1
0.05,SARSA,999,129,-218,200,2,0
0.05,SARSA,999,130,-317,200,13,0
0.05,SARSA,999,131,-227,200,3,0
0.05,SARSA,999,132,-15,27,1,1
0.05,SARSA,999,133,-218,200,2,0
0.05,SARSA,999,134,-163,175,1,1
0.05,SARSA,999,135,-287,200,12,1
0.05,SARSA,999,136,-166,160,3,1
0.05,SARSA,999,137,-470,200,30,0
0.05,SARSA,999,138,-211,187,5,1
0.05,SARSA,999,139,-281,200,9,0
0.05,SARSA,999,140,-302,170,17,1
0.05,SARSA,999,141,-64,85,0,1
0.05,SARSA,999,142,-72,93,0,1
0.05,SARSA,999,143,-112,106,3,1
0.05,SARSA,999,144,-245,200,5,0
0.05,SARSA,999,145,-227,200,3,0
0.05,SARSA,999,146,-344,200,16,0
0.05,SARSA,999,147,-245,200,5,0
0.05,SARSA,999,148,-236,200,4,0
0.05,SARSA,999,149,-43,64,0,1
0.05,SARSA,999,150,-245,200,5,0
0.05,SARSA,999,151,-371,200,19,0
0.05,SARSA,999,152,-41,53,1,1
0.05,SARSA,999,153,-209,200,1,0
0.05,SARSA,999,154,-95,116,0,1
0.05,SARSA,999,155,-168,153,4,1
0.05,SARSA,999,156,-130,124,3,1
0.05,SARSA,999,157,-218,200,2,0
0.05,SARSA,999,158,-299,200,11,0
0.05,SARSA,999,159,-218,200,2,0
0.05,SARSA,999,160,-578,200,42,0
0.05,SARSA,999,161,-198,174,5,1
0.05,SARSA,999,162,-218,200,2,0
0.05,SARSA,999,163,-257,152,14,1
0.05,SARSA,999,164,-416,200,24,0
0.05,SARSA,999,165,-115,127,1,1
0.05,SARSA,999,166,-227,200,3,0
0.05,SARSA,999,167,-488,200,32,0
0.05,SARSA,999,168,-245,200,5,0
0.05,SARSA,999,169,-263,200,7,0
0.05,SARSA,999,170,-33,18,4,1
0.05,SARSA,999,171,-425,200,25,0
0.05,SARSA,999,172,-227,200,3,0
0.05,SARSA,999,173,-227,200,3,0
0.05,SARSA,999,174,-3,24,0,1
0.05,SARSA,999,175,-359,182,22,1
0.05,SARSA,999,176,-52,73,0,1
0.05,SARSA,999,177,-183,177,3,1
0.05,SARSA,999,178,-380,200,20,0
0.05,SARSA,999,179,-218,200,2,0
0.05,SARSA,999,180,-177,99,11,1
0.05,SARSA,999,181,-488,200,32,0
0.05,SARSA,999,182,-389,200,21,0
0.05,SARSA,999,183,-106,91,4,1
0.05,SARSA,999,184,-101,59,7,1
0.05,SARSA,999,185,-227,194,6,1
0.05,SARSA,999,186,-254,200,6,0
0.05,SARSA,999,187,-236,200,4,0
0.05,SARSA,999,188,-263,140,16,1
0.05,SARSA,999,189,-63,66,2,1
0.05,SARSA,999,190,-75,87,1,1
0.05,SARSA,999,191,-176,152,5,1
0.05,SARSA,999,192,-317,200,13,0
0.05,SARSA,999,193,-217,166,8,1
0.05,SARSA,999,194,-263,200,7,0
0.05,SARSA,999,195,-8,20,1,1
0.05,SARSA,999,196,-22,34,1,1
0.05,SARSA,999,197,-416,200,24,0
0.05,SARSA,999,198,-290,200,10,0
0.05,SARSA,999,199,-142,109,6,1
0.05,SARSA,999,200,-362,200,18,0
0.05,SARSA,999,201,-20,23,2,1
0.05,SARSA,999,202,-62,29,6,1
0.05,SARSA,999,203,-54,30,5,1
0.05,SARSA,999,204,-54,57,2,1
0.05,SARSA,999,205,-159,162,2,1
0.05,SARSA,999,206,-95,116,0,1
0.05,SARSA,999,207,-135,102,6,1
0.05,SARSA,999,208,-62,83,0,1
0.05,SARSA,999,209,-398,200,22,0
0.05,SARSA,999,210,-251,173,11,1
0.05,SARSA,999,211,-222,198,5,1
0.05,SARSA,999,212,-216,183,6,1
0.05,SARSA,999,213,-188,164,5,1
0.05,SARSA,999,214,-80,83,2,1
0.05,SARSA,999,215,-181,112,10,1
0.05,SARSA,999,216,-227,200,3,0
0.05,SARSA,999,217,-296,164,17,1
0.05,SARSA,999,218,-334,148,23,1
0.05,SARSA,999,219,-75,78,2,1
0.05,SARSA,999,220,-58,70,1,1
0.05,SARSA,999,221,-87,90,2,1
0.05,SARSA,999,222,-218,200,2,0
0.05,SARSA,999,223,-281,200,9,0
0.05,SARSA,999,224,-148,115,6,1
0.05,SARSA,999,225,-218,200,2,0
0.05,SARSA,999,226,-407,200,23,0
0.05,SARSA,999,227,-60,54,3,1
0.05,SARSA,999,228,-25,46,0,1
0.05,SARSA,999,229,-110,104,3,1
0.05,SARSA,999,230,-263,200,7,0
0.05,SARSA,999,231,-232,199,6,1
0.05,SARSA,999,232,-25,46,0,1
0.05,SARSA,999,233,-311,188,16,1
0.05,SARSA,999,234,-82,103,0,1
0.05,SARSA,999,235,-58,79,0,1
0.05,SARSA,999,236,12,9,0,1
0.05,SARSA,999,237,6,15,0,1
0.05,SARSA,999,238,-102,114,1,1
0.05,SARSA,999,239,-28,40,1,1
0.05,SARSA,999,240,-344,200,16,0
0.05,SARSA,999,241,-248,197,8,1
0.05,SARSA,999,242,-139,124,4,1
0.05,SARSA,999,243,10,11,0,1
0.05,SARSA,999,244,-181,175,3,1
0.05,SARSA,999,245,-231,180,8,1
0.05,SARSA,999,246,-164,122,7,1
0.05,SARSA,999,247,-86,89,2,1
0.05,SARSA,999,248,-83,95,1,1
0.05,SARSA,999,249,-263,200,7,0
0.05,SARSA,999,250,-139,106,6,1
0.05,SARSA,999,251,-380,200,20,0
0.05,SARSA,999,252,-131,98,6,1
0.05,SARSA,999,253,-291,195,13,1
0.05,SARSA,999,254,-111,69,7,1
0.05,SARSA,999,255,-389,200,21,0
0.05,SARSA,999,256,-91,103,1,1
0.05,SARSA,999,257,-20,32,1,1
0.05,SARSA,999,258,-152,164,1,1
0.05,SARSA,999,259,-317,200,13,0
0.05,SARSA,999,260,13,8,0,1
0.05,SARSA,999,261,-227,200,3,0
0.05,SARSA,999,262,-227,200,3,0
0.05,SARSA,999,263,-181,157,5,1
0.05,SARSA,999,264,-199,193,3,1
0.05,SARSA,999,265,-106,91,4,1
0.05,SARSA,999,266,1,20,0,1
0.05,SARSA,999,267,-50,35,4,1
0.05,SARSA,999,268,-192,123,10,1
0.05,SARSA,999,269,-43,55,1,1
0.05,SARSA,999,270,-46,40,3,1
0.05,SARSA,999,271,-9,30,0,1
0.05,SARSA,999,272,-227,200,3,0
0.05,SARSA,999,273,-308,200,12,0
0.05,SARSA,999,274,-264,195,10,1
0.05,SARSA,999,275,-184,124,9,1
0.05,SARSA,999,276,-109,103,3,1
0.05,SARSA,999,277,10,11,0,1
0.05,SARSA,999,278,13,8,0,1
0.05,SARSA,999,279,-335,200,15,0
0.05,SARSA,999,280,-149,125,5,1
0.05,SARSA,999,281,6,15,0,1
0.05,SARSA,999,282,-272,200,8,0
0.05,SARSA,999,283,-40,43,2,1
0.05,SARSA,999,284,-80,92,1,1
0.05,SARSA,999,285,-152,128,5,1
0.05,SARSA,999,286,-245,194,8,1
0.05,SARSA,999,287,-173,167,3,1
0.05,SARSA,999,288,-117,129,1,1
0.05,SARSA,999,289,-47,50,2,1
0.05,SARSA,999,290,-362,200,18,0
0.05,SARSA,999,291,-362,200,18,0
0.05,SARSA,999,292,-112,88,5,1
0.05,SARSA,999,293,-117,111,3,1
0.05,SARSA,999,294,-122,80,7,1
0.05,SARSA,999,295,12,9,0,1
0.05,SARSA,999,296,-174,186,1,1
0.05,SARSA,999,297,-171,111,9,1
0.05,SARSA,999,298,-124,118,3,1
0.05,SARSA,999,299,-72,84,1,1
0.05,SARSA,999,300,-335,200,15,0
0.05,SARSA,999,301,-163,139,5,1
0.05,SARSA,999,302,-169,163,3,1
0.05,SARSA,999,303,4,17,0,1
0.05,SARSA,999,304,-129,105,5,1
0.05,SARSA,999,305,-25,46,0,1
0.05,SARSA,999,306,-165,105,9,1
0.05,SARSA,999,307,-108,120,1,1
0.05,SARSA,999,308,-28,40,1,1
0.05,SARSA,999,309,-146,149,2,1
0.05,SARSA,999,310,-308,200,12,0
0.05,SARSA,999,311,-236,200,4,0
0.05,SARSA,999,312,-202,106,13,1
0.05,SARSA,999,313,-180,129,8,1
0.05,SARSA,999,314,-42,45,2,1
0.05,SARSA,999,315,-55,67,1,1
0.05,SARSA,999,316,-227,200,3,0
0.05,SARSA,999,317,-172,157,4,1
0.05,SARSA,999,318,-218,200,2,0
0.05,SARSA,999,319,-64,76,1,1
0.05,SARSA,999,320,-380,200,20,0
0.05,SARSA,999,321,-24,45,0,1
0.05,SARSA,999,322,-105,99,3,1
0.05,SARSA,999,323,-212,161,8,1
0.05,SARSA,999,324,-105,99,3,1
0.05,SARSA,999,325,-11,32,0,1
0.05,SARSA,999,326,1,20,0,1
0.05,SARSA,999,327,-50,53,2,1
0.05,SARSA,999,328,-178,163,4,1
0.05,SARSA,999,329,-15,36,0,1
0.05,SARSA,999,330,-280,193,12,1
0.05,SARSA,999,331,-44,56,1,1
0.05,SARSA,999,332,-24,45,0,1
0.05,SARSA,999,333,-227,200,3,0
0.05,SARSA,999,334,-45,39,3,1
0.05,SARSA,999,335,-286,145,18,1
0.05,SARSA,999,336,-4,25,0,1
0.05,SARSA,999,337,-118,94,5,1
0.05,SARSA,999,338,-68,53,4,1
0.05,SARSA,999,339,-97,91,3,1
0.05,SARSA,999,340,-254,200,6,0
0.05,SARSA,999,341,-11,23,1,1
0.05,SARSA,999,342,-123,81,7,1
0.05,SARSA,999,343,-11,32,0,1
0.05,SARSA,999,344,-236,200,4,0
0.05,SARSA,999,345,-186,153,6,1
0.05,SARSA,999,346,-272,200,8,0
0.05,SARSA,999,347,-128,131,2,1
0.05,SARSA,999,348,-77,53,5,1
0.05,SARSA,999,349,-68,62,3,1
0.05,SARSA,999,350,-42,54,1,1
0.05,SARSA,999,351,-245,200,5,0
0.05,SARSA,999,352,-174,150,5,1
0.05,SARSA,999,353,-145,130,4,1
0.05,SARSA,999,354,-90,102,1,1
0.05,SARSA,999,355,-24,27,2,1
0.05,SARSA,999,356,-240,162,11,1
0.05,SARSA,999,357,-152,110,7,1
0.05,SARSA,999,358,-109,103,3,1
0.05,SARSA,999,359,-140,98,7,1
0.05,SARSA,999,360,-121,115,3,1
0.05,SARSA,999,361,-33,45,1,1
0.05,SARSA,999,362,-113,98,4,1
0.05,SARSA,999,363,-154,148,3,1
0.05,SARSA,999,364,-112,115,2,1
0.05,SARSA,999,365,-101,95,3,1
0.05,SARSA,999,366,14,7,0,1
0.05,SARSA,999,367,-290,200,10,0
0.05,SARSA,999,368,10,11,0,1
0.05,SARSA,999,369,-308,200,12,0
0.05,SARSA,999,370,-111,87,5,1
0.05,SARSA,999,371,-4,16,1,1
0.05,SARSA,999,372,-117,102,4,1
0.05,SARSA,999,373,-299,200,11,0
0.05,SARSA,999,374,-9,12,2,1
0.05,SARSA,999,375,-245,200,5,0
0.05,SARSA,999,376,-2,23,0,1
0.05,SARSA,999,377,5,16,0,1
0.05,SARSA,999,378,-7,19,1,1
0.05,SARSA,999,379,-46,49,2,1
0.05,SARSA,999,380,-116,74,7,1
0.05,SARSA,999,381,-107,56,8,1
0.05,SARSA,999,382,-360,192,21,1
0.05,SARSA,999,383,-98,65,6,1
0.05,SARSA,999,384,-19,40,0,1
0.05,SARSA,999,385,-4,25,0,1
0.05,SARSA,999,386,-269,182,12,1
0.05,SARSA,999,387,-149,107,7,1
0.05,SARSA,999,388,-83,77,3,1
0.05,SARSA,999,389,-299,194,14,1
0.05,SARSA,999,390,-73,67,3,1
0.05,SARSA,999,391,-180,138,7,1
0.05,SARSA,999,392,-326,200,14,0
0.05,SARSA,999,393,-43,55,1,1
0.05,SARSA,999,394,-126,120,3,1
0.05,SARSA,999,395,-72,66,3,1
0.05,SARSA,999,396,-326,200,14,0
0.05,SARSA,999,397,-15,27,1,1
0.05,SARSA,999,398,-209,167,7,1
0.05,SARSA,999,399,-60,45,4,1
0.05,SARSA,999,400,-31,52,0,1
0.05,SARSA,999,401,-2,23,0,1
0.05,SARSA,999,402,-15,36,0,1
0.05,SARSA,999,403,-118,121,2,1
0.05,SARSA,999,404,-179,164,4,1
0.05,SARSA,999,405,-50,44,3,1
0.05,SARSA,999,406,-143,137,3,1
0.05,SARSA,999,407,11,10,0,1
0.05,SARSA,999,408,-13,34,0,1
0.05,SARSA,999,409,-57,69,1,1
0.05,SARSA,999,410,-162,138,5,1
0.05,SARSA,999,411,-281,200,9,0
0.05,SARSA,999,412,-259,163,13,1
0.05,SARSA,999,413,-238,187,8,1
0.05,SARSA,999,414,-243,183,9,1
0.05,SARSA,999,415,-128,122,3,1
0.05,SARSA,999,416,-55,67,1,1
0.05,SARSA,999,417,-49,52,2,1
0.05,SARSA,999,418,-162,138,5,1
0.05,SARSA,999,419,6,15,0,1
0.05,SARSA,999,420,-89,92,2,1
0.05,SARSA,999,421,-3,24,0,1
0.05,SARSA,999,422,-81,75,3,1
0.05,SARSA,999,423,-84,69,4,1
0.05,SARSA,999,424,-330,162,21,1
0.05,SARSA,999,425,-188,137,8,1
0.05,SARSA,999,426,-230,143,12,1
0.05,SARSA,999,427,-28,31,2,1
0.05,SARSA,999,428,-24,27,2,1
0.05,SARSA,999,429,-127,130,2,1
0.05,SARSA,999,430,-50,71,0,1
0.05,SARSA,999,431,-257,170,12,1
0.05,SARSA,999,432,-6,18,1,1
0.05,SARSA,999,433,-31,52,0,1
0.05,SARSA,999,434,-1,22,0,1
0.05,SARSA,999,435,13,8,0,1
0.05,SARSA,999,436,-88,100,1,1
0.05,SARSA,999,437,-112,97,4,1
0.05,SARSA,999,438,10,11,0,1
0.05,SARSA,999,439,-30,42,1,1
0.05,SARSA,999,440,4,17,0,1
0.05,SARSA,999,441,-16,37,0,1
0.05,SARSA,999,442,-118,94,5,1
0.05,SARSA,999,443,14,7,0,1
0.05,SARSA,999,444,-246,123,16,1
0.05,SARSA,999,445,7,14,0,1
0.05,SARSA,999,446,-4,25,0,1
0.05,SARSA,999,447,-21,33,1,1
0.05,SARSA,999,448,-71,92,0,1
0.05,SARSA,999,449,-3,24,0,1
0.05,SARSA,999,450,-29,41,1,1
0.05,SARSA,999,451,-171,66,14,1
0.05,SARSA,999,452,13,8,0,1
0.05,SARSA,999,453,-70,73,2,1
0.05,SARSA,999,454,-132,135,2,1
0.05,SARSA,999,455,-17,38,0,1
0.05,SARSA,999,456,-12,33,0,1
0.05,SARSA,999,457,-254,200,6,0
0.05,SARSA,999,458,-86,80,3,1
0.05,SARSA,999,459,-124,82,7,1
0.05,SARSA,999,460,-66,69,2,1
0.05,SARSA,999,461,-93,96,2,1
0.05,SARSA,999,462,-98,92,3,1
0.05,SARSA,999,463,-216,192,5,1
0.05,SARSA,999,464,-277,145,17,1
0.05,SARSA,999,465,-42,36,3,1
0.05,SARSA,999,466,-234,174,9,1
0.05,SARSA,999,467,-101,95,3,1
0.05,SARSA,999,468,-272,200,8,0
0.05,SARSA,999,469,-192,159,6,1
0.05,SARSA,999,470,-85,97,1,1
0.05,SARSA,999,471,-94,106,1,1
0.05,SARSA,999,472,-254,200,6,0
0.05,SARSA,999,473,-67,70,2,1
0.05,SARSA,999,474,-127,94,6,1
0.05,SARSA,999,475,-13,25,1,1
0.05,SARSA,999,476,-299,200,11,0
0.05,SARSA,999,477,-183,141,7,1
0.05,SARSA,999,478,-2,23,0,1
0.05,SARSA,999,479,-85,52,6,1
0.05,SARSA,999,480,-10,22,1,1
0.05,SARSA,999,481,-179,137,7,1
0.05,SARSA,999,482,14,7,0,1
0.05,SARSA,999,483,-203,98,14,1
0.05,SARSA,999,484,-22,43,0,1
0.05,SARSA,999,485,-113,125,1,1
0.05,SARSA,999,486,-193,124,10,1
0.05,SARSA,999,487,-110,104,3,1
0.05,SARSA,999,488,3,9,1,1
0.05,SARSA,999,489,-123,90,6,1
0.05,SARSA,999,490,-102,87,4,1
0.05,SARSA,999,491,-41,53,1,1
0.05,SARSA,999,492,-10,31,0,1
0.05,SARSA,999,493,-47,68,0,1
0.05,SARSA,999,494,-170,137,6,1
0.05,SARSA,999,495,-25,28,2,1
0.05,SARSA,999,496,13,8,0,1
0.05,SARSA,999,497,-211,169,7,1
0.05,SARSA,999,498,-31,52,0,1
0.05,SARSA,999,499,-79,82,2,1
0.05,SARSA,2024,0,-650,200,50,0
0.05,SARSA,2024,1,-659,200,51,0
0.05,SARSA,2024,2,-704,200,56,0
0.05,SARSA,2024,3,-596,200,44,0
0.05,SARSA,2024,4,-713,200,57,0
0.05,SARSA,2024,5,-605,200,45,0
0.05,SARSA,2024,6,-218,200,2,0
0.05,SARSA,2024,7,-695,200,55,0
0.05,SARSA,2024,8,-695,200,55,0
0.05,SARSA,2024,9,-758,200,62,0
0.05,SARSA,2024,10,-749,200,61,0
0.05,SARSA,2024,11,-623,200,47,0
0.05,SARSA,2024,12,-614,200,46,0
0.05,SARSA,2024,13,-722,200,58,0
0.05,SARSA,2024,14,-163,130,6,1
0.05,SARSA,2024,15,-263,200,7,0
0.05,SARSA,2024,16,-758,200,62,0
0.05,SARSA,2024,17,-245,200,5,0
0.05,SARSA,2024,18,-326,200,14,0
0.05,SARSA,2024,19,-290,200,10,0
0.05,SARSA,2024,20,-326,200,14,0
0.05,SARSA,2024,21,-353,200,17,0
0.05,SARSA,2024,22,-695,200,55,0
0.05,SARSA,2024,23,-362,200,18,0
0.05,SARSA,2024,24,-401,179,27,1
0.05,SARSA,2024,25,-713,200,57,0
0.05,SARSA,2024,26,-677,200,53,0
0.05,SARSA,2024,27,-263,200,7,0
0.05,SARSA,2024,28,-236,200,4,0
0.05,SARSA,2024,29,-276,189,12,1
0.05,SARSA,2024,30,-605,200,45,0
0.05,SARSA,2024,31,-587,200,43,0
0.05,SARSA,2024,32,-218,200,2,0
0.05,SARSA,2024,33,-224,128,13,1
0.05,SARSA,2024,34,-605,200,45,0
0.05,SARSA,2024,35,-245,200,5,0
0.05,SARSA,2024,36,-623,200,47,0
0.05,SARSA,2024,37,-596,200,44,0
0.05,SARSA,2024,38,-236,200,4,0
0.05,SARSA,2024,39,-299,200,11,0
0.05,SARSA,2024,40,-524,200,36,0
0.05,SARSA,2024,41,-605,200,45,0
0.05,SARSA,2024,42,-218,200,2,0
0.05,SARSA,2024,43,-218,200,2,0
0.05,SARSA,2024,44,-254,200,6,0
0.05,SARSA,2024,45,-218,200,2,0
0.05,SARSA,2024,46,-109,103,3,1
0.05,SARSA,2024,47,-443,200,27,0
0.05,SARSA,2024,48,-317,200,13,0
0.05,SARSA,2024,49,-218,200,2,0
0.05,SARSA,2024,50,-254,200,6,0
0.05,SARSA,2024,51,-254,200,6,0
0.05,SARSA,2024,52,-227,200,3,0
0.05,SARSA,2024,53,-223,199,5,1
0.05,SARSA,2024,54,-245,200,5,0
0.05,SARSA,2024,55,-46,58,1,1
0.05,SARSA,2024,56,-236,200,4,0
0.05,SARSA,2024,57,-218,200,2,0
0.05,SARSA,2024,58,-254,200,6,0
0.05,SARSA,2024,59,-236,200,4,0
0.05,SARSA,2024,60,-209,200,1,0
0.05,SARSA,2024,61,-254,200,6,0
0.05,SARSA,2024,62,-668,200,52,0
0.05,SARSA,2024,63,-272,200,8,0
0.05,SARSA,2024,64,-218,200,2,0
0.05,SARSA,2024,65,-272,200,8,0
0.05,SARSA,2024,66,-180,192,1,1
0.05,SARSA,2024,67,-254,200,6,0
0.05,SARSA,2024,68,-236,200,4,0
0.05,SARSA,2024,69,-95,98,2,1
0.05,SARSA,2024,70,10,11,0,1
0.05,SARSA,2024,71,-227,200,3,0
0.05,SARSA,2024,72,-236,200,4,0
0.05,SARSA,2024,73,-236,200,4,0
0.05,SARSA,2024,74,-227,200,3,0
0.05,SARSA,2024,75,-154,148,3,1
0.05,SARSA,2024,76,-37,58,0,1
0.05,SARSA,2024,77,-227,200,3,0
0.05,SARSA,2024,78,-254,200,6,0
0.05,SARSA,2024,79,-227,200,3,0
0.05,SARSA,2024,80,-281,200,9,0
0.05,SARSA,2024,81,-60,54,3,1
0.05,SARSA,2024,82,-245,200,5,0
0.05,SARSA,2024,83,-104,98,3,1
0.05,SARSA,2024,84,-287,128,20,1
0.05,SARSA,2024,85,-142,118,5,1
0.05,SARSA,2024,86,-147,132,4,1
0.05,SARSA,2024,87,-263,200,7,0
0.05,SARSA,2024,88,-281,200,9,0
0.05,SARSA,2024,89,-254,200,6,0
0.05,SARSA,2024,90,-128,104,5,1
0.05,SARSA,2024,91,-227,200,3,0
0.05,SARSA,2024,92,-227,200,3,0
0.05,SARSA,2024,93,-139,61,11,1
0.05,SARSA,2024,94,-281,200,9,0
0.05,SARSA,2024,95,-209,200,1,0
0.05,SARSA,2024,96,-185,170,4,1
0.05,SARSA,2024,97,-236,200,4,0
0.05,SARSA,2024,98,-252,174,11,1
0.05,SARSA,2024,99,-189,174,4,1
0.05,SARSA,2024,100,-7,28,0,1
0.05,SARSA,2024,101,-171,75,13,1
0.05,SARSA,2024,102,-218,200,2,0
0.05,SARSA,2024,103,-245,200,5,0
0.05,SARSA,2024,104,-109,130,0,1
0.05,SARSA,2024,105,-254,200,6,0
0.05,SARSA,2024,106,-227,200,3,0
0.05,SARSA,2024,107,-161,155,3,1
0.05,SARSA,2024,108,-100,103,2,1
0.05,SARSA,2024,109,-254,200,6,0
0.05,SARSA,2024,110,-245,200,5,0
0.05,SARSA,2024,111,-41,44,2,1
0.05,SARSA,2024,112,-281,200,9,0
0.05,SARSA,2024,113,-173,140,6,1
0.05,SARSA,2024,114,-236,200,4,0
0.05,SARSA,2024,115,-461,200,29,0
0.05,SARSA,2024,116,-236,200,4,0
0.05,SARSA,2024,117,-245,200,5,0
0.05,SARSA,2024,118,-281,200,9,0
0.05,SARSA,2024,119,-308,200,12,0
0.05,SARSA,2024,120,-299,200,11,0
0.05,SARSA,2024,121,-236,200,4,0
0.05,SARSA,2024,122,-141,162,0,1
0.05,SARSA,2024,123,-50,62,1,1
0.05,SARSA,2024,124,-227,200,3,0
0.05,SARSA,2024,125,-48,51,2,1
0.05,SARSA,2024,126,-466,199,32,1
0.05,SARSA,2024,127,-22,34,1,1
0.05,SARSA,2024,128,-131,143,1,1
0.05,SARSA,2024,129,-204,198,3,1
0.05,SARSA,2024,130,-184,169,4,1
0.05,SARSA,2024,131,-254,200,6,0
0.05,SARSA,2024,132,-72,66,3,1
0.05,SARSA,2024,133,-222,153,10,1
0.05,SARSA,2024,134,-236,200,4,0
0.05,SARSA,2024,135,-245,200,5,0
0.05,SARSA,2024,136,-218,200,2,0
0.05,SARSA,2024,137,-63,75,1,1
0.05,SARSA,2024,138,-58,70,1,1
0.05,SARSA,2024,139,-164,131,6,1
0.05,SARSA,2024,140,-209,200,1,0
0.05,SARSA,2024,141,-344,200,16,0
0.05,SARSA,2024,142,-146,140,3,1
0.05,SARSA,2024,143,-227,200,3,0
0.05,SARSA,2024,144,-5,26,0,1
0.05,SARSA,2024,145,-272,200,8,0
0.05,SARSA,2024,146,-416,200,24,0
0.05,SARSA,2024,147,-45,66,0,1
0.05,SARSA,2024,148,-299,200,11,0
0.05,SARSA,2024,149,-245,200,5,0
0.05,SARSA,2024,150,-123,135,1,1
0.05,SARSA,2024,151,-416,200,24,0
0.05,SARSA,2024,152,-254,200,6,0
0.05,SARSA,2024,153,-166,115,8,1
0.05,SARSA,2024,154,-218,200,2,0
0.05,SARSA,2024,155,-326,200,14,0
0.05,SARSA,2024,156,-129,132,2,1
0.05,SARSA,2024,157,-209,200,1,0
0.05,SARSA,2024,158,-227,200,3,0
0.05,SARSA,2024,159,-263,200,7,0
0.05,SARSA,2024,160,-83,95,1,1
0.05,SARSA,2024,161,-20,41,0,1
0.05,SARSA,2024,162,-239,170,10,1
0.05,SARSA,2024,163,-407,200,23,0
0.05,SARSA,2024,164,3,18,0,1
0.05,SARSA,2024,165,-81,102,0,1
0.05,SARSA,2024,166,-118,121,2,1
0.05,SARSA,2024,167,-227,200,3,0
0.05,SARSA,2024,168,-111,114,2,1
0.05,SARSA,2024,169,-251,164,12,1
0.05,SARSA,2024,170,-506,200,34,0
0.05,SARSA,2024,171,11,10,0,1
0.05,SARSA,2024,172,-245,200,5,0
0.05,SARSA,2024,173,-165,177,1,1
0.05,SARSA,2024,174,-479,200,31,0
0.05,SARSA,2024,175,-227,200,3,0
0.05,SARSA,2024,176,-254,200,6,0
0.05,SARSA,2024,177,-317,200,13,0
0.05,SARSA,2024,178,-243,183,9,1
0.05,SARSA,2024,179,-524,200,36,0
0.05,SARSA,2024,180,-236,200,4,0
0.05,SARSA,2024,181,-227,200,3,0
0.05,SARSA,2024,182,-101,77,5,1
0.05,SARSA,2024,183,-299,200,11,0
0.05,SARSA,2024,184,-6,27,0,1
0.05,SARSA,2024,185,-461,200,29,0
0.05,SARSA,2024,186,-69,90,0,1
0.05,SARSA,2024,187,-148,124,5,1
0.05,SARSA,2024,188,-227,200,3,0
0.05,SARSA,2024,189,-310,187,16,1
0.05,SARSA,2024,190,-150,144,3,1
0.05,SARSA,2024,191,-138,150,1,1
0.05,SARSA,2024,192,-245,200,5,0
0.05,SARSA,2024,193,-240,162,11,1
0.05,SARSA,2024,194,-299,200,11,0
0.05,SARSA,2024,195,-190,139,8,1
0.05,SARSA,2024,196,-13,34,0,1
0.05,SARSA,2024,197,-533,200,37,0
0.05,SARSA,2024,198,-254,200,6,0
0.05,SARSA,2024,199,-398,200,22,0
0.05,SARSA,2024,200,-236,200,4,0
0.05,SARSA,2024,201,-117,111,3,1
0.05,SARSA,2024,202,-39,51,1,1
0.05,SARSA,2024,203,-27,39,1,1
0.05,SARSA,2024,204,-245,200,5,0
0.05,SARSA,2024,205,-81,66,4,1
0.05,SARSA,2024,206,-80,74,3,1
0.05,SARSA,2024,207,-380,200,20,0
0.05,SARSA,2024,208,-24,45,0,1
0.05,SARSA,2024,209,-158,134,5,1
0.05,SARSA,2024,210,-150,153,2,1
0.05,SARSA,2024,211,-143,119,5,1
0.05,SARSA,2024,212,-90,84,3,1
0.05,SARSA,2024,213,-353,200,17,0
0.05,SARSA,2024,214,-129,87,7,1
0.05,SARSA,2024,215,-452,200,28,0
0.05,SARSA,2024,216,-425,200,25,0
0.05,SARSA,2024,217,-317,200,13,0
0.05,SARSA,2024,218,-248,197,8,1
0.05,SARSA,2024,219,-120,78,7,1
0.05,SARSA,2024,220,-190,148,7,1
0.05,SARSA,2024,221,-263,200,7,0
0.05,SARSA,2024,222,-227,200,3,0
0.05,SARSA,2024,223,-218,200,2,0
0.05,SARSA,2024,224,-326,200,14,0
0.05,SARSA,2024,225,-31,52,0,1
0.05,SARSA,2024,226,-299,200,11,0
0.05,SARSA,2024,227,-122,71,8,1
0.05,SARSA,2024,228,-100,76,5,1
0.05,SARSA,2024,229,-195,171,5,1
0.05,SARSA,2024,230,-306,174,17,1
0.05,SARSA,2024,231,-221,143,11,1
0.05,SARSA,2024,232,-135,84,8,1
0.05,SARSA,2024,233,-89,74,4,1
0.05,SARSA,2024,234,-123,108,4,1
0.05,SARSA,2024,235,-97,100,2,1
0.05,SARSA,2024,236,-8,20,1,1
0.05,SARSA,2024,237,-127,112,4,1
0.05,SARSA,2024,238,-65,68,2,1
0.05,SARSA,2024,239,-263,200,7,0
0.05,SARSA,2024,240,-27,48,0,1
0.05,SARSA,2024,241,-272,200,8,0
0.05,SARSA,2024,242,-9,21,1,1
0.05,SARSA,2024,243,-317,200,13,0
0.05,SARSA,2024,244,-241,181,9,1
0.05,SARSA,2024,245,-103,88,4,1
0.05,SARSA,2024,246,-209,200,1,0
0.05,SARSA,2024,247,-146,122,5,1
0.05,SARSA,2024,248,-206,173,6,1
0.05,SARSA,2024,249,-73,67,3,1
0.05,SARSA,2024,250,-236,200,4,0
0.05,SARSA,2024,251,-185,188,2,1
0.05,SARSA,2024,252,-249,162,12,1
0.05,SARSA,2024,253,-134,101,6,1
0.05,SARSA,2024,254,-272,200,8,0
0.05,SARSA,2024,255,-81,102,0,1
0.05,SARSA,2024,256,-206,173,6,1
0.05,SARSA,2024,257,-160,109,8,1
0.05,SARSA,2024,258,-388,175,26,1
0.05,SARSA,2024,259,-165,168,2,1
0.05,SARSA,2024,260,-152,128,5,1
0.05,SARSA,2024,261,-317,200,13,0
0.05,SARSA,2024,262,-97,109,1,1
0.05,SARSA,2024,263,-99,102,2,1
0.05,SARSA,2024,264,-227,200,3,0
0.05,SARSA,2024,265,-227,200,3,0
0.05,SARSA,2024,266,-371,200,19,0
0.05,SARSA,2024,267,-17,38,0,1
0.05,SARSA,2024,268,-263,200,7,0
0.05,SARSA,2024,269,12,9,0,1
0.05,SARSA,2024,270,-90,111,0,1
0.05,SARSA,2024,271,-37,58,0,1
0.05,SARSA,2024,272,-53,47,3,1
0.05,SARSA,2024,273,-254,200,6,0
0.05,SARSA,2024,274,-133,91,7,1
0.05,SARSA,2024,275,-235,157,11,1
0.05,SARSA,2024,276,-32,53,0,1
0.05,SARSA,2024,277,-45,48,2,1
0.05,SARSA,2024,278,-126,147,0,1
0.05,SARSA,2024,279,-199,148,8,1
0.05,SARSA,2024,280,-53,74,0,1
0.05,SARSA,2024,281,-101,113,1,1
0.05,SARSA,2024,282,-130,115,4,1
0.05,SARSA,2024,283,-218,200,2,0
0.05,SARSA,2024,284,-30,33,2,1
0.05,SARSA,2024,285,-380,200,20,0
0.05,SARSA,2024,286,-140,161,0,1
0.05,SARSA,2024,287,-299,200,11,0
0.05,SARSA,2024,288,-183,177,3,1
0.05,SARSA,2024,289,-103,88,4,1
0.05,SARSA,2024,290,-213,99,15,1
0.05,SARSA,2024,291,-180,183,2,1
0.05,SARSA,2024,292,-345,168,22,1
0.05,SARSA,2024,293,-91,112,0,1
0.05,SARSA,2024,294,-289,193,13,1
0.05,SARSA,2024,295,-292,196,13,1
0.05,SARSA,2024,296,-299,200,11,0
0.05,SARSA,2024,297,-114,99,4,1
0.05,SARSA,2024,298,-271,175,13,1
0.05,SARSA,2024,299,-132,81,8,1
0.05,SARSA,2024,300,-204,117,12,1
0.05,SARSA,2024,301,-143,101,7,1
0.05,SARSA,2024,302,-27,48,0,1
0.05,SARSA,2024,303,-126,102,5,1
0.05,SARSA,2024,304,-8,29,0,1
0.05,SARSA,2024,305,-134,146,1,1
0.05,SARSA,2024,306,-263,200,7,0
0.05,SARSA,2024,307,-116,128,1,1
0.05,SARSA,2024,308,-299,200,11,0
0.05,SARSA,2024,309,-123,126,2,1
0.05,SARSA,2024,310,-265,169,13,1
0.05,SARSA,2024,311,-66,60,3,1
0.05,SARSA,2024,312,-46,40,3,1
0.05,SARSA,2024,313,-118,85,6,1
0.05,SARSA,2024,314,-250,190,9,1
0.05,SARSA,2024,315,-212,161,8,1
0.05,SARSA,2024,316,-236,194,7,1
0.05,SARSA,2024,317,-110,122,1,1
0.05,SARSA,2024,318,-308,200,12,0
0.05,SARSA,2024,319,-219,159,9,1
0.05,SARSA,2024,320,-112,70,7,1
0.05,SARSA,2024,321,-218,200,2,0
0.05,SARSA,2024,322,-158,125,6,1
0.05,SARSA,2024,323,-158,71,12,1
0.05,SARSA,2024,324,-22,25,2,1
0.05,SARSA,2024,325,-244,193,8,1
0.05,SARSA,2024,326,-68,80,1,1
0.05,SARSA,2024,327,-53,47,3,1
0.05,SARSA,2024,328,-326,200,14,0
0.05,SARSA,2024,329,4,17,0,1
0.05,SARSA,2024,330,-116,101,4,1
0.05,SARSA,2024,331,-201,195,3,1
0.05,SARSA,2024,332,-116,110,3,1
0.05,SARSA,2024,333,-295,190,14,1
0.05,SARSA,2024,334,-131,134,2,1
0.05,SARSA,2024,335,-36,57,0,1
0.05,SARSA,2024,336,-31,43,1,1
0.05,SARSA,2024,337,-16,37,0,1
0.05,SARSA,2024,338,-188,128,9,1
0.05,SARSA,2024,339,-203,179,5,1
0.05,SARSA,2024,340,-326,200,14,0
0.05,SARSA,2024,341,-22,43,0,1
0.05,SARSA,2024,342,-166,88,11,1
0.05,SARSA,2024,343,-162,156,3,1
0.05,SARSA,2024,344,-102,105,2,1
0.05,SARSA,2024,345,-111,96,4,1
0.05,SARSA,2024,346,-203,179,5,1
0.05,SARSA,2024,347,-32,53,0,1
0.05,SARSA,2024,348,-97,91,3,1
0.05,SARSA,2024,349,-76,88,1,1
0.05,SARSA,2024,350,-301,196,14,1
0.05,SARSA,2024,351,-1,22,0,1
0.05,SARSA,2024,352,-137,140,2,1
0.05,SARSA,2024,353,-254,200,6,0
0.05,SARSA,2024,354,-32,35,2,1
0.05,SARSA,2024,355,-62,56,3,1
0.05,SARSA,2024,356,-118,112,3,1
0.05,SARSA,2024,357,14,7,0,1
0.05,SARSA,2024,358,-134,101,6,1
0.05,SARSA,2024,359,-9,30,0,1
0.05,SARSA,2024,360,-43,64,0,1
0.05,SARSA,2024,361,-299,200,11,0
0.05,SARSA,2024,362,3,18,0,1
0.05,SARSA,2024,363,-108,120,1,1
0.05,SARSA,2024,364,-236,200,4,0
0.05,SARSA,2024,365,-30,51,0,1
0.05,SARSA,2024,366,-123,99,5,1
0.05,SARSA,2024,367,-96,90,3,1
0.05,SARSA,2024,368,-24,27,2,1
0.05,SARSA,2024,369,-199,139,9,1
0.05,SARSA,2024,370,-96,54,7,1
0.05,SARSA,2024,371,-119,68,8,1
0.05,SARSA,2024,372,-239,134,14,1
0.05,SARSA,2024,373,11,10,0,1
0.05,SARSA,2024,374,-143,83,9,1
0.05,SARSA,2024,375,-230,161,10,1
0.05,SARSA,2024,376,-69,72,2,1
0.05,SARSA,2024,377,-121,124,2,1
0.05,SARSA,2024,378,-245,200,5,0
0.05,SARSA,2024,379,-26,38,1,1
0.05,SARSA,2024,380,-22,16,3,1
0.05,SARSA,2024,381,-272,200,8,0
0.05,SARSA,2024,382,-23,44,0,1
0.05,SARSA,2024,383,-144,120,5,1
0.05,SARSA,2024,384,-45,48,2,1
0.05,SARSA,2024,385,-228,150,11,1
0.05,SARSA,2024,386,-102,105,2,1
0.05,SARSA,2024,387,-50,53,2,1
0.05,SARSA,2024,388,-106,118,1,1
0.05,SARSA,2024,389,-148,88,9,1
0.05,SARSA,2024,390,-344,200,16,0
0.05,SARSA,2024,391,-98,74,5,1
0.05,SARSA,2024,392,-125,101,5,1
0.05,SARSA,2024,393,-92,77,4,1
0.05,SARSA,2024,394,-12,15,2,1
0.05,SARSA,2024,395,-109,76,6,1
0.05,SARSA,2024,396,-7,28,0,1
0.05,SARSA,2024,397,-74,68,3,1
0.05,SARSA,2024,398,-211,187,5,1
0.05,SARSA,2024,399,-83,95,1,1
0.05,SARSA,2024,400,-177,126,8,1
0.05,SARSA,2024,401,5,16,0,1
0.05,SARSA,2024,402,-47,59,1,1
0.05,SARSA,2024,403,-112,79,6,1
0.05,SARSA,2024,404,-132,126,3,1
0.05,SARSA,2024,405,1,11,1,1
0.05,SARSA,2024,406,-93,96,2,1
0.05,SARSA,2024,407,14,7,0,1
0.05,SARSA,2024,408,-218,200,2,0
0.05,SARSA,2024,409,-116,137,0,1
0.05,SARSA,2024,410,-5,26,0,1
0.05,SARSA,2024,411,-32,53,0,1
0.05,SARSA,2024,412,-17,29,1,1
0.05,SARSA,2024,413,-3,24,0,1
0.05,SARSA,2024,414,-85,79,3,1
0.05,SARSA,2024,415,-317,200,13,0
0.05,SARSA,2024,416,-254,200,6,0
0.05,SARSA,2024,417,-15,18,2,1
0.05,SARSA,2024,418,-79,73,3,1
0.05,SARSA,2024,419,-128,86,7,1
0.05,SARSA,2024,420,-20,23,2,1
0.05,SARSA,2024,421,-133,136,2,1
0.05,SARSA,2024,422,-230,143,12,1
0.05,SARSA,2024,423,-7,28,0,1
0.05,SARSA,2024,424,-30,33,2,1
0.05,SARSA,2024,425,0,21,0,1
0.05,SARSA,2024,426,-225,138,12,1
0.05,SARSA,2024,427,-129,87,7,1
0.05,SARSA,2024,428,-179,119,9,1
0.05,SARSA,2024,429,15,6,0,1
0.05,SARSA,2024,430,3,18,0,1
0.05,SARSA,2024,431,-209,140,10,1
0.05,SARSA,2024,432,-46,40,3,1
0.05,SARSA,2024,433,-389,200,21,0
0.05,SARSA,2024,434,-188,110,11,1
0.05,SARSA,2024,435,-66,69,2,1
0.05,SARSA,2024,436,-83,77,3,1
0.05,SARSA,2024,437,-190,166,5,1
0.05,SARSA,2024,438,-140,116,5,1
0.05,SARSA,2024,439,-58,52,3,1
0.05,SARSA,2024,440,-128,86,7,1
0.05,SARSA,2024,441,-169,127,7,1
0.05,SARSA,2024,442,-127,103,5,1
0.05,SARSA,2024,443,-219,141,11,1
0.05,SARSA,2024,444,-127,103,5,1
0.05,SARSA,2024,445,-275,197,11,1
0.05,SARSA,2024,446,-239,179,9,1
0.05,SARSA,2024,447,-113,125,1,1
0.05,SARSA,2024,448,4,17,0,1
0.05,SARSA,2024,449,-217,157,9,1
0.05,SARSA,2024,450,-61,73,1,1
0.05,SARSA,2024,451,-139,106,6,1
0.05,SARSA,2024,452,-70,55,4,1
0.05,SARSA,2024,453,-117,93,5,1
0.05,SARSA,2024,454,-175,97,11,1
0.05,SARSA,2024,455,-58,52,3,1
0.05,SARSA,2024,456,-96,72,5,1
0.05,SARSA,2024,457,-14,35,0,1
0.05,SARSA,2024,458,-163,139,5,1
0.05,SARSA,2024,459,-97,82,4,1
0.05,SARSA,2024,460,-36,57,0,1
0.05,SARSA,2024,461,-56,50,3,1
0.05,SARSA,2024,462,-166,124,7,1
0.05,SARSA,2024,463,-29,41,1,1
0.05,SARSA,2024,464,-92,86,3,1
0.05,SARSA,2024,465,-53,65,1,1
0.05,SARSA,2024,466,10,11,0,1
0.05,SARSA,2024,467,-140,89,8,1
0.05,SARSA,2024,468,11,10,0,1
0.05,SARSA,2024,469,-13,34,0,1
0.05,SARSA,2024,470,5,16,0,1
0.05,SARSA,2024,471,-91,103,1,1
0.05,SARSA,2024,472,-73,76,2,1
0.05,SARSA,2024,473,-158,98,9,1
0.05,SARSA,2024,474,-123,144,0,1
0.05,SARSA,2024,475,-95,98,2,1
0.05,SARSA,2024,476,-61,37,5,1
0.05,SARSA,2024,477,-27,48,0,1
0.05,SARSA,2024,478,1,11,1,1
0.05,SARSA,2024,479,-64,67,2,1
0.05,SARSA,2024,480,-42,45,2,1
0.05,SARSA,2024,481,-56,50,3,1
0.05,SARSA,2024,482,-104,89,4,1
0.05,SARSA,2024,483,-76,79,2,1
0.05,SARSA,2024,484,12,9,0,1
0.05,SARSA,2024,485,10,11,0,1
0.05,SARSA,2024,486,-3,24,0,1
0.05,SARSA,2024,487,-37,31,3,1
0.05,SARSA,2024,488,-132,99,6,1
0.05,SARSA,2024,489,-238,133,14,1
0.05,SARSA,2024,490,12,9,0,1
0.05,SARSA,2024,491,-169,163,3,1
0.05,SARSA,2024,492,-6,27,0,1
0.05,SARSA,2024,493,-38,59,0,1
0.05,SARSA,2024,494,-89,83,3,1
0.05,SARSA,2024,495,-52,37,4,1
0.05,SARSA,2024,496,-54,75,0,1
0.05,SARSA,2024,497,10,11,0,1
0.05,SARSA,2024,498,-11,32,0,1
0.05,SARSA,2024,499,-23,35,1,1
0.05,SARSA + PS,42,0,-740,200,60,0
0.05,SARSA + PS,42,1,-794,200,66,0
0.05,SARSA + PS,42,2,-776,200,64,0
0.05,SARSA + PS,42,3,-677,200,53,0
0.05,SARSA + PS,42,4,-704,200,56,0
0.05,SARSA + PS,42,5,-695,200,55,0
0.05,SARSA + PS,42,6,-812,200,68,0
0.05,SARSA + PS,42,7,-560,200,40,0
0.05,SARSA + PS,42,8,-596,200,44,0
0.05,SARSA + PS,42,9,-587,200,43,0
0.05,SARSA + PS,42,10,-578,200,42,0
0.05,SARSA + PS,42,11,-623,200,47,0
0.05,SARSA + PS,42,12,-218,200,2,0
0.05,SARSA + PS,42,13,-776,200,64,0
0.05,SARSA + PS,42,14,-758,200,62,0
0.05,SARSA + PS,42,15,-550,166,45,1
0.05,SARSA + PS,42,16,-326,200,14,0
0.05,SARSA + PS,42,17,-227,200,3,0
0.05,SARSA + PS,42,18,-560,200,40,0
0.05,SARSA + PS,42,19,-695,200,55,0
0.05,SARSA + PS,42,20,-740,200,60,0
0.05,SARSA + PS,42,21,-227,200,3,0
0.05,SARSA + PS,42,22,-560,200,40,0
0.05,SARSA + PS,42,23,-614,200,46,0
0.05,SARSA + PS,42,24,-131,107,5,1
0.05,SARSA + PS,42,25,-59,71,1,1
0.05,SARSA + PS,42,26,-254,200,6,0
0.05,SARSA + PS,42,27,-218,200,2,0
0.05,SARSA + PS,42,28,-582,198,45,1
0.05,SARSA + PS,42,29,-39,60,0,1
0.05,SARSA + PS,42,30,-704,200,56,0
0.05,SARSA + PS,42,31,-263,200,7,0
0.05,SARSA + PS,42,32,-233,191,7,1
0.05,SARSA + PS,42,33,-147,141,3,1
0.05,SARSA + PS,42,34,-2,23,0,1
0.05,SARSA + PS,42,35,-578,200,42,0
0.05,SARSA + PS,42,36,-731,200,59,0
0.05,SARSA + PS,42,37,-168,90,11,1
0.05,SARSA + PS,42,38,-236,149,12,1
0.05,SARSA + PS,42,39,-686,200,54,0
0.05,SARSA + PS,42,40,-194,197,2,1
0.05,SARSA + PS,42,41,-616,151,54,1
0.05,SARSA + PS,42,42,-138,132,3,1
0.05,SARSA + PS,42,43,14,7,0,1
0.05,SARSA + PS,42,44,-227,200,3,0
0.05,SARSA + PS,42,45,-87,108,0,1
0.05,SARSA + PS,42,46,14,7,0,1
0.05,SARSA + PS,42,47,-39,60,0,1
0.05,SARSA + PS,42,48,-107,92,4,1
0.05,SARSA + PS,42,49,-191,158,6,1
0.05,SARSA + PS,42,50,-144,138,3,1
0.05,SARSA + PS,42,51,-227,200,3,0
0.05,SARSA + PS,42,52,-236,200,4,0
0.05,SARSA + PS,42,53,-149,152,2,1
0.05,SARSA + PS,42,54,-246,177,10,1
0.05,SARSA + PS,42,55,-398,200,22,0
0.05,SARSA + PS,42,56,-83,104,0,1
0.05,SARSA + PS,42,57,-209,200,1,0
0.05,SARSA + PS,42,58,-110,113,2,1
0.05,SARSA + PS,42,59,-245,200,5,0
0.05,SARSA + PS,42,60,-41,53,1,1
0.05,SARSA + PS,42,61,-36,48,1,1
0.05,SARSA + PS,42,62,-146,149,2,1
0.05,SARSA + PS,42,63,-227,200,3,0
0.05,SARSA + PS,42,64,-47,50,2,1
0.05,SARSA + PS,42,65,-236,200,4,0
0.05,SARSA + PS,42,66,-50,71,0,1
0.05,SARSA + PS,42,67,-236,200,4,0
0.05,SARSA + PS,42,68,-40,61,0,1
0.05,SARSA + PS,42,69,-2,23,0,1
0.05,SARSA + PS,42,70,1,20,0,1
0.05,SARSA + PS,42,71,-91,103,1,1
0.05,SARSA + PS,42,72,-227,200,3,0
0.05,SARSA + PS,42,73,-46,58,1,1
0.05,SARSA + PS,42,74,11,10,0,1
0.05,SARSA + PS,42,75,-254,200,6,0
0.05,SARSA + PS,42,76,-14,35,0,1
0.05,SARSA + PS,42,77,11,10,0,1
0.05,SARSA + PS,42,78,-73,94,0,1
0.05,SARSA + PS,42,79,-254,200,6,0
0.05,SARSA + PS,42,80,11,10,0,1
0.05,SARSA + PS,42,81,-91,103,1,1
0.05,SARSA + PS,42,82,-245,200,5,0
0.05,SARSA + PS,42,83,-118,121,2,1
0.05,SARSA + PS,42,84,13,8,0,1
0.05,SARSA + PS,42,85,-1,13,1,1
0.05,SARSA + PS,42,86,-629,173,53,1
0.05,SARSA + PS,42,87,-94,106,1,1
0.05,SARSA + PS,42,88,-107,110,2,1
0.05,SARSA + PS,42,89,11,10,0,1
0.05,SARSA + PS,42,90,-16,28,1,1
0.05,SARSA + PS,42,91,-12,33,0,1
0.05,SARSA + PS,42,92,-235,130,14,1
0.05,SARSA + PS,42,93,-254,200,6,0
0.05,SARSA + PS,42,94,-142,136,3,1
0.05,SARSA + PS,42,95,-209,200,1,0
0.05,SARSA + PS,42,96,7,14,0,1
0.05,SARSA + PS,42,97,-11,32,0,1
0.05,SARSA + PS,42,98,-60,63,2,1
0.05,SARSA + PS,42,99,-9,21,1,1
0.05,SARSA + PS,42,100,11,10,0,1
0.05,SARSA + PS,42,101,-49,52,2,1
0.05,SARSA + PS,42,102,8,13,0,1
0.05,SARSA + PS,42,103,-227,200,3,0
0.05,SARSA + PS,42,104,-23,35,1,1
0.05,SARSA + PS,42,105,-54,66,1,1
0.05,SARSA + PS,42,106,-4,25,0,1
0.05,SARSA + PS,42,107,-227,200,3,0
0.05,SARSA + PS,42,108,15,6,0,1
0.05,SARSA + PS,42,109,-98,110,1,1
0.05,SARSA + PS,42,110,-41,53,1,1
0.05,SARSA + PS,42,111,-46,67,0,1
0.05,SARSA + PS,42,112,-87,108,0,1
0.05,SARSA + PS,42,113,-46,49,2,1
0.05,SARSA + PS,42,114,4,17,0,1
0.05,SARSA + PS,42,115,7,14,0,1
0.05,SARSA + PS,42,116,-105,108,2,1
0.05,SARSA + PS,42,117,-75,78,2,1
0.05,SARSA + PS,42,118,12,9,0,1
0.05,SARSA + PS,42,119,-51,63,1,1
0.05,SARSA + PS,42,120,-30,42,1,1
0.05,SARSA + PS,42,121,11,10,0,1
0.05,SARSA + PS,42,122,-150,135,4,1
0.05,SARSA + PS,42,123,12,9,0,1
0.05,SARSA + PS,42,124,0,21,0,1
0.05,SARSA + PS,42,125,-12,24,1,1
0.05,SARSA + PS,42,126,-210,195,4,1
0.05,SARSA + PS,42,127,-12,33,0,1
0.05,SARSA + PS,42,128,-174,186,1,1
0.05,SARSA + PS,42,129,-11,23,1,1
0.05,SARSA + PS,42,130,-9,12,2,1
0.05,SARSA + PS,42,131,-236,200,4,0
0.05,SARSA + PS,42,132,-98,110,1,1
0.05,SARSA + PS,42,133,-85,97,1,1
0.05,SARSA + PS,42,134,-17,29,1,1
0.05,SARSA + PS,42,135,11,10,0,1
0.05,SARSA + PS,42,136,-115,118,2,1
0.05,SARSA + PS,42,137,-121,115,3,1
0.05,SARSA + PS,42,138,-19,31,1,1
0.05,SARSA + PS,42,139,-198,183,4,1
0.05,SARSA + PS,42,140,-28,49,0,1
0.05,SARSA + PS,42,141,12,9,0,1
0.05,SARSA + PS,42,142,-104,107,2,1
0.05,SARSA + PS,42,143,-13,25,1,1
0.05,SARSA + PS,42,144,-218,200,2,0
0.05,SARSA + PS,42,145,-85,97,1,1
0.05,SARSA + PS,42,146,9,12,0,1
0.05,SARSA + PS,42,147,-28,49,0,1
0.05,SARSA + PS,42,148,-3,15,1,1
0.05,SARSA + PS,42,149,-3,24,0,1
0.05,SARSA + PS,42,150,-8,20,1,1
0.05,SARSA + PS,42,151,-142,136,3,1
0.05,SARSA + PS,42,152,-55,76,0,1
0.05,SARSA + PS,42,153,-13,34,0,1
0.05,SARSA + PS,42,154,-95,107,1,1
0.05,SARSA + PS,42,155,-11,23,1,1
0.05,SARSA + PS,42,156,8,13,0,1
0.05,SARSA + PS,42,157,-7,28,0,1
0.05,SARSA + PS,42,158,0,21,0,1
0.05,SARSA + PS,42,159,1,11,1,1
0.05,SARSA + PS,42,160,-63,75,1,1
0.05,SARSA + PS,42,161,-44,56,1,1
0.05,SARSA + PS,42,162,8,13,0,1
0.05,SARSA + PS,42,163,-2,23,0,1
0.05,SARSA + PS,42,164,8,13,0,1
0.05,SARSA + PS,42,165,-27,39,1,1
0.05,SARSA + PS,42,166,14,7,0,1
0.05,SARSA + PS,42,167,10,11,0,1
0.05,SARSA + PS,42,168,-96,99,2,1
0.05,SARSA + PS,42,169,9,12,0,1
0.05,SARSA + PS,42,170,9,12,0,1
0.05,SARSA + PS,42,171,-40,61,0,1
0.05,SARSA + PS,42,172,-1,13,1,1
0.05,SARSA + PS,42,173,-15,27,1,1
0.05,SARSA + PS,42,174,-17,29,1,1
0.05,SARSA + PS,42,175,3,18,0,1
0.05,SARSA + PS,42,176,-59,71,1,1
0.05,SARSA + PS,42,177,-3,24,0,1
0.05,SARSA + PS,42,178,-11,23,1,1
0.05,SARSA + PS,42,179,-110,95,4,1
0.05,SARSA + PS,42,180,11,10,0,1
0.05,SARSA + PS,42,181,-11,23,1,1
0.05,SARSA + PS,42,182,10,11,0,1
0.05,SARSA + PS,42,183,-11,32,0,1
0.05,SARSA + PS,42,184,-86,80,3,1
0.05,SARSA + PS,42,185,10,11,0,1
0.05,SARSA + PS,42,186,11,10,0,1
0.05,SARSA + PS,42,187,-9,30,0,1
0.05,SARSA + PS,42,188,12,9,0,1
0.05,SARSA + PS,42,189,-227,200,3,0
0.05,SARSA + PS,42,190,12,9,0,1
0.05,SARSA + PS,42,191,8,13,0,1
0.05,SARSA + PS,42,192,-5,17,1,1
0.05,SARSA + PS,42,193,10,11,0,1
0.05,SARSA + PS,42,194,11,10,0,1
0.05,SARSA + PS,42,195,-16,37,0,1
0.05,SARSA + PS,42,196,-42,63,0,1
0.05,SARSA + PS,42,197,-88,109,0,1
0.05,SARSA + PS,42,198,4,17,0,1
0.05,SARSA + PS,42,199,12,9,0,1
0.05,SARSA + PS,42,200,7,14,0,1
0.05,SARSA + PS,42,201,-36,48,1,1
0.05,SARSA + PS,42,202,9,12,0,1
0.05,SARSA + PS,42,203,8,13,0,1
0.05,SARSA + PS,42,204,-44,56,1,1
0.05,SARSA + PS,42,205,11,10,0,1
0.05,SARSA + PS,42,206,-41,53,1,1
0.05,SARSA + PS,42,207,-39,60,0,1
0.05,SARSA + PS,42,208,14,7,0,1
0.05,SARSA + PS,42,209,10,11,0,1
0.05,SARSA + PS,42,210,-57,69,1,1
0.05,SARSA + PS,42,211,-84,96,1,1
0.05,SARSA + PS,42,212,10,11,0,1
0.05,SARSA + PS,42,213,-3,24,0,1
0.05,SARSA + PS,42,214,8,13,0,1
0.05,SARSA + PS,42,215,-36,48,1,1
0.05,SARSA + PS,42,216,7,14,0,1
0.05,SARSA + PS,42,217,-10,31,0,1
0.05,SARSA + PS,42,218,-4,25,0,1
0.05,SARSA + PS,42,219,-107,119,1,1
0.05,SARSA + PS,42,220,-60,54,3,1
0.05,SARSA + PS,42,221,11,10,0,1
0.05,SARSA + PS,42,222,13,8,0,1
0.05,SARSA + PS,42,223,4,17,0,1
0.05,SARSA + PS,42,224,14,7,0,1
0.05,SARSA + PS,42,225,12,9,0,1
0.05,SARSA + PS,42,226,-120,123,2,1
0.05,SARSA + PS,42,227,-10,22,1,1
0.05,SARSA + PS,42,228,-54,66,1,1
0.05,SARSA + PS,42,229,4,17,0,1
0.05,SARSA + PS,42,230,-2,23,0,1
0.05,SARSA + PS,42,231,7,14,0,1
0.05,SARSA + PS,42,232,-21,33,1,1
0.05,SARSA + PS,42,233,-4,16,1,1
0.05,SARSA + PS,42,234,15,6,0,1
0.05,SARSA + PS,42,235,8,13,0,1
0.05,SARSA + PS,42,236,9,12,0,1
0.05,SARSA + PS,42,237,-129,123,3,1
0.05,SARSA + PS,42,238,11,10,0,1
0.05,SARSA + PS,42,239,2,10,1,1
0.05,SARSA + PS,42,240,10,11,0,1
0.05,SARSA + PS,42,241,-68,89,0,1
0.05,SARSA + PS,42,242,-44,56,1,1
0.05,SARSA + PS,42,243,0,12,1,1
0.05,SARSA + PS,42,244,10,11,0,1
0.05,SARSA + PS,42,245,-36,48,1,1
0.05,SARSA + PS,42,246,-1,22,0,1
0.05,SARSA + PS,42,247,2,19,0,1
0.05,SARSA + PS,42,248,8,13,0,1
0.05,SARSA + PS,42,249,3,18,0,1
0.05,SARSA + PS,42,250,-4,16,1,1
0.05,SARSA + PS,42,251,-70,64,3,1
0.05,SARSA + PS,42,252,-18,30,1,1
0.05,SARSA + PS,42,253,3,18,0,1
0.05,SARSA + PS,42,254,-34,55,0,1
0.05,SARSA + PS,42,255,-28,40,1,1
0.05,SARSA + PS,42,256,9,12,0,1
0.05,SARSA + PS,42,257,8,13,0,1
0.05,SARSA + PS,42,258,3,18,0,1
0.05,SARSA + PS,42,259,6,15,0,1
0.05,SARSA + PS,42,260,11,10,0,1
0.05,SARSA + PS,42,261,-22,43,0,1
0.05,SARSA + PS,42,262,-26,38,1,1
0.05,SARSA + PS,42,263,10,11,0,1
0.05,SARSA + PS,42,264,-53,65,1,1
0.05,SARSA + PS,42,265,-2,23,0,1
0.05,SARSA + PS,42,266,10,11,0,1
0.05,SARSA + PS,42,267,0,21,0,1
0.05,SARSA + PS,42,268,-1,13,1,1
0.05,SARSA + PS,42,269,2,19,0,1
0.05,SARSA + PS,42,270,-16,37,0,1
0.05,SARSA + PS,42,271,-2,23,0,1
0.05,SARSA + PS,42,272,-84,105,0,1
0.05,SARSA + PS,42,273,-60,72,1,1
0.05,SARSA + PS,42,274,13,8,0,1
0.05,SARSA + PS,42,275,2,19,0,1
0.05,SARSA + PS,42,276,12,9,0,1
0.05,SARSA + PS,42,277,-8,29,0,1
0.05,SARSA + PS,42,278,-60,72,1,1
0.05,SARSA + PS,42,279,8,13,0,1
0.05,SARSA + PS,42,280,6,15,0,1
0.05,SARSA + PS,42,281,-19,40,0,1
0.05,SARSA + PS,42,282,13,8,0,1
0.05,SARSA + PS,42,283,8,13,0,1
0.05,SARSA + PS,42,284,11,10,0,1
0.05,SARSA + PS,42,285,5,16,0,1
0.05,SARSA + PS,42,286,-39,60,0,1
0.05,SARSA + PS,42,287,2,19,0,1
0.05,SARSA + PS,42,288,-40,52,1,1
0.05,SARSA + PS,42,289,12,9,0,1
0.05,SARSA + PS,42,290,10,11,0,1
0.05,SARSA + PS,42,291,5,16,0,1
0.05,SARSA + PS,42,292,12,9,0,1
0.05,SARSA + PS,42,293,-10,31,0,1
0.05,SARSA + PS,42,294,-93,96,2,1
0.05,SARSA + PS,42,295,-10,22,1,1
0.05,SARSA + PS,42,296,1,11,1,1
0.05,SARSA + PS,42,297,8,13,0,1
0.05,SARSA + PS,42,298,12,9,0,1
0.05,SARSA + PS,42,299,-30,42,1,1
0.05,SARSA + PS,42,300,9,12,0,1
0.05,SARSA + PS,42,301,-23,44,0,1
0.05,SARSA + PS,42,302,9,12,0,1
0.05,SARSA + PS,42,303,6,15,0,1
0.05,SARSA + PS,42,304,5,16,0,1
0.05,SARSA + PS,42,305,6,15,0,1
0.05,SARSA + PS,42,306,0,21,0,1
0.05,SARSA + PS,42,307,5,16,0,1
0.05,SARSA + PS,42,308,6,15,0,1
0.05,SARSA + PS,42,309,10,11,0,1
0.05,SARSA + PS,42,310,5,16,0,1
0.05,SARSA + PS,42,311,-4,25,0,1
0.05,SARSA + PS,42,312,-3,24,0,1
0.05,SARSA + PS,42,313,11,10,0,1
0.05,SARSA + PS,42,314,7,14,0,1
0.05,SARSA + PS,42,315,-68,80,1,1
0.05,SARSA + PS,42,316,9,12,0,1
0.05,SARSA + PS,42,317,1,11,1,1
0.05,SARSA + PS,42,318,8,13,0,1
0.05,SARSA + PS,42,319,8,13,0,1
0.05,SARSA + PS,42,320,6,15,0,1
0.05,SARSA + PS,42,321,2,10,1,1
0.05,SARSA + PS,42,322,-6,27,0,1
0.05,SARSA + PS,42,323,11,10,0,1
0.05,SARSA + PS,42,324,6,15,0,1
0.05,SARSA + PS,42,325,10,11,0,1
0.05,SARSA + PS,42,326,7,14,0,1
0.05,SARSA + PS,42,327,10,11,0,1
0.05,SARSA + PS,42,328,-17,29,1,1
0.05,SARSA + PS,42,329,9,12,0,1
0.05,SARSA + PS,42,330,10,11,0,1
0.05,SARSA + PS,42,331,6,15,0,1
0.05,SARSA + PS,42,332,-8,20,1,1
0.05,SARSA + PS,42,333,-4,25,0,1
0.05,SARSA + PS,42,334,8,13,0,1
0.05,SARSA + PS,42,335,10,11,0,1
0.05,SARSA + PS,42,336,9,12,0,1
0.05,SARSA + PS,42,337,7,14,0,1
0.05,SARSA + PS,42,338,1,20,0,1
0.05,SARSA + PS,42,339,6,15,0,1
0.05,SARSA + PS,42,340,-5,26,0,1
0.05,SARSA + PS,42,341,-1,22,0,1
0.05,SARSA + PS,42,342,9,12,0,1
0.05,SARSA + PS,42,343,-83,95,1,1
0.05,SARSA + PS,42,344,4,17,0,1
0.05,SARSA + PS,42,345,11,10,0,1
0.05,SARSA + PS,42,346,-1,22,0,1
0.05,SARSA + PS,42,347,10,11,0,1
0.05,SARSA + PS,42,348,7,14,0,1
0.05,SARSA + PS,42,349,13,8,0,1
0.05,SARSA + PS,42,350,-21,33,1,1
0.05,SARSA + PS,42,351,8,13,0,1
0.05,SARSA + PS,42,352,2,10,1,1
0.05,SARSA + PS,42,353,-12,24,1,1
0.05,SARSA + PS,42,354,6,15,0,1
0.05,SARSA + PS,42,355,8,13,0,1
0.05,SARSA + PS,42,356,1,11,1,1
0.05,SARSA + PS,42,357,4,17,0,1
0.05,SARSA + PS,42,358,7,14,0,1
0.05,SARSA + PS,42,359,-16,19,2,1
0.05,SARSA + PS,42,360,-3,15,1,1
0.05,SARSA + PS,42,361,4,8,1,1
0.05,SARSA + PS,42,362,10,11,0,1
0.05,SARSA + PS,42,363,6,15,0,1
0.05,SARSA + PS,42,364,-2,23,0,1
0.05,SARSA + PS,42,365,2,19,0,1
0.05,SARSA + PS,42,366,9,12,0,1
0.05,SARSA + PS,42,367,-2,14,1,1
0.05,SARSA + PS,42,368,-20,41,0,1
0.05,SARSA + PS,42,369,2,19,0,1
0.05,SARSA + PS,42,370,10,11,0,1
0.05,SARSA + PS,42,371,14,7,0,1
0.05,SARSA + PS,42,372,11,10,0,1
0.05,SARSA + PS,42,373,3,18,0,1
0.05,SARSA + PS,42,374,11,10,0,1
0.05,SARSA + PS,42,375,12,9,0,1
0.05,SARSA + PS,42,376,8,13,0,1
0.05,SARSA + PS,42,377,7,14,0,1
0.05,SARSA + PS,42,378,11,10,0,1
0.05,SARSA + PS,42,379,7,14,0,1
0.05,SARSA + PS,42,380,1,20,0,1
0.05,SARSA + PS,42,381,-3,15,1,1
0.05,SARSA + PS,42,382,-60,81,0,1
0.05,SARSA + PS,42,383,-12,33,0,1
0.05,SARSA + PS,42,384,10,11,0,1
0.05,SARSA + PS,42,385,-12,33,0,1
0.05,SARSA + PS,42,386,-3,24,0,1
0.05,SARSA + PS,42,387,10,11,0,1
0.05,SARSA + PS,42,388,-35,47,1,1
0.05,SARSA + PS,42,389,1,20,0,1
0.05,SARSA + PS,42,390,-2,23,0,1
0.05,SARSA + PS,42,391,3,18,0,1
0.05,SARSA + PS,42,392,6,15,0,1
0.05,SARSA + PS,42,393,8,13,0,1
0.05,SARSA + PS,42,394,-15,36,0,1
0.05,SARSA + PS,42,395,10,11,0,1
0.05,SARSA + PS,42,396,1,20,0,1
0.05,SARSA + PS,42,397,7,14,0,1
0.05,SARSA + PS,42,398,7,14,0,1
0.05,SARSA + PS,42,399,14,7,0,1
0.05,SARSA + PS,42,400,10,11,0,1
0.05,SARSA + PS,42,401,-4,25,0,1
0.05,SARSA + PS,42,402,9,12,0,1
0.05,SARSA + PS,42,403,8,13,0,1
0.05,SARSA + PS,42,404,-35,47,1,1
0.05,SARSA + PS,42,405,6,15,0,1
0.05,SARSA + PS,42,406,-3,24,0,1
0.05,SARSA + PS,42,407,-2,23,0,1
0.05,SARSA + PS,42,408,7,14,0,1
0.05,SARSA + PS,42,409,9,12,0,1
0.05,SARSA + PS,42,410,12,9,0,1
0.05,SARSA + PS,42,411,-58,61,2,1
0.05,SARSA + PS,42,412,7,14,0,1
0.05,SARSA + PS,42,413,8,13,0,1
0.05,SARSA + PS,42,414,9,12,0,1
0.05,SARSA + PS,42,415,8,13,0,1
0.05,SARSA + PS,42,416,-6,27,0,1
0.05,SARSA + PS,42,417,4,17,0,1
0.05,SARSA + PS,42,418,-6,18,1,1
0.05,SARSA + PS,42,419,-3,15,1,1
0.05,SARSA + PS,42,420,-4,16,1,1
0.05,SARSA + PS,42,421,0,21,0,1
0.05,SARSA + PS,42,422,8,13,0,1
0.05,SARSA + PS,42,423,-19,31,1,1
0.05,SARSA + PS,42,424,-5,17,1,1
0.05,SARSA + PS,42,425,-9,21,1,1
0.05,SARSA + PS,42,426,12,9,0,1
0.05,SARSA + PS,42,427,-3,15,1,1
0.05,SARSA + PS,42,428,12,9,0,1
0.05,SARSA + PS,42,429,8,13,0,1
0.05,SARSA + PS,42,430,11,10,0,1
0.05,SARSA + PS,42,431,8,13,0,1
0.05,SARSA + PS,42,432,10,11,0,1
0.05,SARSA + PS,42,433,0,21,0,1
0.05,SARSA + PS,42,434,-3,24,0,1
0.05,SARSA + PS,42,435,3,18,0,1
0.05,SARSA + PS,42,436,8,13,0,1
0.05,SARSA + PS,42,437,8,13,0,1
0.05,SARSA + PS,42,438,9,12,0,1
0.05,SARSA + PS,42,439,-30,51,0,1
0.05,SARSA + PS,42,440,9,12,0,1
0.05,SARSA + PS,42,441,-6,27,0,1
0.05,SARSA + PS,42,442,-12,33,0,1
0.05,SARSA + PS,42,443,10,11,0,1
0.05,SARSA + PS,42,444,5,16,0,1
0.05,SARSA + PS,42,445,5,16,0,1
0.05,SARSA + PS,42,446,-6,27,0,1
0.05,SARSA + PS,42,447,-12,24,1,1
0.05,SARSA + PS,42,448,8,13,0,1
0.05,SARSA + PS,42,449,8,13,0,1
0.05,SARSA + PS,42,450,-36,39,2,1
0.05,SARSA + PS,42,451,6,15,0,1
0.05,SARSA + PS,42,452,-11,32,0,1
0.05,SARSA + PS,42,453,-19,31,1,1
0.05,SARSA + PS,42,454,8,13,0,1
0.05,SARSA + PS,42,455,8,13,0,1
0.05,SARSA + PS,42,456,11,10,0,1
0.05,SARSA + PS,42,457,-2,14,1,1
0.05,SARSA + PS,42,458,-27,48,0,1
0.05,SARSA + PS,42,459,13,8,0,1
0.05,SARSA + PS,42,460,13,8,0,1
0.05,SARSA + PS,42,461,3,18,0,1
0.05,SARSA + PS,42,462,-56,50,3,1
0.05,SARSA + PS,42,463,-23,26,2,1
0.05,SARSA + PS,42,464,6,15,0,1
0.05,SARSA + PS,42,465,5,16,0,1
0.05,SARSA + PS,42,466,10,11,0,1
0.05,SARSA + PS,42,467,13,8,0,1
0.05,SARSA + PS,42,468,-3,15,1,1
0.05,SARSA + PS,42,469,-22,43,0,1
0.05,SARSA + PS,42,470,14,7,0,1
0.05,SARSA + PS,42,471,-2,14,1,1
0.05,SARSA + PS,42,472,7,14,0,1
0.05,SARSA + PS,42,473,8,13,0,1
0.05,SARSA + PS,42,474,-9,21,1,1
0.05,SARSA + PS,42,475,8,13,0,1
0.05,SARSA + PS,42,476,-12,24,1,1
0.05,SARSA + PS,42,477,-17,38,0,1
0.05,SARSA + PS,42,478,9,12,0,1
0.05,SARSA + PS,42,479,10,11,0,1
0.05,SARSA + PS,42,480,-12,24,1,1
0.05,SARSA + PS,42,481,12,9,0,1
0.05,SARSA + PS,42,482,9,12,0,1
0.05,SARSA + PS,42,483,9,12,0,1
0.05,SARSA + PS,42,484,12,9,0,1
0.05,SARSA + PS,42,485,9,12,0,1
0.05,SARSA + PS,42,486,5,16,0,1
0.05,SARSA + PS,42,487,-36,57,0,1
0.05,SARSA + PS,42,488,11,10,0,1
0.05,SARSA + PS,42,489,-26,29,2,1
0.05,SARSA + PS,42,490,6,15,0,1
0.05,SARSA + PS,42,491,9,12,0,1
0.05,SARSA + PS,42,492,9,12,0,1
0.05,SARSA + PS,42,493,-18,39,0,1
0.05,SARSA + PS,42,494,3,9,1,1
0.05,SARSA + PS,42,495,7,14,0,1
0.05,SARSA + PS,42,496,8,13,0,1
0.05,SARSA + PS,42,497,-6,18,1,1
0.05,SARSA + PS,42,498,8,13,0,1
0.05,SARSA + PS,42,499,7,14,0,1
0.05,SARSA + PS,123,0,-758,200,62,0
0.05,SARSA + PS,123,1,-767,200,63,0
0.05,SARSA + PS,123,2,-794,200,66,0
0.05,SARSA + PS,123,3,-510,180,39,1
0.05,SARSA + PS,123,4,-650,200,50,0
0.05,SARSA + PS,123,5,-731,200,59,0
0.05,SARSA + PS,123,6,-497,200,33,0
0.05,SARSA + PS,123,7,-506,200,34,0
0.05,SARSA + PS,123,8,-718,190,61,1
0.05,SARSA + PS,123,9,-677,200,53,0
0.05,SARSA + PS,123,10,-722,200,58,0
0.05,SARSA + PS,123,11,-767,200,63,0
0.05,SARSA + PS,123,12,-695,200,55,0
0.05,SARSA + PS,123,13,-578,200,42,0
0.05,SARSA + PS,123,14,-624,168,53,1
0.05,SARSA + PS,123,15,-623,200,47,0
0.05,SARSA + PS,123,16,-364,178,23,1
0.05,SARSA + PS,123,17,-605,200,45,0
0.05,SARSA + PS,123,18,-767,200,63,0
0.05,SARSA + PS,123,19,-227,200,3,0
0.05,SARSA + PS,123,20,-290,200,10,0
0.05,SARSA + PS,123,21,-866,200,74,0
0.05,SARSA + PS,123,22,-839,200,71,0
0.05,SARSA + PS,123,23,-306,156,19,1
0.05,SARSA + PS,123,24,-263,200,7,0
0.05,SARSA + PS,123,25,-668,200,52,0
0.05,SARSA + PS,123,26,-245,200,5,0
0.05,SARSA + PS,123,27,-196,109,12,1
0.05,SARSA + PS,123,28,-209,200,1,0
0.05,SARSA + PS,123,29,-57,69,1,1
0.05,SARSA + PS,123,30,-263,200,7,0
0.05,SARSA + PS,123,31,-308,200,12,0
0.05,SARSA + PS,123,32,-362,200,18,0
0.05,SARSA + PS,123,33,-23,35,1,1
0.05,SARSA + PS,123,34,-323,146,22,1
0.05,SARSA + PS,123,35,-254,200,6,0
0.05,SARSA + PS,123,36,-97,100,2,1
0.05,SARSA + PS,123,37,-749,200,61,0
0.05,SARSA + PS,123,38,-200,200,0,0
0.05,SARSA + PS,123,39,-227,200,3,0
0.05,SARSA + PS,123,40,-414,165,30,1
0.05,SARSA + PS,123,41,-236,200,4,0
0.05,SARSA + PS,123,42,-136,139,2,1
0.05,SARSA + PS,123,43,-569,200,41,0
0.05,SARSA + PS,123,44,-139,43,13,1
0.05,SARSA + PS,123,45,-236,200,4,0
0.05,SARSA + PS,123,46,-236,200,4,0
0.05,SARSA + PS,123,47,-19,40,0,1
0.05,SARSA + PS,123,48,-236,200,4,0
0.05,SARSA + PS,123,49,-59,80,0,1
0.05,SARSA + PS,123,50,-131,143,1,1
0.05,SARSA + PS,123,51,-236,200,4,0
0.05,SARSA + PS,123,52,-138,141,2,1
0.05,SARSA + PS,123,53,-91,94,2,1
0.05,SARSA + PS,123,54,-3,24,0,1
0.05,SARSA + PS,123,55,-141,153,1,1
0.05,SARSA + PS,123,56,-227,68,20,1
0.05,SARSA + PS,123,57,-20,32,1,1
0.05,SARSA + PS,123,58,-204,180,5,1
0.05,SARSA + PS,123,59,-132,108,5,1
0.05,SARSA + PS,123,60,-103,115,1,1
0.05,SARSA + PS,123,61,-57,78,0,1
0.05,SARSA + PS,123,62,-67,79,1,1
0.05,SARSA + PS,123,63,-227,194,6,1
0.05,SARSA + PS,123,64,-209,200,1,0
0.05,SARSA + PS,123,65,7,14,0,1
0.05,SARSA + PS,123,66,-78,90,1,1
0.05,SARSA + PS,123,67,-245,200,5,0
0.05,SARSA + PS,123,68,-69,72,2,1
0.05,SARSA + PS,123,69,-8,20,1,1
0.05,SARSA + PS,123,70,-147,159,1,1
0.05,SARSA + PS,123,71,-183,186,2,1
0.05,SARSA + PS,123,72,-79,82,2,1
0.05,SARSA + PS,123,73,-132,108,5,1
0.05,SARSA + PS,123,74,-218,200,2,0
0.05,SARSA + PS,123,75,6,15,0,1
0.05,SARSA + PS,123,76,-132,144,1,1
0.05,SARSA + PS,123,77,-209,200,1,0
0.05,SARSA + PS,123,78,-209,200,1,0
0.05,SARSA + PS,123,79,-209,200,1,0
0.05,SARSA + PS,123,80,-6,18,1,1
0.05,SARSA + PS,123,81,-60,81,0,1
0.05,SARSA + PS,123,82,-148,133,4,1
0.05,SARSA + PS,123,83,-79,100,0,1
0.05,SARSA + PS,123,84,-118,121,2,1
0.05,SARSA + PS,123,85,14,7,0,1
0.05,SARSA + PS,123,86,-12,33,0,1
0.05,SARSA + PS,123,87,-61,82,0,1
0.05,SARSA + PS,123,88,-36,48,1,1
0.05,SARSA + PS,123,89,-70,82,1,1
0.05,SARSA + PS,123,90,-173,158,4,1
0.05,SARSA + PS,123,91,-158,152,3,1
0.05,SARSA + PS,123,92,-118,112,3,1
0.05,SARSA + PS,123,93,-85,34,8,1
0.05,SARSA + PS,123,94,-19,40,0,1
0.05,SARSA + PS,123,95,-111,114,2,1
0.05,SARSA + PS,123,96,-28,31,2,1
0.05,SARSA + PS,123,97,-236,200,4,0
0.05,SARSA + PS,123,98,-42,54,1,1
0.05,SARSA + PS,123,99,13,8,0,1
0.05,SARSA + PS,123,100,-116,110,3,1
0.05,SARSA + PS,123,101,-38,50,1,1
0.05,SARSA + PS,123,102,-16,37,0,1
0.05,SARSA + PS,123,103,-1,22,0,1
0.05,SARSA + PS,123,104,-8,20,1,1
0.05,SARSA + PS,123,105,-36,57,0,1
0.05,SARSA + PS,123,106,-13,34,0,1
0.05,SARSA + PS,123,107,12,9,0,1
0.05,SARSA + PS,123,108,-131,125,3,1
0.05,SARSA + PS,123,109,12,9,0,1
0.05,SARSA + PS,123,110,-31,43,1,1
0.05,SARSA + PS,123,111,-1,22,0,1
0.05,SARSA + PS,123,112,0,12,1,1
0.05,SARSA + PS,123,113,2,10,1,1
0.05,SARSA + PS,123,114,-258,99,20,1
0.05,SARSA + PS,123,115,-51,63,1,1
0.05,SARSA + PS,123,116,-209,200,1,0
0.05,SARSA + PS,123,117,-41,44,2,1
0.05,SARSA + PS,123,118,12,9,0,1
0.05,SARSA + PS,123,119,-56,77,0,1
0.05,SARSA + PS,123,120,-84,78,3,1
0.05,SARSA + PS,123,121,-107,128,0,1
0.05,SARSA + PS,123,122,-8,29,0,1
0.05,SARSA + PS,123,123,-57,60,2,1
0.05,SARSA + PS,123,124,11,10,0,1
0.05,SARSA + PS,123,125,-128,122,3,1
0.05,SARSA + PS,123,126,-105,117,1,1
0.05,SARSA + PS,123,127,12,9,0,1
0.05,SARSA + PS,123,128,-24,45,0,1
0.05,SARSA + PS,123,129,-72,84,1,1
0.05,SARSA + PS,123,130,-33,36,2,1
0.05,SARSA + PS,123,131,12,9,0,1
0.05,SARSA + PS,123,132,-14,26,1,1
0.05,SARSA + PS,123,133,10,11,0,1
0.05,SARSA + PS,123,134,-185,197,1,1
0.05,SARSA + PS,123,135,-5,26,0,1
0.05,SARSA + PS,123,136,-10,22,1,1
0.05,SARSA + PS,123,137,-14,35,0,1
0.05,SARSA + PS,123,138,-47,68,0,1
0.05,SARSA + PS,123,139,-40,43,2,1
0.05,SARSA + PS,123,140,12,9,0,1
0.05,SARSA + PS,123,141,13,8,0,1
0.05,SARSA + PS,123,142,10,11,0,1
0.05,SARSA + PS,123,143,14,7,0,1
0.05,SARSA + PS,123,144,2,10,1,1
0.05,SARSA + PS,123,145,-72,93,0,1
0.05,SARSA + PS,123,146,0,21,0,1
0.05,SARSA + PS,123,147,-55,67,1,1
0.05,SARSA + PS,123,148,-49,52,2,1
0.05,SARSA + PS,123,149,-9,30,0,1
0.05,SARSA + PS,123,150,-9,30,0,1
0.05,SARSA + PS,123,151,-49,70,0,1
0.05,SARSA + PS,123,152,-50,62,1,1
0.05,SARSA + PS,123,153,15,6,0,1
0.05,SARSA + PS,123,154,11,10,0,1
0.05,SARSA + PS,123,155,-32,53,0,1
0.05,SARSA + PS,123,156,-121,124,2,1
0.05,SARSA + PS,123,157,8,13,0,1
0.05,SARSA + PS,123,158,12,9,0,1
0.05,SARSA + PS,123,159,10,11,0,1
0.05,SARSA + PS,123,160,-158,161,2,1
0.05,SARSA + PS,123,161,-42,63,0,1
0.05,SARSA + PS,123,162,10,11,0,1
0.05,SARSA + PS,123,163,-110,113,2,1
0.05,SARSA + PS,123,164,-34,55,0,1
0.05,SARSA + PS,123,165,-5,26,0,1
0.05,SARSA + PS,123,166,-9,30,0,1
0.05,SARSA + PS,123,167,2,19,0,1
0.05,SARSA + PS,123,168,5,16,0,1
0.05,SARSA + PS,123,169,-32,53,0,1
0.05,SARSA + PS,123,170,-64,76,1,1
0.05,SARSA + PS,123,171,-167,161,3,1
0.05,SARSA + PS,123,172,-8,29,0,1
0.05,SARSA + PS,123,173,-48,60,1,1
0.05,SARSA + PS,123,174,-17,29,1,1
0.05,SARSA + PS,123,175,-109,130,0,1
0.05,SARSA + PS,123,176,4,17,0,1
0.05,SARSA + PS,123,177,7,14,0,1
0.05,SARSA + PS,123,178,9,12,0,1
0.05,SARSA + PS,123,179,11,10,0,1
0.05,SARSA + PS,123,180,-68,80,1,1
0.05,SARSA + PS,123,181,-66,78,1,1
0.05,SARSA + PS,123,182,0,12,1,1
0.05,SARSA + PS,123,183,-32,53,0,1
0.05,SARSA + PS,123,184,-44,47,2,1
0.05,SARSA + PS,123,185,10,11,0,1
0.05,SARSA + PS,123,186,7,14,0,1
0.05,SARSA + PS,123,187,-84,105,0,1
0.05,SARSA + PS,123,188,-8,29,0,1
0.05,SARSA + PS,123,189,-48,51,2,1
0.05,SARSA + PS,123,190,-8,29,0,1
0.05,SARSA + PS,123,191,-79,82,2,1
0.05,SARSA + PS,123,192,-165,123,7,1
0.05,SARSA + PS,123,193,3,9,1,1
0.05,SARSA + PS,123,194,0,21,0,1
0.05,SARSA + PS,123,195,12,9,0,1
0.05,SARSA + PS,123,196,-152,164,1,1
0.05,SARSA + PS,123,197,-65,77,1,1
0.05,SARSA + PS,123,198,-15,27,1,1
0.05,SARSA + PS,123,199,-52,64,1,1
0.05,SARSA + PS,123,200,0,21,0,1
0.05,SARSA + PS,123,201,3,9,1,1
0.05,SARSA + PS,123,202,-209,200,1,0
0.05,SARSA + PS,123,203,11,10,0,1
0.05,SARSA + PS,123,204,-173,158,4,1
0.05,SARSA + PS,123,205,-245,200,5,0
0.05,SARSA + PS,123,206,-24,45,0,1
0.05,SARSA + PS,123,207,-29,50,0,1
0.05,SARSA + PS,123,208,12,9,0,1
0.05,SARSA + PS,123,209,8,13,0,1
0.05,SARSA + PS,123,210,-67,79,1,1
0.05,SARSA + PS,123,211,12,9,0,1
0.05,SARSA + PS,123,212,-218,200,2,0
0.05,SARSA + PS,123,213,-69,72,2,1
0.05,SARSA + PS,123,214,-10,31,0,1
0.05,SARSA + PS,123,215,9,12,0,1
0.05,SARSA + PS,123,216,8,13,0,1
0.05,SARSA + PS,123,217,10,11,0,1
0.05,SARSA + PS,123,218,-68,80,1,1
0.05,SARSA + PS,123,219,-4,25,0,1
0.05,SARSA + PS,123,220,-137,131,3,1
0.05,SARSA + PS,123,221,-43,46,2,1
0.05,SARSA + PS,123,222,-10,31,0,1
0.05,SARSA + PS,123,223,-65,86,0,1
0.05,SARSA + PS,123,224,-34,55,0,1
0.05,SARSA + PS,123,225,-81,75,3,1
0.05,SARSA + PS,123,226,9,12,0,1
0.05,SARSA + PS,123,227,6,15,0,1
0.05,SARSA + PS,123,228,11,10,0,1
0.05,SARSA + PS,123,229,-57,60,2,1
0.05,SARSA + PS,123,230,-130,142,1,1
0.05,SARSA + PS,123,231,3,18,0,1
0.05,SARSA + PS,123,232,5,16,0,1
0.05,SARSA + PS,123,233,-37,31,3,1
0.05,SARSA + PS,123,234,-41,53,1,1
0.05,SARSA + PS,123,235,-3,24,0,1
0.05,SARSA + PS,123,236,12,9,0,1
0.05,SARSA + PS,123,237,-12,24,1,1
0.05,SARSA + PS,123,238,3,18,0,1
0.05,SARSA + PS,123,239,4,17,0,1
0.05,SARSA + PS,123,240,12,9,0,1
0.05,SARSA + PS,123,241,-12,33,0,1
0.05,SARSA + PS,123,242,11,10,0,1
0.05,SARSA + PS,123,243,7,14,0,1
0.05,SARSA + PS,123,244,6,15,0,1
0.05,SARSA + PS,123,245,-1,22,0,1
0.05,SARSA + PS,123,246,10,11,0,1
0.05,SARSA + PS,123,247,-9,30,0,1
0.05,SARSA + PS,123,248,1,20,0,1
0.05,SARSA + PS,123,249,0,12,1,1
0.05,SARSA + PS,123,250,6,15,0,1
0.05,SARSA + PS,123,251,-48,51,2,1
0.05,SARSA + PS,123,252,-4,25,0,1
0.05,SARSA + PS,123,253,10,11,0,1
0.05,SARSA + PS,123,254,-12,15,2,1
0.05,SARSA + PS,123,255,9,12,0,1
0.05,SARSA + PS,123,256,-21,42,0,1
0.05,SARSA + PS,123,257,-3,24,0,1
0.05,SARSA + PS,123,258,6,15,0,1
0.05,SARSA + PS,123,259,-3,15,1,1
0.05,SARSA + PS,123,260,-13,34,0,1
0.05,SARSA + PS,123,261,-81,93,1,1
0.05,SARSA + PS,123,262,-46,58,1,1
0.05,SARSA + PS,123,263,-4,25,0,1
0.05,SARSA + PS,123,264,1,11,1,1
0.05,SARSA + PS,123,265,-5,26,0,1
0.05,SARSA + PS,123,266,9,12,0,1
0.05,SARSA + PS,123,267,4,17,0,1
0.05,SARSA + PS,123,268,15,6,0,1
0.05,SARSA + PS,123,269,-18,39,0,1
0.05,SARSA + PS,123,270,-6,18,1,1
0.05,SARSA + PS,123,271,12,9,0,1
0.05,SARSA + PS,123,272,-4,25,0,1
0.05,SARSA + PS,123,273,-4,16,1,1
0.05,SARSA + PS,123,274,8,13,0,1
0.05,SARSA + PS,123,275,11,10,0,1
0.05,SARSA + PS,123,276,-29,50,0,1
0.05,SARSA + PS,123,277,-21,24,2,1
0.05,SARSA + PS,123,278,-20,32,1,1
0.05,SARSA + PS,123,279,7,14,0,1
0.05,SARSA + PS,123,280,14,7,0,1
0.05,SARSA + PS,123,281,9,12,0,1
0.05,SARSA + PS,123,282,-6,27,0,1
0.05,SARSA + PS,123,283,-16,19,2,1
0.05,SARSA + PS,123,284,6,15,0,1
0.05,SARSA + PS,123,285,9,12,0,1
0.05,SARSA + PS,123,286,7,14,0,1
0.05,SARSA + PS,123,287,-18,39,0,1
0.05,SARSA + PS,123,288,-3,24,0,1
0.05,SARSA + PS,123,289,10,11,0,1
0.05,SARSA + PS,123,290,14,7,0,1
0.05,SARSA + PS,123,291,10,11,0,1
0.05,SARSA + PS,123,292,-170,164,3,1
0.05,SARSA + PS,123,293,11,10,0,1
0.05,SARSA + PS,123,294,12,9,0,1
0.05,SARSA + PS,123,295,8,13,0,1
0.05,SARSA + PS,123,296,0,21,0,1
0.05,SARSA + PS,123,297,11,10,0,1
0.05,SARSA + PS,123,298,4,17,0,1
0.05,SARSA + PS,123,299,-17,38,0,1
0.05,SARSA + PS,123,300,9,12,0,1
0.05,SARSA + PS,123,301,-25,46,0,1
0.05,SARSA + PS,123,302,-67,88,0,1
0.05,SARSA + PS,123,303,10,11,0,1
0.05,SARSA + PS,123,304,-17,29,1,1
0.05,SARSA + PS,123,305,-41,62,0,1
0.05,SARSA + PS,123,306,10,11,0,1
0.05,SARSA + PS,123,307,-89,101,1,1
0.05,SARSA + PS,123,308,2,19,0,1
0.05,SARSA + PS,123,309,4,17,0,1
0.05,SARSA + PS,123,310,-11,32,0,1
0.05,SARSA + PS,123,311,-10,22,1,1
0.05,SARSA + PS,123,312,1,20,0,1
0.05,SARSA + PS,123,313,-22,43,0,1
0.05,SARSA + PS,123,314,-2,14,1,1
0.05,SARSA + PS,123,315,-7,19,1,1
0.05,SARSA + PS,123,316,4,17,0,1
0.05,SARSA + PS,123,317,-1,22,0,1
0.05,SARSA + PS,123,318,14,7,0,1
0.05,SARSA + PS,123,319,8,13,0,1
0.05,SARSA + PS,123,320,6,15,0,1
0.05,SARSA + PS,123,321,11,10,0,1
0.05,SARSA + PS,123,322,10,11,0,1
0.05,SARSA + PS,123,323,-15,36,0,1
0.05,SARSA + PS,123,324,-18,30,1,1
0.05,SARSA + PS,123,325,-14,35,0,1
0.05,SARSA + PS,123,326,2,19,0,1
0.05,SARSA + PS,123,327,2,19,0,1
0.05,SARSA + PS,123,328,9,12,0,1
0.05,SARSA + PS,123,329,12,9,0,1
0.05,SARSA + PS,123,330,-50,44,3,1
0.05,SARSA + PS,123,331,7,14,0,1
0.05,SARSA + PS,123,332,8,13,0,1
0.05,SARSA + PS,123,333,5,16,0,1
0.05,SARSA + PS,123,334,6,15,0,1
0.05,SARSA + PS,123,335,-9,30,0,1
0.05,SARSA + PS,123,336,5,16,0,1
0.05,SARSA + PS,123,337,-14,26,1,1
0.05,SARSA + PS,123,338,-15,27,1,1
0.05,SARSA + PS,123,339,-7,28,0,1
0.05,SARSA + PS,123,340,7,14,0,1
0.05,SARSA + PS,123,341,10,11,0,1
0.05,SARSA + PS,123,342,-11,32,0,1
0.05,SARSA + PS,123,343,7,14,0,1
0.05,SARSA + PS,123,344,-1,22,0,1
0.05,SARSA + PS,123,345,8,13,0,1
0.05,SARSA + PS,123,346,-72,75,2,1
0.05,SARSA + PS,123,347,12,9,0,1
0.05,SARSA + PS,123,348,8,13,0,1
0.05,SARSA + PS,123,349,10,11,0,1
0.05,SARSA + PS,123,350,8,13,0,1
0.05,SARSA + PS,123,351,-1,13,1,1
0.05,SARSA + PS,123,352,3,18,0,1
0.05,SARSA + PS,123,353,-3,24,0,1
0.05,SARSA + PS,123,354,-10,22,1,1
0.05,SARSA + PS,123,355,6,15,0,1
0.05,SARSA + PS,123,356,-4,16,1,1
0.05,SARSA + PS,123,357,9,12,0,1
0.05,SARSA + PS,123,358,3,18,0,1
0.05,SARSA + PS,123,359,-13,34,0,1
0.05,SARSA + PS,123,360,-117,120,2,1
0.05,SARSA + PS,123,361,-25,46,0,1
0.05,SARSA + PS,123,362,10,11,0,1
0.05,SARSA + PS,123,363,-32,44,1,1
0.05,SARSA + PS,123,364,5,16,0,1
0.05,SARSA + PS,123,365,-1,22,0,1
0.05,SARSA + PS,123,366,-30,33,2,1
0.05,SARSA + PS,123,367,8,13,0,1
0.05,SARSA + PS,123,368,8,13,0,1
0.05,SARSA + PS,123,369,-92,95,2,1
0.05,SARSA + PS,123,370,-22,34,1,1
0.05,SARSA + PS,123,371,-9,30,0,1
0.05,SARSA + PS,123,372,-38,59,0,1
0.05,SARSA + PS,123,373,2,19,0,1
0.05,SARSA + PS,123,374,8,13,0,1
0.05,SARSA + PS,123,375,11,10,0,1
0.05,SARSA + PS,123,376,8,13,0,1
0.05,SARSA + PS,123,377,-48,51,2,1
0.05,SARSA + PS,123,378,-7,10,2,1
0.05,SARSA + PS,123,379,13,8,0,1
0.05,SARSA + PS,123,380,5,16,0,1
0.05,SARSA + PS,123,381,3,18,0,1
0.05,SARSA + PS,123,382,4,17,0,1
0.05,SARSA + PS,123,383,10,11,0,1
0.05,SARSA + PS,123,384,0,21,0,1
0.05,SARSA + PS,123,385,10,11,0,1
0.05,SARSA + PS,123,386,13,8,0,1
0.05,SARSA + PS,123,387,9,12,0,1
0.05,SARSA + PS,123,388,-9,30,0,1
0.05,SARSA + PS,123,389,13,8,0,1
0.05,SARSA + PS,123,390,8,13,0,1
0.05,SARSA + PS,123,391,7,14,0,1
0.05,SARSA + PS,123,392,8,13,0,1
0.05,SARSA + PS,123,393,-8,29,0,1
0.05,SARSA + PS,123,394,7,14,0,1
0.05,SARSA + PS,123,395,-21,42,0,1
0.05,SARSA + PS,123,396,-18,39,0,1
0.05,SARSA + PS,123,397,7,14,0,1
0.05,SARSA + PS,123,398,8,13,0,1
0.05,SARSA + PS,123,399,-25,37,1,1
0.05,SARSA + PS,123,400,10,11,0,1
0.05,SARSA + PS,123,401,9,12,0,1
0.05,SARSA + PS,123,402,7,14,0,1
0.05,SARSA + PS,123,403,12,9,0,1
0.05,SARSA + PS,123,404,7,14,0,1
0.05,SARSA + PS,123,405,-11,32,0,1
0.05,SARSA + PS,123,406,3,18,0,1
0.05,SARSA + PS,123,407,-1,13,1,1
0.05,SARSA + PS,123,408,-11,23,1,1
0.05,SARSA + PS,123,409,1,20,0,1
0.05,SARSA + PS,123,410,-1,13,1,1
0.05,SARSA + PS,123,411,9,12,0,1
0.05,SARSA + PS,123,412,-36,57,0,1
0.05,SARSA + PS,123,413,14,7,0,1
0.05,SARSA + PS,123,414,9,12,0,1
0.05,SARSA + PS,123,415,10,11,0,1
0.05,SARSA + PS,123,416,-6,27,0,1
0.05,SARSA + PS,123,417,6,15,0,1
0.05,SARSA + PS,123,418,5,16,0,1
0.05,SARSA + PS,123,419,10,11,0,1
0.05,SARSA + PS,123,420,8,13,0,1
0.05,SARSA + PS,123,421,-26,47,0,1
0.05,SARSA + PS,123,422,10,11,0,1
0.05,SARSA + PS,123,423,8,13,0,1
0.05,SARSA + PS,123,424,7,14,0,1
0.05,SARSA + PS,123,425,10,11,0,1
0.05,SARSA + PS,123,426,8,13,0,1
0.05,SARSA + PS,123,427,-26,38,1,1
0.05,SARSA + PS,123,428,7,14,0,1
0.05,SARSA + PS,123,429,-30,33,2,1
0.05,SARSA + PS,123,430,-3,24,0,1
0.05,SARSA + PS,123,431,11,10,0,1
0.05,SARSA + PS,123,432,-20,41,0,1
0.05,SARSA + PS,123,433,7,14,0,1
0.05,SARSA + PS,123,434,-12,33,0,1
0.05,SARSA + PS,123,435,3,18,0,1
0.05,SARSA + PS,123,436,10,11,0,1
0.05,SARSA + PS,123,437,6,15,0,1
0.05,SARSA + PS,123,438,9,12,0,1
0.05,SARSA + PS,123,439,6,15,0,1
0.05,SARSA + PS,123,440,-3,15,1,1
0.05,SARSA + PS,123,441,11,10,0,1
0.05,SARSA + PS,123,442,10,11,0,1
0.05,SARSA + PS,123,443,-4,16,1,1
0.05,SARSA + PS,123,444,5,16,0,1
0.05,SARSA + PS,123,445,11,10,0,1
0.05,SARSA + PS,123,446,-4,16,1,1
0.05,SARSA + PS,123,447,-29,41,1,1
0.05,SARSA + PS,123,448,-14,35,0,1
0.05,SARSA + PS,123,449,12,9,0,1
0.05,SARSA + PS,123,450,-7,28,0,1
0.05,SARSA + PS,123,451,7,14,0,1
0.05,SARSA + PS,123,452,7,14,0,1
0.05,SARSA + PS,123,453,-19,40,0,1
0.05,SARSA + PS,123,454,5,16,0,1
0.05,SARSA + PS,123,455,-4,16,1,1
0.05,SARSA + PS,123,456,3,18,0,1
0.05,SARSA + PS,123,457,14,7,0,1
0.05,SARSA + PS,123,458,-21,42,0,1
0.05,SARSA + PS,123,459,-2,23,0,1
0.05,SARSA + PS,123,460,4,17,0,1
0.05,SARSA + PS,123,461,-16,28,1,1
0.05,SARSA + PS,123,462,6,15,0,1
0.05,SARSA + PS,123,463,13,8,0,1
0.05,SARSA + PS,123,464,9,12,0,1
0.05,SARSA + PS,123,465,10,11,0,1
0.05,SARSA + PS,123,466,4,17,0,1
0.05,SARSA + PS,123,467,10,11,0,1
0.05,SARSA + PS,123,468,0,12,1,1
0.05,SARSA + PS,123,469,-10,22,1,1
0.05,SARSA + PS,123,470,5,16,0,1
0.05,SARSA + PS,123,471,6,15,0,1
0.05,SARSA + PS,123,472,-107,119,1,1
0.05,SARSA + PS,123,473,7,14,0,1
0.05,SARSA + PS,123,474,3,9,1,1
0.05,SARSA + PS,123,475,7,14,0,1
0.05,SARSA + PS,123,476,0,21,0,1
0.05,SARSA + PS,123,477,-2,23,0,1
0.05,SARSA + PS,123,478,11,10,0,1
0.05,SARSA + PS,123,479,7,14,0,1
0.05,SARSA + PS,123,480,7,14,0,1
0.05,SARSA + PS,123,481,6,15,0,1
0.05,SARSA + PS,123,482,7,14,0,1
0.05,SARSA + PS,123,483,6,15,0,1
0.05,SARSA + PS,123,484,11,10,0,1
0.05,SARSA + PS,123,485,1,11,1,1
0.05,SARSA + PS,123,486,-6,18,1,1
0.05,SARSA + PS,123,487,-26,29,2,1
0.05,SARSA + PS,123,488,10,11,0,1
0.05,SARSA + PS,123,489,8,13,0,1
0.05,SARSA + PS,123,490,3,18,0,1
0.05,SARSA + PS,123,491,-6,18,1,1
0.05,SARSA + PS,123,492,11,10,0,1
0.05,SARSA + PS,123,493,-2,14,1,1
0.05,SARSA + PS,123,494,-31,43,1,1
0.05,SARSA + PS,123,495,-2,14,1,1
0.05,SARSA + PS,123,496,-14,17,2,1
0.05,SARSA + PS,123,497,5,16,0,1
0.05,SARSA + PS,123,498,7,14,0,1
0.05,SARSA + PS,123,499,-17,38,0,1
0.05,SARSA + PS,777,0,-740,200,60,0
0.05,SARSA + PS,777,1,-713,200,57,0
0.05,SARSA + PS,777,2,-740,200,60,0
0.05,SARSA + PS,777,3,-821,200,69,0
0.05,SARSA + PS,777,4,-623,200,47,0
0.05,SARSA + PS,777,5,-704,200,56,0
0.05,SARSA + PS,777,6,-668,200,52,0
0.05,SARSA + PS,777,7,-695,200,55,0
0.05,SARSA + PS,777,8,-731,200,59,0
0.05,SARSA + PS,777,9,-785,200,65,0
0.05,SARSA + PS,777,10,-740,200,60,0
0.05,SARSA + PS,777,11,-551,200,39,0
0.05,SARSA + PS,777,12,-317,200,13,0
0.05,SARSA + PS,777,13,-785,200,65,0
0.05,SARSA + PS,777,14,-785,200,65,0
0.05,SARSA + PS,777,15,-227,200,3,0
0.05,SARSA + PS,777,16,-488,200,32,0
0.05,SARSA + PS,777,17,-551,200,39,0
0.05,SARSA + PS,777,18,-470,200,30,0
0.05,SARSA + PS,777,19,-422,119,36,1
0.05,SARSA + PS,777,20,-650,200,50,0
0.05,SARSA + PS,777,21,-259,118,18,1
0.05,SARSA + PS,777,22,-605,200,45,0
0.05,SARSA + PS,777,23,-263,200,7,0
0.05,SARSA + PS,777,24,-686,200,54,0
0.05,SARSA + PS,777,25,-794,200,66,0
0.05,SARSA + PS,777,26,-254,200,6,0
0.05,SARSA + PS,777,27,-252,66,23,1
0.05,SARSA + PS,777,28,-462,195,32,1
0.05,SARSA + PS,777,29,-740,200,60,0
0.05,SARSA + PS,777,30,-542,185,42,1
0.05,SARSA + PS,777,31,-740,200,60,0
0.05,SARSA + PS,777,32,-209,200,1,0
0.05,SARSA + PS,777,33,-254,200,6,0
0.05,SARSA + PS,777,34,-371,200,19,0
0.05,SARSA + PS,777,35,-254,200,6,0
0.05,SARSA + PS,777,36,-160,145,4,1
0.05,SARSA + PS,777,37,-227,200,3,0
0.05,SARSA + PS,777,38,-218,200,2,0
0.05,SARSA + PS,777,39,-344,200,16,0
0.05,SARSA + PS,777,40,-227,200,3,0
0.05,SARSA + PS,777,41,-262,193,10,1
0.05,SARSA + PS,777,42,-227,200,3,0
0.05,SARSA + PS,777,43,-398,200,22,0
0.05,SARSA + PS,777,44,-236,200,4,0
0.05,SARSA + PS,777,45,-236,200,4,0
0.05,SARSA + PS,777,46,-218,200,2,0
0.05,SARSA + PS,777,47,-227,200,3,0
0.05,SARSA + PS,777,48,-113,98,4,1
0.05,SARSA + PS,777,49,-73,76,2,1
0.05,SARSA + PS,777,50,-185,188,2,1
0.05,SARSA + PS,777,51,-1,22,0,1
0.05,SARSA + PS,777,52,-218,200,2,0
0.05,SARSA + PS,777,53,-29,50,0,1
0.05,SARSA + PS,777,54,-227,200,3,0
0.05,SARSA + PS,777,55,-65,77,1,1
0.05,SARSA + PS,777,56,-157,178,0,1
0.05,SARSA + PS,777,57,-209,200,1,0
0.05,SARSA + PS,777,58,-245,200,5,0
0.05,SARSA + PS,777,59,-122,134,1,1
0.05,SARSA + PS,777,60,-10,31,0,1
0.05,SARSA + PS,777,61,-195,198,2,1
0.05,SARSA + PS,777,62,-254,200,6,0
0.05,SARSA + PS,777,63,-83,95,1,1
0.05,SARSA + PS,777,64,-254,200,6,0
0.05,SARSA + PS,777,65,-213,198,4,1
0.05,SARSA + PS,777,66,-90,102,1,1
0.05,SARSA + PS,777,67,-172,175,2,1
0.05,SARSA + PS,777,68,-38,59,0,1
0.05,SARSA + PS,777,69,-263,200,7,0
0.05,SARSA + PS,777,70,-131,116,4,1
0.05,SARSA + PS,777,71,-227,200,3,0
0.05,SARSA + PS,777,72,-159,144,4,1
0.05,SARSA + PS,777,73,-218,200,2,0
0.05,SARSA + PS,777,74,-36,48,1,1
0.05,SARSA + PS,777,75,-227,200,3,0
0.05,SARSA + PS,777,76,-236,200,4,0
0.05,SARSA + PS,777,77,-209,200,1,0
0.05,SARSA + PS,777,78,-227,200,3,0
0.05,SARSA + PS,777,79,13,8,0,1
0.05,SARSA + PS,777,80,-141,117,5,1
0.05,SARSA + PS,777,81,-236,200,4,0
0.05,SARSA + PS,777,82,-227,200,3,0
0.05,SARSA + PS,777,83,1,20,0,1
0.05,SARSA + PS,777,84,-218,200,2,0
0.05,SARSA + PS,777,85,-75,87,1,1
0.05,SARSA + PS,777,86,-50,62,1,1
0.05,SARSA + PS,777,87,-120,132,1,1
0.05,SARSA + PS,777,88,-33,54,0,1
0.05,SARSA + PS,777,89,0,21,0,1
0.05,SARSA + PS,777,90,-27,30,2,1
0.05,SARSA + PS,777,91,-220,196,5,1
0.05,SARSA + PS,777,92,-209,200,1,0
0.05,SARSA + PS,777,93,-32,44,1,1
0.05,SARSA + PS,777,94,-27,48,0,1
0.05,SARSA + PS,777,95,1,20,0,1
0.05,SARSA + PS,777,96,-1,22,0,1
0.05,SARSA + PS,777,97,-236,200,4,0
0.05,SARSA + PS,777,98,-14,26,1,1
0.05,SARSA + PS,777,99,5,16,0,1
0.05,SARSA + PS,777,100,-43,46,2,1
0.05,SARSA + PS,777,101,-58,70,1,1
0.05,SARSA + PS,777,102,-236,200,4,0
0.05,SARSA + PS,777,103,8,13,0,1
0.05,SARSA + PS,777,104,1,20,0,1
0.05,SARSA + PS,777,105,-65,86,0,1
0.05,SARSA + PS,777,106,-69,90,0,1
0.05,SARSA + PS,777,107,-3,24,0,1
0.05,SARSA + PS,777,108,-81,84,2,1
0.05,SARSA + PS,777,109,-45,48,2,1
0.05,SARSA + PS,777,110,-11,23,1,1
0.05,SARSA + PS,777,111,-245,200,5,0
0.05,SARSA + PS,777,112,12,9,0,1
0.05,SARSA + PS,777,113,2,19,0,1
0.05,SARSA + PS,777,114,-154,157,2,1
0.05,SARSA + PS,777,115,14,7,0,1
0.05,SARSA + PS,777,116,-13,34,0,1
0.05,SARSA + PS,777,117,-63,75,1,1
0.05,SARSA + PS,777,118,10,11,0,1
0.05,SARSA + PS,777,119,-134,119,4,1
0.05,SARSA + PS,777,120,-67,79,1,1
0.05,SARSA + PS,777,121,-71,83,1,1
0.05,SARSA + PS,777,122,-177,162,4,1
0.05,SARSA + PS,777,123,15,6,0,1
0.05,SARSA + PS,777,124,-111,123,1,1
0.05,SARSA + PS,777,125,10,11,0,1
0.05,SARSA + PS,777,126,-120,123,2,1
0.05,SARSA + PS,777,127,-200,200,0,0
0.05,SARSA + PS,777,128,12,9,0,1
0.05,SARSA + PS,777,129,-14,35,0,1
0.05,SARSA + PS,777,130,-25,37,1,1
0.05,SARSA + PS,777,131,-15,27,1,1
0.05,SARSA + PS,777,132,-13,34,0,1
0.05,SARSA + PS,777,133,8,13,0,1
0.05,SARSA + PS,777,134,-55,67,1,1
0.05,SARSA + PS,777,135,-2,14,1,1
0.05,SARSA + PS,777,136,5,16,0,1
0.05,SARSA + PS,777,137,-7,19,1,1
0.05,SARSA + PS,777,138,9,12,0,1
0.05,SARSA + PS,777,139,-227,200,3,0
0.05,SARSA + PS,777,140,-5,26,0,1
0.05,SARSA + PS,777,141,11,10,0,1
0.05,SARSA + PS,777,142,12,9,0,1
0.05,SARSA + PS,777,143,-227,200,3,0
0.05,SARSA + PS,777,144,-58,70,1,1
0.05,SARSA + PS,777,145,-40,52,1,1
0.05,SARSA + PS,777,146,-76,88,1,1
0.05,SARSA + PS,777,147,-1,13,1,1
0.05,SARSA + PS,777,148,-8,29,0,1
0.05,SARSA + PS,777,149,-5,26,0,1
0.05,SARSA + PS,777,150,-64,76,1,1
0.05,SARSA + PS,777,151,-81,93,1,1
0.05,SARSA + PS,777,152,-85,97,1,1
0.05,SARSA + PS,777,153,-80,92,1,1
0.05,SARSA + PS,777,154,-8,29,0,1
0.05,SARSA + PS,777,155,-42,54,1,1
0.05,SARSA + PS,777,156,-236,200,4,0
0.05,SARSA + PS,777,157,-10,31,0,1
0.05,SARSA + PS,777,158,-139,133,3,1
0.05,SARSA + PS,777,159,1,20,0,1
0.05,SARSA + PS,777,160,8,13,0,1
0.05,SARSA + PS,777,161,-64,76,1,1
0.05,SARSA + PS,777,162,14,7,0,1
0.05,SARSA + PS,777,163,-9,12,2,1
0.05,SARSA + PS,777,164,8,13,0,1
0.05,SARSA + PS,777,165,-50,62,1,1
0.05,SARSA + PS,777,166,-83,95,1,1
0.05,SARSA + PS,777,167,7,14,0,1
0.05,SARSA + PS,777,168,-227,200,3,0
0.05,SARSA + PS,777,169,9,12,0,1
0.05,SARSA + PS,777,170,11,10,0,1
0.05,SARSA + PS,777,171,-48,51,2,1
0.05,SARSA + PS,777,172,11,10,0,1
0.05,SARSA + PS,777,173,-151,154,2,1
0.05,SARSA + PS,777,174,11,10,0,1
0.05,SARSA + PS,777,175,7,14,0,1
0.05,SARSA + PS,777,176,10,11,0,1
0.05,SARSA + PS,777,177,0,12,1,1
0.05,SARSA + PS,777,178,14,7,0,1
0.05,SARSA + PS,777,179,-8,29,0,1
0.05,SARSA + PS,777,180,-161,173,1,1
0.05,SARSA + PS,777,181,-63,66,2,1
0.05,SARSA + PS,777,182,-67,61,3,1
0.05,SARSA + PS,777,183,-15,27,1,1
0.05,SARSA + PS,777,184,-70,82,1,1
0.05,SARSA + PS,777,185,8,13,0,1
0.05,SARSA + PS,777,186,-49,61,1,1
0.05,SARSA + PS,777,187,12,9,0,1
0.05,SARSA + PS,777,188,-154,166,1,1
0.05,SARSA + PS,777,189,5,16,0,1
0.05,SARSA + PS,777,190,10,11,0,1
0.05,SARSA + PS,777,191,11,10,0,1
0.05,SARSA + PS,777,192,-25,28,2,1
0.05,SARSA + PS,777,193,-82,94,1,1
0.05,SARSA + PS,777,194,5,16,0,1
0.05,SARSA + PS,777,195,-28,40,1,1
0.05,SARSA + PS,777,196,13,8,0,1
0.05,SARSA + PS,777,197,-14,26,1,1
0.05,SARSA + PS,777,198,0,12,1,1
0.05,SARSA + PS,777,199,9,12,0,1
0.05,SARSA + PS,777,200,-177,144,6,1
0.05,SARSA + PS,777,201,10,11,0,1
0.05,SARSA + PS,777,202,-1,13,1,1
0.05,SARSA + PS,777,203,-76,79,2,1
0.05,SARSA + PS,777,204,-47,59,1,1
0.05,SARSA + PS,777,205,8,13,0,1
0.05,SARSA + PS,777,206,-10,22,1,1
0.05,SARSA + PS,777,207,-13,25,1,1
0.05,SARSA + PS,777,208,10,11,0,1
0.05,SARSA + PS,777,209,9,12,0,1
0.05,SARSA + PS,777,210,12,9,0,1
0.05,SARSA + PS,777,211,10,11,0,1
0.05,SARSA + PS,777,212,-13,34,0,1
0.05,SARSA + PS,777,213,-28,31,2,1
0.05,SARSA + PS,777,214,-1,13,1,1
0.05,SARSA + PS,777,215,-58,61,2,1
0.05,SARSA + PS,777,216,7,14,0,1
0.05,SARSA + PS,777,217,-5,26,0,1
0.05,SARSA + PS,777,218,7,14,0,1
0.05,SARSA + PS,777,219,-37,58,0,1
0.05,SARSA + PS,777,220,-22,25,2,1
0.05,SARSA + PS,777,221,9,12,0,1
0.05,SARSA + PS,777,222,11,10,0,1
0.05,SARSA + PS,777,223,-77,89,1,1
0.05,SARSA + PS,777,224,-93,96,2,1
0.05,SARSA + PS,777,225,-38,50,1,1
0.05,SARSA + PS,777,226,-112,115,2,1
0.05,SARSA + PS,777,227,11,10,0,1
0.05,SARSA + PS,777,228,-27,48,0,1
0.05,SARSA + PS,777,229,12,9,0,1
0.05,SARSA + PS,777,230,-39,51,1,1
0.05,SARSA + PS,777,231,-86,89,2,1
0.05,SARSA + PS,777,232,-44,47,2,1
0.05,SARSA + PS,777,233,-1,13,1,1
0.05,SARSA + PS,777,234,10,11,0,1
0.05,SARSA + PS,777,235,-39,42,2,1
0.05,SARSA + PS,777,236,12,9,0,1
0.05,SARSA + PS,777,237,9,12,0,1
0.05,SARSA + PS,777,238,-227,200,3,0
0.05,SARSA + PS,777,239,5,16,0,1
0.05,SARSA + PS,777,240,-95,116,0,1
0.05,SARSA + PS,777,241,11,10,0,1
0.05,SARSA + PS,777,242,-18,30,1,1
0.05,SARSA + PS,777,243,12,9,0,1
0.05,SARSA + PS,777,244,0,12,1,1
0.05,SARSA + PS,777,245,11,10,0,1
0.05,SARSA + PS,777,246,12,9,0,1
0.05,SARSA + PS,777,247,-3,24,0,1
0.05,SARSA + PS,777,248,15,6,0,1
0.05,SARSA + PS,777,249,10,11,0,1
0.05,SARSA + PS,777,250,-6,27,0,1
0.05,SARSA + PS,777,251,-27,39,1,1
0.05,SARSA + PS,777,252,-79,91,1,1
0.05,SARSA + PS,777,253,-18,39,0,1
0.05,SARSA + PS,777,254,-18,30,1,1
0.05,SARSA + PS,777,255,-81,84,2,1
0.05,SARSA + PS,777,256,12,9,0,1
0.05,SARSA + PS,777,257,-5,26,0,1
0.05,SARSA + PS,777,258,-18,30,1,1
0.05,SARSA + PS,777,259,-2,14,1,1
0.05,SARSA + PS,777,260,-66,87,0,1
0.05,SARSA + PS,777,261,-147,132,4,1
0.05,SARSA + PS,777,262,-57,69,1,1
0.05,SARSA + PS,777,263,-60,54,3,1
0.05,SARSA + PS,777,264,8,13,0,1
0.05,SARSA + PS,777,265,9,12,0,1
0.05,SARSA + PS,777,266,-86,107,0,1
0.05,SARSA + PS,777,267,-72,75,2,1
0.05,SARSA + PS,777,268,-14,17,2,1
0.05,SARSA + PS,777,269,-59,71,1,1
0.05,SARSA + PS,777,270,12,9,0,1
0.05,SARSA + PS,777,271,-37,58,0,1
0.05,SARSA + PS,777,272,5,16,0,1
0.05,SARSA + PS,777,273,10,11,0,1
0.05,SARSA + PS,777,274,-4,16,1,1
0.05,SARSA + PS,777,275,6,15,0,1
0.05,SARSA + PS,777,276,10,11,0,1
0.05,SARSA + PS,777,277,-4,25,0,1
0.05,SARSA + PS,777,278,8,13,0,1
0.05,SARSA + PS,777,279,-85,88,2,1
0.05,SARSA + PS,777,280,-9,30,0,1
0.05,SARSA + PS,777,281,14,7,0,1
0.05,SARSA + PS,777,282,-18,39,0,1
0.05,SARSA + PS,777,283,-24,36,1,1
0.05,SARSA + PS,777,284,-89,92,2,1
0.05,SARSA + PS,777,285,-49,61,1,1
0.05,SARSA + PS,777,286,-67,61,3,1
0.05,SARSA + PS,777,287,-3,15,1,1
0.05,SARSA + PS,777,288,11,10,0,1
0.05,SARSA + PS,777,289,-34,55,0,1
0.05,SARSA + PS,777,290,-80,101,0,1
0.05,SARSA + PS,777,291,-33,45,1,1
0.05,SARSA + PS,777,292,13,8,0,1
0.05,SARSA + PS,777,293,7,14,0,1
0.05,SARSA + PS,777,294,9,12,0,1
0.05,SARSA + PS,777,295,9,12,0,1
0.05,SARSA + PS,777,296,9,12,0,1
0.05,SARSA + PS,777,297,11,10,0,1
0.05,SARSA + PS,777,298,-95,107,1,1
0.05,SARSA + PS,777,299,-42,54,1,1
0.05,SARSA + PS,777,300,-182,167,4,1
0.05,SARSA + PS,777,301,-11,23,1,1
0.05,SARSA + PS,777,302,2,19,0,1
0.05,SARSA + PS,777,303,-22,25,2,1
0.05,SARSA + PS,777,304,2,10,1,1
0.05,SARSA + PS,777,305,-10,31,0,1
0.05,SARSA + PS,777,306,11,10,0,1
0.05,SARSA + PS,777,307,-87,108,0,1
0.05,SARSA + PS,777,308,-38,50,1,1
0.05,SARSA + PS,777,309,-1,22,0,1
0.05,SARSA + PS,777,310,11,10,0,1
0.05,SARSA + PS,777,311,6,15,0,1
0.05,SARSA + PS,777,312,12,9,0,1
0.05,SARSA + PS,777,313,-65,86,0,1
0.05,SARSA + PS,777,314,-12,33,0,1
0.05,SARSA + PS,777,315,11,10,0,1
0.05,SARSA + PS,777,316,-141,162,0,1
0.05,SARSA + PS,777,317,6,15,0,1
0.05,SARSA + PS,777,318,10,11,0,1
0.05,SARSA + PS,777,319,-157,160,2,1
0.05,SARSA + PS,777,320,12,9,0,1
0.05,SARSA + PS,777,321,9,12,0,1
0.05,SARSA + PS,777,322,5,16,0,1
0.05,SARSA + PS,777,323,9,12,0,1
0.05,SARSA + PS,777,324,2,19,0,1
0.05,SARSA + PS,777,325,4,17,0,1
0.05,SARSA + PS,777,326,5,16,0,1
0.05,SARSA + PS,777,327,-23,26,2,1
0.05,SARSA + PS,777,328,-16,37,0,1
0.05,SARSA + PS,777,329,-10,31,0,1
0.05,SARSA + PS,777,330,7,14,0,1
0.05,SARSA + PS,777,331,-20,32,1,1
0.05,SARSA + PS,777,332,-30,42,1,1
0.05,SARSA + PS,777,333,8,13,0,1
0.05,SARSA + PS,777,334,7,14,0,1
0.05,SARSA + PS,777,335,-37,49,1,1
0.05,SARSA + PS,777,336,-7,28,0,1
0.05,SARSA + PS,777,337,-11,32,0,1
0.05,SARSA + PS,777,338,-2,23,0,1
0.05,SARSA + PS,777,339,4,17,0,1
0.05,SARSA + PS,777,340,10,11,0,1
0.05,SARSA + PS,777,341,13,8,0,1
0.05,SARSA + PS,777,342,0,21,0,1
0.05,SARSA + PS,777,343,-22,25,2,1
0.05,SARSA + PS,777,344,8,13,0,1
0.05,SARSA + PS,777,345,11,10,0,1
0.05,SARSA + PS,777,346,3,18,0,1
0.05,SARSA + PS,777,347,-5,17,1,1
0.05,SARSA + PS,777,348,-14,26,1,1
0.05,SARSA + PS,777,349,12,9,0,1
0.05,SARSA + PS,777,350,11,10,0,1
0.05,SARSA + PS,777,351,-52,64,1,1
0.05,SARSA + PS,777,352,11,10,0,1
0.05,SARSA + PS,777,353,8,13,0,1
0.05,SARSA + PS,777,354,11,10,0,1
0.05,SARSA + PS,777,355,-16,28,1,1
0.05,SARSA + PS,777,356,9,12,0,1
0.05,SARSA + PS,777,357,-30,33,2,1
0.05,SARSA + PS,777,358,6,15,0,1
0.05,SARSA + PS,777,359,-2,23,0,1
0.05,SARSA + PS,777,360,-13,25,1,1
0.05,SARSA + PS,777,361,10,11,0,1
0.05,SARSA + PS,777,362,11,10,0,1
0.05,SARSA + PS,777,363,10,11,0,1
0.05,SARSA + PS,777,364,12,9,0,1
0.05,SARSA + PS,777,365,11,10,0,1
0.05,SARSA + PS,777,366,-16,28,1,1
0.05,SARSA + PS,777,367,-4,25,0,1
0.05,SARSA + PS,777,368,-36,48,1,1
0.05,SARSA + PS,777,369,-5,26,0,1
0.05,SARSA + PS,777,370,-140,143,2,1
0.05,SARSA + PS,777,371,14,7,0,1
0.05,SARSA + PS,777,372,9,12,0,1
0.05,SARSA + PS,777,373,9,12,0,1
0.05,SARSA + PS,777,374,11,10,0,1
0.05,SARSA + PS,777,375,-22,25,2,1
0.05,SARSA + PS,777,376,14,7,0,1
0.05,SARSA + PS,777,377,9,12,0,1
0.05,SARSA + PS,777,378,13,8,0,1
0.05,SARSA + PS,777,379,1,20,0,1
0.05,SARSA + PS,777,380,-45,57,1,1
0.05,SARSA + PS,777,381,3,18,0,1
0.05,SARSA + PS,777,382,-5,17,1,1
0.05,SARSA + PS,777,383,4,17,0,1
0.05,SARSA + PS,777,384,9,12,0,1
0.05,SARSA + PS,777,385,9,12,0,1
0.05,SARSA + PS,777,386,8,13,0,1
0.05,SARSA + PS,777,387,8,13,0,1
0.05,SARSA + PS,777,388,-11,23,1,1
0.05,SARSA + PS,777,389,5,16,0,1
0.05,SARSA + PS,777,390,2,19,0,1
0.05,SARSA + PS,777,391,9,12,0,1
0.05,SARSA + PS,777,392,11,10,0,1
0.05,SARSA + PS,777,393,7,14,0,1
0.05,SARSA + PS,777,394,-13,16,2,1
0.05,SARSA + PS,777,395,-15,27,1,1
0.05,SARSA + PS,777,396,14,7,0,1
0.05,SARSA + PS,777,397,9,12,0,1
0.05,SARSA + PS,777,398,10,11,0,1
0.05,SARSA + PS,777,399,11,10,0,1
0.05,SARSA + PS,777,400,-18,39,0,1
0.05,SARSA + PS,777,401,8,13,0,1
0.05,SARSA + PS,777,402,1,11,1,1
0.05,SARSA + PS,777,403,12,9,0,1
0.05,SARSA + PS,777,404,-1,13,1,1
0.05,SARSA + PS,777,405,11,10,0,1
0.05,SARSA + PS,777,406,-1,13,1,1
0.05,SARSA + PS,777,407,-1,13,1,1
0.05,SARSA + PS,777,408,7,14,0,1
0.05,SARSA + PS,777,409,10,11,0,1
0.05,SARSA + PS,777,410,10,11,0,1
0.05,SARSA + PS,777,411,0,12,1,1
0.05,SARSA + PS,777,412,-33,45,1,1
0.05,SARSA + PS,777,413,7,14,0,1
0.05,SARSA + PS,777,414,-19,31,1,1
0.05,SARSA + PS,777,415,-12,33,0,1
0.05,SARSA + PS,777,416,8,13,0,1
0.05,SARSA + PS,777,417,9,12,0,1
0.05,SARSA + PS,777,418,12,9,0,1
0.05,SARSA + PS,777,419,7,14,0,1
0.05,SARSA + PS,777,420,-9,21,1,1
0.05,SARSA + PS,777,421,10,11,0,1
0.05,SARSA + PS,777,422,7,14,0,1
0.05,SARSA + PS,777,423,12,9,0,1
0.05,SARSA + PS,777,424,12,9,0,1
0.05,SARSA + PS,777,425,14,7,0,1
0.05,SARSA + PS,777,426,9,12,0,1
0.05,SARSA + PS,777,427,-2,14,1,1
0.05,SARSA + PS,777,428,2,19,0,1
0.05,SARSA + PS,777,429,11,10,0,1
0.05,SARSA + PS,777,430,14,7,0,1
0.05,SARSA + PS,777,431,7,14,0,1
0.05,SARSA + PS,777,432,8,13,0,1
0.05,SARSA + PS,777,433,9,12,0,1
0.05,SARSA + PS,777,434,10,11,0,1
0.05,SARSA + PS,777,435,7,14,0,1
0.05,SARSA + PS,777,436,2,19,0,1
0.05,SARSA + PS,777,437,-34,55,0,1
0.05,SARSA + PS,777,438,-9,21,1,1
0.05,SARSA + PS,777,439,7,14,0,1
0.05,SARSA + PS,777,440,5,16,0,1
0.05,SARSA + PS,777,441,11,10,0,1
0.05,SARSA + PS,777,442,11,10,0,1
0.05,SARSA + PS,777,443,1,11,1,1
0.05,SARSA + PS,777,444,8,13,0,1
0.05,SARSA + PS,777,445,10,11,0,1
0.05,SARSA + PS,777,446,10,11,0,1
0.05,SARSA + PS,777,447,9,12,0,1
0.05,SARSA + PS,777,448,9,12,0,1
0.05,SARSA + PS,777,449,10,11,0,1
0.05,SARSA + PS,777,450,9,12,0,1
0.05,SARSA + PS,777,451,6,15,0,1
0.05,SARSA + PS,777,452,-4,16,1,1
0.05,SARSA + PS,777,453,9,12,0,1
0.05,SARSA + PS,777,454,11,10,0,1
0.05,SARSA + PS,777,455,-7,19,1,1
0.05,SARSA + PS,777,456,12,9,0,1
0.05,SARSA + PS,777,457,0,12,1,1
0.05,SARSA + PS,777,458,14,7,0,1
0.05,SARSA + PS,777,459,4,8,1,1
0.05,SARSA + PS,777,460,11,10,0,1
0.05,SARSA + PS,777,461,6,15,0,1
0.05,SARSA + PS,777,462,-11,32,0,1
0.05,SARSA + PS,777,463,5,16,0,1
0.05,SARSA + PS,777,464,5,16,0,1
0.05,SARSA + PS,777,465,14,7,0,1
0.05,SARSA + PS,777,466,8,13,0,1
0.05,SARSA + PS,777,467,3,18,0,1
0.05,SARSA + PS,777,468,2,19,0,1
0.05,SARSA + PS,777,469,-6,9,2,1
0.05,SARSA + PS,777,470,8,13,0,1
0.05,SARSA + PS,777,471,-5,17,1,1
0.05,SARSA + PS,777,472,11,10,0,1
0.05,SARSA + PS,777,473,9,12,0,1
0.05,SARSA + PS,777,474,-2,14,1,1
0.05,SARSA + PS,777,475,3,18,0,1
0.05,SARSA + PS,777,476,9,12,0,1
0.05,SARSA + PS,777,477,9,12,0,1
0.05,SARSA + PS,777,478,14,7,0,1
0.05,SARSA + PS,777,479,8,13,0,1
0.05,SARSA + PS,777,480,1,20,0,1
0.05,SARSA + PS,777,481,8,13,0,1
0.05,SARSA + PS,777,482,15,6,0,1
0.05,SARSA + PS,777,483,-10,31,0,1
0.05,SARSA + PS,777,484,7,14,0,1
0.05,SARSA + PS,777,485,-8,29,0,1
0.05,SARSA + PS,777,486,7,14,0,1
0.05,SARSA + PS,777,487,9,12,0,1
0.05,SARSA + PS,777,488,9,12,0,1
0.05,SARSA + PS,777,489,10,11,0,1
0.05,SARSA + PS,777,490,-75,60,4,1
0.05,SARSA + PS,777,491,-12,33,0,1
0.05,SARSA + PS,777,492,8,13,0,1
0.05,SARSA + PS,777,493,14,7,0,1
0.05,SARSA + PS,777,494,-8,20,1,1
0.05,SARSA + PS,777,495,8,13,0,1
0.05,SARSA + PS,777,496,-12,24,1,1
0.05,SARSA + PS,777,497,-1,13,1,1
0.05,SARSA + PS,777,498,9,12,0,1
0.05,SARSA + PS,777,499,12,9,0,1
0.05,SARSA + PS,999,0,-563,170,46,1
0.05,SARSA + PS,999,1,-812,200,68,0
0.05,SARSA + PS,999,2,-713,200,57,0
0.05,SARSA + PS,999,3,-812,200,68,0
0.05,SARSA + PS,999,4,-767,200,63,0
0.05,SARSA + PS,999,5,-578,200,42,0
0.05,SARSA + PS,999,6,-236,200,4,0
0.05,SARSA + PS,999,7,-246,78,21,1
0.05,SARSA + PS,999,8,-722,200,58,0
0.05,SARSA + PS,999,9,-794,200,66,0
0.05,SARSA + PS,999,10,-722,200,58,0
0.05,SARSA + PS,999,11,-758,200,62,0
0.05,SARSA + PS,999,12,-686,200,54,0
0.05,SARSA + PS,999,13,-677,200,53,0
0.05,SARSA + PS,999,14,-686,200,54,0
0.05,SARSA + PS,999,15,-623,200,47,0
0.05,SARSA + PS,999,16,-821,200,69,0
0.05,SARSA + PS,999,17,-331,109,27,1
0.05,SARSA + PS,999,18,-371,200,19,0
0.05,SARSA + PS,999,19,-686,200,54,0
0.05,SARSA + PS,999,20,-623,200,47,0
0.05,SARSA + PS,999,21,12,9,0,1
0.05,SARSA + PS,999,22,-389,200,21,0
0.05,SARSA + PS,999,23,-23,26,2,1
0.05,SARSA + PS,999,24,-49,52,2,1
0.05,SARSA + PS,999,25,-236,200,4,0
0.05,SARSA + PS,999,26,-488,200,32,0
0.05,SARSA + PS,999,27,-677,200,53,0
0.05,SARSA + PS,999,28,-326,200,14,0
0.05,SARSA + PS,999,29,-308,200,12,0
0.05,SARSA + PS,999,30,-236,200,4,0
0.05,SARSA + PS,999,31,-326,200,14,0
0.05,SARSA + PS,999,32,-686,194,57,1
0.05,SARSA + PS,999,33,-236,200,4,0
0.05,SARSA + PS,999,34,6,15,0,1
0.05,SARSA + PS,999,35,-425,200,25,0
0.05,SARSA + PS,999,36,-245,200,5,0
0.05,SARSA + PS,999,37,-218,200,2,0
0.05,SARSA + PS,999,38,-254,200,6,0
0.05,SARSA + PS,999,39,-134,65,10,1
0.05,SARSA + PS,999,40,-3,24,0,1
0.05,SARSA + PS,999,41,-497,200,33,0
0.05,SARSA + PS,999,42,-85,97,1,1
0.05,SARSA + PS,999,43,-497,200,33,0
0.05,SARSA + PS,999,44,-296,146,19,1
0.05,SARSA + PS,999,45,-246,177,10,1
0.05,SARSA + PS,999,46,-120,141,0,1
0.05,SARSA + PS,999,47,-36,57,0,1
0.05,SARSA + PS,999,48,-218,200,2,0
0.05,SARSA + PS,999,49,-171,174,2,1
0.05,SARSA + PS,999,50,-36,48,1,1
0.05,SARSA + PS,999,51,10,11,0,1
0.05,SARSA + PS,999,52,-218,200,2,0
0.05,SARSA + PS,999,53,-209,200,1,0
0.05,SARSA + PS,999,54,-560,200,40,0
0.05,SARSA + PS,999,55,-695,200,55,0
0.05,SARSA + PS,999,56,-245,200,5,0
0.05,SARSA + PS,999,57,-199,175,5,1
0.05,SARSA + PS,999,58,-236,200,4,0
0.05,SARSA + PS,999,59,-254,200,6,0
0.05,SARSA + PS,999,60,-189,183,3,1
0.05,SARSA + PS,999,61,-245,200,5,0
0.05,SARSA + PS,999,62,-254,200,6,0
0.05,SARSA + PS,999,63,-227,200,3,0
0.05,SARSA + PS,999,64,-97,118,0,1
0.05,SARSA + PS,999,65,-51,72,0,1
0.05,SARSA + PS,999,66,-245,200,5,0
0.05,SARSA + PS,999,67,-227,176,8,1
0.05,SARSA + PS,999,68,-145,148,2,1
0.05,SARSA + PS,999,69,-138,159,0,1
0.05,SARSA + PS,999,70,13,8,0,1
0.05,SARSA + PS,999,71,-236,200,4,0
0.05,SARSA + PS,999,72,-245,200,5,0
0.05,SARSA + PS,999,73,-13,34,0,1
0.05,SARSA + PS,999,74,-227,200,3,0
0.05,SARSA + PS,999,75,1,20,0,1
0.05,SARSA + PS,999,76,-236,200,4,0
0.05,SARSA + PS,999,77,-100,121,0,1
0.05,SARSA + PS,999,78,-236,200,4,0
0.05,SARSA + PS,999,79,-161,182,0,1
0.05,SARSA + PS,999,80,-208,184,5,1
0.05,SARSA + PS,999,81,-78,90,1,1
0.05,SARSA + PS,999,82,-48,60,1,1
0.05,SARSA + PS,999,83,-120,132,1,1
0.05,SARSA + PS,999,84,13,8,0,1
0.05,SARSA + PS,999,85,-91,76,4,1
0.05,SARSA + PS,999,86,-42,54,1,1
0.05,SARSA + PS,999,87,-27,48,0,1
0.05,SARSA + PS,999,88,1,20,0,1
0.05,SARSA + PS,999,89,-24,45,0,1
0.05,SARSA + PS,999,90,12,9,0,1
0.05,SARSA + PS,999,91,-120,123,2,1
0.05,SARSA + PS,999,92,-35,56,0,1
0.05,SARSA + PS,999,93,-116,119,2,1
0.05,SARSA + PS,999,94,-72,84,1,1
0.05,SARSA + PS,999,95,-30,51,0,1
0.05,SARSA + PS,999,96,-55,67,1,1
0.05,SARSA + PS,999,97,-56,77,0,1
0.05,SARSA + PS,999,98,4,17,0,1
0.05,SARSA + PS,999,99,-55,58,2,1
0.05,SARSA + PS,999,100,3,18,0,1
0.05,SARSA + PS,999,101,-15,36,0,1
0.05,SARSA + PS,999,102,-34,55,0,1
0.05,SARSA + PS,999,103,-236,200,4,0
0.05,SARSA + PS,999,104,-90,102,1,1
0.05,SARSA + PS,999,105,-245,200,5,0
0.05,SARSA + PS,999,106,-245,200,5,0
0.05,SARSA + PS,999,107,-139,133,3,1
0.05,SARSA + PS,999,108,-227,200,3,0
0.05,SARSA + PS,999,109,-100,103,2,1
0.05,SARSA + PS,999,110,-60,72,1,1
0.05,SARSA + PS,999,111,-48,69,0,1
0.05,SARSA + PS,999,112,-7,19,1,1
0.05,SARSA + PS,999,113,-182,158,5,1
0.05,SARSA + PS,999,114,-200,200,0,0
0.05,SARSA + PS,999,115,-41,62,0,1
0.05,SARSA + PS,999,116,-110,95,4,1
0.05,SARSA + PS,999,117,-44,65,0,1
0.05,SARSA + PS,999,118,-5,26,0,1
0.05,SARSA + PS,999,119,13,8,0,1
0.05,SARSA + PS,999,120,-33,54,0,1
0.05,SARSA + PS,999,121,-57,60,2,1
0.05,SARSA + PS,999,122,-227,200,3,0
0.05,SARSA + PS,999,123,-113,125,1,1
0.05,SARSA + PS,999,124,-50,71,0,1
0.05,SARSA + PS,999,125,-15,36,0,1
0.05,SARSA + PS,999,126,-206,191,4,1
0.05,SARSA + PS,999,127,10,11,0,1
0.05,SARSA + PS,999,128,-1,13,1,1
0.05,SARSA + PS,999,129,-89,83,3,1
0.05,SARSA + PS,999,130,-1,13,1,1
0.05,SARSA + PS,999,131,-236,200,4,0
0.05,SARSA + PS,999,132,-27,39,1,1
0.05,SARSA + PS,999,133,-78,81,2,1
0.05,SARSA + PS,999,134,-245,200,5,0
0.05,SARSA + PS,999,135,-52,46,3,1
0.05,SARSA + PS,999,136,-12,33,0,1
0.05,SARSA + PS,999,137,-35,47,1,1
0.05,SARSA + PS,999,138,-69,81,1,1
0.05,SARSA + PS,999,139,-236,200,4,0
0.05,SARSA + PS,999,140,-22,34,1,1
0.05,SARSA + PS,999,141,-76,79,2,1
0.05,SARSA + PS,999,142,14,7,0,1
0.05,SARSA + PS,999,143,-7,28,0,1
0.05,SARSA + PS,999,144,-36,30,3,1
0.05,SARSA + PS,999,145,-98,92,3,1
0.05,SARSA + PS,999,146,-27,48,0,1
0.05,SARSA + PS,999,147,-135,120,4,1
0.05,SARSA + PS,999,148,-113,134,0,1
0.05,SARSA + PS,999,149,14,7,0,1
0.05,SARSA + PS,999,150,-7,28,0,1
0.05,SARSA + PS,999,151,-11,32,0,1
0.05,SARSA + PS,999,152,-6,18,1,1
0.05,SARSA + PS,999,153,-44,56,1,1
0.05,SARSA + PS,999,154,14,7,0,1
0.05,SARSA + PS,999,155,9,12,0,1
0.05,SARSA + PS,999,156,13,8,0,1
0.05,SARSA + PS,999,157,-218,200,2,0
0.05,SARSA + PS,999,158,-42,45,2,1
0.05,SARSA + PS,999,159,-8,29,0,1
0.05,SARSA + PS,999,160,0,21,0,1
0.05,SARSA + PS,999,161,6,15,0,1
0.05,SARSA + PS,999,162,9,12,0,1
0.05,SARSA + PS,999,163,10,11,0,1
0.05,SARSA + PS,999,164,-12,33,0,1
0.05,SARSA + PS,999,165,-241,190,8,1
0.05,SARSA + PS,999,166,-227,200,3,0
0.05,SARSA + PS,999,167,-42,63,0,1
0.05,SARSA + PS,999,168,-21,42,0,1
0.05,SARSA + PS,999,169,9,12,0,1
0.05,SARSA + PS,999,170,9,12,0,1
0.05,SARSA + PS,999,171,-26,47,0,1
0.05,SARSA + PS,999,172,-20,41,0,1
0.05,SARSA + PS,999,173,-11,32,0,1
0.05,SARSA + PS,999,174,14,7,0,1
0.05,SARSA + PS,999,175,9,12,0,1
0.05,SARSA + PS,999,176,9,12,0,1
0.05,SARSA + PS,999,177,11,10,0,1
0.05,SARSA + PS,999,178,-209,200,1,0
0.05,SARSA + PS,999,179,-8,29,0,1
0.05,SARSA + PS,999,180,9,12,0,1
0.05,SARSA + PS,999,181,10,11,0,1
0.05,SARSA + PS,999,182,-55,58,2,1
0.05,SARSA + PS,999,183,11,10,0,1
0.05,SARSA + PS,999,184,11,10,0,1
0.05,SARSA + PS,999,185,10,11,0,1
0.05,SARSA + PS,999,186,-29,50,0,1
0.05,SARSA + PS,999,187,0,21,0,1
0.05,SARSA + PS,999,188,0,12,1,1
0.05,SARSA + PS,999,189,8,13,0,1
0.05,SARSA + PS,999,190,-75,78,2,1
0.05,SARSA + PS,999,191,-9,21,1,1
0.05,SARSA + PS,999,192,-38,59,0,1
0.05,SARSA + PS,999,193,-118,121,2,1
0.05,SARSA + PS,999,194,6,15,0,1
0.05,SARSA + PS,999,195,10,11,0,1
0.05,SARSA + PS,999,196,12,9,0,1
0.05,SARSA + PS,999,197,9,12,0,1
0.05,SARSA + PS,999,198,-114,126,1,1
0.05,SARSA + PS,999,199,-2,23,0,1
0.05,SARSA + PS,999,200,-7,19,1,1
0.05,SARSA + PS,999,201,12,9,0,1
0.05,SARSA + PS,999,202,12,9,0,1
0.05,SARSA + PS,999,203,14,7,0,1
0.05,SARSA + PS,999,204,6,15,0,1
0.05,SARSA + PS,999,205,10,11,0,1
0.05,SARSA + PS,999,206,-17,29,1,1
0.05,SARSA + PS,999,207,11,10,0,1
0.05,SARSA + PS,999,208,14,7,0,1
0.05,SARSA + PS,999,209,-32,44,1,1
0.05,SARSA + PS,999,210,4,17,0,1
0.05,SARSA + PS,999,211,9,12,0,1
0.05,SARSA + PS,999,212,10,11,0,1
0.05,SARSA + PS,999,213,10,11,0,1
0.05,SARSA + PS,999,214,-124,118,3,1
0.05,SARSA + PS,999,215,-77,80,2,1
0.05,SARSA + PS,999,216,-117,120,2,1
0.05,SARSA + PS,999,217,9,12,0,1
0.05,SARSA + PS,999,218,-170,155,4,1
0.05,SARSA + PS,999,219,11,10,0,1
0.05,SARSA + PS,999,220,-1,13,1,1
0.05,SARSA + PS,999,221,11,10,0,1
0.05,SARSA + PS,999,222,-20,23,2,1
0.05,SARSA + PS,999,223,6,15,0,1
0.05,SARSA + PS,999,224,0,12,1,1
0.05,SARSA + PS,999,225,4,17,0,1
0.05,SARSA + PS,999,226,-17,38,0,1
0.05,SARSA + PS,999,227,10,11,0,1
0.05,SARSA + PS,999,228,4,17,0,1
0.05,SARSA + PS,999,229,-39,60,0,1
0.05,SARSA + PS,999,230,-12,33,0,1
0.05,SARSA + PS,999,231,9,12,0,1
0.05,SARSA + PS,999,232,11,10,0,1
0.05,SARSA + PS,999,233,-7,28,0,1
0.05,SARSA + PS,999,234,12,9,0,1
0.05,SARSA + PS,999,235,-106,46,9,1
0.05,SARSA + PS,999,236,4,8,1,1
0.05,SARSA + PS,999,237,14,7,0,1
0.05,SARSA + PS,999,238,11,10,0,1
0.05,SARSA + PS,999,239,4,17,0,1
0.05,SARSA + PS,999,240,-40,61,0,1
0.05,SARSA + PS,999,241,-5,26,0,1
0.05,SARSA + PS,999,242,-9,21,1,1
0.05,SARSA + PS,999,243,14,7,0,1
0.05,SARSA + PS,999,244,10,11,0,1
0.05,SARSA + PS,999,245,-20,32,1,1
0.05,SARSA + PS,999,246,-21,33,1,1
0.05,SARSA + PS,999,247,14,7,0,1
0.05,SARSA + PS,999,248,-10,22,1,1
0.05,SARSA + PS,999,249,-18,30,1,1
0.05,SARSA + PS,999,250,11,10,0,1
0.05,SARSA + PS,999,251,9,12,0,1
0.05,SARSA + PS,999,252,8,13,0,1
0.05,SARSA + PS,999,253,-1,22,0,1
0.05,SARSA + PS,999,254,9,12,0,1
0.05,SARSA + PS,999,255,6,15,0,1
0.05,SARSA + PS,999,256,4,8,1,1
0.05,SARSA + PS,999,257,-2,14,1,1
0.05,SARSA + PS,999,258,-13,34,0,1
0.05,SARSA + PS,999,259,8,13,0,1
0.05,SARSA + PS,999,260,13,8,0,1
0.05,SARSA + PS,999,261,-78,90,1,1
0.05,SARSA + PS,999,262,-84,96,1,1
0.05,SARSA + PS,999,263,-11,32,0,1
0.05,SARSA + PS,999,264,5,16,0,1
0.05,SARSA + PS,999,265,-5,17,1,1
0.05,SARSA + PS,999,266,9,12,0,1
0.05,SARSA + PS,999,267,9,12,0,1
0.05,SARSA + PS,999,268,-12,33,0,1
0.05,SARSA + PS,999,269,-73,94,0,1
0.05,SARSA + PS,999,270,-5,17,1,1
0.05,SARSA + PS,999,271,14,7,0,1
0.05,SARSA + PS,999,272,-20,23,2,1
0.05,SARSA + PS,999,273,-68,71,2,1
0.05,SARSA + PS,999,274,4,17,0,1
0.05,SARSA + PS,999,275,7,14,0,1
0.05,SARSA + PS,999,276,9,12,0,1
0.05,SARSA + PS,999,277,12,9,0,1
0.05,SARSA + PS,999,278,11,10,0,1
0.05,SARSA + PS,999,279,-24,45,0,1
0.05,SARSA + PS,999,280,9,12,0,1
0.05,SARSA + PS,999,281,12,9,0,1
0.05,SARSA + PS,999,282,1,20,0,1
0.05,SARSA + PS,999,283,8,13,0,1
0.05,SARSA + PS,999,284,9,12,0,1
0.05,SARSA + PS,999,285,-4,25,0,1
0.05,SARSA + PS,999,286,-1,22,0,1
0.05,SARSA + PS,999,287,-10,13,2,1
0.05,SARSA + PS,999,288,-81,75,3,1
0.05,SARSA + PS,999,289,11,10,0,1
0.05,SARSA + PS,999,290,-37,58,0,1
0.05,SARSA + PS,999,291,-37,58,0,1
0.05,SARSA + PS,999,292,-17,29,1,1
0.05,SARSA + PS,999,293,9,12,0,1
0.05,SARSA + PS,999,294,11,10,0,1
0.05,SARSA + PS,999,295,15,6,0,1
0.05,SARSA + PS,999,296,-29,32,2,1
0.05,SARSA + PS,999,297,2,19,0,1
0.05,SARSA + PS,999,298,2,19,0,1
0.05,SARSA + PS,999,299,8,13,0,1
0.05,SARSA + PS,999,300,9,12,0,1
0.05,SARSA + PS,999,301,0,21,0,1
0.05,SARSA + PS,999,302,-53,56,2,1
0.05,SARSA + PS,999,303,-4,25,0,1
0.05,SARSA + PS,999,304,10,11,0,1
0.05,SARSA + PS,999,305,-30,42,1,1
0.05,SARSA + PS,999,306,3,9,1,1
0.05,SARSA + PS,999,307,-48,51,2,1
0.05,SARSA + PS,999,308,-5,17,1,1
0.05,SARSA + PS,999,309,-9,21,1,1
0.05,SARSA + PS,999,310,-172,184,1,1
0.05,SARSA + PS,999,311,11,10,0,1
0.05,SARSA + PS,999,312,9,12,0,1
0.05,SARSA + PS,999,313,-128,113,4,1
0.05,SARSA + PS,999,314,7,14,0,1
0.05,SARSA + PS,999,315,-24,45,0,1
0.05,SARSA + PS,999,316,-45,57,1,1
0.05,SARSA + PS,999,317,-1,13,1,1
0.05,SARSA + PS,999,318,-65,68,2,1
0.05,SARSA + PS,999,319,-2,14,1,1
0.05,SARSA + PS,999,320,-15,27,1,1
0.05,SARSA + PS,999,321,-20,23,2,1
0.05,SARSA + PS,999,322,-2,23,0,1
0.05,SARSA + PS,999,323,5,16,0,1
0.05,SARSA + PS,999,324,-155,140,4,1
0.05,SARSA + PS,999,325,-8,11,2,1
0.05,SARSA + PS,999,326,13,8,0,1
0.05,SARSA + PS,999,327,8,13,0,1
0.05,SARSA + PS,999,328,-13,34,0,1
0.05,SARSA + PS,999,329,13,8,0,1
0.05,SARSA + PS,999,330,11,10,0,1
0.05,SARSA + PS,999,331,8,13,0,1
0.05,SARSA + PS,999,332,-4,16,1,1
0.05,SARSA + PS,999,333,-38,50,1,1
0.05,SARSA + PS,999,334,0,12,1,1
0.05,SARSA + PS,999,335,-3,15,1,1
0.05,SARSA + PS,999,336,10,11,0,1
0.05,SARSA + PS,999,337,6,15,0,1
0.05,SARSA + PS,999,338,4,17,0,1
0.05,SARSA + PS,999,339,-4,25,0,1
0.05,SARSA + PS,999,340,-15,36,0,1
0.05,SARSA + PS,999,341,9,12,0,1
0.05,SARSA + PS,999,342,-11,14,2,1
0.05,SARSA + PS,999,343,11,10,0,1
0.05,SARSA + PS,999,344,-12,33,0,1
0.05,SARSA + PS,999,345,-14,17,2,1
0.05,SARSA + PS,999,346,5,16,0,1
0.05,SARSA + PS,999,347,1,20,0,1
0.05,SARSA + PS,999,348,9,12,0,1
0.05,SARSA + PS,999,349,0,21,0,1
0.05,SARSA + PS,999,350,-2,14,1,1
0.05,SARSA + PS,999,351,-32,44,1,1
0.05,SARSA + PS,999,352,8,13,0,1
0.05,SARSA + PS,999,353,2,19,0,1
0.05,SARSA + PS,999,354,12,9,0,1
0.05,SARSA + PS,999,355,-15,36,0,1
0.05,SARSA + PS,999,356,-35,47,1,1
0.05,SARSA + PS,999,357,10,11,0,1
0.05,SARSA + PS,999,358,-135,129,3,1
0.05,SARSA + PS,999,359,6,15,0,1
0.05,SARSA + PS,999,360,9,12,0,1
0.05,SARSA + PS,999,361,10,11,0,1
0.05,SARSA + PS,999,362,-4,16,1,1
0.05,SARSA + PS,999,363,3,18,0,1
0.05,SARSA + PS,999,364,9,12,0,1
0.05,SARSA + PS,999,365,11,10,0,1
0.05,SARSA + PS,999,366,14,7,0,1
0.05,SARSA + PS,999,367,-1,22,0,1
0.05,SARSA + PS,999,368,7,14,0,1
0.05,SARSA + PS,999,369,8,13,0,1
0.05,SARSA + PS,999,370,-1,22,0,1
0.05,SARSA + PS,999,371,11,10,0,1
0.05,SARSA + PS,999,372,11,10,0,1
0.05,SARSA + PS,999,373,-20,41,0,1
0.05,SARSA + PS,999,374,13,8,0,1
0.05,SARSA + PS,999,375,-8,29,0,1
0.05,SARSA + PS,999,376,8,13,0,1
0.05,SARSA + PS,999,377,11,10,0,1
0.05,SARSA + PS,999,378,12,9,0,1
0.05,SARSA + PS,999,379,7,14,0,1
0.05,SARSA + PS,999,380,10,11,0,1
0.05,SARSA + PS,999,381,2,19,0,1
0.05,SARSA + PS,999,382,-42,45,2,1
0.05,SARSA + PS,999,383,5,16,0,1
0.05,SARSA + PS,999,384,8,13,0,1
0.05,SARSA + PS,999,385,10,11,0,1
0.05,SARSA + PS,999,386,8,13,0,1
0.05,SARSA + PS,999,387,8,13,0,1
0.05,SARSA + PS,999,388,-9,30,0,1
0.05,SARSA + PS,999,389,-33,45,1,1
0.05,SARSA + PS,999,390,6,15,0,1
0.05,SARSA + PS,999,391,-1,22,0,1
0.05,SARSA + PS,999,392,-92,95,2,1
0.05,SARSA + PS,999,393,-4,25,0,1
0.05,SARSA + PS,999,394,-11,23,1,1
0.05,SARSA + PS,999,395,9,12,0,1
0.05,SARSA + PS,999,396,-33,36,2,1
0.05,SARSA + PS,999,397,10,11,0,1
0.05,SARSA + PS,999,398,-26,47,0,1
0.05,SARSA + PS,999,399,-6,27,0,1
0.05,SARSA + PS,999,400,0,12,1,1
0.05,SARSA + PS,999,401,9,12,0,1
0.05,SARSA + PS,999,402,11,10,0,1
0.05,SARSA + PS,999,403,5,16,0,1
0.05,SARSA + PS,999,404,6,15,0,1
0.05,SARSA + PS,999,405,-2,23,0,1
0.05,SARSA + PS,999,406,-1,22,0,1
0.05,SARSA + PS,999,407,11,10,0,1
0.05,SARSA + PS,999,408,12,9,0,1
0.05,SARSA + PS,999,409,6,15,0,1
0.05,SARSA + PS,999,410,-40,52,1,1
0.05,SARSA + PS,999,411,8,13,0,1
0.05,SARSA + PS,999,412,-23,44,0,1
0.05,SARSA + PS,999,413,12,9,0,1
0.05,SARSA + PS,999,414,-43,55,1,1
0.05,SARSA + PS,999,415,12,9,0,1
0.05,SARSA + PS,999,416,-1,13,1,1
0.05,SARSA + PS,999,417,9,12,0,1
0.05,SARSA + PS,999,418,-37,49,1,1
0.05,SARSA + PS,999,419,11,10,0,1
0.05,SARSA + PS,999,420,7,14,0,1
0.05,SARSA + PS,999,421,12,9,0,1
0.05,SARSA + PS,999,422,-11,32,0,1
0.05,SARSA + PS,999,423,6,15,0,1
0.05,SARSA + PS,999,424,11,10,0,1
0.05,SARSA + PS,999,425,-1,22,0,1
0.05,SARSA + PS,999,426,-57,78,0,1
0.05,SARSA + PS,999,427,8,13,0,1
0.05,SARSA + PS,999,428,12,9,0,1
0.05,SARSA + PS,999,429,1,20,0,1
0.05,SARSA + PS,999,430,7,14,0,1
0.05,SARSA + PS,999,431,-49,43,3,1
0.05,SARSA + PS,999,432,11,10,0,1
0.05,SARSA + PS,999,433,6,15,0,1
0.05,SARSA + PS,999,434,0,12,1,1
0.05,SARSA + PS,999,435,14,7,0,1
0.05,SARSA + PS,999,436,8,13,0,1
0.05,SARSA + PS,999,437,5,16,0,1
0.05,SARSA + PS,999,438,12,9,0,1
0.05,SARSA + PS,999,439,8,13,0,1
0.05,SARSA + PS,999,440,12,9,0,1
0.05,SARSA + PS,999,441,9,12,0,1
0.05,SARSA + PS,999,442,10,11,0,1
0.05,SARSA + PS,999,443,14,7,0,1
0.05,SARSA + PS,999,444,-8,29,0,1
0.05,SARSA + PS,999,445,11,10,0,1
0.05,SARSA + PS,999,446,11,10,0,1
0.05,SARSA + PS,999,447,11,10,0,1
0.05,SARSA + PS,999,448,-21,42,0,1
0.05,SARSA + PS,999,449,7,14,0,1
0.05,SARSA + PS,999,450,-1,13,1,1
0.05,SARSA + PS,999,451,10,11,0,1
0.05,SARSA + PS,999,452,13,8,0,1
0.05,SARSA + PS,999,453,-20,23,2,1
0.05,SARSA + PS,999,454,-4,16,1,1
0.05,SARSA + PS,999,455,-3,15,1,1
0.05,SARSA + PS,999,456,10,11,0,1
0.05,SARSA + PS,999,457,5,16,0,1
0.05,SARSA + PS,999,458,9,12,0,1
0.05,SARSA + PS,999,459,7,14,0,1
0.05,SARSA + PS,999,460,11,10,0,1
0.05,SARSA + PS,999,461,8,13,0,1
0.05,SARSA + PS,999,462,-7,28,0,1
0.05,SARSA + PS,999,463,-23,44,0,1
0.05,SARSA + PS,999,464,-7,19,1,1
0.05,SARSA + PS,999,465,10,11,0,1
0.05,SARSA + PS,999,466,-5,17,1,1
0.05,SARSA + PS,999,467,10,11,0,1
0.05,SARSA + PS,999,468,-32,44,1,1
0.05,SARSA + PS,999,469,1,20,0,1
0.05,SARSA + PS,999,470,-7,28,0,1
0.05,SARSA + PS,999,471,-4,16,1,1
0.05,SARSA + PS,999,472,-50,62,1,1
0.05,SARSA + PS,999,473,-1,22,0,1
0.05,SARSA + PS,999,474,-3,24,0,1
0.05,SARSA + PS,999,475,9,12,0,1
0.05,SARSA + PS,999,476,7,14,0,1
0.05,SARSA + PS,999,477,-17,38,0,1
0.05,SARSA + PS,999,478,-6,27,0,1
0.05,SARSA + PS,999,479,8,13,0,1
0.05,SARSA + PS,999,480,8,13,0,1
0.05,SARSA + PS,999,481,-3,24,0,1
0.05,SARSA + PS,999,482,14,7,0,1
0.05,SARSA + PS,999,483,3,18,0,1
0.05,SARSA + PS,999,484,8,13,0,1
0.05,SARSA + PS,999,485,4,17,0,1
0.05,SARSA + PS,999,486,-38,59,0,1
0.05,SARSA + PS,999,487,7,14,0,1
0.05,SARSA + PS,999,488,13,8,0,1
0.05,SARSA + PS,999,489,-1,13,1,1
0.05,SARSA + PS,999,490,10,11,0,1
0.05,SARSA + PS,999,491,-3,15,1,1
0.05,SARSA + PS,999,492,11,10,0,1
0.05,SARSA + PS,999,493,-7,19,1,1
0.05,SARSA + PS,999,494,4,17,0,1
0.05,SARSA + PS,999,495,-1,13,1,1
0.05,SARSA + PS,999,496,3,9,1,1
0.05,SARSA + PS,999,497,-51,54,2,1
0.05,SARSA + PS,999,498,7,14,0,1
0.05,SARSA + PS,999,499,4,17,0,1
0.05,SARSA + PS,2024,0,-650,200,50,0
0.05,SARSA + PS,2024,1,-478,148,39,1
0.05,SARSA + PS,2024,2,-704,200,56,0
0.05,SARSA + PS,2024,3,-587,200,43,0
0.05,SARSA + PS,2024,4,-722,200,58,0
0.05,SARSA + PS,2024,5,-686,200,54,0
0.05,SARSA + PS,2024,6,-434,200,26,0
0.05,SARSA + PS,2024,7,-767,200,63,0
0.05,SARSA + PS,2024,8,-758,200,62,0
0.05,SARSA + PS,2024,9,-740,200,60,0
0.05,SARSA + PS,2024,10,-893,200,77,0
0.05,SARSA + PS,2024,11,-605,200,45,0
0.05,SARSA + PS,2024,12,-502,145,42,1
0.05,SARSA + PS,2024,13,-515,200,35,0
0.05,SARSA + PS,2024,14,-403,127,33,1
0.05,SARSA + PS,2024,15,-596,200,44,0
0.05,SARSA + PS,2024,16,-812,200,68,0
0.05,SARSA + PS,2024,17,-218,200,2,0
0.05,SARSA + PS,2024,18,-389,200,21,0
0.05,SARSA + PS,2024,19,-371,200,19,0
0.05,SARSA + PS,2024,20,-124,109,4,1
0.05,SARSA + PS,2024,21,-254,200,6,0
0.05,SARSA + PS,2024,22,-605,200,45,0
0.05,SARSA + PS,2024,23,-335,200,15,0
0.05,SARSA + PS,2024,24,-114,99,4,1
0.05,SARSA + PS,2024,25,-659,200,51,0
0.05,SARSA + PS,2024,26,-66,60,3,1
0.05,SARSA + PS,2024,27,-303,135,21,1
0.05,SARSA + PS,2024,28,-52,55,2,1
0.05,SARSA + PS,2024,29,-209,200,1,0
0.05,SARSA + PS,2024,30,-515,200,35,0
0.05,SARSA + PS,2024,31,-393,126,32,1
0.05,SARSA + PS,2024,32,-30,15,4,1
0.05,SARSA + PS,2024,33,-39,15,5,1
0.05,SARSA + PS,2024,34,-785,200,65,0
0.05,SARSA + PS,2024,35,-236,200,4,0
0.05,SARSA + PS,2024,36,-884,200,76,0
0.05,SARSA + PS,2024,37,-451,175,33,1
0.05,SARSA + PS,2024,38,-200,185,4,1
0.05,SARSA + PS,2024,39,-26,47,0,1
0.05,SARSA + PS,2024,40,-740,200,60,0
0.05,SARSA + PS,2024,41,-227,200,3,0
0.05,SARSA + PS,2024,42,-18,39,0,1
0.05,SARSA + PS,2024,43,-236,200,4,0
0.05,SARSA + PS,2024,44,-57,69,1,1
0.05,SARSA + PS,2024,45,-236,200,4,0
0.05,SARSA + PS,2024,46,-236,200,4,0
0.05,SARSA + PS,2024,47,-88,91,2,1
0.05,SARSA + PS,2024,48,-104,116,1,1
0.05,SARSA + PS,2024,49,-290,200,10,0
0.05,SARSA + PS,2024,50,-218,200,2,0
0.05,SARSA + PS,2024,51,-97,91,3,1
0.05,SARSA + PS,2024,52,-166,160,3,1
0.05,SARSA + PS,2024,53,-80,92,1,1
0.05,SARSA + PS,2024,54,-206,191,4,1
0.05,SARSA + PS,2024,55,-56,59,2,1
0.05,SARSA + PS,2024,56,-236,200,4,0
0.05,SARSA + PS,2024,57,-227,200,3,0
0.05,SARSA + PS,2024,58,-127,139,1,1
0.05,SARSA + PS,2024,59,-236,200,4,0
0.05,SARSA + PS,2024,60,-317,200,13,0
0.05,SARSA + PS,2024,61,-4,25,0,1
0.05,SARSA + PS,2024,62,-704,200,56,0
0.05,SARSA + PS,2024,63,-140,143,2,1
0.05,SARSA + PS,2024,64,-38,59,0,1
0.05,SARSA + PS,2024,65,-227,200,3,0
0.05,SARSA + PS,2024,66,-8,29,0,1
0.05,SARSA + PS,2024,67,-1,22,0,1
0.05,SARSA + PS,2024,68,-19,40,0,1
0.05,SARSA + PS,2024,69,-245,200,5,0
0.05,SARSA + PS,2024,70,14,7,0,1
0.05,SARSA + PS,2024,71,-18,39,0,1
0.05,SARSA + PS,2024,72,-119,131,1,1
0.05,SARSA + PS,2024,73,-68,89,0,1
0.05,SARSA + PS,2024,74,-173,167,3,1
0.05,SARSA + PS,2024,75,11,10,0,1
0.05,SARSA + PS,2024,76,11,10,0,1
0.05,SARSA + PS,2024,77,-254,200,6,0
0.05,SARSA + PS,2024,78,-227,200,3,0
0.05,SARSA + PS,2024,79,-200,200,0,0
0.05,SARSA + PS,2024,80,-11,23,1,1
0.05,SARSA + PS,2024,81,-47,68,0,1
0.05,SARSA + PS,2024,82,-173,167,3,1
0.05,SARSA + PS,2024,83,7,14,0,1
0.05,SARSA + PS,2024,84,-90,93,2,1
0.05,SARSA + PS,2024,85,-236,200,4,0
0.05,SARSA + PS,2024,86,7,14,0,1
0.05,SARSA + PS,2024,87,-56,68,1,1
0.05,SARSA + PS,2024,88,-13,34,0,1
0.05,SARSA + PS,2024,89,10,11,0,1
0.05,SARSA + PS,2024,90,12,9,0,1
0.05,SARSA + PS,2024,91,-150,135,4,1
0.05,SARSA + PS,2024,92,-216,192,5,1
0.05,SARSA + PS,2024,93,12,9,0,1
0.05,SARSA + PS,2024,94,-164,149,4,1
0.05,SARSA + PS,2024,95,-15,27,1,1
0.05,SARSA + PS,2024,96,-180,174,3,1
0.05,SARSA + PS,2024,97,-124,118,3,1
0.05,SARSA + PS,2024,98,-10,31,0,1
0.05,SARSA + PS,2024,99,-171,174,2,1
0.05,SARSA + PS,2024,100,13,8,0,1
0.05,SARSA + PS,2024,101,6,15,0,1
0.05,SARSA + PS,2024,102,-96,108,1,1
0.05,SARSA + PS,2024,103,-245,200,5,0
0.05,SARSA + PS,2024,104,3,9,1,1
0.05,SARSA + PS,2024,105,2,19,0,1
0.05,SARSA + PS,2024,106,-22,25,2,1
0.05,SARSA + PS,2024,107,14,7,0,1
0.05,SARSA + PS,2024,108,-12,33,0,1
0.05,SARSA + PS,2024,109,-174,186,1,1
0.05,SARSA + PS,2024,110,-153,165,1,1
0.05,SARSA + PS,2024,111,-9,30,0,1
0.05,SARSA + PS,2024,112,-73,85,1,1
0.05,SARSA + PS,2024,113,-2,14,1,1
0.05,SARSA + PS,2024,114,10,11,0,1
0.05,SARSA + PS,2024,115,9,12,0,1
0.05,SARSA + PS,2024,116,-218,200,2,0
0.05,SARSA + PS,2024,117,-36,39,2,1
0.05,SARSA + PS,2024,118,5,16,0,1
0.05,SARSA + PS,2024,119,-56,32,5,1
0.05,SARSA + PS,2024,120,-23,35,1,1
0.05,SARSA + PS,2024,121,9,12,0,1
0.05,SARSA + PS,2024,122,5,16,0,1
0.05,SARSA + PS,2024,123,1,11,1,1
0.05,SARSA + PS,2024,124,-146,140,3,1
0.05,SARSA + PS,2024,125,12,9,0,1
0.05,SARSA + PS,2024,126,-92,86,3,1
0.05,SARSA + PS,2024,127,-47,68,0,1
0.05,SARSA + PS,2024,128,11,10,0,1
0.05,SARSA + PS,2024,129,-77,89,1,1
0.05,SARSA + PS,2024,130,-34,46,1,1
0.05,SARSA + PS,2024,131,-11,32,0,1
0.05,SARSA + PS,2024,132,13,8,0,1
0.05,SARSA + PS,2024,133,12,9,0,1
0.05,SARSA + PS,2024,134,8,13,0,1
0.05,SARSA + PS,2024,135,-76,79,2,1
0.05,SARSA + PS,2024,136,10,11,0,1
0.05,SARSA + PS,2024,137,-200,200,0,0
0.05,SARSA + PS,2024,138,-20,32,1,1
0.05,SARSA + PS,2024,139,10,11,0,1
0.05,SARSA + PS,2024,140,-100,121,0,1
0.05,SARSA + PS,2024,141,-222,198,5,1
0.05,SARSA + PS,2024,142,-218,200,2,0
0.05,SARSA + PS,2024,143,-254,200,6,0
0.05,SARSA + PS,2024,144,-21,42,0,1
0.05,SARSA + PS,2024,145,-16,19,2,1
0.05,SARSA + PS,2024,146,-58,79,0,1
0.05,SARSA + PS,2024,147,8,13,0,1
0.05,SARSA + PS,2024,148,-524,200,36,0
0.05,SARSA + PS,2024,149,-45,66,0,1
0.05,SARSA + PS,2024,150,-34,46,1,1
0.05,SARSA + PS,2024,151,-28,49,0,1
0.05,SARSA + PS,2024,152,13,8,0,1
0.05,SARSA + PS,2024,153,11,10,0,1
0.05,SARSA + PS,2024,154,13,8,0,1
0.05,SARSA + PS,2024,155,11,10,0,1
0.05,SARSA + PS,2024,156,-218,200,2,0
0.05,SARSA + PS,2024,157,-12,24,1,1
0.05,SARSA + PS,2024,158,11,10,0,1
0.05,SARSA + PS,2024,159,-36,39,2,1
0.05,SARSA + PS,2024,160,-79,91,1,1
0.05,SARSA + PS,2024,161,-46,58,1,1
0.05,SARSA + PS,2024,162,-101,104,2,1
0.05,SARSA + PS,2024,163,9,12,0,1
0.05,SARSA + PS,2024,164,13,8,0,1
0.05,SARSA + PS,2024,165,0,21,0,1
0.05,SARSA + PS,2024,166,7,14,0,1
0.05,SARSA + PS,2024,167,-15,36,0,1
0.05,SARSA + PS,2024,168,-54,66,1,1
0.05,SARSA + PS,2024,169,-105,90,4,1
0.05,SARSA + PS,2024,170,-26,47,0,1
0.05,SARSA + PS,2024,171,11,10,0,1
0.05,SARSA + PS,2024,172,-134,137,2,1
0.05,SARSA + PS,2024,173,-245,200,5,0
0.05,SARSA + PS,2024,174,-83,86,2,1
0.05,SARSA + PS,2024,175,-128,113,4,1
0.05,SARSA + PS,2024,176,-72,75,2,1
0.05,SARSA + PS,2024,177,1,20,0,1
0.05,SARSA + PS,2024,178,-17,29,1,1
0.05,SARSA + PS,2024,179,-109,103,3,1
0.05,SARSA + PS,2024,180,-103,106,2,1
0.05,SARSA + PS,2024,181,-14,26,1,1
0.05,SARSA + PS,2024,182,9,12,0,1
0.05,SARSA + PS,2024,183,5,16,0,1
0.05,SARSA + PS,2024,184,15,6,0,1
0.05,SARSA + PS,2024,185,6,15,0,1
0.05,SARSA + PS,2024,186,-46,67,0,1
0.05,SARSA + PS,2024,187,5,16,0,1
0.05,SARSA + PS,2024,188,-12,24,1,1
0.05,SARSA + PS,2024,189,-86,107,0,1
0.05,SARSA + PS,2024,190,1,20,0,1
0.05,SARSA + PS,2024,191,-245,200,5,0
0.05,SARSA + PS,2024,192,-37,40,2,1
0.05,SARSA + PS,2024,193,12,9,0,1
0.05,SARSA + PS,2024,194,-23,44,0,1
0.05,SARSA + PS,2024,195,-6,18,1,1
0.05,SARSA + PS,2024,196,8,13,0,1
0.05,SARSA + PS,2024,197,8,13,0,1
0.05,SARSA + PS,2024,198,7,14,0,1
0.05,SARSA + PS,2024,199,12,9,0,1
0.05,SARSA + PS,2024,200,-20,23,2,1
0.05,SARSA + PS,2024,201,10,11,0,1
0.05,SARSA + PS,2024,202,-26,38,1,1
0.05,SARSA + PS,2024,203,13,8,0,1
0.05,SARSA + PS,2024,204,-55,58,2,1
0.05,SARSA + PS,2024,205,9,12,0,1
0.05,SARSA + PS,2024,206,12,9,0,1
0.05,SARSA + PS,2024,207,-102,105,2,1
0.05,SARSA + PS,2024,208,-8,20,1,1
0.05,SARSA + PS,2024,209,-33,54,0,1
0.05,SARSA + PS,2024,210,-66,87,0,1
0.05,SARSA + PS,2024,211,4,17,0,1
0.05,SARSA + PS,2024,212,6,15,0,1
0.05,SARSA + PS,2024,213,-133,136,2,1
0.05,SARSA + PS,2024,214,10,11,0,1
0.05,SARSA + PS,2024,215,8,13,0,1
0.05,SARSA + PS,2024,216,-32,35,2,1
0.05,SARSA + PS,2024,217,-16,37,0,1
0.05,SARSA + PS,2024,218,-27,48,0,1
0.05,SARSA + PS,2024,219,-4,16,1,1
0.05,SARSA + PS,2024,220,-121,133,1,1
0.05,SARSA + PS,2024,221,-62,83,0,1
0.05,SARSA + PS,2024,222,-101,122,0,1
0.05,SARSA + PS,2024,223,-44,56,1,1
0.05,SARSA + PS,2024,224,-155,131,5,1
0.05,SARSA + PS,2024,225,9,12,0,1
0.05,SARSA + PS,2024,226,-43,55,1,1
0.05,SARSA + PS,2024,227,0,12,1,1
0.05,SARSA + PS,2024,228,-21,42,0,1
0.05,SARSA + PS,2024,229,10,11,0,1
0.05,SARSA + PS,2024,230,5,16,0,1
0.05,SARSA + PS,2024,231,-42,54,1,1
0.05,SARSA + PS,2024,232,5,16,0,1
0.05,SARSA + PS,2024,233,9,12,0,1
0.05,SARSA + PS,2024,234,-15,36,0,1
0.05,SARSA + PS,2024,235,-55,76,0,1
0.05,SARSA + PS,2024,236,9,12,0,1
0.05,SARSA + PS,2024,237,8,13,0,1
0.05,SARSA + PS,2024,238,-22,43,0,1
0.05,SARSA + PS,2024,239,-35,56,0,1
0.05,SARSA + PS,2024,240,11,10,0,1
0.05,SARSA + PS,2024,241,-3,24,0,1
0.05,SARSA + PS,2024,242,15,6,0,1
0.05,SARSA + PS,2024,243,-1,22,0,1
0.05,SARSA + PS,2024,244,1,20,0,1
0.05,SARSA + PS,2024,245,-28,31,2,1
0.05,SARSA + PS,2024,246,-10,22,1,1
0.05,SARSA + PS,2024,247,7,14,0,1
0.05,SARSA + PS,2024,248,9,12,0,1
0.05,SARSA + PS,2024,249,-8,29,0,1
0.05,SARSA + PS,2024,250,-11,23,1,1
0.05,SARSA + PS,2024,251,0,21,0,1
0.05,SARSA + PS,2024,252,2,19,0,1
0.05,SARSA + PS,2024,253,-21,33,1,1
0.05,SARSA + PS,2024,254,-44,56,1,1
0.05,SARSA + PS,2024,255,12,9,0,1
0.05,SARSA + PS,2024,256,11,10,0,1
0.05,SARSA + PS,2024,257,-3,15,1,1
0.05,SARSA + PS,2024,258,-17,38,0,1
0.05,SARSA + PS,2024,259,9,12,0,1
0.05,SARSA + PS,2024,260,-2,23,0,1
0.05,SARSA + PS,2024,261,9,12,0,1
0.05,SARSA + PS,2024,262,10,11,0,1
0.05,SARSA + PS,2024,263,-54,75,0,1
0.05,SARSA + PS,2024,264,-3,24,0,1
0.05,SARSA + PS,2024,265,-10,31,0,1
0.05,SARSA + PS,2024,266,-21,42,0,1
0.05,SARSA + PS,2024,267,1,20,0,1
0.05,SARSA + PS,2024,268,-143,137,3,1
0.05,SARSA + PS,2024,269,14,7,0,1
0.05,SARSA + PS,2024,270,-12,24,1,1
0.05,SARSA + PS,2024,271,11,10,0,1
0.05,SARSA + PS,2024,272,-24,36,1,1
0.05,SARSA + PS,2024,273,8,13,0,1
0.05,SARSA + PS,2024,274,10,11,0,1
0.05,SARSA + PS,2024,275,-11,32,0,1
0.05,SARSA + PS,2024,276,2,19,0,1
0.05,SARSA + PS,2024,277,10,11,0,1
0.05,SARSA + PS,2024,278,11,10,0,1
0.05,SARSA + PS,2024,279,6,15,0,1
0.05,SARSA + PS,2024,280,-2,23,0,1
0.05,SARSA + PS,2024,281,-131,152,0,1
0.05,SARSA + PS,2024,282,-19,40,0,1
0.05,SARSA + PS,2024,283,-11,32,0,1
0.05,SARSA + PS,2024,284,10,11,0,1
0.05,SARSA + PS,2024,285,-13,16,2,1
0.05,SARSA + PS,2024,286,10,11,0,1
0.05,SARSA + PS,2024,287,-62,74,1,1
0.05,SARSA + PS,2024,288,-24,36,1,1
0.05,SARSA + PS,2024,289,-4,16,1,1
0.05,SARSA + PS,2024,290,-1,22,0,1
0.05,SARSA + PS,2024,291,8,13,0,1
0.05,SARSA + PS,2024,292,-1,13,1,1
0.05,SARSA + PS,2024,293,-16,28,1,1
0.05,SARSA + PS,2024,294,5,16,0,1
0.05,SARSA + PS,2024,295,-131,134,2,1
0.05,SARSA + PS,2024,296,-32,44,1,1
0.05,SARSA + PS,2024,297,9,12,0,1
0.05,SARSA + PS,2024,298,-12,33,0,1
0.05,SARSA + PS,2024,299,8,13,0,1
0.05,SARSA + PS,2024,300,1,20,0,1
0.05,SARSA + PS,2024,301,0,21,0,1
0.05,SARSA + PS,2024,302,8,13,0,1
0.05,SARSA + PS,2024,303,0,12,1,1
0.05,SARSA + PS,2024,304,12,9,0,1
0.05,SARSA + PS,2024,305,10,11,0,1
0.05,SARSA + PS,2024,306,9,12,0,1
0.05,SARSA + PS,2024,307,4,17,0,1
0.05,SARSA + PS,2024,308,4,17,0,1
0.05,SARSA + PS,2024,309,-3,15,1,1
0.05,SARSA + PS,2024,310,-10,31,0,1
0.05,SARSA + PS,2024,311,8,13,0,1
0.05,SARSA + PS,2024,312,10,11,0,1
0.05,SARSA + PS,2024,313,-6,18,1,1
0.05,SARSA + PS,2024,314,-65,77,1,1
0.05,SARSA + PS,2024,315,-4,25,0,1
0.05,SARSA + PS,2024,316,-8,20,1,1
0.05,SARSA + PS,2024,317,-4,25,0,1
0.05,SARSA + PS,2024,318,-5,26,0,1
0.05,SARSA + PS,2024,319,-39,42,2,1
0.05,SARSA + PS,2024,320,-86,89,2,1
0.05,SARSA + PS,2024,321,-109,112,2,1
0.05,SARSA + PS,2024,322,8,13,0,1
0.05,SARSA + PS,2024,323,-71,74,2,1
0.05,SARSA + PS,2024,324,-2,14,1,1
0.05,SARSA + PS,2024,325,10,11,0,1
0.05,SARSA + PS,2024,326,0,21,0,1
0.05,SARSA + PS,2024,327,-171,156,4,1
0.05,SARSA + PS,2024,328,-3,24,0,1
0.05,SARSA + PS,2024,329,12,9,0,1
0.05,SARSA + PS,2024,330,7,14,0,1
0.05,SARSA + PS,2024,331,-20,41,0,1
0.05,SARSA + PS,2024,332,-7,19,1,1
0.05,SARSA + PS,2024,333,-13,25,1,1
0.05,SARSA + PS,2024,334,3,18,0,1
0.05,SARSA + PS,2024,335,-4,16,1,1
0.05,SARSA + PS,2024,336,9,12,0,1
0.05,SARSA + PS,2024,337,10,11,0,1
0.05,SARSA + PS,2024,338,13,8,0,1
0.05,SARSA + PS,2024,339,-70,73,2,1
0.05,SARSA + PS,2024,340,12,9,0,1
0.05,SARSA + PS,2024,341,11,10,0,1
0.05,SARSA + PS,2024,342,-2,23,0,1
0.05,SARSA + PS,2024,343,12,9,0,1
0.05,SARSA + PS,2024,344,-21,33,1,1
0.05,SARSA + PS,2024,345,-5,17,1,1
0.05,SARSA + PS,2024,346,-36,39,2,1
0.05,SARSA + PS,2024,347,10,11,0,1
0.05,SARSA + PS,2024,348,-121,133,1,1
0.05,SARSA + PS,2024,349,8,13,0,1
0.05,SARSA + PS,2024,350,-50,62,1,1
0.05,SARSA + PS,2024,351,10,11,0,1
0.05,SARSA + PS,2024,352,-2,14,1,1
0.05,SARSA + PS,2024,353,-7,28,0,1
0.05,SARSA + PS,2024,354,10,11,0,1
0.05,SARSA + PS,2024,355,6,15,0,1
0.05,SARSA + PS,2024,356,3,18,0,1
0.05,SARSA + PS,2024,357,14,7,0,1
0.05,SARSA + PS,2024,358,-52,55,2,1
0.05,SARSA + PS,2024,359,13,8,0,1
0.05,SARSA + PS,2024,360,8,13,0,1
0.05,SARSA + PS,2024,361,-98,101,2,1
0.05,SARSA + PS,2024,362,7,14,0,1
0.05,SARSA + PS,2024,363,8,13,0,1
0.05,SARSA + PS,2024,364,-11,23,1,1
0.05,SARSA + PS,2024,365,9,12,0,1
0.05,SARSA + PS,2024,366,7,14,0,1
0.05,SARSA + PS,2024,367,-21,33,1,1
0.05,SARSA + PS,2024,368,10,11,0,1
0.05,SARSA + PS,2024,369,-6,18,1,1
0.05,SARSA + PS,2024,370,-114,117,2,1
0.05,SARSA + PS,2024,371,7,14,0,1
0.05,SARSA + PS,2024,372,6,15,0,1
0.05,SARSA + PS,2024,373,13,8,0,1
0.05,SARSA + PS,2024,374,-4,25,0,1
0.05,SARSA + PS,2024,375,-20,41,0,1
0.05,SARSA + PS,2024,376,-25,28,2,1
0.05,SARSA + PS,2024,377,1,20,0,1
0.05,SARSA + PS,2024,378,-45,57,1,1
0.05,SARSA + PS,2024,379,-16,28,1,1
0.05,SARSA + PS,2024,380,11,10,0,1
0.05,SARSA + PS,2024,381,-37,58,0,1
0.05,SARSA + PS,2024,382,11,10,0,1
0.05,SARSA + PS,2024,383,-67,88,0,1
0.05,SARSA + PS,2024,384,10,11,0,1
0.05,SARSA + PS,2024,385,-13,25,1,1
0.05,SARSA + PS,2024,386,-26,38,1,1
0.05,SARSA + PS,2024,387,10,11,0,1
0.05,SARSA + PS,2024,388,-70,73,2,1
0.05,SARSA + PS,2024,389,9,12,0,1
0.05,SARSA + PS,2024,390,-15,27,1,1
0.05,SARSA + PS,2024,391,6,15,0,1
0.05,SARSA + PS,2024,392,10,11,0,1
0.05,SARSA + PS,2024,393,9,12,0,1
0.05,SARSA + PS,2024,394,10,11,0,1
0.05,SARSA + PS,2024,395,-3,15,1,1
0.05,SARSA + PS,2024,396,11,10,0,1
0.05,SARSA + PS,2024,397,-76,79,2,1
0.05,SARSA + PS,2024,398,-11,32,0,1
0.05,SARSA + PS,2024,399,4,17,0,1
0.05,SARSA + PS,2024,400,9,12,0,1
0.05,SARSA + PS,2024,401,11,10,0,1
0.05,SARSA + PS,2024,402,10,11,0,1
0.05,SARSA + PS,2024,403,0,12,1,1
0.05,SARSA + PS,2024,404,-26,38,1,1
0.05,SARSA + PS,2024,405,12,9,0,1
0.05,SARSA + PS,2024,406,11,10,0,1
0.05,SARSA + PS,2024,407,14,7,0,1
0.05,SARSA + PS,2024,408,-2,23,0,1
0.05,SARSA + PS,2024,409,-4,16,1,1
0.05,SARSA + PS,2024,410,9,12,0,1
0.05,SARSA + PS,2024,411,-2,14,1,1
0.05,SARSA + PS,2024,412,-4,16,1,1
0.05,SARSA + PS,2024,413,9,12,0,1
0.05,SARSA + PS,2024,414,-22,25,2,1
0.05,SARSA + PS,2024,415,-16,37,0,1
0.05,SARSA + PS,2024,416,-31,43,1,1
0.05,SARSA + PS,2024,417,3,18,0,1
0.05,SARSA + PS,2024,418,9,12,0,1
0.05,SARSA + PS,2024,419,-7,19,1,1
0.05,SARSA + PS,2024,420,11,10,0,1
0.05,SARSA + PS,2024,421,-5,17,1,1
0.05,SARSA + PS,2024,422,-35,56,0,1
0.05,SARSA + PS,2024,423,11,10,0,1
0.05,SARSA + PS,2024,424,8,13,0,1
0.05,SARSA + PS,2024,425,11,10,0,1
0.05,SARSA + PS,2024,426,9,12,0,1
0.05,SARSA + PS,2024,427,8,13,0,1
0.05,SARSA + PS,2024,428,6,15,0,1
0.05,SARSA + PS,2024,429,14,7,0,1
0.05,SARSA + PS,2024,430,11,10,0,1
0.05,SARSA + PS,2024,431,-21,24,2,1
0.05,SARSA + PS,2024,432,10,11,0,1
0.05,SARSA + PS,2024,433,-24,27,2,1
0.05,SARSA + PS,2024,434,-9,21,1,1
0.05,SARSA + PS,2024,435,7,14,0,1
0.05,SARSA + PS,2024,436,7,14,0,1
0.05,SARSA + PS,2024,437,-2,14,1,1
0.05,SARSA + PS,2024,438,-2,23,0,1
0.05,SARSA + PS,2024,439,0,21,0,1
0.05,SARSA + PS,2024,440,10,11,0,1
0.05,SARSA + PS,2024,441,11,10,0,1
0.05,SARSA + PS,2024,442,7,14,0,1
0.05,SARSA + PS,2024,443,-17,29,1,1
0.05,SARSA + PS,2024,444,-7,19,1,1
0.05,SARSA + PS,2024,445,-83,86,2,1
0.05,SARSA + PS,2024,446,7,14,0,1
0.05,SARSA + PS,2024,447,7,14,0,1
0.05,SARSA + PS,2024,448,11,10,0,1
0.05,SARSA + PS,2024,449,6,15,0,1
0.05,SARSA + PS,2024,450,7,14,0,1
0.05,SARSA + PS,2024,451,-27,39,1,1
0.05,SARSA + PS,2024,452,8,13,0,1
0.05,SARSA + PS,2024,453,4,17,0,1
0.05,SARSA + PS,2024,454,-1,13,1,1
0.05,SARSA + PS,2024,455,10,11,0,1
0.05,SARSA + PS,2024,456,-25,37,1,1
0.05,SARSA + PS,2024,457,10,11,0,1
0.05,SARSA + PS,2024,458,3,18,0,1
0.05,SARSA + PS,2024,459,3,18,0,1
0.05,SARSA + PS,2024,460,10,11,0,1
0.05,SARSA + PS,2024,461,1,20,0,1
0.05,SARSA + PS,2024,462,-19,31,1,1
0.05,SARSA + PS,2024,463,7,14,0,1
0.05,SARSA + PS,2024,464,-7,19,1,1
0.05,SARSA + PS,2024,465,7,14,0,1
0.05,SARSA + PS,2024,466,10,11,0,1
0.05,SARSA + PS,2024,467,7,14,0,1
0.05,SARSA + PS,2024,468,11,10,0,1
0.05,SARSA + PS,2024,469,-25,28,2,1
0.05,SARSA + PS,2024,470,11,10,0,1
0.05,SARSA + PS,2024,471,6,15,0,1
0.05,SARSA + PS,2024,472,-2,14,1,1
0.05,SARSA + PS,2024,473,9,12,0,1
0.05,SARSA + PS,2024,474,-63,75,1,1
0.05,SARSA + PS,2024,475,7,14,0,1
0.05,SARSA + PS,2024,476,4,17,0,1
0.05,SARSA + PS,2024,477,7,14,0,1
0.05,SARSA + PS,2024,478,11,10,0,1
0.05,SARSA + PS,2024,479,2,19,0,1
0.05,SARSA + PS,2024,480,-12,15,2,1
0.05,SARSA + PS,2024,481,10,11,0,1
0.05,SARSA + PS,2024,482,2,19,0,1
0.05,SARSA + PS,2024,483,-34,55,0,1
0.05,SARSA + PS,2024,484,12,9,0,1
0.05,SARSA + PS,2024,485,0,12,1,1
0.05,SARSA + PS,2024,486,9,12,0,1
0.05,SARSA + PS,2024,487,11,10,0,1
0.05,SARSA + PS,2024,488,8,13,0,1
0.05,SARSA + PS,2024,489,-4,25,0,1
0.05,SARSA + PS,2024,490,2,10,1,1
0.05,SARSA + PS,2024,491,-12,33,0,1
0.05,SARSA + PS,2024,492,8,13,0,1
0.05,SARSA + PS,2024,493,-6,18,1,1
0.05,SARSA + PS,2024,494,8,13,0,1
0.05,SARSA + PS,2024,495,9,12,0,1
0.05,SARSA + PS,2024,496,-12,33,0,1
0.05,SARSA + PS,2024,497,0,12,1,1
0.05,SARSA + PS,2024,498,8,13,0,1
0.05,SARSA + PS,2024,499,10,11,0,1
0.1,SARSA,42,0,-623,200,47,0
0.1,SARSA,42,1,-758,200,62,0
0.1,SARSA,42,2,-704,200,56,0
0.1,SARSA,42,3,-551,200,39,0
0.1,SARSA,42,4,-749,200,61,0
0.1,SARSA,42,5,-704,200,56,0
0.1,SARSA,42,6,-704,200,56,0
0.1,SARSA,42,7,-506,200,34,0
0.1,SARSA,42,8,-479,200,31,0
0.1,SARSA,42,9,-587,200,43,0
0.1,SARSA,42,10,-704,200,56,0
0.1,SARSA,42,11,-488,200,32,0
0.1,SARSA,42,12,-560,200,40,0
0.1,SARSA,42,13,-749,200,61,0
0.1,SARSA,42,14,-677,200,53,0
0.1,SARSA,42,15,-578,200,42,0
0.1,SARSA,42,16,-353,200,17,0
0.1,SARSA,42,17,-452,200,28,0
0.1,SARSA,42,18,-362,200,18,0
0.1,SARSA,42,19,-254,200,6,0
0.1,SARSA,42,20,-659,200,51,0
0.1,SARSA,42,21,-488,200,32,0
0.1,SARSA,42,22,-407,200,23,0
0.1,SARSA,42,23,-614,200,46,0
0.1,SARSA,42,24,-443,200,27,0
0.1,SARSA,42,25,-389,200,21,0
0.1,SARSA,42,26,-354,177,22,1
0.1,SARSA,42,27,-299,200,11,0
0.1,SARSA,42,28,-254,200,6,0
0.1,SARSA,42,29,-272,200,8,0
0.1,SARSA,42,30,-839,200,71,0
0.1,SARSA,42,31,-263,200,7,0
0.1,SARSA,42,32,-263,200,7,0
0.1,SARSA,42,33,-371,200,19,0
0.1,SARSA,42,34,-290,200,10,0
0.1,SARSA,42,35,-407,200,23,0
0.1,SARSA,42,36,-695,200,55,0
0.1,SARSA,42,37,-551,200,39,0
0.1,SARSA,42,38,-281,200,9,0
0.1,SARSA,42,39,-677,200,53,0
0.1,SARSA,42,40,-254,200,6,0
0.1,SARSA,42,41,-695,200,55,0
0.1,SARSA,42,42,-362,200,18,0
0.1,SARSA,42,43,14,7,0,1
0.1,SARSA,42,44,-236,200,4,0
0.1,SARSA,42,45,-272,200,8,0
0.1,SARSA,42,46,-176,161,4,1
0.1,SARSA,42,47,-290,200,10,0
0.1,SARSA,42,48,-235,148,12,1
0.1,SARSA,42,49,-344,200,16,0
0.1,SARSA,42,50,-272,200,8,0
0.1,SARSA,42,51,-290,200,10,0
0.1,SARSA,42,52,-236,200,4,0
0.1,SARSA,42,53,-281,200,9,0
0.1,SARSA,42,54,-605,200,45,0
0.1,SARSA,42,55,-263,200,7,0
0.1,SARSA,42,56,-272,200,8,0
0.1,SARSA,42,57,-389,200,21,0
0.1,SARSA,42,58,-43,46,2,1
0.1,SARSA,42,59,-263,200,7,0
0.1,SARSA,42,60,-196,172,5,1
0.1,SARSA,42,61,-344,200,16,0
0.1,SARSA,42,62,-263,200,7,0
0.1,SARSA,42,63,-236,200,4,0
0.1,SARSA,42,64,-263,200,7,0
0.1,SARSA,42,65,-245,200,5,0
0.1,SARSA,42,66,-245,200,5,0
0.1,SARSA,42,67,-335,200,15,0
0.1,SARSA,42,68,-272,200,8,0
0.1,SARSA,42,69,-218,200,2,0
0.1,SARSA,42,70,-236,200,4,0
0.1,SARSA,42,71,-236,200,4,0
0.1,SARSA,42,72,-236,200,4,0
0.1,SARSA,42,73,-114,81,6,1
0.1,SARSA,42,74,-317,200,13,0
0.1,SARSA,42,75,-157,115,7,1
0.1,SARSA,42,76,-254,200,6,0
0.1,SARSA,42,77,-227,200,3,0
0.1,SARSA,42,78,-83,86,2,1
0.1,SARSA,42,79,-335,200,15,0
0.1,SARSA,42,80,-326,200,14,0
0.1,SARSA,42,81,-58,61,2,1
0.1,SARSA,42,82,-272,200,8,0
0.1,SARSA,42,83,-254,200,6,0
0.1,SARSA,42,84,-41,44,2,1
0.1,SARSA,42,85,0,21,0,1
0.1,SARSA,42,86,-686,200,54,0
0.1,SARSA,42,87,-144,129,4,1
0.1,SARSA,42,88,-253,184,10,1
0.1,SARSA,42,89,-281,200,9,0
0.1,SARSA,42,90,-178,136,7,1
0.1,SARSA,42,91,-236,200,4,0
0.1,SARSA,42,92,-227,200,3,0
0.1,SARSA,42,93,-263,200,7,0
0.1,SARSA,42,94,-290,200,10,0
0.1,SARSA,42,95,-245,200,5,0
0.1,SARSA,42,96,-272,200,8,0
0.1,SARSA,42,97,-263,200,7,0
0.1,SARSA,42,98,-254,200,6,0
0.1,SARSA,42,99,-243,174,10,1
0.1,SARSA,42,100,-308,200,12,0
0.1,SARSA,42,101,-252,165,12,1
0.1,SARSA,42,102,-281,200,9,0
0.1,SARSA,42,103,-299,200,11,0
0.1,SARSA,42,104,-229,196,6,1
0.1,SARSA,42,105,-335,200,15,0
0.1,SARSA,42,106,-272,200,8,0
0.1,SARSA,42,107,-281,200,9,0
0.1,SARSA,42,108,-80,65,4,1
0.1,SARSA,42,109,-274,196,11,1
0.1,SARSA,42,110,-263,200,7,0
0.1,SARSA,42,111,-353,200,17,0
0.1,SARSA,42,112,-254,200,6,0
0.1,SARSA,42,113,-299,200,11,0
0.1,SARSA,42,114,-310,196,15,1
0.1,SARSA,42,115,3,18,0,1
0.1,SARSA,42,116,-335,200,15,0
0.1,SARSA,42,117,-254,200,6,0
0.1,SARSA,42,118,-14,17,2,1
0.1,SARSA,42,119,-326,200,14,0
0.1,SARSA,42,120,-245,200,5,0
0.1,SARSA,42,121,-263,200,7,0
0.1,SARSA,42,122,-244,184,9,1
0.1,SARSA,42,123,-227,200,3,0
0.1,SARSA,42,124,-281,200,9,0
0.1,SARSA,42,125,-221,125,13,1
0.1,SARSA,42,126,-236,200,4,0
0.1,SARSA,42,127,-254,200,6,0
0.1,SARSA,42,128,-290,200,10,0
0.1,SARSA,42,129,-264,195,10,1
0.1,SARSA,42,130,-308,200,12,0
0.1,SARSA,42,131,-174,132,7,1
0.1,SARSA,42,132,-290,200,10,0
0.1,SARSA,42,133,-245,200,5,0
0.1,SARSA,42,134,-245,200,5,0
0.1,SARSA,42,135,-188,164,5,1
0.1,SARSA,42,136,-213,189,5,1
0.1,SARSA,42,137,-263,200,7,0
0.1,SARSA,42,138,-263,200,7,0
0.1,SARSA,42,139,-380,200,20,0
0.1,SARSA,42,140,-236,200,4,0
0.1,SARSA,42,141,-263,149,15,1
0.1,SARSA,42,142,-245,200,5,0
0.1,SARSA,42,143,-236,200,4,0
0.1,SARSA,42,144,-290,200,10,0
0.1,SARSA,42,145,-410,188,27,1
0.1,SARSA,42,146,-254,200,6,0
0.1,SARSA,42,147,-218,200,2,0
0.1,SARSA,42,148,-290,200,10,0
0.1,SARSA,42,149,-169,154,4,1
0.1,SARSA,42,150,-153,102,8,1
0.1,SARSA,42,151,-317,200,13,0
0.1,SARSA,42,152,-87,72,4,1
0.1,SARSA,42,153,-71,74,2,1
0.1,SARSA,42,154,-344,200,16,0
0.1,SARSA,42,155,-159,153,3,1
0.1,SARSA,42,156,-308,200,12,0
0.1,SARSA,42,157,-163,139,5,1
0.1,SARSA,42,158,-227,200,3,0
0.1,SARSA,42,159,-57,78,0,1
0.1,SARSA,42,160,-299,200,11,0
0.1,SARSA,42,161,-380,200,20,0
0.1,SARSA,42,162,-290,200,10,0
0.1,SARSA,42,163,-96,117,0,1
0.1,SARSA,42,164,-18,30,1,1
0.1,SARSA,42,165,-371,200,19,0
0.1,SARSA,42,166,-35,56,0,1
0.1,SARSA,42,167,-122,80,7,1
0.1,SARSA,42,168,-344,200,16,0
0.1,SARSA,42,169,-299,200,11,0
0.1,SARSA,42,170,-236,200,4,0
0.1,SARSA,42,171,-281,200,9,0
0.1,SARSA,42,172,-290,200,10,0
0.1,SARSA,42,173,-164,131,6,1
0.1,SARSA,42,174,-299,200,11,0
0.1,SARSA,42,175,-263,194,10,1
0.1,SARSA,42,176,-179,164,4,1
0.1,SARSA,42,177,-108,93,4,1
0.1,SARSA,42,178,-264,159,14,1
0.1,SARSA,42,179,-335,200,15,0
0.1,SARSA,42,180,-256,178,11,1
0.1,SARSA,42,181,-416,200,24,0
0.1,SARSA,42,182,-232,190,7,1
0.1,SARSA,42,183,-113,107,3,1
0.1,SARSA,42,184,-407,200,23,0
0.1,SARSA,42,185,-145,85,9,1
0.1,SARSA,42,186,-245,200,5,0
0.1,SARSA,42,187,-326,200,14,0
0.1,SARSA,42,188,-47,68,0,1
0.1,SARSA,42,189,-398,200,22,0
0.1,SARSA,42,190,-26,38,1,1
0.1,SARSA,42,191,-160,100,9,1
0.1,SARSA,42,192,-199,130,10,1
0.1,SARSA,42,193,-380,200,20,0
0.1,SARSA,42,194,-97,100,2,1
0.1,SARSA,42,195,-353,200,17,0
0.1,SARSA,42,196,-328,196,17,1
0.1,SARSA,42,197,-287,200,12,1
0.1,SARSA,42,198,-111,78,6,1
0.1,SARSA,42,199,-151,127,5,1
0.1,SARSA,42,200,-407,200,23,0
0.1,SARSA,42,201,-335,200,15,0
0.1,SARSA,42,202,-267,189,11,1
0.1,SARSA,42,203,-245,200,5,0
0.1,SARSA,42,204,-317,200,13,0
0.1,SARSA,42,205,-356,188,21,1
0.1,SARSA,42,206,-238,178,9,1
0.1,SARSA,42,207,-299,200,11,0
0.1,SARSA,42,208,-98,74,5,1
0.1,SARSA,42,209,-12,33,0,1
0.1,SARSA,42,210,-272,200,8,0
0.1,SARSA,42,211,-335,200,15,0
0.1,SARSA,42,212,-142,118,5,1
0.1,SARSA,42,213,-99,75,5,1
0.1,SARSA,42,214,-290,200,10,0
0.1,SARSA,42,215,-218,200,2,0
0.1,SARSA,42,216,-236,200,4,0
0.1,SARSA,42,217,-245,200,5,0
0.1,SARSA,42,218,-299,176,16,1
0.1,SARSA,42,219,-202,187,4,1
0.1,SARSA,42,220,-263,200,7,0
0.1,SARSA,42,221,-231,144,12,1
0.1,SARSA,42,222,-33,45,1,1
0.1,SARSA,42,223,1,20,0,1
0.1,SARSA,42,224,-86,62,5,1
0.1,SARSA,42,225,-107,83,5,1
0.1,SARSA,42,226,-341,200,18,1
0.1,SARSA,42,227,-272,200,8,0
0.1,SARSA,42,228,-290,200,10,0
0.1,SARSA,42,229,-235,130,14,1
0.1,SARSA,42,230,-80,92,1,1
0.1,SARSA,42,231,-212,161,8,1
0.1,SARSA,42,232,-63,57,3,1
0.1,SARSA,42,233,-281,200,9,0
0.1,SARSA,42,234,11,10,0,1
0.1,SARSA,42,235,-172,130,7,1
0.1,SARSA,42,236,-137,131,3,1
0.1,SARSA,42,237,-66,51,4,1
0.1,SARSA,42,238,-290,200,10,0
0.1,SARSA,42,239,-106,73,6,1
0.1,SARSA,42,240,-225,129,13,1
0.1,SARSA,42,241,-326,200,14,0
0.1,SARSA,42,242,-344,200,16,0
0.1,SARSA,42,243,-97,91,3,1
0.1,SARSA,42,244,-205,145,9,1
0.1,SARSA,42,245,-317,200,13,0
0.1,SARSA,42,246,-64,67,2,1
0.1,SARSA,42,247,-272,200,8,0
0.1,SARSA,42,248,-245,194,8,1
0.1,SARSA,42,249,-233,164,10,1
0.1,SARSA,42,250,-13,34,0,1
0.1,SARSA,42,251,-72,84,1,1
0.1,SARSA,42,252,-218,200,2,0
0.1,SARSA,42,253,-121,106,4,1
0.1,SARSA,42,254,-116,83,6,1
0.1,SARSA,42,255,-172,157,4,1
0.1,SARSA,42,256,-195,162,6,1
0.1,SARSA,42,257,-147,114,6,1
0.1,SARSA,42,258,-236,194,7,1
0.1,SARSA,42,259,-290,200,10,0
0.1,SARSA,42,260,-40,52,1,1
0.1,SARSA,42,261,-263,200,7,0
0.1,SARSA,42,262,-168,144,5,1
0.1,SARSA,42,263,-169,163,3,1
0.1,SARSA,42,264,-212,188,5,1
0.1,SARSA,42,265,-290,200,10,0
0.1,SARSA,42,266,-116,83,6,1
0.1,SARSA,42,267,-40,43,2,1
0.1,SARSA,42,268,-326,200,14,0
0.1,SARSA,42,269,-52,64,1,1
0.1,SARSA,42,270,-335,200,15,0
0.1,SARSA,42,271,-153,147,3,1
0.1,SARSA,42,272,-142,127,4,1
0.1,SARSA,42,273,-290,200,10,0
0.1,SARSA,42,274,-113,98,4,1
0.1,SARSA,42,275,-99,93,3,1
0.1,SARSA,42,276,-123,126,2,1
0.1,SARSA,42,277,-254,200,6,0
0.1,SARSA,42,278,-119,86,6,1
0.1,SARSA,42,279,-55,49,3,1
0.1,SARSA,42,280,-299,200,11,0
0.1,SARSA,42,281,-234,192,7,1
0.1,SARSA,42,282,-236,200,4,0
0.1,SARSA,42,283,-126,120,3,1
0.1,SARSA,42,284,-65,59,3,1
0.1,SARSA,42,285,-272,200,8,0
0.1,SARSA,42,286,-227,200,3,0
0.1,SARSA,42,287,-120,123,2,1
0.1,SARSA,42,288,-254,200,6,0
0.1,SARSA,42,289,-79,91,1,1
0.1,SARSA,42,290,-51,63,1,1
0.1,SARSA,42,291,-194,197,2,1
0.1,SARSA,42,292,-80,74,3,1
0.1,SARSA,42,293,-139,115,5,1
0.1,SARSA,42,294,-190,166,5,1
0.1,SARSA,42,295,-134,101,6,1
0.1,SARSA,42,296,-148,124,5,1
0.1,SARSA,42,297,-272,200,8,0
0.1,SARSA,42,298,-200,176,5,1
0.1,SARSA,42,299,-28,49,0,1
0.1,SARSA,42,300,-74,77,2,1
0.1,SARSA,42,301,-290,200,10,0
0.1,SARSA,42,302,-250,190,9,1
0.1,SARSA,42,303,-251,182,10,1
0.1,SARSA,42,304,-326,200,14,0
0.1,SARSA,42,305,-280,193,12,1
0.1,SARSA,42,306,-32,35,2,1
0.1,SARSA,42,307,-176,89,12,1
0.1,SARSA,42,308,-38,59,0,1
0.1,SARSA,42,309,-268,154,15,1
0.1,SARSA,42,310,-317,200,13,0
0.1,SARSA,42,311,-167,134,6,1
0.1,SARSA,42,312,-231,180,8,1
0.1,SARSA,42,313,-106,64,7,1
0.1,SARSA,42,314,-344,200,16,0
0.1,SARSA,42,315,-188,164,5,1
0.1,SARSA,42,316,-317,200,13,0
0.1,SARSA,42,317,-76,79,2,1
0.1,SARSA,42,318,-263,200,7,0
0.1,SARSA,42,319,-299,200,11,0
0.1,SARSA,42,320,-176,134,7,1
0.1,SARSA,42,321,-12,15,2,1
0.1,SARSA,42,322,-100,94,3,1
0.1,SARSA,42,323,-182,140,7,1
0.1,SARSA,42,324,-290,200,10,0
0.1,SARSA,42,325,-25,28,2,1
0.1,SARSA,42,326,-110,104,3,1
0.1,SARSA,42,327,-84,78,3,1
0.1,SARSA,42,328,-362,200,18,0
0.1,SARSA,42,329,-92,95,2,1
0.1,SARSA,42,330,-55,40,4,1
0.1,SARSA,42,331,-195,144,8,1
0.1,SARSA,42,332,-246,177,10,1
0.1,SARSA,42,333,-12,33,0,1
0.1,SARSA,42,334,-105,81,5,1
0.1,SARSA,42,335,-202,169,6,1
0.1,SARSA,42,336,-130,115,4,1
0.1,SARSA,42,337,-94,79,4,1
0.1,SARSA,42,338,-195,153,7,1
0.1,SARSA,42,339,-25,28,2,1
0.1,SARSA,42,340,-97,91,3,1
0.1,SARSA,42,341,-99,93,3,1
0.1,SARSA,42,342,-103,97,3,1
0.1,SARSA,42,343,-165,114,8,1
0.1,SARSA,42,344,-70,64,3,1
0.1,SARSA,42,345,-186,108,11,1
0.1,SARSA,42,346,-64,58,3,1
0.1,SARSA,42,347,8,13,0,1
0.1,SARSA,42,348,-62,83,0,1
0.1,SARSA,42,349,15,6,0,1
0.1,SARSA,42,350,-265,151,15,1
0.1,SARSA,42,351,-120,105,4,1
0.1,SARSA,42,352,-82,76,3,1
0.1,SARSA,42,353,-258,189,10,1
0.1,SARSA,42,354,-73,76,2,1
0.1,SARSA,42,355,-176,116,9,1
0.1,SARSA,42,356,-55,67,1,1
0.1,SARSA,42,357,-163,148,4,1
0.1,SARSA,42,358,-256,169,12,1
0.1,SARSA,42,359,-236,200,4,0
0.1,SARSA,42,360,-317,200,13,0
0.1,SARSA,42,361,8,13,0,1
0.1,SARSA,42,362,-46,49,2,1
0.1,SARSA,42,363,-299,200,11,0
0.1,SARSA,42,364,-142,118,5,1
0.1,SARSA,42,365,-185,143,7,1
0.1,SARSA,42,366,-141,90,8,1
0.1,SARSA,42,367,-72,84,1,1
0.1,SARSA,42,368,-51,54,2,1
0.1,SARSA,42,369,-151,109,7,1
0.1,SARSA,42,370,-216,156,9,1
0.1,SARSA,42,371,12,9,0,1
0.1,SARSA,42,372,12,9,0,1
0.1,SARSA,42,373,-290,200,10,0
0.1,SARSA,42,374,-45,48,2,1
0.1,SARSA,42,375,-6,18,1,1
0.1,SARSA,42,376,-18,30,1,1
0.1,SARSA,42,377,-52,55,2,1
0.1,SARSA,42,378,-19,31,1,1
0.1,SARSA,42,379,-77,89,1,1
0.1,SARSA,42,380,-202,142,9,1
0.1,SARSA,42,381,-127,112,4,1
0.1,SARSA,42,382,-212,125,12,1
0.1,SARSA,42,383,-317,200,13,0
0.1,SARSA,42,384,-46,58,1,1
0.1,SARSA,42,385,-257,179,11,1
0.1,SARSA,42,386,-189,174,4,1
0.1,SARSA,42,387,-148,106,7,1
0.1,SARSA,42,388,-398,200,22,0
0.1,SARSA,42,389,-71,56,4,1
0.1,SARSA,42,390,-103,88,4,1
0.1,SARSA,42,391,-181,94,12,1
0.1,SARSA,42,392,-288,183,14,1
0.1,SARSA,42,393,-253,112,18,1
0.1,SARSA,42,394,-130,124,3,1
0.1,SARSA,42,395,-58,52,3,1
0.1,SARSA,42,396,-72,57,4,1
0.1,SARSA,42,397,-15,36,0,1
0.1,SARSA,42,398,-98,56,7,1
0.1,SARSA,42,399,-42,45,2,1
0.1,SARSA,42,400,-47,59,1,1
0.1,SARSA,42,401,-235,166,10,1
0.1,SARSA,42,402,-176,143,6,1
0.1,SARSA,42,403,-68,53,4,1
0.1,SARSA,42,404,-124,118,3,1
0.1,SARSA,42,405,-245,200,5,0
0.1,SARSA,42,406,-140,143,2,1
0.1,SARSA,42,407,-132,117,4,1
0.1,SARSA,42,408,-142,100,7,1
0.1,SARSA,42,409,-13,34,0,1
0.1,SARSA,42,410,12,9,0,1
0.1,SARSA,42,411,-149,134,4,1
0.1,SARSA,42,412,-151,136,4,1
0.1,SARSA,42,413,-96,81,4,1
0.1,SARSA,42,414,-326,200,14,0
0.1,SARSA,42,415,-105,90,4,1
0.1,SARSA,42,416,-55,76,0,1
0.1,SARSA,42,417,-173,140,6,1
0.1,SARSA,42,418,-185,134,8,1
0.1,SARSA,42,419,-65,86,0,1
0.1,SARSA,42,420,-83,59,5,1
0.1,SARSA,42,421,-178,127,8,1
0.1,SARSA,42,422,-20,23,2,1
0.1,SARSA,42,423,-129,96,6,1
0.1,SARSA,42,424,-72,57,4,1
0.1,SARSA,42,425,-241,172,10,1
0.1,SARSA,42,426,-3,24,0,1
0.1,SARSA,42,427,-299,200,11,0
0.1,SARSA,42,428,-156,123,6,1
0.1,SARSA,42,429,0,21,0,1
0.1,SARSA,42,430,-3,15,1,1
0.1,SARSA,42,431,-61,55,3,1
0.1,SARSA,42,432,-12,24,1,1
0.1,SARSA,42,433,-25,37,1,1
0.1,SARSA,42,434,-290,200,10,0
0.1,SARSA,42,435,-71,74,2,1
0.1,SARSA,42,436,-188,164,5,1
0.1,SARSA,42,437,-121,97,5,1
0.1,SARSA,42,438,-163,94,10,1
0.1,SARSA,42,439,-317,200,13,0
0.1,SARSA,42,440,-193,106,12,1
0.1,SARSA,42,441,-126,93,6,1
0.1,SARSA,42,442,-232,145,12,1
0.1,SARSA,42,443,-185,134,8,1
0.1,SARSA,42,444,-46,49,2,1
0.1,SARSA,42,445,-19,40,0,1
0.1,SARSA,42,446,-200,122,11,1
0.1,SARSA,42,447,-97,100,2,1
0.1,SARSA,42,448,-27,39,1,1
0.1,SARSA,42,449,-190,148,7,1
0.1,SARSA,42,450,-263,200,7,0
0.1,SARSA,42,451,-185,143,7,1
0.1,SARSA,42,452,-150,99,8,1
0.1,SARSA,42,453,-145,112,6,1
0.1,SARSA,42,454,-107,119,1,1
0.1,SARSA,42,455,-45,39,3,1
0.1,SARSA,42,456,-78,90,1,1
0.1,SARSA,42,457,-99,75,5,1
0.1,SARSA,42,458,-145,112,6,1
0.1,SARSA,42,459,-2,14,1,1
0.1,SARSA,42,460,13,8,0,1
0.1,SARSA,42,461,-102,105,2,1
0.1,SARSA,42,462,-100,103,2,1
0.1,SARSA,42,463,-79,55,5,1
0.1,SARSA,42,464,-38,41,2,1
0.1,SARSA,42,465,-236,158,11,1
0.1,SARSA,42,466,-5,26,0,1
0.1,SARSA,42,467,3,9,1,1
0.1,SARSA,42,468,-77,80,2,1
0.1,SARSA,42,469,-299,200,11,0
0.1,SARSA,42,470,14,7,0,1
0.1,SARSA,42,471,-56,59,2,1
0.1,SARSA,42,472,-24,27,2,1
0.1,SARSA,42,473,0,21,0,1
0.1,SARSA,42,474,-117,93,5,1
0.1,SARSA,42,475,-100,67,6,1
0.1,SARSA,42,476,-102,78,5,1
0.1,SARSA,42,477,-150,135,4,1
0.1,SARSA,42,478,-147,123,5,1
0.1,SARSA,42,479,3,18,0,1
0.1,SARSA,42,480,-77,80,2,1
0.1,SARSA,42,481,0,12,1,1
0.1,SARSA,42,482,-42,45,2,1
0.1,SARSA,42,483,-36,39,2,1
0.1,SARSA,42,484,0,21,0,1
0.1,SARSA,42,485,-98,65,6,1
0.1,SARSA,42,486,-169,127,7,1
0.1,SARSA,42,487,-231,135,13,1
0.1,SARSA,42,488,-4,16,1,1
0.1,SARSA,42,489,-169,136,6,1
0.1,SARSA,42,490,-103,97,3,1
0.1,SARSA,42,491,-68,71,2,1
0.1,SARSA,42,492,-33,45,1,1
0.1,SARSA,42,493,-92,86,3,1
0.1,SARSA,42,494,14,7,0,1
0.1,SARSA,42,495,-29,41,1,1
0.1,SARSA,42,496,-6,27,0,1
0.1,SARSA,42,497,-130,97,6,1
0.1,SARSA,42,498,-99,75,5,1
0.1,SARSA,42,499,-50,44,3,1
0.1,SARSA,123,0,-713,200,57,0
0.1,SARSA,123,1,-659,200,51,0
0.1,SARSA,123,2,-704,200,56,0
0.1,SARSA,123,3,-578,200,42,0
0.1,SARSA,123,4,-704,200,56,0
0.1,SARSA,123,5,-749,200,61,0
0.1,SARSA,123,6,-614,200,46,0
0.1,SARSA,123,7,-623,200,47,0
0.1,SARSA,123,8,-713,200,57,0
0.1,SARSA,123,9,-587,200,43,0
0.1,SARSA,123,10,-695,200,55,0
0.1,SARSA,123,11,-641,200,49,0
0.1,SARSA,123,12,-641,200,49,0
0.1,SARSA,123,13,-623,200,47,0
0.1,SARSA,123,14,-587,200,43,0
0.1,SARSA,123,15,-434,200,26,0
0.1,SARSA,123,16,-254,200,6,0
0.1,SARSA,123,17,-596,200,44,0
0.1,SARSA,123,18,-587,200,43,0
0.1,SARSA,123,19,-245,200,5,0
0.1,SARSA,123,20,-425,200,25,0
0.1,SARSA,123,21,-641,200,49,0
0.1,SARSA,123,22,-569,200,41,0
0.1,SARSA,123,23,-542,200,38,0
0.1,SARSA,123,24,-326,200,14,0
0.1,SARSA,123,25,-740,200,60,0
0.1,SARSA,123,26,-263,200,7,0
0.1,SARSA,123,27,-286,109,22,1
0.1,SARSA,123,28,-410,188,27,1
0.1,SARSA,123,29,-677,200,53,0
0.1,SARSA,123,30,-308,200,12,0
0.1,SARSA,123,31,-263,200,7,0
0.1,SARSA,123,32,-614,200,46,0
0.1,SARSA,123,33,-325,112,26,1
0.1,SARSA,123,34,-145,103,7,1
0.1,SARSA,123,35,-281,200,9,0
0.1,SARSA,123,36,-272,200,8,0
0.1,SARSA,123,37,-749,200,61,0
0.1,SARSA,123,38,-290,200,10,0
0.1,SARSA,123,39,-272,200,8,0
0.1,SARSA,123,40,-416,200,24,0
0.1,SARSA,123,41,-245,200,5,0
0.1,SARSA,123,42,-272,200,8,0
0.1,SARSA,123,43,-569,200,41,0
0.1,SARSA,123,44,-308,200,12,0
0.1,SARSA,123,45,-227,200,3,0
0.1,SARSA,123,46,-335,200,15,0
0.1,SARSA,123,47,-281,200,9,0
0.1,SARSA,123,48,-227,200,3,0
0.1,SARSA,123,49,-281,200,9,0
0.1,SARSA,123,50,-281,200,9,0
0.1,SARSA,123,51,-236,200,4,0
0.1,SARSA,123,52,-353,200,17,0
0.1,SARSA,123,53,-281,200,9,0
0.1,SARSA,123,54,-281,200,9,0
0.1,SARSA,123,55,-272,200,8,0
0.1,SARSA,123,56,-524,200,36,0
0.1,SARSA,123,57,-299,200,11,0
0.1,SARSA,123,58,-236,200,4,0
0.1,SARSA,123,59,-326,200,14,0
0.1,SARSA,123,60,-254,200,6,0
0.1,SARSA,123,61,-236,200,4,0
0.1,SARSA,123,62,-215,173,7,1
0.1,SARSA,123,63,-290,200,10,0
0.1,SARSA,123,64,-263,200,7,0
0.1,SARSA,123,65,-245,200,5,0
0.1,SARSA,123,66,-64,67,2,1
0.1,SARSA,123,67,-227,200,3,0
0.1,SARSA,123,68,-215,155,9,1
0.1,SARSA,123,69,-308,200,12,0
0.1,SARSA,123,70,-156,105,8,1
0.1,SARSA,123,71,-254,200,6,0
0.1,SARSA,123,72,-254,200,6,0
0.1,SARSA,123,73,-263,200,7,0
0.1,SARSA,123,74,-299,200,11,0
0.1,SARSA,123,75,-160,82,11,1
0.1,SARSA,123,76,-129,96,6,1
0.1,SARSA,123,77,-245,200,5,0
0.1,SARSA,123,78,-245,200,5,0
0.1,SARSA,123,79,-263,200,7,0
0.1,SARSA,123,80,-326,200,14,0
0.1,SARSA,123,81,-308,200,12,0
0.1,SARSA,123,82,-272,200,8,0
0.1,SARSA,123,83,-308,200,12,0
0.1,SARSA,123,84,-281,200,9,0
0.1,SARSA,123,85,-210,150,9,1
0.1,SARSA,123,86,-272,200,8,0
0.1,SARSA,123,87,-272,200,8,0
0.1,SARSA,123,88,-236,200,4,0
0.1,SARSA,123,89,-290,200,10,0
0.1,SARSA,123,90,-199,157,7,1
0.1,SARSA,123,91,-245,200,5,0
0.1,SARSA,123,92,-335,200,15,0
0.1,SARSA,123,93,-209,200,1,0
0.1,SARSA,123,94,-178,136,7,1
0.1,SARSA,123,95,-203,170,6,1
0.1,SARSA,123,96,-156,123,6,1
0.1,SARSA,123,97,-227,200,3,0
0.1,SARSA,123,98,-218,200,2,0
0.1,SARSA,123,99,-254,200,6,0
0.1,SARSA,123,100,-281,200,9,0
0.1,SARSA,123,101,-236,200,4,0
0.1,SARSA,123,102,-263,200,7,0
0.1,SARSA,123,103,-272,200,8,0
0.1,SARSA,123,104,-23,26,2,1
0.1,SARSA,123,105,-308,200,12,0
0.1,SARSA,123,106,-201,177,5,1
0.1,SARSA,123,107,-281,200,9,0
0.1,SARSA,123,108,-254,200,6,0
0.1,SARSA,123,109,-139,142,2,1
0.1,SARSA,123,110,-37,58,0,1
0.1,SARSA,123,111,-147,150,2,1
0.1,SARSA,123,112,-263,200,7,0
0.1,SARSA,123,113,-199,166,6,1
0.1,SARSA,123,114,-227,200,3,0
0.1,SARSA,123,115,-169,136,6,1
0.1,SARSA,123,116,-263,200,7,0
0.1,SARSA,123,117,-11,32,0,1
0.1,SARSA,123,118,-22,34,1,1
0.1,SARSA,123,119,-236,200,4,0
0.1,SARSA,123,120,-263,200,7,0
0.1,SARSA,123,121,-281,200,9,0
0.1,SARSA,123,122,-9,30,0,1
0.1,SARSA,123,123,-143,119,5,1
0.1,SARSA,123,124,-254,200,6,0
0.1,SARSA,123,125,-236,200,4,0
0.1,SARSA,123,126,-299,200,11,0
0.1,SARSA,123,127,-1,13,1,1
0.1,SARSA,123,128,-245,200,5,0
0.1,SARSA,123,129,-308,200,12,0
0.1,SARSA,123,130,-282,168,15,1
0.1,SARSA,123,131,-223,190,6,1
0.1,SARSA,123,132,-245,200,5,0
0.1,SARSA,123,133,-308,200,12,0
0.1,SARSA,123,134,-425,200,25,0
0.1,SARSA,123,135,-272,200,8,0
0.1,SARSA,123,136,-245,200,5,0
0.1,SARSA,123,137,-234,156,11,1
0.1,SARSA,123,138,-254,200,6,0
0.1,SARSA,123,139,-283,160,16,1
0.1,SARSA,123,140,-122,107,4,1
0.1,SARSA,123,141,-90,93,2,1
0.1,SARSA,123,142,-165,159,3,1
0.1,SARSA,123,143,-91,94,2,1
0.1,SARSA,123,144,-203,125,11,1
0.1,SARSA,123,145,-344,200,16,0
0.1,SARSA,123,146,-443,200,27,0
0.1,SARSA,123,147,-263,200,7,0
0.1,SARSA,123,148,-344,200,16,0
0.1,SARSA,123,149,-272,200,8,0
0.1,SARSA,123,150,-60,72,1,1
0.1,SARSA,123,151,-323,200,16,1
0.1,SARSA,123,152,-254,200,6,0
0.1,SARSA,123,153,-138,96,7,1
0.1,SARSA,123,154,-12,33,0,1
0.1,SARSA,123,155,-344,200,16,0
0.1,SARSA,123,156,-296,191,14,1
0.1,SARSA,123,157,-231,162,10,1
0.1,SARSA,123,158,-30,33,2,1
0.1,SARSA,123,159,-218,200,2,0
0.1,SARSA,123,160,-254,200,6,0
0.1,SARSA,123,161,-335,200,15,0
0.1,SARSA,123,162,-7,28,0,1
0.1,SARSA,123,163,-72,84,1,1
0.1,SARSA,123,164,-290,200,10,0
0.1,SARSA,123,165,-308,200,12,0
0.1,SARSA,123,166,-163,130,6,1
0.1,SARSA,123,167,-272,200,8,0
0.1,SARSA,123,168,-112,97,4,1
0.1,SARSA,123,169,-272,200,8,0
0.1,SARSA,123,170,-88,91,2,1
0.1,SARSA,123,171,-99,111,1,1
0.1,SARSA,123,172,-230,197,6,1
0.1,SARSA,123,173,-281,200,9,0
0.1,SARSA,123,174,-303,189,15,1
0.1,SARSA,123,175,-335,200,15,0
0.1,SARSA,123,176,-56,59,2,1
0.1,SARSA,123,177,-263,200,7,0
0.1,SARSA,123,178,-257,170,12,1
0.1,SARSA,123,179,-281,200,9,0
0.1,SARSA,123,180,-263,200,7,0
0.1,SARSA,123,181,-299,200,11,0
0.1,SARSA,123,182,-154,148,3,1
0.1,SARSA,123,183,-83,86,2,1
0.1,SARSA,123,184,-362,200,18,0
0.1,SARSA,123,185,-174,159,4,1
0.1,SARSA,123,186,-335,200,15,0
0.1,SARSA,123,187,-236,200,4,0
0.1,SARSA,123,188,-182,122,9,1
0.1,SARSA,123,189,-281,200,9,0
0.1,SARSA,123,190,-389,200,21,0
0.1,SARSA,123,191,-245,200,5,0
0.1,SARSA,123,192,-479,200,31,0
0.1,SARSA,123,193,-34,37,2,1
0.1,SARSA,123,194,-48,69,0,1
0.1,SARSA,123,195,-89,74,4,1
0.1,SARSA,123,196,-158,143,4,1
0.1,SARSA,123,197,-236,200,4,0
0.1,SARSA,123,198,-240,171,10,1
0.1,SARSA,123,199,-163,157,3,1
0.1,SARSA,123,200,-227,200,3,0
0.1,SARSA,123,201,-88,91,2,1
0.1,SARSA,123,202,-236,200,4,0
0.1,SARSA,123,203,-227,200,3,0
0.1,SARSA,123,204,-232,190,7,1
0.1,SARSA,123,205,-70,91,0,1
0.1,SARSA,123,206,-362,200,18,0
0.1,SARSA,123,207,-281,200,9,0
0.1,SARSA,123,208,-3,24,0,1
0.1,SARSA,123,209,-326,200,14,0
0.1,SARSA,123,210,-353,200,17,0
0.1,SARSA,123,211,-150,117,6,1
0.1,SARSA,123,212,-443,200,27,0
0.1,SARSA,123,213,-389,200,21,0
0.1,SARSA,123,214,-55,49,3,1
0.1,SARSA,123,215,-68,44,5,1
0.1,SARSA,123,216,-55,76,0,1
0.1,SARSA,123,217,-41,35,3,1
0.1,SARSA,123,218,-335,200,15,0
0.1,SARSA,123,219,-290,200,10,0
0.1,SARSA,123,220,-353,200,17,0
0.1,SARSA,123,221,-179,128,8,1
0.1,SARSA,123,222,-333,192,18,1
0.1,SARSA,123,223,-156,159,2,1
0.1,SARSA,123,224,-344,200,16,0
0.1,SARSA,123,225,-150,117,6,1
0.1,SARSA,123,226,-191,149,7,1
0.1,SARSA,123,227,-163,157,3,1
0.1,SARSA,123,228,-443,200,27,0
0.1,SARSA,123,229,-407,200,23,0
0.1,SARSA,123,230,-146,122,5,1
0.1,SARSA,123,231,-250,172,11,1
0.1,SARSA,123,232,-254,200,6,0
0.1,SARSA,123,233,-308,200,12,0
0.1,SARSA,123,234,-53,38,4,1
0.1,SARSA,123,235,-20,32,1,1
0.1,SARSA,123,236,-14,35,0,1
0.1,SARSA,123,237,-254,200,6,0
0.1,SARSA,123,238,-256,196,9,1
0.1,SARSA,123,239,-207,174,6,1
0.1,SARSA,123,240,-281,200,9,0
0.1,SARSA,123,241,-123,90,6,1
0.1,SARSA,123,242,-197,128,10,1
0.1,SARSA,123,243,-299,200,11,0
0.1,SARSA,123,244,-128,86,7,1
0.1,SARSA,123,245,-53,47,3,1
0.1,SARSA,123,246,-290,200,10,0
0.1,SARSA,123,247,-188,173,4,1
0.1,SARSA,123,248,-252,174,11,1
0.1,SARSA,123,249,-27,39,1,1
0.1,SARSA,123,250,-263,149,15,1
0.1,SARSA,123,251,-308,200,12,0
0.1,SARSA,123,252,-72,48,5,1
0.1,SARSA,123,253,-182,158,5,1
0.1,SARSA,123,254,-206,146,9,1
0.1,SARSA,123,255,-139,142,2,1
0.1,SARSA,123,256,-142,136,3,1
0.1,SARSA,123,257,-215,164,8,1
0.1,SARSA,123,258,-31,43,1,1
0.1,SARSA,123,259,-290,200,10,0
0.1,SARSA,123,260,-131,107,5,1
0.1,SARSA,123,261,-281,200,9,0
0.1,SARSA,123,262,-263,200,7,0
0.1,SARSA,123,263,-205,172,6,1
0.1,SARSA,123,264,-35,29,3,1
0.1,SARSA,123,265,-290,200,10,0
0.1,SARSA,123,266,-14,35,0,1
0.1,SARSA,123,267,-263,200,7,0
0.1,SARSA,123,268,-3,15,1,1
0.1,SARSA,123,269,-86,89,2,1
0.1,SARSA,123,270,-51,54,2,1
0.1,SARSA,123,271,6,15,0,1
0.1,SARSA,123,272,-204,162,7,1
0.1,SARSA,123,273,-254,200,6,0
0.1,SARSA,123,274,-254,200,6,0
0.1,SARSA,123,275,-92,86,3,1
0.1,SARSA,123,276,-65,86,0,1
0.1,SARSA,123,277,-55,40,4,1
0.1,SARSA,123,278,-322,190,17,1
0.1,SARSA,123,279,-64,67,2,1
0.1,SARSA,123,280,-6,18,1,1
0.1,SARSA,123,281,-100,94,3,1
0.1,SARSA,123,282,-46,49,2,1
0.1,SARSA,123,283,-135,75,9,1
0.1,SARSA,123,284,-254,200,6,0
0.1,SARSA,123,285,-11,32,0,1
0.1,SARSA,123,286,-99,84,4,1
0.1,SARSA,123,287,-308,200,12,0
0.1,SARSA,123,288,-335,200,15,0
0.1,SARSA,123,289,-69,72,2,1
0.1,SARSA,123,290,6,15,0,1
0.1,SARSA,123,291,-28,40,1,1
0.1,SARSA,123,292,-353,200,17,0
0.1,SARSA,123,293,-11,23,1,1
0.1,SARSA,123,294,-97,82,4,1
0.1,SARSA,123,295,-48,42,3,1
0.1,SARSA,123,296,-116,65,8,1
0.1,SARSA,123,297,-11,32,0,1
0.1,SARSA,123,298,-215,173,7,1
0.1,SARSA,123,299,-168,135,6,1
0.1,SARSA,123,300,-34,55,0,1
0.1,SARSA,123,301,-254,200,6,0
0.1,SARSA,123,302,-326,200,14,0
0.1,SARSA,123,303,-262,139,16,1
0.1,SARSA,123,304,-335,200,15,0
0.1,SARSA,123,305,-231,135,13,1
0.1,SARSA,123,306,-266,161,14,1
0.1,SARSA,123,307,-245,200,5,0
0.1,SARSA,123,308,-123,90,6,1
0.1,SARSA,123,309,-73,58,4,1
0.1,SARSA,123,310,-281,200,9,0
0.1,SARSA,123,311,-257,152,14,1
0.1,SARSA,123,312,-198,111,12,1
0.1,SARSA,123,313,-246,168,11,1
0.1,SARSA,123,314,-101,86,4,1
0.1,SARSA,123,315,-23,44,0,1
0.1,SARSA,123,316,-209,167,7,1
0.1,SARSA,123,317,3,18,0,1
0.1,SARSA,123,318,6,15,0,1
0.1,SARSA,123,319,-154,94,9,1
0.1,SARSA,123,320,-215,119,13,1
0.1,SARSA,123,321,-201,168,6,1
0.1,SARSA,123,322,-206,155,8,1
0.1,SARSA,123,323,-204,171,6,1
0.1,SARSA,123,324,-272,200,8,0
0.1,SARSA,123,325,-163,148,4,1
0.1,SARSA,123,326,-14,26,1,1
0.1,SARSA,123,327,-148,160,1,1
0.1,SARSA,123,328,-36,48,1,1
0.1,SARSA,123,329,-2,23,0,1
0.1,SARSA,123,330,-272,200,8,0
0.1,SARSA,123,331,-99,75,5,1
0.1,SARSA,123,332,-141,135,3,1
0.1,SARSA,123,333,-64,67,2,1
0.1,SARSA,123,334,-132,126,3,1
0.1,SARSA,123,335,-206,173,6,1
0.1,SARSA,123,336,-128,122,3,1
0.1,SARSA,123,337,-162,93,10,1
0.1,SARSA,123,338,-335,200,15,0
0.1,SARSA,123,339,-98,92,3,1
0.1,SARSA,123,340,-126,102,5,1
0.1,SARSA,123,341,-90,84,3,1
0.1,SARSA,123,342,-148,133,4,1
0.1,SARSA,123,343,-29,50,0,1
0.1,SARSA,123,344,-146,104,7,1
0.1,SARSA,123,345,-4,16,1,1
0.1,SARSA,123,346,-154,130,5,1
0.1,SARSA,123,347,-24,27,2,1
0.1,SARSA,123,348,-100,85,4,1
0.1,SARSA,123,349,-4,25,0,1
0.1,SARSA,123,350,-35,47,1,1
0.1,SARSA,123,351,-28,40,1,1
0.1,SARSA,123,352,-71,65,3,1
0.1,SARSA,123,353,-98,74,5,1
0.1,SARSA,123,354,-254,176,11,1
0.1,SARSA,123,355,-107,92,4,1
0.1,SARSA,123,356,-168,126,7,1
0.1,SARSA,123,357,-135,111,5,1
0.1,SARSA,123,358,-263,200,7,0
0.1,SARSA,123,359,-114,108,3,1
0.1,SARSA,123,360,-155,149,3,1
0.1,SARSA,123,361,-118,139,0,1
0.1,SARSA,123,362,-203,152,8,1
0.1,SARSA,123,363,-107,110,2,1
0.1,SARSA,123,364,-118,103,4,1
0.1,SARSA,123,365,-81,75,3,1
0.1,SARSA,123,366,-128,68,9,1
0.1,SARSA,123,367,-131,98,6,1
0.1,SARSA,123,368,-87,90,2,1
0.1,SARSA,123,369,-335,200,15,0
0.1,SARSA,123,370,-16,28,1,1
0.1,SARSA,123,371,-132,108,5,1
0.1,SARSA,123,372,-309,177,17,1
0.1,SARSA,123,373,-146,122,5,1
0.1,SARSA,123,374,-236,200,4,0
0.1,SARSA,123,375,-10,31,0,1
0.1,SARSA,123,376,-82,76,3,1
0.1,SARSA,123,377,-75,78,2,1
0.1,SARSA,123,378,-74,77,2,1
0.1,SARSA,123,379,-13,16,2,1
0.1,SARSA,123,380,-244,193,8,1
0.1,SARSA,123,381,-162,120,7,1
0.1,SARSA,123,382,-175,124,8,1
0.1,SARSA,123,383,-65,50,4,1
0.1,SARSA,123,384,-71,56,4,1
0.1,SARSA,123,385,-28,40,1,1
0.1,SARSA,123,386,11,10,0,1
0.1,SARSA,123,387,-63,57,3,1
0.1,SARSA,123,388,-230,143,12,1
0.1,SARSA,123,389,12,9,0,1
0.1,SARSA,123,390,-36,48,1,1
0.1,SARSA,123,391,-107,83,5,1
0.1,SARSA,123,392,-145,85,9,1
0.1,SARSA,123,393,-272,200,8,0
0.1,SARSA,123,394,-224,146,11,1
0.1,SARSA,123,395,-298,184,15,1
0.1,SARSA,123,396,-146,104,7,1
0.1,SARSA,123,397,-137,113,5,1
0.1,SARSA,123,398,-35,38,2,1
0.1,SARSA,123,399,-113,98,4,1
0.1,SARSA,123,400,12,9,0,1
0.1,SARSA,123,401,-40,43,2,1
0.1,SARSA,123,402,-104,89,4,1
0.1,SARSA,123,403,12,9,0,1
0.1,SARSA,123,404,-106,100,3,1
0.1,SARSA,123,405,-146,113,6,1
0.1,SARSA,123,406,-443,200,27,0
0.1,SARSA,123,407,-39,24,4,1
0.1,SARSA,123,408,-88,82,3,1
0.1,SARSA,123,409,-120,87,6,1
0.1,SARSA,123,410,-87,99,1,1
0.1,SARSA,123,411,-10,13,2,1
0.1,SARSA,123,412,-317,200,13,0
0.1,SARSA,123,413,14,7,0,1
0.1,SARSA,123,414,-19,31,1,1
0.1,SARSA,123,415,-162,129,6,1
0.1,SARSA,123,416,-154,103,8,1
0.1,SARSA,123,417,-12,24,1,1
0.1,SARSA,123,418,-214,172,7,1
0.1,SARSA,123,419,6,15,0,1
0.1,SARSA,123,420,-77,53,5,1
0.1,SARSA,123,421,-86,62,5,1
0.1,SARSA,123,422,-27,30,2,1
0.1,SARSA,123,423,-84,69,4,1
0.1,SARSA,123,424,-107,101,3,1
0.1,SARSA,123,425,-97,73,5,1
0.1,SARSA,123,426,-176,143,6,1
0.1,SARSA,123,427,-117,84,6,1
0.1,SARSA,123,428,-94,70,5,1
0.1,SARSA,123,429,-299,200,11,0
0.1,SARSA,123,430,-46,67,0,1
0.1,SARSA,123,431,-167,143,5,1
0.1,SARSA,123,432,-138,123,4,1
0.1,SARSA,123,433,-247,178,10,1
0.1,SARSA,123,434,-126,138,1,1
0.1,SARSA,123,435,-58,43,4,1
0.1,SARSA,123,436,-281,200,9,0
0.1,SARSA,123,437,-263,200,7,0
0.1,SARSA,123,438,-24,45,0,1
0.1,SARSA,123,439,-68,62,3,1
0.1,SARSA,123,440,-26,38,1,1
0.1,SARSA,123,441,1,20,0,1
0.1,SARSA,123,442,-28,40,1,1
0.1,SARSA,123,443,-37,40,2,1
0.1,SARSA,123,444,-159,108,8,1
0.1,SARSA,123,445,5,16,0,1
0.1,SARSA,123,446,-165,105,9,1
0.1,SARSA,123,447,-272,200,8,0
0.1,SARSA,123,448,-198,165,6,1
0.1,SARSA,123,449,4,17,0,1
0.1,SARSA,123,450,-22,34,1,1
0.1,SARSA,123,451,-87,63,5,1
0.1,SARSA,123,452,-133,118,4,1
0.1,SARSA,123,453,-202,133,10,1
0.1,SARSA,123,454,-180,120,9,1
0.1,SARSA,123,455,-30,42,1,1
0.1,SARSA,123,456,-112,106,3,1
0.1,SARSA,123,457,14,7,0,1
0.1,SARSA,123,458,-232,163,10,1
0.1,SARSA,123,459,-207,138,10,1
0.1,SARSA,123,460,-107,92,4,1
0.1,SARSA,123,461,-299,200,11,0
0.1,SARSA,123,462,-31,52,0,1
0.1,SARSA,123,463,-51,36,4,1
0.1,SARSA,123,464,-30,42,1,1
0.1,SARSA,123,465,5,16,0,1
0.1,SARSA,123,466,-142,118,5,1
0.1,SARSA,123,467,7,14,0,1
0.1,SARSA,123,468,-58,79,0,1
0.1,SARSA,123,469,-216,183,6,1
0.1,SARSA,123,470,-245,167,11,1
0.1,SARSA,123,471,8,13,0,1
0.1,SARSA,123,472,-151,136,4,1
0.1,SARSA,123,473,-58,61,2,1
0.1,SARSA,123,474,-28,31,2,1
0.1,SARSA,123,475,-52,46,3,1
0.1,SARSA,123,476,-281,200,9,0
0.1,SARSA,123,477,-213,171,7,1
0.1,SARSA,123,478,1,20,0,1
0.1,SARSA,123,479,-101,86,4,1
0.1,SARSA,123,480,-21,24,2,1
0.1,SARSA,123,481,-125,110,4,1
0.1,SARSA,123,482,-52,64,1,1
0.1,SARSA,123,483,-41,35,3,1
0.1,SARSA,123,484,7,14,0,1
0.1,SARSA,123,485,-65,68,2,1
0.1,SARSA,123,486,-83,77,3,1
0.1,SARSA,123,487,-249,198,8,1
0.1,SARSA,123,488,-39,42,2,1
0.1,SARSA,123,489,-129,105,5,1
0.1,SARSA,123,490,-59,62,2,1
0.1,SARSA,123,491,-90,75,4,1
0.1,SARSA,123,492,3,18,0,1
0.1,SARSA,123,493,-68,62,3,1
0.1,SARSA,123,494,-41,62,0,1
0.1,SARSA,123,495,-52,46,3,1
0.1,SARSA,123,496,-67,70,2,1
0.1,SARSA,123,497,-107,101,3,1
0.1,SARSA,123,498,-8,29,0,1
0.1,SARSA,123,499,-308,200,12,0
0.1,SARSA,777,0,-722,200,58,0
0.1,SARSA,777,1,-650,200,50,0
0.1,SARSA,777,2,-650,200,50,0
0.1,SARSA,777,3,-695,200,55,0
0.1,SARSA,777,4,-713,200,57,0
0.1,SARSA,777,5,-623,200,47,0
0.1,SARSA,777,6,-740,200,60,0
0.1,SARSA,777,7,-578,200,42,0
0.1,SARSA,777,8,-785,200,65,0
0.1,SARSA,777,9,-605,200,45,0
0.1,SARSA,777,10,-650,200,50,0
0.1,SARSA,777,11,-704,200,56,0
0.1,SARSA,777,12,-254,200,6,0
0.1,SARSA,777,13,-749,200,61,0
0.1,SARSA,777,14,-749,200,61,0
0.1,SARSA,777,15,-605,200,45,0
0.1,SARSA,777,16,-587,200,43,0
0.1,SARSA,777,17,-551,200,39,0
0.1,SARSA,777,18,-326,200,14,0
0.1,SARSA,777,19,-533,200,37,0
0.1,SARSA,777,20,-677,200,53,0
0.1,SARSA,777,21,-272,200,8,0
0.1,SARSA,777,22,-641,200,49,0
0.1,SARSA,777,23,-326,200,14,0
0.1,SARSA,777,24,-542,200,38,0
0.1,SARSA,777,25,-650,200,50,0
0.1,SARSA,777,26,-236,200,4,0
0.1,SARSA,777,27,-126,48,11,1
0.1,SARSA,777,28,-376,199,22,1
0.1,SARSA,777,29,-632,200,48,0
0.1,SARSA,777,30,-614,194,49,1
0.1,SARSA,777,31,-650,200,50,0
0.1,SARSA,777,32,-272,200,8,0
0.1,SARSA,777,33,-398,200,22,0
0.1,SARSA,777,34,-596,200,44,0
0.1,SARSA,777,35,-272,200,8,0
0.1,SARSA,777,36,-272,200,8,0
0.1,SARSA,777,37,-281,200,9,0
0.1,SARSA,777,38,-263,200,7,0
0.1,SARSA,777,39,-425,200,25,0
0.1,SARSA,777,40,-511,199,37,1
0.1,SARSA,777,41,-416,200,24,0
0.1,SARSA,777,42,-317,200,13,0
0.1,SARSA,777,43,-425,200,25,0
0.1,SARSA,777,44,-299,200,11,0
0.1,SARSA,777,45,-362,200,18,0
0.1,SARSA,777,46,-218,200,2,0
0.1,SARSA,777,47,-245,200,5,0
0.1,SARSA,777,48,-362,200,18,0
0.1,SARSA,777,49,-263,200,7,0
0.1,SARSA,777,50,-51,45,3,1
0.1,SARSA,777,51,-91,67,5,1
0.1,SARSA,777,52,-371,200,19,0
0.1,SARSA,777,53,-263,200,7,0
0.1,SARSA,777,54,-227,200,3,0
0.1,SARSA,777,55,-35,47,1,1
0.1,SARSA,777,56,-281,200,9,0
0.1,SARSA,777,57,-272,200,8,0
0.1,SARSA,777,58,-209,200,1,0
0.1,SARSA,777,59,-236,200,4,0
0.1,SARSA,777,60,-196,190,3,1
0.1,SARSA,777,61,-299,200,11,0
0.1,SARSA,777,62,-236,200,4,0
0.1,SARSA,777,63,-245,200,5,0
0.1,SARSA,777,64,-29,50,0,1
0.1,SARSA,777,65,-263,200,7,0
0.1,SARSA,777,66,-245,200,5,0
0.1,SARSA,777,67,-299,200,11,0
0.1,SARSA,777,68,-132,117,4,1
0.1,SARSA,777,69,-290,200,10,0
0.1,SARSA,777,70,-272,200,8,0
0.1,SARSA,777,71,-263,200,7,0
0.1,SARSA,777,72,-281,200,9,0
0.1,SARSA,777,73,-308,200,12,0
0.1,SARSA,777,74,-124,127,2,1
0.1,SARSA,777,75,-290,200,10,0
0.1,SARSA,777,76,-272,200,8,0
0.1,SARSA,777,77,-158,134,5,1
0.1,SARSA,777,78,-281,200,9,0
0.1,SARSA,777,79,13,8,0,1
0.1,SARSA,777,80,-245,200,5,0
0.1,SARSA,777,81,-290,200,10,0
0.1,SARSA,777,82,-245,200,5,0
0.1,SARSA,777,83,-227,200,3,0
0.1,SARSA,777,84,-272,200,8,0
0.1,SARSA,777,85,-281,200,9,0
0.1,SARSA,777,86,-281,200,9,0
0.1,SARSA,777,87,-219,186,6,1
0.1,SARSA,777,88,-326,200,14,0
0.1,SARSA,777,89,-281,200,9,0
0.1,SARSA,777,90,-236,200,4,0
0.1,SARSA,777,91,-200,167,6,1
0.1,SARSA,777,92,-236,200,4,0
0.1,SARSA,777,93,-263,194,10,1
0.1,SARSA,777,94,-143,119,5,1
0.1,SARSA,777,95,-254,200,6,0
0.1,SARSA,777,96,-272,200,8,0
0.1,SARSA,777,97,-272,200,8,0
0.1,SARSA,777,98,-154,148,3,1
0.1,SARSA,777,99,-299,200,11,0
0.1,SARSA,777,100,-272,200,8,0
0.1,SARSA,777,101,-263,200,7,0
0.1,SARSA,777,102,-245,200,5,0
0.1,SARSA,777,103,-77,71,3,1
0.1,SARSA,777,104,-209,185,5,1
0.1,SARSA,777,105,-136,121,4,1
0.1,SARSA,777,106,-227,200,3,0
0.1,SARSA,777,107,-263,200,7,0
0.1,SARSA,777,108,-290,200,10,0
0.1,SARSA,777,109,-299,200,11,0
0.1,SARSA,777,110,-184,178,3,1
0.1,SARSA,777,111,-284,152,17,1
0.1,SARSA,777,112,-281,200,9,0
0.1,SARSA,777,113,-178,163,4,1
0.1,SARSA,777,114,-326,200,14,0
0.1,SARSA,777,115,-47,59,1,1
0.1,SARSA,777,116,-272,200,8,0
0.1,SARSA,777,117,-281,200,9,0
0.1,SARSA,777,118,-123,117,3,1
0.1,SARSA,777,119,-272,200,8,0
0.1,SARSA,777,120,-263,200,7,0
0.1,SARSA,777,121,-281,200,9,0
0.1,SARSA,777,122,-317,200,13,0
0.1,SARSA,777,123,12,9,0,1
0.1,SARSA,777,124,-254,200,6,0
0.1,SARSA,777,125,-371,200,19,0
0.1,SARSA,777,126,-236,200,4,0
0.1,SARSA,777,127,-281,200,9,0
0.1,SARSA,777,128,-272,200,8,0
0.1,SARSA,777,129,-135,120,4,1
0.1,SARSA,777,130,-335,200,15,0
0.1,SARSA,777,131,-353,200,17,0
0.1,SARSA,777,132,-154,112,7,1
0.1,SARSA,777,133,-122,89,6,1
0.1,SARSA,777,134,-371,200,19,0
0.1,SARSA,777,135,-290,200,10,0
0.1,SARSA,777,136,-145,94,8,1
0.1,SARSA,777,137,-93,87,3,1
0.1,SARSA,777,138,-30,51,0,1
0.1,SARSA,777,139,-254,200,6,0
0.1,SARSA,777,140,-335,200,15,0
0.1,SARSA,777,141,-254,200,6,0
0.1,SARSA,777,142,7,14,0,1
0.1,SARSA,777,143,-371,200,19,0
0.1,SARSA,777,144,-308,200,12,0
0.1,SARSA,777,145,-150,108,7,1
0.1,SARSA,777,146,-154,139,4,1
0.1,SARSA,777,147,-49,61,1,1
0.1,SARSA,777,148,-285,171,15,1
0.1,SARSA,777,149,-204,153,8,1
0.1,SARSA,777,150,-245,200,5,0
0.1,SARSA,777,151,-185,152,6,1
0.1,SARSA,777,152,-218,200,2,0
0.1,SARSA,777,153,-389,200,21,0
0.1,SARSA,777,154,-344,200,16,0
0.1,SARSA,777,155,-254,200,6,0
0.1,SARSA,777,156,-224,155,10,1
0.1,SARSA,777,157,-362,200,18,0
0.1,SARSA,777,158,-263,200,7,0
0.1,SARSA,777,159,-299,200,11,0
0.1,SARSA,777,160,-143,92,8,1
0.1,SARSA,777,161,-263,200,7,0
0.1,SARSA,777,162,-84,69,4,1
0.1,SARSA,777,163,-241,199,7,1
0.1,SARSA,777,164,-71,74,2,1
0.1,SARSA,777,165,-308,200,12,0
0.1,SARSA,777,166,-317,200,13,0
0.1,SARSA,777,167,-245,200,5,0
0.1,SARSA,777,168,-362,200,18,0
0.1,SARSA,777,169,-215,173,7,1
0.1,SARSA,777,170,-98,65,6,1
0.1,SARSA,777,171,-96,63,6,1
0.1,SARSA,777,172,-232,163,10,1
0.1,SARSA,777,173,-236,200,4,0
0.1,SARSA,777,174,-96,81,4,1
0.1,SARSA,777,175,-245,200,5,0
0.1,SARSA,777,176,-76,79,2,1
0.1,SARSA,777,177,-149,107,7,1
0.1,SARSA,777,178,-7,19,1,1
0.1,SARSA,777,179,-158,143,4,1
0.1,SARSA,777,180,-130,88,7,1
0.1,SARSA,777,181,-353,200,17,0
0.1,SARSA,777,182,-398,200,22,0
0.1,SARSA,777,183,-176,161,4,1
0.1,SARSA,777,184,-254,200,6,0
0.1,SARSA,777,185,-254,200,6,0
0.1,SARSA,777,186,-232,163,10,1
0.1,SARSA,777,187,-14,17,2,1
0.1,SARSA,777,188,-254,200,6,0
0.1,SARSA,777,189,-81,39,7,1
0.1,SARSA,777,190,-317,200,13,0
0.1,SARSA,777,191,-19,31,1,1
0.1,SARSA,777,192,-416,200,24,0
0.1,SARSA,777,193,-189,183,3,1
0.1,SARSA,777,194,-276,198,11,1
0.1,SARSA,777,195,-272,200,8,0
0.1,SARSA,777,196,-308,200,12,0
0.1,SARSA,777,197,-254,200,6,0
0.1,SARSA,777,198,-24,36,1,1
0.1,SARSA,777,199,-290,200,10,0
0.1,SARSA,777,200,-40,43,2,1
0.1,SARSA,777,201,-192,132,9,1
0.1,SARSA,777,202,-130,124,3,1
0.1,SARSA,777,203,-389,200,21,0
0.1,SARSA,777,204,-184,97,12,1
0.1,SARSA,777,205,-233,200,6,1
0.1,SARSA,777,206,-281,200,9,0
0.1,SARSA,777,207,-299,200,11,0
0.1,SARSA,777,208,-68,62,3,1
0.1,SARSA,777,209,-81,84,2,1
0.1,SARSA,777,210,-161,128,6,1
0.1,SARSA,777,211,-151,127,5,1
0.1,SARSA,777,212,-24,45,0,1
0.1,SARSA,777,213,-263,200,7,0
0.1,SARSA,777,214,-47,50,2,1
0.1,SARSA,777,215,-269,164,14,1
0.1,SARSA,777,216,-47,50,2,1
0.1,SARSA,777,217,-245,200,5,0
0.1,SARSA,777,218,-371,200,19,0
0.1,SARSA,777,219,-254,200,6,0
0.1,SARSA,777,220,-290,200,10,0
0.1,SARSA,777,221,-214,172,7,1
0.1,SARSA,777,222,-77,89,1,1
0.1,SARSA,777,223,-254,200,6,0
0.1,SARSA,777,224,-126,93,6,1
0.1,SARSA,777,225,-162,138,5,1
0.1,SARSA,777,226,-281,200,9,0
0.1,SARSA,777,227,-10,31,0,1
0.1,SARSA,777,228,-219,177,7,1
0.1,SARSA,777,229,-2,14,1,1
0.1,SARSA,777,230,-253,193,9,1
0.1,SARSA,777,231,-245,200,5,0
0.1,SARSA,777,232,-335,200,15,0
0.1,SARSA,777,233,-241,190,8,1
0.1,SARSA,777,234,-114,63,8,1
0.1,SARSA,777,235,-335,200,15,0
0.1,SARSA,777,236,-86,71,4,1
0.1,SARSA,777,237,-244,166,11,1
0.1,SARSA,777,238,-263,200,7,0
0.1,SARSA,777,239,-277,172,14,1
0.1,SARSA,777,240,-142,136,3,1
0.1,SARSA,777,241,-160,109,8,1
0.1,SARSA,777,242,-256,160,13,1
0.1,SARSA,777,243,-94,79,4,1
0.1,SARSA,777,244,-4,25,0,1
0.1,SARSA,777,245,-29,32,2,1
0.1,SARSA,777,246,-68,53,4,1
0.1,SARSA,777,247,-169,127,7,1
0.1,SARSA,777,248,4,17,0,1
0.1,SARSA,777,249,-308,200,12,0
0.1,SARSA,777,250,-254,200,6,0
0.1,SARSA,777,251,-290,200,10,0
0.1,SARSA,777,252,-281,200,9,0
0.1,SARSA,777,253,-214,145,10,1
0.1,SARSA,777,254,-202,187,4,1
0.1,SARSA,777,255,-255,186,10,1
0.1,SARSA,777,256,-32,44,1,1
0.1,SARSA,777,257,-254,200,6,0
0.1,SARSA,777,258,-177,144,6,1
0.1,SARSA,777,259,-42,54,1,1
0.1,SARSA,777,260,-317,200,13,0
0.1,SARSA,777,261,-132,135,2,1
0.1,SARSA,777,262,-290,200,10,0
0.1,SARSA,777,263,-223,172,8,1
0.1,SARSA,777,264,-46,49,2,1
0.1,SARSA,777,265,-88,73,4,1
0.1,SARSA,777,266,-452,200,28,0
0.1,SARSA,777,267,-222,153,10,1
0.1,SARSA,777,268,-101,77,5,1
0.1,SARSA,777,269,-178,118,9,1
0.1,SARSA,777,270,0,21,0,1
0.1,SARSA,777,271,-263,200,7,0
0.1,SARSA,777,272,-176,143,6,1
0.1,SARSA,777,273,-182,149,6,1
0.1,SARSA,777,274,-299,200,11,0
0.1,SARSA,777,275,-227,200,3,0
0.1,SARSA,777,276,-189,156,6,1
0.1,SARSA,777,277,-115,91,5,1
0.1,SARSA,777,278,-290,200,10,0
0.1,SARSA,777,279,-104,116,1,1
0.1,SARSA,777,280,-78,99,0,1
0.1,SARSA,777,281,-85,79,3,1
0.1,SARSA,777,282,-75,87,1,1
0.1,SARSA,777,283,-299,200,11,0
0.1,SARSA,777,284,-206,173,6,1
0.1,SARSA,777,285,-170,155,4,1
0.1,SARSA,777,286,-82,76,3,1
0.1,SARSA,777,287,-16,37,0,1
0.1,SARSA,777,288,-45,30,4,1
0.1,SARSA,777,289,-230,188,7,1
0.1,SARSA,777,290,-272,185,12,1
0.1,SARSA,777,291,-344,200,16,0
0.1,SARSA,777,292,-13,16,2,1
0.1,SARSA,777,293,-181,139,7,1
0.1,SARSA,777,294,-317,200,13,0
0.1,SARSA,777,295,-199,157,7,1
0.1,SARSA,777,296,-108,75,6,1
0.1,SARSA,777,297,-62,65,2,1
0.1,SARSA,777,298,-145,157,1,1
0.1,SARSA,777,299,-137,104,6,1
0.1,SARSA,777,300,-232,163,10,1
0.1,SARSA,777,301,-113,80,6,1
0.1,SARSA,777,302,-84,87,2,1
0.1,SARSA,777,303,-206,173,6,1
0.1,SARSA,777,304,-7,28,0,1
0.1,SARSA,777,305,-263,200,7,0
0.1,SARSA,777,306,-263,158,14,1
0.1,SARSA,777,307,-119,104,4,1
0.1,SARSA,777,308,-281,167,15,1
0.1,SARSA,777,309,-278,182,13,1
0.1,SARSA,777,310,-176,116,9,1
0.1,SARSA,777,311,-128,113,4,1
0.1,SARSA,777,312,4,17,0,1
0.1,SARSA,777,313,-228,123,14,1
0.1,SARSA,777,314,-308,200,12,0
0.1,SARSA,777,315,-75,78,2,1
0.1,SARSA,777,316,-245,200,5,0
0.1,SARSA,777,317,-183,168,4,1
0.1,SARSA,777,318,-292,196,13,1
0.1,SARSA,777,319,-261,174,12,1
0.1,SARSA,777,320,-104,80,5,1
0.1,SARSA,777,321,-36,48,1,1
0.1,SARSA,777,322,-105,81,5,1
0.1,SARSA,777,323,-98,92,3,1
0.1,SARSA,777,324,-105,72,6,1
0.1,SARSA,777,325,-47,59,1,1
0.1,SARSA,777,326,-9,30,0,1
0.1,SARSA,777,327,-178,154,5,1
0.1,SARSA,777,328,-60,63,2,1
0.1,SARSA,777,329,-326,200,14,0
0.1,SARSA,777,330,-125,137,1,1
0.1,SARSA,777,331,-210,177,6,1
0.1,SARSA,777,332,-72,93,0,1
0.1,SARSA,777,333,-281,200,9,0
0.1,SARSA,777,334,-138,114,5,1
0.1,SARSA,777,335,-280,184,13,1
0.1,SARSA,777,336,-2,23,0,1
0.1,SARSA,777,337,-247,169,11,1
0.1,SARSA,777,338,-155,122,6,1
0.1,SARSA,777,339,-193,142,8,1
0.1,SARSA,777,340,-344,200,16,0
0.1,SARSA,777,341,0,12,1,1
0.1,SARSA,777,342,-161,119,7,1
0.1,SARSA,777,343,-58,70,1,1
0.1,SARSA,777,344,-38,59,0,1
0.1,SARSA,777,345,-20,23,2,1
0.1,SARSA,777,346,-112,97,4,1
0.1,SARSA,777,347,-209,176,6,1
0.1,SARSA,777,348,-51,54,2,1
0.1,SARSA,777,349,-13,34,0,1
0.1,SARSA,777,350,-7,28,0,1
0.1,SARSA,777,351,-166,115,8,1
0.1,SARSA,777,352,-31,34,2,1
0.1,SARSA,777,353,-407,200,23,0
0.1,SARSA,777,354,-158,134,5,1
0.1,SARSA,777,355,-216,174,7,1
0.1,SARSA,777,356,-123,99,5,1
0.1,SARSA,777,357,-148,106,7,1
0.1,SARSA,777,358,-307,193,15,1
0.1,SARSA,777,359,-60,63,2,1
0.1,SARSA,777,360,-112,88,5,1
0.1,SARSA,777,361,-77,80,2,1
0.1,SARSA,777,362,-78,90,1,1
0.1,SARSA,777,363,-157,142,4,1
0.1,SARSA,777,364,14,7,0,1
0.1,SARSA,777,365,5,16,0,1
0.1,SARSA,777,366,-326,200,14,0
0.1,SARSA,777,367,-292,169,16,1
0.1,SARSA,777,368,-286,172,15,1
0.1,SARSA,777,369,-126,111,4,1
0.1,SARSA,777,370,-175,133,7,1
0.1,SARSA,777,371,10,11,0,1
0.1,SARSA,777,372,-19,31,1,1
0.1,SARSA,777,373,-260,182,11,1
0.1,SARSA,777,374,-243,147,13,1
0.1,SARSA,777,375,-100,112,1,1
0.1,SARSA,777,376,14,7,0,1
0.1,SARSA,777,377,-34,46,1,1
0.1,SARSA,777,378,12,9,0,1
0.1,SARSA,777,379,-243,156,12,1
0.1,SARSA,777,380,-205,163,7,1
0.1,SARSA,777,381,-281,194,12,1
0.1,SARSA,777,382,-150,126,5,1
0.1,SARSA,777,383,-63,66,2,1
0.1,SARSA,777,384,-94,79,4,1
0.1,SARSA,777,385,-116,92,5,1
0.1,SARSA,777,386,-56,59,2,1
0.1,SARSA,777,387,-192,168,5,1
0.1,SARSA,777,388,-196,172,5,1
0.1,SARSA,777,389,-211,160,8,1
0.1,SARSA,777,390,-133,136,2,1
0.1,SARSA,777,391,-13,25,1,1
0.1,SARSA,777,392,-25,37,1,1
0.1,SARSA,777,393,-49,52,2,1
0.1,SARSA,777,394,-49,70,0,1
0.1,SARSA,777,395,-252,165,12,1
0.1,SARSA,777,396,-18,30,1,1
0.1,SARSA,777,397,-63,57,3,1
0.1,SARSA,777,398,-124,109,4,1
0.1,SARSA,777,399,-93,87,3,1
0.1,SARSA,777,400,-344,200,16,0
0.1,SARSA,777,401,-228,150,11,1
0.1,SARSA,777,402,-7,28,0,1
0.1,SARSA,777,403,-4,25,0,1
0.1,SARSA,777,404,-124,91,6,1
0.1,SARSA,777,405,-117,111,3,1
0.1,SARSA,777,406,-1,13,1,1
0.1,SARSA,777,407,-188,137,8,1
0.1,SARSA,777,408,-127,112,4,1
0.1,SARSA,777,409,-61,55,3,1
0.1,SARSA,777,410,-58,61,2,1
0.1,SARSA,777,411,-27,39,1,1
0.1,SARSA,777,412,-168,144,5,1
0.1,SARSA,777,413,-262,175,12,1
0.1,SARSA,777,414,-174,114,9,1
0.1,SARSA,777,415,-80,65,4,1
0.1,SARSA,777,416,-25,28,2,1
0.1,SARSA,777,417,-10,22,1,1
0.1,SARSA,777,418,10,11,0,1
0.1,SARSA,777,419,-181,94,12,1
0.1,SARSA,777,420,-176,116,9,1
0.1,SARSA,777,421,-14,26,1,1
0.1,SARSA,777,422,-37,40,2,1
0.1,SARSA,777,423,0,12,1,1
0.1,SARSA,777,424,-15,18,2,1
0.1,SARSA,777,425,12,9,0,1
0.1,SARSA,777,426,-31,43,1,1
0.1,SARSA,777,427,-80,74,3,1
0.1,SARSA,777,428,-54,39,4,1
0.1,SARSA,777,429,11,10,0,1
0.1,SARSA,777,430,14,7,0,1
0.1,SARSA,777,431,-175,133,7,1
0.1,SARSA,777,432,-224,173,8,1
0.1,SARSA,777,433,-1,22,0,1
0.1,SARSA,777,434,-178,136,7,1
0.1,SARSA,777,435,-36,39,2,1
0.1,SARSA,777,436,-94,106,1,1
0.1,SARSA,777,437,-238,178,9,1
0.1,SARSA,777,438,-98,101,2,1
0.1,SARSA,777,439,-85,97,1,1
0.1,SARSA,777,440,-54,48,3,1
0.1,SARSA,777,441,-26,38,1,1
0.1,SARSA,777,442,-275,197,11,1
0.1,SARSA,777,443,7,14,0,1
0.1,SARSA,777,444,-78,81,2,1
0.1,SARSA,777,445,-9,30,0,1
0.1,SARSA,777,446,-299,200,11,0
0.1,SARSA,777,447,-13,25,1,1
0.1,SARSA,777,448,-98,65,6,1
0.1,SARSA,777,449,-96,90,3,1
0.1,SARSA,777,450,3,18,0,1
0.1,SARSA,777,451,-109,85,5,1
0.1,SARSA,777,452,-158,116,7,1
0.1,SARSA,777,453,-98,74,5,1
0.1,SARSA,777,454,9,12,0,1
0.1,SARSA,777,455,-201,141,9,1
0.1,SARSA,777,456,8,13,0,1
0.1,SARSA,777,457,-51,72,0,1
0.1,SARSA,777,458,14,7,0,1
0.1,SARSA,777,459,14,7,0,1
0.1,SARSA,777,460,-318,186,17,1
0.1,SARSA,777,461,-31,43,1,1
0.1,SARSA,777,462,-151,127,5,1
0.1,SARSA,777,463,-126,93,6,1
0.1,SARSA,777,464,-73,49,5,1
0.1,SARSA,777,465,14,7,0,1
0.1,SARSA,777,466,-64,58,3,1
0.1,SARSA,777,467,-9,30,0,1
0.1,SARSA,777,468,-157,142,4,1
0.1,SARSA,777,469,-6,9,2,1
0.1,SARSA,777,470,-16,28,1,1
0.1,SARSA,777,471,-74,77,2,1
0.1,SARSA,777,472,11,10,0,1
0.1,SARSA,777,473,-200,131,10,1
0.1,SARSA,777,474,-14,26,1,1
0.1,SARSA,777,475,-136,112,5,1
0.1,SARSA,777,476,-29,41,1,1
0.1,SARSA,777,477,-136,112,5,1
0.1,SARSA,777,478,14,7,0,1
0.1,SARSA,777,479,-44,38,3,1
0.1,SARSA,777,480,-116,110,3,1
0.1,SARSA,777,481,-111,114,2,1
0.1,SARSA,777,482,15,6,0,1
0.1,SARSA,777,483,-152,146,3,1
0.1,SARSA,777,484,-106,118,1,1
0.1,SARSA,777,485,-239,179,9,1
0.1,SARSA,777,486,-27,39,1,1
0.1,SARSA,777,487,-42,45,2,1
0.1,SARSA,777,488,-104,107,2,1
0.1,SARSA,777,489,-65,68,2,1
0.1,SARSA,777,490,-140,125,4,1
0.1,SARSA,777,491,-213,144,10,1
0.1,SARSA,777,492,-49,25,5,1
0.1,SARSA,777,493,14,7,0,1
0.1,SARSA,777,494,-170,128,7,1
0.1,SARSA,777,495,-12,33,0,1
0.1,SARSA,777,496,-68,62,3,1
0.1,SARSA,777,497,-127,112,4,1
0.1,SARSA,777,498,-13,25,1,1
0.1,SARSA,777,499,8,13,0,1
0.1,SARSA,999,0,-677,200,53,0
0.1,SARSA,999,1,-713,200,57,0
0.1,SARSA,999,2,-641,200,49,0
0.1,SARSA,999,3,-632,200,48,0
0.1,SARSA,999,4,-668,200,52,0
0.1,SARSA,999,5,-578,200,42,0
0.1,SARSA,999,6,-434,200,26,0
0.1,SARSA,999,7,-287,119,21,1
0.1,SARSA,999,8,-713,200,57,0
0.1,SARSA,999,9,-722,200,58,0
0.1,SARSA,999,10,-722,200,58,0
0.1,SARSA,999,11,-533,200,37,0
0.1,SARSA,999,12,-650,200,50,0
0.1,SARSA,999,13,-740,200,60,0
0.1,SARSA,999,14,-668,200,52,0
0.1,SARSA,999,15,-605,200,45,0
0.1,SARSA,999,16,-713,200,57,0
0.1,SARSA,999,17,-632,200,48,0
0.1,SARSA,999,18,-587,200,43,0
0.1,SARSA,999,19,-290,200,10,0
0.1,SARSA,999,20,-542,200,38,0
0.1,SARSA,999,21,-104,53,8,1
0.1,SARSA,999,22,-731,200,59,0
0.1,SARSA,999,23,-443,200,27,0
0.1,SARSA,999,24,-407,200,23,0
0.1,SARSA,999,25,-254,200,6,0
0.1,SARSA,999,26,-704,200,56,0
0.1,SARSA,999,27,-740,200,60,0
0.1,SARSA,999,28,-470,200,30,0
0.1,SARSA,999,29,-342,192,19,1
0.1,SARSA,999,30,-254,200,6,0
0.1,SARSA,999,31,-245,200,5,0
0.1,SARSA,999,32,-704,200,56,0
0.1,SARSA,999,33,-254,200,6,0
0.1,SARSA,999,34,-272,200,8,0
0.1,SARSA,999,35,-299,200,11,0
0.1,SARSA,999,36,-371,200,19,0
0.1,SARSA,999,37,-317,200,13,0
0.1,SARSA,999,38,-569,200,41,0
0.1,SARSA,999,39,-587,200,43,0
0.1,SARSA,999,40,-317,200,13,0
0.1,SARSA,999,41,-254,200,6,0
0.1,SARSA,999,42,-272,200,8,0
0.1,SARSA,999,43,-254,200,6,0
0.1,SARSA,999,44,-206,191,4,1
0.1,SARSA,999,45,-263,200,7,0
0.1,SARSA,999,46,-281,200,9,0
0.1,SARSA,999,47,-126,111,4,1
0.1,SARSA,999,48,-183,132,8,1
0.1,SARSA,999,49,-209,200,1,0
0.1,SARSA,999,50,-281,200,9,0
0.1,SARSA,999,51,-254,200,6,0
0.1,SARSA,999,52,-416,200,24,0
0.1,SARSA,999,53,-263,200,7,0
0.1,SARSA,999,54,-533,200,37,0
0.1,SARSA,999,55,-533,200,37,0
0.1,SARSA,999,56,-281,200,9,0
0.1,SARSA,999,57,-237,186,8,1
0.1,SARSA,999,58,-135,129,3,1
0.1,SARSA,999,59,-254,200,6,0
0.1,SARSA,999,60,-263,200,7,0
0.1,SARSA,999,61,-272,200,8,0
0.1,SARSA,999,62,-263,200,7,0
0.1,SARSA,999,63,-267,144,16,1
0.1,SARSA,999,64,-245,200,5,0
0.1,SARSA,999,65,-290,200,10,0
0.1,SARSA,999,66,-58,70,1,1
0.1,SARSA,999,67,-290,200,10,0
0.1,SARSA,999,68,-221,188,6,1
0.1,SARSA,999,69,-308,200,12,0
0.1,SARSA,999,70,-134,119,4,1
0.1,SARSA,999,71,-163,139,5,1
0.1,SARSA,999,72,-290,200,10,0
0.1,SARSA,999,73,-263,200,7,0
0.1,SARSA,999,74,-180,183,2,1
0.1,SARSA,999,75,-290,200,10,0
0.1,SARSA,999,76,-254,200,6,0
0.1,SARSA,999,77,-263,200,7,0
0.1,SARSA,999,78,-221,188,6,1
0.1,SARSA,999,79,-290,200,10,0
0.1,SARSA,999,80,-227,200,3,0
0.1,SARSA,999,81,-275,197,11,1
0.1,SARSA,999,82,-139,106,6,1
0.1,SARSA,999,83,-245,200,5,0
0.1,SARSA,999,84,-253,184,10,1
0.1,SARSA,999,85,-317,200,13,0
0.1,SARSA,999,86,-254,200,6,0
0.1,SARSA,999,87,-263,200,7,0
0.1,SARSA,999,88,-272,200,8,0
0.1,SARSA,999,89,-290,200,10,0
0.1,SARSA,999,90,-214,181,6,1
0.1,SARSA,999,91,-281,200,9,0
0.1,SARSA,999,92,-119,131,1,1
0.1,SARSA,999,93,-135,111,5,1
0.1,SARSA,999,94,-326,200,14,0
0.1,SARSA,999,95,-290,200,10,0
0.1,SARSA,999,96,-281,200,9,0
0.1,SARSA,999,97,-299,200,11,0
0.1,SARSA,999,98,-183,150,6,1
0.1,SARSA,999,99,-434,200,26,0
0.1,SARSA,999,100,-189,165,5,1
0.1,SARSA,999,101,-272,200,8,0
0.1,SARSA,999,102,-203,152,8,1
0.1,SARSA,999,103,-263,200,7,0
0.1,SARSA,999,104,-221,170,8,1
0.1,SARSA,999,105,-263,200,7,0
0.1,SARSA,999,106,-308,200,12,0
0.1,SARSA,999,107,-335,200,15,0
0.1,SARSA,999,108,-245,200,5,0
0.1,SARSA,999,109,-281,200,9,0
0.1,SARSA,999,110,-272,200,8,0
0.1,SARSA,999,111,-236,200,4,0
0.1,SARSA,999,112,-155,167,1,1
0.1,SARSA,999,113,-245,200,5,0
0.1,SARSA,999,114,-308,200,12,0
0.1,SARSA,999,115,-175,160,4,1
0.1,SARSA,999,116,-227,200,3,0
0.1,SARSA,999,117,-317,200,13,0
0.1,SARSA,999,118,-272,200,8,0
0.1,SARSA,999,119,-17,29,1,1
0.1,SARSA,999,120,-254,200,6,0
0.1,SARSA,999,121,-229,187,7,1
0.1,SARSA,999,122,-185,134,8,1
0.1,SARSA,999,123,-245,200,5,0
0.1,SARSA,999,124,-254,200,6,0
0.1,SARSA,999,125,-263,200,7,0
0.1,SARSA,999,126,-28,49,0,1
0.1,SARSA,999,127,-54,57,2,1
0.1,SARSA,999,128,-263,200,7,0
0.1,SARSA,999,129,-299,200,11,0
0.1,SARSA,999,130,-281,200,9,0
0.1,SARSA,999,131,-245,200,5,0
0.1,SARSA,999,132,-245,200,5,0
0.1,SARSA,999,133,-187,154,6,1
0.1,SARSA,999,134,-24,45,0,1
0.1,SARSA,999,135,-236,200,4,0
0.1,SARSA,999,136,-272,200,8,0
0.1,SARSA,999,137,-329,188,18,1
0.1,SARSA,999,138,-55,58,2,1
0.1,SARSA,999,139,-272,200,8,0
0.1,SARSA,999,140,-380,200,20,0
0.1,SARSA,999,141,-84,87,2,1
0.1,SARSA,999,142,-156,132,5,1
0.1,SARSA,999,143,-218,200,2,0
0.1,SARSA,999,144,-121,133,1,1
0.1,SARSA,999,145,-281,200,9,0
0.1,SARSA,999,146,-344,200,16,0
0.1,SARSA,999,147,-272,200,8,0
0.1,SARSA,999,148,-202,187,4,1
0.1,SARSA,999,149,-134,101,6,1
0.1,SARSA,999,150,-245,200,5,0
0.1,SARSA,999,151,-227,200,3,0
0.1,SARSA,999,152,-127,103,5,1
0.1,SARSA,999,153,-281,200,9,0
0.1,SARSA,999,154,-272,200,8,0
0.1,SARSA,999,155,-226,148,11,1
0.1,SARSA,999,156,-3,15,1,1
0.1,SARSA,999,157,-156,150,3,1
0.1,SARSA,999,158,-197,164,6,1
0.1,SARSA,999,159,-45,48,2,1
0.1,SARSA,999,160,-389,200,21,0
0.1,SARSA,999,161,-197,146,8,1
0.1,SARSA,999,162,-227,200,3,0
0.1,SARSA,999,163,-66,78,1,1
0.1,SARSA,999,164,-371,200,19,0
0.1,SARSA,999,165,-290,200,10,0
0.1,SARSA,999,166,-236,200,4,0
0.1,SARSA,999,167,-166,88,11,1
0.1,SARSA,999,168,-254,200,6,0
0.1,SARSA,999,169,-263,200,7,0
0.1,SARSA,999,170,-91,67,5,1
0.1,SARSA,999,171,-189,156,6,1
0.1,SARSA,999,172,-153,138,4,1
0.1,SARSA,999,173,-299,200,11,0
0.1,SARSA,999,174,-27,48,0,1
0.1,SARSA,999,175,-100,76,5,1
0.1,SARSA,999,176,-109,103,3,1
0.1,SARSA,999,177,-263,200,7,0
0.1,SARSA,999,178,-228,150,11,1
0.1,SARSA,999,179,-148,133,4,1
0.1,SARSA,999,180,-17,38,0,1
0.1,SARSA,999,181,-103,88,4,1
0.1,SARSA,999,182,-407,200,23,0
0.1,SARSA,999,183,-344,200,16,0
0.1,SARSA,999,184,-162,147,4,1
0.1,SARSA,999,185,-195,90,14,1
0.1,SARSA,999,186,-217,148,10,1
0.1,SARSA,999,187,-281,200,9,0
0.1,SARSA,999,188,-314,182,17,1
0.1,SARSA,999,189,-207,174,6,1
0.1,SARSA,999,190,-290,200,10,0
0.1,SARSA,999,191,-204,153,8,1
0.1,SARSA,999,192,-416,200,24,0
0.1,SARSA,999,193,-197,173,5,1
0.1,SARSA,999,194,-166,106,9,1
0.1,SARSA,999,195,-21,42,0,1
0.1,SARSA,999,196,-281,200,9,0
0.1,SARSA,999,197,1,20,0,1
0.1,SARSA,999,198,-299,200,11,0
0.1,SARSA,999,199,-57,51,3,1
0.1,SARSA,999,200,-371,200,19,0
0.1,SARSA,999,201,-191,131,9,1
0.1,SARSA,999,202,-291,186,14,1
0.1,SARSA,999,203,-10,13,2,1
0.1,SARSA,999,204,-33,45,1,1
0.1,SARSA,999,205,-236,200,4,0
0.1,SARSA,999,206,-231,180,8,1
0.1,SARSA,999,207,-36,30,3,1
0.1,SARSA,999,208,12,9,0,1
0.1,SARSA,999,209,-353,200,17,0
0.1,SARSA,999,210,-299,200,11,0
0.1,SARSA,999,211,-124,109,4,1
0.1,SARSA,999,212,-98,92,3,1
0.1,SARSA,999,213,-166,106,9,1
0.1,SARSA,999,214,-208,139,10,1
0.1,SARSA,999,215,-326,200,14,0
0.1,SARSA,999,216,-263,200,7,0
0.1,SARSA,999,217,-238,187,8,1
0.1,SARSA,999,218,-308,200,12,0
0.1,SARSA,999,219,-367,190,22,1
0.1,SARSA,999,220,-123,99,5,1
0.1,SARSA,999,221,-353,200,17,0
0.1,SARSA,999,222,-44,47,2,1
0.1,SARSA,999,223,-24,45,0,1
0.1,SARSA,999,224,-56,41,4,1
0.1,SARSA,999,225,-142,100,7,1
0.1,SARSA,999,226,-371,200,19,0
0.1,SARSA,999,227,-281,200,9,0
0.1,SARSA,999,228,1,20,0,1
0.1,SARSA,999,229,-371,200,19,0
0.1,SARSA,999,230,-161,128,6,1
0.1,SARSA,999,231,-9,21,1,1
0.1,SARSA,999,232,-103,79,5,1
0.1,SARSA,999,233,-326,200,14,0
0.1,SARSA,999,234,-106,127,0,1
0.1,SARSA,999,235,-96,108,1,1
0.1,SARSA,999,236,-5,17,1,1
0.1,SARSA,999,237,10,11,0,1
0.1,SARSA,999,238,-174,150,5,1
0.1,SARSA,999,239,-191,140,8,1
0.1,SARSA,999,240,-281,200,9,0
0.1,SARSA,999,241,-88,82,3,1
0.1,SARSA,999,242,-200,200,0,0
0.1,SARSA,999,243,8,13,0,1
0.1,SARSA,999,244,-13,34,0,1
0.1,SARSA,999,245,-216,165,8,1
0.1,SARSA,999,246,-188,119,10,1
0.1,SARSA,999,247,-121,115,3,1
0.1,SARSA,999,248,-210,132,11,1
0.1,SARSA,999,249,-52,64,1,1
0.1,SARSA,999,250,-27,39,1,1
0.1,SARSA,999,251,-82,58,5,1
0.1,SARSA,999,252,-264,195,10,1
0.1,SARSA,999,253,-113,71,7,1
0.1,SARSA,999,254,-123,108,4,1
0.1,SARSA,999,255,-231,171,9,1
0.1,SARSA,999,256,2,19,0,1
0.1,SARSA,999,257,-163,157,3,1
0.1,SARSA,999,258,-272,200,8,0
0.1,SARSA,999,259,-308,200,12,0
0.1,SARSA,999,260,4,8,1,1
0.1,SARSA,999,261,-126,129,2,1
0.1,SARSA,999,262,-281,200,9,0
0.1,SARSA,999,263,-140,116,5,1
0.1,SARSA,999,264,-161,155,3,1
0.1,SARSA,999,265,-41,35,3,1
0.1,SARSA,999,266,-214,190,5,1
0.1,SARSA,999,267,-192,159,6,1
0.1,SARSA,999,268,-133,118,4,1
0.1,SARSA,999,269,-158,116,7,1
0.1,SARSA,999,270,-38,32,3,1
0.1,SARSA,999,271,14,7,0,1
0.1,SARSA,999,272,-362,200,18,0
0.1,SARSA,999,273,-117,84,6,1
0.1,SARSA,999,274,-148,142,3,1
0.1,SARSA,999,275,-308,200,12,0
0.1,SARSA,999,276,-89,83,3,1
0.1,SARSA,999,277,-213,144,10,1
0.1,SARSA,999,278,8,13,0,1
0.1,SARSA,999,279,-88,100,1,1
0.1,SARSA,999,280,-156,114,7,1
0.1,SARSA,999,281,-27,30,2,1
0.1,SARSA,999,282,-243,192,8,1
0.1,SARSA,999,283,-50,71,0,1
0.1,SARSA,999,284,-188,137,8,1
0.1,SARSA,999,285,-290,200,10,0
0.1,SARSA,999,286,-183,114,10,1
0.1,SARSA,999,287,-308,200,12,0
0.1,SARSA,999,288,-272,200,8,0
0.1,SARSA,999,289,-132,135,2,1
0.1,SARSA,999,290,-308,200,12,0
0.1,SARSA,999,291,-281,200,9,0
0.1,SARSA,999,292,-344,200,16,0
0.1,SARSA,999,293,-116,101,4,1
0.1,SARSA,999,294,-317,200,13,0
0.1,SARSA,999,295,15,6,0,1
0.1,SARSA,999,296,-161,128,6,1
0.1,SARSA,999,297,-232,172,9,1
0.1,SARSA,999,298,-106,91,4,1
0.1,SARSA,999,299,-37,58,0,1
0.1,SARSA,999,300,-132,99,6,1
0.1,SARSA,999,301,-165,141,5,1
0.1,SARSA,999,302,-331,181,19,1
0.1,SARSA,999,303,-110,113,2,1
0.1,SARSA,999,304,-215,155,9,1
0.1,SARSA,999,305,-62,47,4,1
0.1,SARSA,999,306,-179,119,9,1
0.1,SARSA,999,307,-299,200,11,0
0.1,SARSA,999,308,-23,44,0,1
0.1,SARSA,999,309,-57,42,4,1
0.1,SARSA,999,310,-290,200,10,0
0.1,SARSA,999,311,-74,77,2,1
0.1,SARSA,999,312,-190,130,9,1
0.1,SARSA,999,313,-272,200,8,0
0.1,SARSA,999,314,-182,131,8,1
0.1,SARSA,999,315,-177,135,7,1
0.1,SARSA,999,316,-127,103,5,1
0.1,SARSA,999,317,-187,145,7,1
0.1,SARSA,999,318,-236,200,4,0
0.1,SARSA,999,319,-58,61,2,1
0.1,SARSA,999,320,-416,200,24,0
0.1,SARSA,999,321,-92,86,3,1
0.1,SARSA,999,322,-41,44,2,1
0.1,SARSA,999,323,-189,120,10,1
0.1,SARSA,999,324,-52,55,2,1
0.1,SARSA,999,325,-70,37,6,1
0.1,SARSA,999,326,-33,45,1,1
0.1,SARSA,999,327,-100,76,5,1
0.1,SARSA,999,328,-110,104,3,1
0.1,SARSA,999,329,12,9,0,1
0.1,SARSA,999,330,-156,123,6,1
0.1,SARSA,999,331,-30,51,0,1
0.1,SARSA,999,332,-87,63,5,1
0.1,SARSA,999,333,-283,187,13,1
0.1,SARSA,999,334,-6,27,0,1
0.1,SARSA,999,335,-51,72,0,1
0.1,SARSA,999,336,-123,90,6,1
0.1,SARSA,999,337,-268,181,12,1
0.1,SARSA,999,338,-261,183,11,1
0.1,SARSA,999,339,-98,110,1,1
0.1,SARSA,999,340,-299,200,11,0
0.1,SARSA,999,341,-101,95,3,1
0.1,SARSA,999,342,-3,24,0,1
0.1,SARSA,999,343,1,20,0,1
0.1,SARSA,999,344,-290,200,10,0
0.1,SARSA,999,345,-95,89,3,1
0.1,SARSA,999,346,-49,52,2,1
0.1,SARSA,999,347,-77,71,3,1
0.1,SARSA,999,348,-125,56,10,1
0.1,SARSA,999,349,-259,172,12,1
0.1,SARSA,999,350,-257,143,15,1
0.1,SARSA,999,351,-263,200,7,0
0.1,SARSA,999,352,-185,134,8,1
0.1,SARSA,999,353,-270,183,12,1
0.1,SARSA,999,354,-202,115,12,1
0.1,SARSA,999,355,-188,146,7,1
0.1,SARSA,999,356,-172,112,9,1
0.1,SARSA,999,357,-64,58,3,1
0.1,SARSA,999,358,-221,197,5,1
0.1,SARSA,999,359,-181,121,9,1
0.1,SARSA,999,360,-63,66,2,1
0.1,SARSA,999,361,-181,166,4,1
0.1,SARSA,999,362,-38,59,0,1
0.1,SARSA,999,363,-172,148,5,1
0.1,SARSA,999,364,-371,200,19,0
0.1,SARSA,999,365,-78,81,2,1
0.1,SARSA,999,366,12,9,0,1
0.1,SARSA,999,367,-158,152,3,1
0.1,SARSA,999,368,13,8,0,1
0.1,SARSA,999,369,-153,129,5,1
0.1,SARSA,999,370,-101,104,2,1
0.1,SARSA,999,371,-14,17,2,1
0.1,SARSA,999,372,-32,44,1,1
0.1,SARSA,999,373,-344,200,16,0
0.1,SARSA,999,374,-4,16,1,1
0.1,SARSA,999,375,-71,74,2,1
0.1,SARSA,999,376,-37,49,1,1
0.1,SARSA,999,377,-157,115,7,1
0.1,SARSA,999,378,-80,74,3,1
0.1,SARSA,999,379,-62,74,1,1
0.1,SARSA,999,380,-177,108,10,1
0.1,SARSA,999,381,-196,136,9,1
0.1,SARSA,999,382,-214,190,5,1
0.1,SARSA,999,383,-15,36,0,1
0.1,SARSA,999,384,-133,109,5,1
0.1,SARSA,999,385,6,15,0,1
0.1,SARSA,999,386,-115,82,6,1
0.1,SARSA,999,387,-104,89,4,1
0.1,SARSA,999,388,-177,180,2,1
0.1,SARSA,999,389,-121,106,4,1
0.1,SARSA,999,390,-61,55,3,1
0.1,SARSA,999,391,-72,66,3,1
0.1,SARSA,999,392,-55,67,1,1
0.1,SARSA,999,393,-37,40,2,1
0.1,SARSA,999,394,-109,85,5,1
0.1,SARSA,999,395,-84,87,2,1
0.1,SARSA,999,396,-380,200,20,0
0.1,SARSA,999,397,-112,97,4,1
0.1,SARSA,999,398,-153,111,7,1
0.1,SARSA,999,399,-272,200,8,0
0.1,SARSA,999,400,-6,18,1,1
0.1,SARSA,999,401,-107,83,5,1
0.1,SARSA,999,402,-97,82,4,1
0.1,SARSA,999,403,-193,124,10,1
0.1,SARSA,999,404,-189,129,9,1
0.1,SARSA,999,405,-92,95,2,1
0.1,SARSA,999,406,-281,200,9,0
0.1,SARSA,999,407,-4,25,0,1
0.1,SARSA,999,408,-3,24,0,1
0.1,SARSA,999,409,-127,112,4,1
0.1,SARSA,999,410,-290,200,10,0
0.1,SARSA,999,411,-96,108,1,1
0.1,SARSA,999,412,-245,200,5,0
0.1,SARSA,999,413,-14,17,2,1
0.1,SARSA,999,414,-335,200,15,0
0.1,SARSA,999,415,-7,28,0,1
0.1,SARSA,999,416,-5,26,0,1
0.1,SARSA,999,417,-144,111,6,1
0.1,SARSA,999,418,-97,82,4,1
0.1,SARSA,999,419,-85,97,1,1
0.1,SARSA,999,420,-40,43,2,1
0.1,SARSA,999,421,-6,18,1,1
0.1,SARSA,999,422,-105,108,2,1
0.1,SARSA,999,423,-5,26,0,1
0.1,SARSA,999,424,-272,200,8,0
0.1,SARSA,999,425,-268,190,11,1
0.1,SARSA,999,426,-209,149,9,1
0.1,SARSA,999,427,-49,70,0,1
0.1,SARSA,999,428,-9,30,0,1
0.1,SARSA,999,429,-221,179,7,1
0.1,SARSA,999,430,-1,22,0,1
0.1,SARSA,999,431,-234,138,13,1
0.1,SARSA,999,432,5,16,0,1
0.1,SARSA,999,433,-32,35,2,1
0.1,SARSA,999,434,-79,64,4,1
0.1,SARSA,999,435,7,14,0,1
0.1,SARSA,999,436,-250,154,13,1
0.1,SARSA,999,437,-179,119,9,1
0.1,SARSA,999,438,3,18,0,1
0.1,SARSA,999,439,-59,53,3,1
0.1,SARSA,999,440,9,12,0,1
0.1,SARSA,999,441,-6,18,1,1
0.1,SARSA,999,442,-227,200,3,0
0.1,SARSA,999,443,11,10,0,1
0.1,SARSA,999,444,-139,124,4,1
0.1,SARSA,999,445,1,11,1,1
0.1,SARSA,999,446,11,10,0,1
0.1,SARSA,999,447,-85,70,4,1
0.1,SARSA,999,448,-263,200,7,0
0.1,SARSA,999,449,-34,37,2,1
0.1,SARSA,999,450,-73,67,3,1
0.1,SARSA,999,451,10,11,0,1
0.1,SARSA,999,452,0,12,1,1
0.1,SARSA,999,453,-187,136,8,1
0.1,SARSA,999,454,-32,35,2,1
0.1,SARSA,999,455,-56,59,2,1
0.1,SARSA,999,456,-130,124,3,1
0.1,SARSA,999,457,-5,26,0,1
0.1,SARSA,999,458,-140,134,3,1
0.1,SARSA,999,459,-36,39,2,1
0.1,SARSA,999,460,5,16,0,1
0.1,SARSA,999,461,-87,72,4,1
0.1,SARSA,999,462,-59,62,2,1
0.1,SARSA,999,463,-290,176,15,1
0.1,SARSA,999,464,-233,155,11,1
0.1,SARSA,999,465,-6,27,0,1
0.1,SARSA,999,466,-262,166,13,1
0.1,SARSA,999,467,6,15,0,1
0.1,SARSA,999,468,-191,149,7,1
0.1,SARSA,999,469,-168,153,4,1
0.1,SARSA,999,470,-181,148,6,1
0.1,SARSA,999,471,-102,96,3,1
0.1,SARSA,999,472,-281,200,9,0
0.1,SARSA,999,473,-88,73,4,1
0.1,SARSA,999,474,-174,114,9,1
0.1,SARSA,999,475,9,12,0,1
0.1,SARSA,999,476,-207,147,9,1
0.1,SARSA,999,477,-90,84,3,1
0.1,SARSA,999,478,-70,46,5,1
0.1,SARSA,999,479,-23,44,0,1
0.1,SARSA,999,480,-18,30,1,1
0.1,SARSA,999,481,-160,127,6,1
0.1,SARSA,999,482,14,7,0,1
0.1,SARSA,999,483,-308,200,12,0
0.1,SARSA,999,484,-148,133,4,1
0.1,SARSA,999,485,-206,155,8,1
0.1,SARSA,999,486,-96,90,3,1
0.1,SARSA,999,487,-61,46,4,1
0.1,SARSA,999,488,-6,18,1,1
0.1,SARSA,999,489,-86,80,3,1
0.1,SARSA,999,490,-48,60,1,1
0.1,SARSA,999,491,-35,56,0,1
0.1,SARSA,999,492,-19,22,2,1
0.1,SARSA,999,493,-78,63,4,1
0.1,SARSA,999,494,-198,147,8,1
0.1,SARSA,999,495,-16,28,1,1
0.1,SARSA,999,496,13,8,0,1
0.1,SARSA,999,497,-166,142,5,1
0.1,SARSA,999,498,-1,22,0,1
0.1,SARSA,999,499,-222,171,8,1
0.1,SARSA,2024,0,-722,200,58,0
0.1,SARSA,2024,1,-587,200,43,0
0.1,SARSA,2024,2,-650,200,50,0
0.1,SARSA,2024,3,-623,200,47,0
0.1,SARSA,2024,4,-650,200,50,0
0.1,SARSA,2024,5,-578,200,42,0
0.1,SARSA,2024,6,-389,200,21,0
0.1,SARSA,2024,7,-641,200,49,0
0.1,SARSA,2024,8,-695,200,55,0
0.1,SARSA,2024,9,-695,200,55,0
0.1,SARSA,2024,10,-641,200,49,0
0.1,SARSA,2024,11,-677,200,53,0
0.1,SARSA,2024,12,-686,200,54,0
0.1,SARSA,2024,13,-722,200,58,0
0.1,SARSA,2024,14,-373,196,22,1
0.1,SARSA,2024,15,-272,200,8,0
0.1,SARSA,2024,16,-749,200,61,0
0.1,SARSA,2024,17,-308,113,24,1
0.1,SARSA,2024,18,-434,200,26,0
0.1,SARSA,2024,19,-452,200,28,0
0.1,SARSA,2024,20,-272,200,8,0
0.1,SARSA,2024,21,-263,200,7,0
0.1,SARSA,2024,22,-677,200,53,0
0.1,SARSA,2024,23,-245,200,5,0
0.1,SARSA,2024,24,-380,200,20,0
0.1,SARSA,2024,25,-758,200,62,0
0.1,SARSA,2024,26,-551,200,39,0
0.1,SARSA,2024,27,-290,200,10,0
0.1,SARSA,2024,28,-308,200,12,0
0.1,SARSA,2024,29,-272,131,18,1
0.1,SARSA,2024,30,-533,200,37,0
0.1,SARSA,2024,31,-623,200,47,0
0.1,SARSA,2024,32,-308,200,12,0
0.1,SARSA,2024,33,-159,135,5,1
0.1,SARSA,2024,34,-587,200,43,0
0.1,SARSA,2024,35,-263,200,7,0
0.1,SARSA,2024,36,-596,200,44,0
0.1,SARSA,2024,37,-461,200,29,0
0.1,SARSA,2024,38,-254,200,6,0
0.1,SARSA,2024,39,-290,200,10,0
0.1,SARSA,2024,40,-713,200,57,0
0.1,SARSA,2024,41,-488,200,32,0
0.1,SARSA,2024,42,-236,200,4,0
0.1,SARSA,2024,43,-290,200,10,0
0.1,SARSA,2024,44,-236,200,4,0
0.1,SARSA,2024,45,-100,58,7,1
0.1,SARSA,2024,46,-299,200,11,0
0.1,SARSA,2024,47,-245,200,5,0
0.1,SARSA,2024,48,-245,200,5,0
0.1,SARSA,2024,49,-281,200,9,0
0.1,SARSA,2024,50,-290,200,10,0
0.1,SARSA,2024,51,-173,113,9,1
0.1,SARSA,2024,52,-272,200,8,0
0.1,SARSA,2024,53,-49,43,3,1
0.1,SARSA,2024,54,-326,200,14,0
0.1,SARSA,2024,55,-100,94,3,1
0.1,SARSA,2024,56,-236,200,4,0
0.1,SARSA,2024,57,-263,200,7,0
0.1,SARSA,2024,58,-236,200,4,0
0.1,SARSA,2024,59,-281,200,9,0
0.1,SARSA,2024,60,-623,200,47,0
0.1,SARSA,2024,61,-140,125,4,1
0.1,SARSA,2024,62,-686,200,54,0
0.1,SARSA,2024,63,-317,200,13,0
0.1,SARSA,2024,64,-326,200,14,0
0.1,SARSA,2024,65,-199,148,8,1
0.1,SARSA,2024,66,-23,26,2,1
0.1,SARSA,2024,67,-227,200,3,0
0.1,SARSA,2024,68,-254,200,6,0
0.1,SARSA,2024,69,-317,200,13,0
0.1,SARSA,2024,70,-252,138,15,1
0.1,SARSA,2024,71,-263,200,7,0
0.1,SARSA,2024,72,-290,200,10,0
0.1,SARSA,2024,73,-263,200,7,0
0.1,SARSA,2024,74,-290,200,10,0
0.1,SARSA,2024,75,-90,84,3,1
0.1,SARSA,2024,76,-254,200,6,0
0.1,SARSA,2024,77,-245,200,5,0
0.1,SARSA,2024,78,-236,200,4,0
0.1,SARSA,2024,79,-227,200,3,0
0.1,SARSA,2024,80,-263,200,7,0
0.1,SARSA,2024,81,-236,200,4,0
0.1,SARSA,2024,82,-122,98,5,1
0.1,SARSA,2024,83,-197,191,3,1
0.1,SARSA,2024,84,-155,149,3,1
0.1,SARSA,2024,85,-108,93,4,1
0.1,SARSA,2024,86,-110,77,6,1
0.1,SARSA,2024,87,-263,200,7,0
0.1,SARSA,2024,88,-290,200,10,0
0.1,SARSA,2024,89,-326,200,14,0
0.1,SARSA,2024,90,-242,164,11,1
0.1,SARSA,2024,91,-236,200,4,0
0.1,SARSA,2024,92,-308,200,12,0
0.1,SARSA,2024,93,-407,200,23,0
0.1,SARSA,2024,94,-281,200,9,0
0.1,SARSA,2024,95,-121,133,1,1
0.1,SARSA,2024,96,-254,200,6,0
0.1,SARSA,2024,97,-281,200,9,0
0.1,SARSA,2024,98,-245,200,5,0
0.1,SARSA,2024,99,-245,200,5,0
0.1,SARSA,2024,100,-113,107,3,1
0.1,SARSA,2024,101,-272,200,8,0
0.1,SARSA,2024,102,-263,200,7,0
0.1,SARSA,2024,103,-272,200,8,0
0.1,SARSA,2024,104,-542,200,38,0
0.1,SARSA,2024,105,-308,200,12,0
0.1,SARSA,2024,106,-232,190,7,1
0.1,SARSA,2024,107,-7,28,0,1
0.1,SARSA,2024,108,-227,200,3,0
0.1,SARSA,2024,109,-281,200,9,0
0.1,SARSA,2024,110,-263,200,7,0
0.1,SARSA,2024,111,-84,51,6,1
0.1,SARSA,2024,112,-102,114,1,1
0.1,SARSA,2024,113,-272,200,8,0
0.1,SARSA,2024,114,-272,200,8,0
0.1,SARSA,2024,115,-281,200,9,0
0.1,SARSA,2024,116,-344,200,16,0
0.1,SARSA,2024,117,-254,200,6,0
0.1,SARSA,2024,118,-24,36,1,1
0.1,SARSA,2024,119,-335,200,15,0
0.1,SARSA,2024,120,-281,200,9,0
0.1,SARSA,2024,121,-127,112,4,1
0.1,SARSA,2024,122,-193,124,10,1
0.1,SARSA,2024,123,-173,149,5,1
0.1,SARSA,2024,124,-245,200,5,0
0.1,SARSA,2024,125,-107,101,3,1
0.1,SARSA,2024,126,-411,189,27,1
0.1,SARSA,2024,127,-208,184,5,1
0.1,SARSA,2024,128,-231,189,7,1
0.1,SARSA,2024,129,-236,200,4,0
0.1,SARSA,2024,130,-236,200,4,0
0.1,SARSA,2024,131,-133,145,1,1
0.1,SARSA,2024,132,-65,59,3,1
0.1,SARSA,2024,133,-26,38,1,1
0.1,SARSA,2024,134,-263,200,7,0
0.1,SARSA,2024,135,-245,200,5,0
0.1,SARSA,2024,136,-254,200,6,0
0.1,SARSA,2024,137,-254,200,6,0
0.1,SARSA,2024,138,-272,200,8,0
0.1,SARSA,2024,139,-151,145,3,1
0.1,SARSA,2024,140,-272,200,8,0
0.1,SARSA,2024,141,-371,200,19,0
0.1,SARSA,2024,142,-290,200,10,0
0.1,SARSA,2024,143,-294,144,19,1
0.1,SARSA,2024,144,-308,200,12,0
0.1,SARSA,2024,145,-183,150,6,1
0.1,SARSA,2024,146,-156,123,6,1
0.1,SARSA,2024,147,-272,200,8,0
0.1,SARSA,2024,148,-218,200,2,0
0.1,SARSA,2024,149,-245,200,5,0
0.1,SARSA,2024,150,-254,200,6,0
0.1,SARSA,2024,151,-344,200,16,0
0.1,SARSA,2024,152,-93,78,4,1
0.1,SARSA,2024,153,-228,168,9,1
0.1,SARSA,2024,154,-136,130,3,1
0.1,SARSA,2024,155,-189,129,9,1
0.1,SARSA,2024,156,-254,200,6,0
0.1,SARSA,2024,157,-148,115,6,1
0.1,SARSA,2024,158,-389,200,21,0
0.1,SARSA,2024,159,-145,121,5,1
0.1,SARSA,2024,160,-188,155,6,1
0.1,SARSA,2024,161,-236,200,4,0
0.1,SARSA,2024,162,-272,200,8,0
0.1,SARSA,2024,163,-164,158,3,1
0.1,SARSA,2024,164,7,14,0,1
0.1,SARSA,2024,165,-88,100,1,1
0.1,SARSA,2024,166,-165,159,3,1
0.1,SARSA,2024,167,-165,159,3,1
0.1,SARSA,2024,168,-236,200,4,0
0.1,SARSA,2024,169,-416,200,24,0
0.1,SARSA,2024,170,-344,200,16,0
0.1,SARSA,2024,171,-144,138,3,1
0.1,SARSA,2024,172,-281,200,9,0
0.1,SARSA,2024,173,-290,200,10,0
0.1,SARSA,2024,174,-308,200,12,0
0.1,SARSA,2024,175,-362,200,18,0
0.1,SARSA,2024,176,-196,172,5,1
0.1,SARSA,2024,177,-263,200,7,0
0.1,SARSA,2024,178,-380,200,20,0
0.1,SARSA,2024,179,-335,200,15,0
0.1,SARSA,2024,180,-245,200,5,0
0.1,SARSA,2024,181,-196,154,7,1
0.1,SARSA,2024,182,-267,162,14,1
0.1,SARSA,2024,183,-362,200,18,0
0.1,SARSA,2024,184,0,21,0,1
0.1,SARSA,2024,185,-335,200,15,0
0.1,SARSA,2024,186,-344,200,16,0
0.1,SARSA,2024,187,-98,92,3,1
0.1,SARSA,2024,188,-79,73,3,1
0.1,SARSA,2024,189,-371,200,19,0
0.1,SARSA,2024,190,-152,101,8,1
0.1,SARSA,2024,191,-160,154,3,1
0.1,SARSA,2024,192,-272,200,8,0
0.1,SARSA,2024,193,-10,22,1,1
0.1,SARSA,2024,194,-335,200,15,0
0.1,SARSA,2024,195,-45,48,2,1
0.1,SARSA,2024,196,-173,122,8,1
0.1,SARSA,2024,197,-389,200,21,0
0.1,SARSA,2024,198,-290,200,10,0
0.1,SARSA,2024,199,-425,200,25,0
0.1,SARSA,2024,200,-283,178,14,1
0.1,SARSA,2024,201,-129,105,5,1
0.1,SARSA,2024,202,-236,200,4,0
0.1,SARSA,2024,203,7,14,0,1
0.1,SARSA,2024,204,-142,136,3,1
0.1,SARSA,2024,205,-39,60,0,1
0.1,SARSA,2024,206,-9,30,0,1
0.1,SARSA,2024,207,-184,151,6,1
0.1,SARSA,2024,208,-254,200,6,0
0.1,SARSA,2024,209,-75,78,2,1
0.1,SARSA,2024,210,-308,200,12,0
0.1,SARSA,2024,211,-174,78,13,1
0.1,SARSA,2024,212,-46,49,2,1
0.1,SARSA,2024,213,-398,200,22,0
0.1,SARSA,2024,214,-272,200,8,0
0.1,SARSA,2024,215,-145,112,6,1
0.1,SARSA,2024,216,-281,200,9,0
0.1,SARSA,2024,217,-290,200,10,0
0.1,SARSA,2024,218,-222,171,8,1
0.1,SARSA,2024,219,-197,146,8,1
0.1,SARSA,2024,220,-156,96,9,1
0.1,SARSA,2024,221,-248,197,8,1
0.1,SARSA,2024,222,-263,200,7,0
0.1,SARSA,2024,223,-308,200,12,0
0.1,SARSA,2024,224,-124,91,6,1
0.1,SARSA,2024,225,-161,155,3,1
0.1,SARSA,2024,226,-103,79,5,1
0.1,SARSA,2024,227,-165,123,7,1
0.1,SARSA,2024,228,-202,160,7,1
0.1,SARSA,2024,229,-145,121,5,1
0.1,SARSA,2024,230,-154,103,8,1
0.1,SARSA,2024,231,-194,152,7,1
0.1,SARSA,2024,232,-163,157,3,1
0.1,SARSA,2024,233,-5,26,0,1
0.1,SARSA,2024,234,-326,200,14,0
0.1,SARSA,2024,235,-53,65,1,1
0.1,SARSA,2024,236,-8,20,1,1
0.1,SARSA,2024,237,-205,118,12,1
0.1,SARSA,2024,238,-263,200,7,0
0.1,SARSA,2024,239,-299,200,11,0
0.1,SARSA,2024,240,-44,56,1,1
0.1,SARSA,2024,241,-281,200,9,0
0.1,SARSA,2024,242,7,14,0,1
0.1,SARSA,2024,243,-281,200,9,0
0.1,SARSA,2024,244,-247,187,9,1
0.1,SARSA,2024,245,-147,141,3,1
0.1,SARSA,2024,246,-245,200,5,0
0.1,SARSA,2024,247,-263,200,7,0
0.1,SARSA,2024,248,-88,100,1,1
0.1,SARSA,2024,249,-65,77,1,1
0.1,SARSA,2024,250,-200,167,6,1
0.1,SARSA,2024,251,-272,200,8,0
0.1,SARSA,2024,252,-200,131,10,1
0.1,SARSA,2024,253,-272,200,8,0
0.1,SARSA,2024,254,-272,200,8,0
0.1,SARSA,2024,255,-8,29,0,1
0.1,SARSA,2024,256,-22,34,1,1
0.1,SARSA,2024,257,-479,200,31,0
0.1,SARSA,2024,258,-129,105,5,1
0.1,SARSA,2024,259,-299,200,11,0
0.1,SARSA,2024,260,-219,159,9,1
0.1,SARSA,2024,261,-179,128,8,1
0.1,SARSA,2024,262,-48,60,1,1
0.1,SARSA,2024,263,-216,174,7,1
0.1,SARSA,2024,264,-253,193,9,1
0.1,SARSA,2024,265,-79,73,3,1
0.1,SARSA,2024,266,-389,200,21,0
0.1,SARSA,2024,267,-168,108,9,1
0.1,SARSA,2024,268,-191,185,3,1
0.1,SARSA,2024,269,-97,100,2,1
0.1,SARSA,2024,270,-70,73,2,1
0.1,SARSA,2024,271,-181,157,5,1
0.1,SARSA,2024,272,-159,126,6,1
0.1,SARSA,2024,273,-272,200,8,0
0.1,SARSA,2024,274,-210,159,8,1
0.1,SARSA,2024,275,-165,132,6,1
0.1,SARSA,2024,276,-196,154,7,1
0.1,SARSA,2024,277,-187,118,10,1
0.1,SARSA,2024,278,-51,54,2,1
0.1,SARSA,2024,279,-110,95,4,1
0.1,SARSA,2024,280,-84,87,2,1
0.1,SARSA,2024,281,-254,200,6,0
0.1,SARSA,2024,282,-263,200,7,0
0.1,SARSA,2024,283,-317,200,13,0
0.1,SARSA,2024,284,-63,57,3,1
0.1,SARSA,2024,285,-179,155,5,1
0.1,SARSA,2024,286,-74,50,5,1
0.1,SARSA,2024,287,-281,200,9,0
0.1,SARSA,2024,288,-135,138,2,1
0.1,SARSA,2024,289,-111,78,6,1
0.1,SARSA,2024,290,-50,71,0,1
0.1,SARSA,2024,291,-102,78,5,1
0.1,SARSA,2024,292,-285,198,12,1
0.1,SARSA,2024,293,-109,85,5,1
0.1,SARSA,2024,294,-132,108,5,1
0.1,SARSA,2024,295,-362,200,18,0
0.1,SARSA,2024,296,-371,200,19,0
0.1,SARSA,2024,297,-118,103,4,1
0.1,SARSA,2024,298,-200,158,7,1
0.1,SARSA,2024,299,-57,60,2,1
0.1,SARSA,2024,300,-154,103,8,1
0.1,SARSA,2024,301,-60,63,2,1
0.1,SARSA,2024,302,-92,86,3,1
0.1,SARSA,2024,303,-139,88,8,1
0.1,SARSA,2024,304,-133,118,4,1
0.1,SARSA,2024,305,-129,105,5,1
0.1,SARSA,2024,306,-353,200,17,0
0.1,SARSA,2024,307,-121,106,4,1
0.1,SARSA,2024,308,-38,50,1,1
0.1,SARSA,2024,309,-254,200,6,0
0.1,SARSA,2024,310,-276,144,17,1
0.1,SARSA,2024,311,-158,116,7,1
0.1,SARSA,2024,312,-84,69,4,1
0.1,SARSA,2024,313,-105,117,1,1
0.1,SARSA,2024,314,-353,200,17,0
0.1,SARSA,2024,315,-371,200,19,0
0.1,SARSA,2024,316,-245,200,5,0
0.1,SARSA,2024,317,-152,119,6,1
0.1,SARSA,2024,318,-173,104,10,1
0.1,SARSA,2024,319,-167,134,6,1
0.1,SARSA,2024,320,-263,200,7,0
0.1,SARSA,2024,321,-25,37,1,1
0.1,SARSA,2024,322,-87,81,3,1
0.1,SARSA,2024,323,-91,58,6,1
0.1,SARSA,2024,324,-103,88,4,1
0.1,SARSA,2024,325,-60,54,3,1
0.1,SARSA,2024,326,-172,148,5,1
0.1,SARSA,2024,327,-161,146,4,1
0.1,SARSA,2024,328,-353,200,17,0
0.1,SARSA,2024,329,-5,26,0,1
0.1,SARSA,2024,330,-220,160,9,1
0.1,SARSA,2024,331,-122,116,3,1
0.1,SARSA,2024,332,-104,98,3,1
0.1,SARSA,2024,333,-55,49,3,1
0.1,SARSA,2024,334,-335,200,15,0
0.1,SARSA,2024,335,-92,77,4,1
0.1,SARSA,2024,336,-55,58,2,1
0.1,SARSA,2024,337,-77,53,5,1
0.1,SARSA,2024,338,-117,102,4,1
0.1,SARSA,2024,339,-218,158,9,1
0.1,SARSA,2024,340,-126,84,7,1
0.1,SARSA,2024,341,-23,35,1,1
0.1,SARSA,2024,342,-164,122,7,1
0.1,SARSA,2024,343,-27,39,1,1
0.1,SARSA,2024,344,-116,110,3,1
0.1,SARSA,2024,345,-77,53,5,1
0.1,SARSA,2024,346,-254,200,6,0
0.1,SARSA,2024,347,-26,38,1,1
0.1,SARSA,2024,348,-96,81,4,1
0.1,SARSA,2024,349,6,15,0,1
0.1,SARSA,2024,350,-240,171,10,1
0.1,SARSA,2024,351,-1,22,0,1
0.1,SARSA,2024,352,-157,133,5,1
0.1,SARSA,2024,353,-281,200,9,0
0.1,SARSA,2024,354,-66,42,5,1
0.1,SARSA,2024,355,-75,78,2,1
0.1,SARSA,2024,356,-15,36,0,1
0.1,SARSA,2024,357,12,9,0,1
0.1,SARSA,2024,358,-245,200,5,0
0.1,SARSA,2024,359,13,8,0,1
0.1,SARSA,2024,360,-7,28,0,1
0.1,SARSA,2024,361,-238,169,10,1
0.1,SARSA,2024,362,-32,44,1,1
0.1,SARSA,2024,363,-25,46,0,1
0.1,SARSA,2024,364,-86,80,3,1
0.1,SARSA,2024,365,-72,75,2,1
0.1,SARSA,2024,366,-134,110,5,1
0.1,SARSA,2024,367,-155,86,10,1
0.1,SARSA,2024,368,-93,87,3,1
0.1,SARSA,2024,369,-170,110,9,1
0.1,SARSA,2024,370,-272,200,8,0
0.1,SARSA,2024,371,-263,200,7,0
0.1,SARSA,2024,372,-234,174,9,1
0.1,SARSA,2024,373,-111,78,6,1
0.1,SARSA,2024,374,-72,66,3,1
0.1,SARSA,2024,375,-50,35,4,1
0.1,SARSA,2024,376,-108,75,6,1
0.1,SARSA,2024,377,-106,109,2,1
0.1,SARSA,2024,378,-272,200,8,0
0.1,SARSA,2024,379,-97,91,3,1
0.1,SARSA,2024,380,-46,49,2,1
0.1,SARSA,2024,381,-275,197,11,1
0.1,SARSA,2024,382,-13,25,1,1
0.1,SARSA,2024,383,-70,91,0,1
0.1,SARSA,2024,384,-108,84,5,1
0.1,SARSA,2024,385,-308,200,12,0
0.1,SARSA,2024,386,-99,111,1,1
0.1,SARSA,2024,387,-106,82,5,1
0.1,SARSA,2024,388,-47,59,1,1
0.1,SARSA,2024,389,-136,103,6,1
0.1,SARSA,2024,390,-52,46,3,1
0.1,SARSA,2024,391,-138,114,5,1
0.1,SARSA,2024,392,-142,127,4,1
0.1,SARSA,2024,393,-167,107,9,1
0.1,SARSA,2024,394,-17,29,1,1
0.1,SARSA,2024,395,-66,87,0,1
0.1,SARSA,2024,396,-26,20,3,1
0.1,SARSA,2024,397,-256,196,9,1
0.1,SARSA,2024,398,-61,64,2,1
0.1,SARSA,2024,399,-114,108,3,1
0.1,SARSA,2024,400,-79,55,5,1
0.1,SARSA,2024,401,-31,43,1,1
0.1,SARSA,2024,402,-312,198,15,1
0.1,SARSA,2024,403,-19,31,1,1
0.1,SARSA,2024,404,-272,200,8,0
0.1,SARSA,2024,405,11,10,0,1
0.1,SARSA,2024,406,-15,36,0,1
0.1,SARSA,2024,407,14,7,0,1
0.1,SARSA,2024,408,-281,200,9,0
0.1,SARSA,2024,409,-31,34,2,1
0.1,SARSA,2024,410,-190,139,8,1
0.1,SARSA,2024,411,-81,48,6,1
0.1,SARSA,2024,412,-174,114,9,1
0.1,SARSA,2024,413,-128,77,8,1
0.1,SARSA,2024,414,-125,101,5,1
0.1,SARSA,2024,415,-117,102,4,1
0.1,SARSA,2024,416,-83,77,3,1
0.1,SARSA,2024,417,-15,27,1,1
0.1,SARSA,2024,418,-55,67,1,1
0.1,SARSA,2024,419,-123,99,5,1
0.1,SARSA,2024,420,-10,22,1,1
0.1,SARSA,2024,421,-231,171,9,1
0.1,SARSA,2024,422,-317,200,13,0
0.1,SARSA,2024,423,-44,47,2,1
0.1,SARSA,2024,424,-59,71,1,1
0.1,SARSA,2024,425,-146,77,10,1
0.1,SARSA,2024,426,-30,33,2,1
0.1,SARSA,2024,427,-6,18,1,1
0.1,SARSA,2024,428,-272,200,8,0
0.1,SARSA,2024,429,15,6,0,1
0.1,SARSA,2024,430,9,12,0,1
0.1,SARSA,2024,431,-99,75,5,1
0.1,SARSA,2024,432,-39,60,0,1
0.1,SARSA,2024,433,-32,53,0,1
0.1,SARSA,2024,434,-344,200,16,0
0.1,SARSA,2024,435,-146,122,5,1
0.1,SARSA,2024,436,-48,42,3,1
0.1,SARSA,2024,437,-192,132,9,1
0.1,SARSA,2024,438,-114,99,4,1
0.1,SARSA,2024,439,-54,57,2,1
0.1,SARSA,2024,440,1,20,0,1
0.1,SARSA,2024,441,-14,26,1,1
0.1,SARSA,2024,442,-102,96,3,1
0.1,SARSA,2024,443,-263,200,7,0
0.1,SARSA,2024,444,-47,41,3,1
0.1,SARSA,2024,445,-263,200,7,0
0.1,SARSA,2024,446,-73,76,2,1
0.1,SARSA,2024,447,-13,34,0,1
0.1,SARSA,2024,448,-4,16,1,1
0.1,SARSA,2024,449,-125,101,5,1
0.1,SARSA,2024,450,-31,43,1,1
0.1,SARSA,2024,451,-126,93,6,1
0.1,SARSA,2024,452,-155,104,8,1
0.1,SARSA,2024,453,-161,128,6,1
0.1,SARSA,2024,454,-335,200,15,0
0.1,SARSA,2024,455,4,17,0,1
0.1,SARSA,2024,456,-144,102,7,1
0.1,SARSA,2024,457,-14,17,2,1
0.1,SARSA,2024,458,-169,136,6,1
0.1,SARSA,2024,459,-113,125,1,1
0.1,SARSA,2024,460,-166,79,12,1
0.1,SARSA,2024,461,-195,144,8,1
0.1,SARSA,2024,462,-144,93,8,1
0.1,SARSA,2024,463,-221,170,8,1
0.1,SARSA,2024,464,-84,60,5,1
0.1,SARSA,2024,465,5,16,0,1
0.1,SARSA,2024,466,-51,72,0,1
0.1,SARSA,2024,467,-133,127,3,1
0.1,SARSA,2024,468,-4,16,1,1
0.1,SARSA,2024,469,-248,188,9,1
0.1,SARSA,2024,470,5,16,0,1
0.1,SARSA,2024,471,-182,158,5,1
0.1,SARSA,2024,472,-32,35,2,1
0.1,SARSA,2024,473,-162,120,7,1
0.1,SARSA,2024,474,-251,164,12,1
0.1,SARSA,2024,475,-92,86,3,1
0.1,SARSA,2024,476,-79,73,3,1
0.1,SARSA,2024,477,-115,100,4,1
0.1,SARSA,2024,478,11,10,0,1
0.1,SARSA,2024,479,-124,73,8,1
0.1,SARSA,2024,480,-190,157,6,1
0.1,SARSA,2024,481,-16,28,1,1
0.1,SARSA,2024,482,-182,122,9,1
0.1,SARSA,2024,483,-119,95,5,1
0.1,SARSA,2024,484,-21,24,2,1
0.1,SARSA,2024,485,-94,97,2,1
0.1,SARSA,2024,486,-58,52,3,1
0.1,SARSA,2024,487,-9,30,0,1
0.1,SARSA,2024,488,7,14,0,1
0.1,SARSA,2024,489,-125,110,4,1
0.1,SARSA,2024,490,11,10,0,1
0.1,SARSA,2024,491,-217,148,10,1
0.1,SARSA,2024,492,-61,55,3,1
0.1,SARSA,2024,493,-142,127,4,1
0.1,SARSA,2024,494,-75,78,2,1
0.1,SARSA,2024,495,-45,57,1,1
0.1,SARSA,2024,496,-43,37,3,1
0.1,SARSA,2024,497,-16,19,2,1
0.1,SARSA,2024,498,-23,44,0,1
0.1,SARSA,2024,499,-64,40,5,1
0.1,SARSA + PS,42,0,-578,200,42,0
0.1,SARSA + PS,42,1,-578,200,42,0
0.1,SARSA + PS,42,2,-767,200,63,0
0.1,SARSA + PS,42,3,-641,200,49,0
0.1,SARSA + PS,42,4,-659,200,51,0
0.1,SARSA + PS,42,5,-695,200,55,0
0.1,SARSA + PS,42,6,-704,200,56,0
0.1,SARSA + PS,42,7,-542,200,38,0
0.1,SARSA + PS,42,8,-668,200,52,0
0.1,SARSA + PS,42,9,-605,200,45,0
0.1,SARSA + PS,42,10,-677,200,53,0
0.1,SARSA + PS,42,11,-569,200,41,0
0.1,SARSA + PS,42,12,-272,200,8,0
0.1,SARSA + PS,42,13,-632,200,48,0
0.1,SARSA + PS,42,14,-722,200,58,0
0.1,SARSA + PS,42,15,-713,200,57,0
0.1,SARSA + PS,42,16,-245,200,5,0
0.1,SARSA + PS,42,17,-245,200,5,0
0.1,SARSA + PS,42,18,-389,200,21,0
0.1,SARSA + PS,42,19,-776,200,64,0
0.1,SARSA + PS,42,20,-758,200,62,0
0.1,SARSA + PS,42,21,-587,200,43,0
0.1,SARSA + PS,42,22,-596,200,44,0
0.1,SARSA + PS,42,23,-278,146,17,1
0.1,SARSA + PS,42,24,-281,200,9,0
0.1,SARSA + PS,42,25,-335,200,15,0
0.1,SARSA + PS,42,26,-185,62,16,1
0.1,SARSA + PS,42,27,-180,120,9,1
0.1,SARSA + PS,42,28,-218,200,2,0
0.1,SARSA + PS,42,29,-227,200,3,0
0.1,SARSA + PS,42,30,-659,200,51,0
0.1,SARSA + PS,42,31,-308,200,12,0
0.1,SARSA + PS,42,32,-50,53,2,1
0.1,SARSA + PS,42,33,-200,59,18,1
0.1,SARSA + PS,42,34,-12,24,1,1
0.1,SARSA + PS,42,35,-281,200,9,0
0.1,SARSA + PS,42,36,-587,200,43,0
0.1,SARSA + PS,42,37,-206,200,3,1
0.1,SARSA + PS,42,38,-131,125,3,1
0.1,SARSA + PS,42,39,-623,200,47,0
0.1,SARSA + PS,42,40,-31,43,1,1
0.1,SARSA + PS,42,41,-767,200,63,0
0.1,SARSA + PS,42,42,-142,100,7,1
0.1,SARSA + PS,42,43,10,11,0,1
0.1,SARSA + PS,42,44,-107,83,5,1
0.1,SARSA + PS,42,45,-85,79,3,1
0.1,SARSA + PS,42,46,14,7,0,1
0.1,SARSA + PS,42,47,-29,50,0,1
0.1,SARSA + PS,42,48,-263,200,7,0
0.1,SARSA + PS,42,49,-281,200,9,0
0.1,SARSA + PS,42,50,-245,200,5,0
0.1,SARSA + PS,42,51,-272,200,8,0
0.1,SARSA + PS,42,52,-272,200,8,0
0.1,SARSA + PS,42,53,-299,200,11,0
0.1,SARSA + PS,42,54,-596,200,44,0
0.1,SARSA + PS,42,55,-308,200,12,0
0.1,SARSA + PS,42,56,-308,200,12,0
0.1,SARSA + PS,42,57,-245,200,5,0
0.1,SARSA + PS,42,58,-236,200,4,0
0.1,SARSA + PS,42,59,-245,200,5,0
0.1,SARSA + PS,42,60,0,21,0,1
0.1,SARSA + PS,42,61,-490,133,42,1
0.1,SARSA + PS,42,62,-281,200,9,0
0.1,SARSA + PS,42,63,-95,98,2,1
0.1,SARSA + PS,42,64,-254,200,6,0
0.1,SARSA + PS,42,65,-236,200,4,0
0.1,SARSA + PS,42,66,-192,168,5,1
0.1,SARSA + PS,42,67,-281,200,9,0
0.1,SARSA + PS,42,68,-85,79,3,1
0.1,SARSA + PS,42,69,-236,200,4,0
0.1,SARSA + PS,42,70,-148,52,13,1
0.1,SARSA + PS,42,71,-335,200,15,0
0.1,SARSA + PS,42,72,-263,200,7,0
0.1,SARSA + PS,42,73,-36,48,1,1
0.1,SARSA + PS,42,74,9,12,0,1
0.1,SARSA + PS,42,75,-212,188,5,1
0.1,SARSA + PS,42,76,-175,142,6,1
0.1,SARSA + PS,42,77,-68,62,3,1
0.1,SARSA + PS,42,78,-22,43,0,1
0.1,SARSA + PS,42,79,-299,200,11,0
0.1,SARSA + PS,42,80,-176,179,2,1
0.1,SARSA + PS,42,81,-62,56,3,1
0.1,SARSA + PS,42,82,-88,82,3,1
0.1,SARSA + PS,42,83,-9,30,0,1
0.1,SARSA + PS,42,84,15,6,0,1
0.1,SARSA + PS,42,85,8,13,0,1
0.1,SARSA + PS,42,86,-256,106,19,1
0.1,SARSA + PS,42,87,-227,200,3,0
0.1,SARSA + PS,42,88,-53,65,1,1
0.1,SARSA + PS,42,89,11,10,0,1
0.1,SARSA + PS,42,90,-254,200,6,0
0.1,SARSA + PS,42,91,-33,27,3,1
0.1,SARSA + PS,42,92,-254,200,6,0
0.1,SARSA + PS,42,93,-236,200,4,0
0.1,SARSA + PS,42,94,-263,200,7,0
0.1,SARSA + PS,42,95,-445,142,36,1
0.1,SARSA + PS,42,96,-39,60,0,1
0.1,SARSA + PS,42,97,-187,154,6,1
0.1,SARSA + PS,42,98,-263,200,7,0
0.1,SARSA + PS,42,99,5,16,0,1
0.1,SARSA + PS,42,100,11,10,0,1
0.1,SARSA + PS,42,101,-101,95,3,1
0.1,SARSA + PS,42,102,4,17,0,1
0.1,SARSA + PS,42,103,-51,54,2,1
0.1,SARSA + PS,42,104,-10,31,0,1
0.1,SARSA + PS,42,105,-245,200,5,0
0.1,SARSA + PS,42,106,2,19,0,1
0.1,SARSA + PS,42,107,-236,200,4,0
0.1,SARSA + PS,42,108,15,6,0,1
0.1,SARSA + PS,42,109,-65,50,4,1
0.1,SARSA + PS,42,110,-108,111,2,1
0.1,SARSA + PS,42,111,-2,23,0,1
0.1,SARSA + PS,42,112,-208,184,5,1
0.1,SARSA + PS,42,113,-103,97,3,1
0.1,SARSA + PS,42,114,-28,40,1,1
0.1,SARSA + PS,42,115,0,12,1,1
0.1,SARSA + PS,42,116,-23,35,1,1
0.1,SARSA + PS,42,117,-53,65,1,1
0.1,SARSA + PS,42,118,9,12,0,1
0.1,SARSA + PS,42,119,-272,200,8,0
0.1,SARSA + PS,42,120,-166,151,4,1
0.1,SARSA + PS,42,121,10,11,0,1
0.1,SARSA + PS,42,122,-30,51,0,1
0.1,SARSA + PS,42,123,12,9,0,1
0.1,SARSA + PS,42,124,-10,22,1,1
0.1,SARSA + PS,42,125,-11,23,1,1
0.1,SARSA + PS,42,126,-133,127,3,1
0.1,SARSA + PS,42,127,-94,97,2,1
0.1,SARSA + PS,42,128,-107,83,5,1
0.1,SARSA + PS,42,129,-5,17,1,1
0.1,SARSA + PS,42,130,10,11,0,1
0.1,SARSA + PS,42,131,7,14,0,1
0.1,SARSA + PS,42,132,-162,156,3,1
0.1,SARSA + PS,42,133,-36,48,1,1
0.1,SARSA + PS,42,134,-157,133,5,1
0.1,SARSA + PS,42,135,10,11,0,1
0.1,SARSA + PS,42,136,-21,33,1,1
0.1,SARSA + PS,42,137,-51,45,3,1
0.1,SARSA + PS,42,138,9,12,0,1
0.1,SARSA + PS,42,139,-254,200,6,0
0.1,SARSA + PS,42,140,-147,132,4,1
0.1,SARSA + PS,42,141,10,11,0,1
0.1,SARSA + PS,42,142,-68,53,4,1
0.1,SARSA + PS,42,143,-51,63,1,1
0.1,SARSA + PS,42,144,-59,62,2,1
0.1,SARSA + PS,42,145,-245,200,5,0
0.1,SARSA + PS,42,146,-31,25,3,1
0.1,SARSA + PS,42,147,-52,46,3,1
0.1,SARSA + PS,42,148,-28,22,3,1
0.1,SARSA + PS,42,149,-37,49,1,1
0.1,SARSA + PS,42,150,-24,36,1,1
0.1,SARSA + PS,42,151,-80,74,3,1
0.1,SARSA + PS,42,152,-159,126,6,1
0.1,SARSA + PS,42,153,-37,49,1,1
0.1,SARSA + PS,42,154,-203,188,4,1
0.1,SARSA + PS,42,155,-1,22,0,1
0.1,SARSA + PS,42,156,7,14,0,1
0.1,SARSA + PS,42,157,-28,40,1,1
0.1,SARSA + PS,42,158,-109,94,4,1
0.1,SARSA + PS,42,159,9,12,0,1
0.1,SARSA + PS,42,160,-197,200,2,1
0.1,SARSA + PS,42,161,-9,21,1,1
0.1,SARSA + PS,42,162,8,13,0,1
0.1,SARSA + PS,42,163,-12,33,0,1
0.1,SARSA + PS,42,164,8,13,0,1
0.1,SARSA + PS,42,165,-1,13,1,1
0.1,SARSA + PS,42,166,14,7,0,1
0.1,SARSA + PS,42,167,8,13,0,1
0.1,SARSA + PS,42,168,-47,59,1,1
0.1,SARSA + PS,42,169,-7,28,0,1
0.1,SARSA + PS,42,170,-3,15,1,1
0.1,SARSA + PS,42,171,-15,27,1,1
0.1,SARSA + PS,42,172,9,12,0,1
0.1,SARSA + PS,42,173,-39,60,0,1
0.1,SARSA + PS,42,174,-18,21,2,1
0.1,SARSA + PS,42,175,-43,37,3,1
0.1,SARSA + PS,42,176,-8,20,1,1
0.1,SARSA + PS,42,177,-34,46,1,1
0.1,SARSA + PS,42,178,-45,57,1,1
0.1,SARSA + PS,42,179,-21,33,1,1
0.1,SARSA + PS,42,180,13,8,0,1
0.1,SARSA + PS,42,181,4,17,0,1
0.1,SARSA + PS,42,182,10,11,0,1
0.1,SARSA + PS,42,183,-24,45,0,1
0.1,SARSA + PS,42,184,-34,37,2,1
0.1,SARSA + PS,42,185,-109,85,5,1
0.1,SARSA + PS,42,186,9,12,0,1
0.1,SARSA + PS,42,187,-95,80,4,1
0.1,SARSA + PS,42,188,12,9,0,1
0.1,SARSA + PS,42,189,-104,89,4,1
0.1,SARSA + PS,42,190,12,9,0,1
0.1,SARSA + PS,42,191,-3,15,1,1
0.1,SARSA + PS,42,192,-46,58,1,1
0.1,SARSA + PS,42,193,7,14,0,1
0.1,SARSA + PS,42,194,12,9,0,1
0.1,SARSA + PS,42,195,-8,20,1,1
0.1,SARSA + PS,42,196,-155,140,4,1
0.1,SARSA + PS,42,197,-143,119,5,1
0.1,SARSA + PS,42,198,6,15,0,1
0.1,SARSA + PS,42,199,11,10,0,1
0.1,SARSA + PS,42,200,-136,121,4,1
0.1,SARSA + PS,42,201,-7,28,0,1
0.1,SARSA + PS,42,202,7,14,0,1
0.1,SARSA + PS,42,203,0,12,1,1
0.1,SARSA + PS,42,204,-254,200,6,0
0.1,SARSA + PS,42,205,11,10,0,1
0.1,SARSA + PS,42,206,-111,105,3,1
0.1,SARSA + PS,42,207,-190,175,4,1
0.1,SARSA + PS,42,208,14,7,0,1
0.1,SARSA + PS,42,209,0,12,1,1
0.1,SARSA + PS,42,210,-108,102,3,1
0.1,SARSA + PS,42,211,5,16,0,1
0.1,SARSA + PS,42,212,1,11,1,1
0.1,SARSA + PS,42,213,3,18,0,1
0.1,SARSA + PS,42,214,-8,20,1,1
0.1,SARSA + PS,42,215,-83,95,1,1
0.1,SARSA + PS,42,216,-20,41,0,1
0.1,SARSA + PS,42,217,-3,15,1,1
0.1,SARSA + PS,42,218,1,20,0,1
0.1,SARSA + PS,42,219,-27,39,1,1
0.1,SARSA + PS,42,220,0,21,0,1
0.1,SARSA + PS,42,221,11,10,0,1
0.1,SARSA + PS,42,222,13,8,0,1
0.1,SARSA + PS,42,223,-14,26,1,1
0.1,SARSA + PS,42,224,13,8,0,1
0.1,SARSA + PS,42,225,0,12,1,1
0.1,SARSA + PS,42,226,-43,46,2,1
0.1,SARSA + PS,42,227,-12,24,1,1
0.1,SARSA + PS,42,228,-228,177,8,1
0.1,SARSA + PS,42,229,-15,18,2,1
0.1,SARSA + PS,42,230,-29,32,2,1
0.1,SARSA + PS,42,231,-3,15,1,1
0.1,SARSA + PS,42,232,-5,17,1,1
0.1,SARSA + PS,42,233,-9,30,0,1
0.1,SARSA + PS,42,234,14,7,0,1
0.1,SARSA + PS,42,235,11,10,0,1
0.1,SARSA + PS,42,236,3,18,0,1
0.1,SARSA + PS,42,237,-281,200,9,0
0.1,SARSA + PS,42,238,1,11,1,1
0.1,SARSA + PS,42,239,10,11,0,1
0.1,SARSA + PS,42,240,10,11,0,1
0.1,SARSA + PS,42,241,-91,85,3,1
0.1,SARSA + PS,42,242,-75,69,3,1
0.1,SARSA + PS,42,243,7,14,0,1
0.1,SARSA + PS,42,244,10,11,0,1
0.1,SARSA + PS,42,245,-263,200,7,0
0.1,SARSA + PS,42,246,-2,23,0,1
0.1,SARSA + PS,42,247,-70,55,4,1
0.1,SARSA + PS,42,248,4,17,0,1
0.1,SARSA + PS,42,249,6,15,0,1
0.1,SARSA + PS,42,250,-6,27,0,1
0.1,SARSA + PS,42,251,4,17,0,1
0.1,SARSA + PS,42,252,-45,48,2,1
0.1,SARSA + PS,42,253,8,13,0,1
0.1,SARSA + PS,42,254,-116,101,4,1
0.1,SARSA + PS,42,255,-74,86,1,1
0.1,SARSA + PS,42,256,8,13,0,1
0.1,SARSA + PS,42,257,-16,19,2,1
0.1,SARSA + PS,42,258,-49,43,3,1
0.1,SARSA + PS,42,259,7,14,0,1
0.1,SARSA + PS,42,260,-1,13,1,1
0.1,SARSA + PS,42,261,-67,43,5,1
0.1,SARSA + PS,42,262,-211,178,6,1
0.1,SARSA + PS,42,263,9,12,0,1
0.1,SARSA + PS,42,264,-23,26,2,1
0.1,SARSA + PS,42,265,-11,23,1,1
0.1,SARSA + PS,42,266,-3,15,1,1
0.1,SARSA + PS,42,267,-22,43,0,1
0.1,SARSA + PS,42,268,-2,14,1,1
0.1,SARSA + PS,42,269,-6,18,1,1
0.1,SARSA + PS,42,270,-114,126,1,1
0.1,SARSA + PS,42,271,-92,77,4,1
0.1,SARSA + PS,42,272,-123,90,6,1
0.1,SARSA + PS,42,273,-172,139,6,1
0.1,SARSA + PS,42,274,2,10,1,1
0.1,SARSA + PS,42,275,-12,24,1,1
0.1,SARSA + PS,42,276,8,13,0,1
0.1,SARSA + PS,42,277,-4,25,0,1
0.1,SARSA + PS,42,278,-216,192,5,1
0.1,SARSA + PS,42,279,-215,182,6,1
0.1,SARSA + PS,42,280,5,16,0,1
0.1,SARSA + PS,42,281,-44,38,3,1
0.1,SARSA + PS,42,282,11,10,0,1
0.1,SARSA + PS,42,283,9,12,0,1
0.1,SARSA + PS,42,284,11,10,0,1
0.1,SARSA + PS,42,285,6,15,0,1
0.1,SARSA + PS,42,286,-93,105,1,1
0.1,SARSA + PS,42,287,-12,24,1,1
0.1,SARSA + PS,42,288,-88,82,3,1
0.1,SARSA + PS,42,289,10,11,0,1
0.1,SARSA + PS,42,290,8,13,0,1
0.1,SARSA + PS,42,291,5,16,0,1
0.1,SARSA + PS,42,292,12,9,0,1
0.1,SARSA + PS,42,293,-40,43,2,1
0.1,SARSA + PS,42,294,-93,87,3,1
0.1,SARSA + PS,42,295,-6,18,1,1
0.1,SARSA + PS,42,296,0,12,1,1
0.1,SARSA + PS,42,297,8,13,0,1
0.1,SARSA + PS,42,298,12,9,0,1
0.1,SARSA + PS,42,299,0,21,0,1
0.1,SARSA + PS,42,300,3,18,0,1
0.1,SARSA + PS,42,301,-28,49,0,1
0.1,SARSA + PS,42,302,-22,34,1,1
0.1,SARSA + PS,42,303,-20,41,0,1
0.1,SARSA + PS,42,304,-17,38,0,1
0.1,SARSA + PS,42,305,6,15,0,1
0.1,SARSA + PS,42,306,0,21,0,1
0.1,SARSA + PS,42,307,9,12,0,1
0.1,SARSA + PS,42,308,-2,23,0,1
0.1,SARSA + PS,42,309,11,10,0,1
0.1,SARSA + PS,42,310,1,20,0,1
0.1,SARSA + PS,42,311,-107,83,5,1
0.1,SARSA + PS,42,312,-9,21,1,1
0.1,SARSA + PS,42,313,11,10,0,1
0.1,SARSA + PS,42,314,-7,19,1,1
0.1,SARSA + PS,42,315,3,18,0,1
0.1,SARSA + PS,42,316,5,16,0,1
0.1,SARSA + PS,42,317,10,11,0,1
0.1,SARSA + PS,42,318,2,19,0,1
0.1,SARSA + PS,42,319,7,14,0,1
0.1,SARSA + PS,42,320,8,13,0,1
0.1,SARSA + PS,42,321,12,9,0,1
0.1,SARSA + PS,42,322,-26,38,1,1
0.1,SARSA + PS,42,323,-9,12,2,1
0.1,SARSA + PS,42,324,6,15,0,1
0.1,SARSA + PS,42,325,10,11,0,1
0.1,SARSA + PS,42,326,-1,13,1,1
0.1,SARSA + PS,42,327,0,12,1,1
0.1,SARSA + PS,42,328,-3,24,0,1
0.1,SARSA + PS,42,329,-12,15,2,1
0.1,SARSA + PS,42,330,10,11,0,1
0.1,SARSA + PS,42,331,-4,16,1,1
0.1,SARSA + PS,42,332,-46,49,2,1
0.1,SARSA + PS,42,333,-4,16,1,1
0.1,SARSA + PS,42,334,0,12,1,1
0.1,SARSA + PS,42,335,10,11,0,1
0.1,SARSA + PS,42,336,5,16,0,1
0.1,SARSA + PS,42,337,-13,25,1,1
0.1,SARSA + PS,42,338,-272,200,8,0
0.1,SARSA + PS,42,339,-22,25,2,1
0.1,SARSA + PS,42,340,-29,23,3,1
0.1,SARSA + PS,42,341,-9,30,0,1
0.1,SARSA + PS,42,342,9,12,0,1
0.1,SARSA + PS,42,343,-41,44,2,1
0.1,SARSA + PS,42,344,-4,16,1,1
0.1,SARSA + PS,42,345,9,12,0,1
0.1,SARSA + PS,42,346,-5,17,1,1
0.1,SARSA + PS,42,347,0,12,1,1
0.1,SARSA + PS,42,348,-2,14,1,1
0.1,SARSA + PS,42,349,12,9,0,1
0.1,SARSA + PS,42,350,-13,34,0,1
0.1,SARSA + PS,42,351,5,16,0,1
0.1,SARSA + PS,42,352,12,9,0,1
0.1,SARSA + PS,42,353,0,21,0,1
0.1,SARSA + PS,42,354,-3,15,1,1
0.1,SARSA + PS,42,355,0,12,1,1
0.1,SARSA + PS,42,356,7,14,0,1
0.1,SARSA + PS,42,357,1,20,0,1
0.1,SARSA + PS,42,358,5,16,0,1
0.1,SARSA + PS,42,359,-50,62,1,1
0.1,SARSA + PS,42,360,6,15,0,1
0.1,SARSA + PS,42,361,14,7,0,1
0.1,SARSA + PS,42,362,0,12,1,1
0.1,SARSA + PS,42,363,-25,37,1,1
0.1,SARSA + PS,42,364,-12,15,2,1
0.1,SARSA + PS,42,365,-6,18,1,1
0.1,SARSA + PS,42,366,9,12,0,1
0.1,SARSA + PS,42,367,7,14,0,1
0.1,SARSA + PS,42,368,-30,51,0,1
0.1,SARSA + PS,42,369,7,14,0,1
0.1,SARSA + PS,42,370,-2,14,1,1
0.1,SARSA + PS,42,371,4,8,1,1
0.1,SARSA + PS,42,372,12,9,0,1
0.1,SARSA + PS,42,373,-12,33,0,1
0.1,SARSA + PS,42,374,9,12,0,1
0.1,SARSA + PS,42,375,0,12,1,1
0.1,SARSA + PS,42,376,6,15,0,1
0.1,SARSA + PS,42,377,-31,25,3,1
0.1,SARSA + PS,42,378,0,12,1,1
0.1,SARSA + PS,42,379,-3,15,1,1
0.1,SARSA + PS,42,380,-6,27,0,1
0.1,SARSA + PS,42,381,-3,15,1,1
0.1,SARSA + PS,42,382,-104,98,3,1
0.1,SARSA + PS,42,383,-24,36,1,1
0.1,SARSA + PS,42,384,-2,14,1,1
0.1,SARSA + PS,42,385,-16,37,0,1
0.1,SARSA + PS,42,386,-14,17,2,1
0.1,SARSA + PS,42,387,10,11,0,1
0.1,SARSA + PS,42,388,-30,42,1,1
0.1,SARSA + PS,42,389,-3,24,0,1
0.1,SARSA + PS,42,390,8,13,0,1
0.1,SARSA + PS,42,391,-33,36,2,1
0.1,SARSA + PS,42,392,-22,34,1,1
0.1,SARSA + PS,42,393,8,13,0,1
0.1,SARSA + PS,42,394,-24,45,0,1
0.1,SARSA + PS,42,395,9,12,0,1
0.1,SARSA + PS,42,396,2,19,0,1
0.1,SARSA + PS,42,397,-7,28,0,1
0.1,SARSA + PS,42,398,6,15,0,1
0.1,SARSA + PS,42,399,4,8,1,1
0.1,SARSA + PS,42,400,9,12,0,1
0.1,SARSA + PS,42,401,4,17,0,1
0.1,SARSA + PS,42,402,11,10,0,1
0.1,SARSA + PS,42,403,-10,13,2,1
0.1,SARSA + PS,42,404,-74,68,3,1
0.1,SARSA + PS,42,405,4,17,0,1
0.1,SARSA + PS,42,406,-45,30,4,1
0.1,SARSA + PS,42,407,4,17,0,1
0.1,SARSA + PS,42,408,7,14,0,1
0.1,SARSA + PS,42,409,9,12,0,1
0.1,SARSA + PS,42,410,1,11,1,1
0.1,SARSA + PS,42,411,-53,65,1,1
0.1,SARSA + PS,42,412,3,18,0,1
0.1,SARSA + PS,42,413,10,11,0,1
0.1,SARSA + PS,42,414,-1,13,1,1
0.1,SARSA + PS,42,415,-4,16,1,1
0.1,SARSA + PS,42,416,-55,58,2,1
0.1,SARSA + PS,42,417,-5,17,1,1
0.1,SARSA + PS,42,418,-23,35,1,1
0.1,SARSA + PS,42,419,-9,30,0,1
0.1,SARSA + PS,42,420,-4,16,1,1
0.1,SARSA + PS,42,421,-9,21,1,1
0.1,SARSA + PS,42,422,10,11,0,1
0.1,SARSA + PS,42,423,-33,36,2,1
0.1,SARSA + PS,42,424,7,14,0,1
0.1,SARSA + PS,42,425,-3,15,1,1
0.1,SARSA + PS,42,426,12,9,0,1
0.1,SARSA + PS,42,427,-18,21,2,1
0.1,SARSA + PS,42,428,12,9,0,1
0.1,SARSA + PS,42,429,6,15,0,1
0.1,SARSA + PS,42,430,9,12,0,1
0.1,SARSA + PS,42,431,6,15,0,1
0.1,SARSA + PS,42,432,0,12,1,1
0.1,SARSA + PS,42,433,-30,33,2,1
0.1,SARSA + PS,42,434,-5,26,0,1
0.1,SARSA + PS,42,435,-32,35,2,1
0.1,SARSA + PS,42,436,8,13,0,1
0.1,SARSA + PS,42,437,-12,24,1,1
0.1,SARSA + PS,42,438,8,13,0,1
0.1,SARSA + PS,42,439,-35,29,3,1
0.1,SARSA + PS,42,440,-5,17,1,1
0.1,SARSA + PS,42,441,-8,20,1,1
0.1,SARSA + PS,42,442,-63,75,1,1
0.1,SARSA + PS,42,443,7,14,0,1
0.1,SARSA + PS,42,444,7,14,0,1
0.1,SARSA + PS,42,445,3,18,0,1
0.1,SARSA + PS,42,446,-5,26,0,1
0.1,SARSA + PS,42,447,4,17,0,1
0.1,SARSA + PS,42,448,6,15,0,1
0.1,SARSA + PS,42,449,8,13,0,1
0.1,SARSA + PS,42,450,-54,57,2,1
0.1,SARSA + PS,42,451,-78,72,3,1
0.1,SARSA + PS,42,452,-3,24,0,1
0.1,SARSA + PS,42,453,-30,42,1,1
0.1,SARSA + PS,42,454,8,13,0,1
0.1,SARSA + PS,42,455,-3,15,1,1
0.1,SARSA + PS,42,456,-1,13,1,1
0.1,SARSA + PS,42,457,8,13,0,1
0.1,SARSA + PS,42,458,-51,54,2,1
0.1,SARSA + PS,42,459,13,8,0,1
0.1,SARSA + PS,42,460,13,8,0,1
0.1,SARSA + PS,42,461,1,20,0,1
0.1,SARSA + PS,42,462,-19,31,1,1
0.1,SARSA + PS,42,463,-42,54,1,1
0.1,SARSA + PS,42,464,10,11,0,1
0.1,SARSA + PS,42,465,7,14,0,1
0.1,SARSA + PS,42,466,8,13,0,1
0.1,SARSA + PS,42,467,13,8,0,1
0.1,SARSA + PS,42,468,-11,14,2,1
0.1,SARSA + PS,42,469,-61,55,3,1
0.1,SARSA + PS,42,470,3,9,1,1
0.1,SARSA + PS,42,471,7,14,0,1
0.1,SARSA + PS,42,472,5,16,0,1
0.1,SARSA + PS,42,473,6,15,0,1
0.1,SARSA + PS,42,474,6,15,0,1
0.1,SARSA + PS,42,475,4,17,0,1
0.1,SARSA + PS,42,476,-14,26,1,1
0.1,SARSA + PS,42,477,-11,23,1,1
0.1,SARSA + PS,42,478,9,12,0,1
0.1,SARSA + PS,42,479,-5,17,1,1
0.1,SARSA + PS,42,480,-23,35,1,1
0.1,SARSA + PS,42,481,10,11,0,1
0.1,SARSA + PS,42,482,-1,13,1,1
0.1,SARSA + PS,42,483,8,13,0,1
0.1,SARSA + PS,42,484,12,9,0,1
0.1,SARSA + PS,42,485,-1,13,1,1
0.1,SARSA + PS,42,486,-30,42,1,1
0.1,SARSA + PS,42,487,-136,139,2,1
0.1,SARSA + PS,42,488,-5,17,1,1
0.1,SARSA + PS,42,489,7,14,0,1
0.1,SARSA + PS,42,490,7,14,0,1
0.1,SARSA + PS,42,491,-1,13,1,1
0.1,SARSA + PS,42,492,11,10,0,1
0.1,SARSA + PS,42,493,-8,29,0,1
0.1,SARSA + PS,42,494,10,11,0,1
0.1,SARSA + PS,42,495,6,15,0,1
0.1,SARSA + PS,42,496,0,12,1,1
0.1,SARSA + PS,42,497,-11,23,1,1
0.1,SARSA + PS,42,498,-26,29,2,1
0.1,SARSA + PS,42,499,3,18,0,1
0.1,SARSA + PS,123,0,-713,200,57,0
0.1,SARSA + PS,123,1,-749,200,61,0
0.1,SARSA + PS,123,2,-740,200,60,0
0.1,SARSA + PS,123,3,-623,200,47,0
0.1,SARSA + PS,123,4,-506,200,34,0
0.1,SARSA + PS,123,5,-677,200,53,0
0.1,SARSA + PS,123,6,-461,200,29,0
0.1,SARSA + PS,123,7,-569,200,41,0
0.1,SARSA + PS,123,8,-268,91,22,1
0.1,SARSA + PS,123,9,-812,200,68,0
0.1,SARSA + PS,123,10,-740,200,60,0
0.1,SARSA + PS,123,11,-767,200,63,0
0.1,SARSA + PS,123,12,-749,200,61,0
0.1,SARSA + PS,123,13,-452,200,28,0
0.1,SARSA + PS,123,14,-623,200,47,0
0.1,SARSA + PS,123,15,-629,173,53,1
0.1,SARSA + PS,123,16,-317,200,13,0
0.1,SARSA + PS,123,17,-849,195,75,1
0.1,SARSA + PS,123,18,-659,200,51,0
0.1,SARSA + PS,123,19,-61,73,1,1
0.1,SARSA + PS,123,20,-398,200,22,0
0.1,SARSA + PS,123,21,-785,200,65,0
0.1,SARSA + PS,123,22,-755,200,64,1
0.1,SARSA + PS,123,23,-335,200,15,0
0.1,SARSA + PS,123,24,-245,200,5,0
0.1,SARSA + PS,123,25,-686,200,54,0
0.1,SARSA + PS,123,26,-204,126,11,1
0.1,SARSA + PS,123,27,-713,200,57,0
0.1,SARSA + PS,123,28,-272,200,8,0
0.1,SARSA + PS,123,29,-198,174,5,1
0.1,SARSA + PS,123,30,-281,200,9,0
0.1,SARSA + PS,123,31,-362,200,18,0
0.1,SARSA + PS,123,32,-196,55,18,1
0.1,SARSA + PS,123,33,-296,200,13,1
0.1,SARSA + PS,123,34,-18,30,1,1
0.1,SARSA + PS,123,35,-461,200,29,0
0.1,SARSA + PS,123,36,-263,200,7,0
0.1,SARSA + PS,123,37,-313,91,27,1
0.1,SARSA + PS,123,38,-227,200,3,0
0.1,SARSA + PS,123,39,-416,200,24,0
0.1,SARSA + PS,123,40,-15,27,1,1
0.1,SARSA + PS,123,41,-202,151,8,1
0.1,SARSA + PS,123,42,-39,51,1,1
0.1,SARSA + PS,123,43,-565,181,45,1
0.1,SARSA + PS,123,44,-497,200,33,0
0.1,SARSA + PS,123,45,-192,177,4,1
0.1,SARSA + PS,123,46,-36,48,1,1
0.1,SARSA + PS,123,47,-290,200,10,0
0.1,SARSA + PS,123,48,-17,38,0,1
0.1,SARSA + PS,123,49,-88,91,2,1
0.1,SARSA + PS,123,50,-198,156,7,1
0.1,SARSA + PS,123,51,-281,200,9,0
0.1,SARSA + PS,123,52,-43,55,1,1
0.1,SARSA + PS,123,53,-254,200,6,0
0.1,SARSA + PS,123,54,-425,200,25,0
0.1,SARSA + PS,123,55,-99,93,3,1
0.1,SARSA + PS,123,56,-587,200,43,0
0.1,SARSA + PS,123,57,-107,92,4,1
0.1,SARSA + PS,123,58,-281,200,9,0
0.1,SARSA + PS,123,59,-152,110,7,1
0.1,SARSA + PS,123,60,12,9,0,1
0.1,SARSA + PS,123,61,-263,200,7,0
0.1,SARSA + PS,123,62,-227,200,3,0
0.1,SARSA + PS,123,63,-3,24,0,1
0.1,SARSA + PS,123,64,-254,200,6,0
0.1,SARSA + PS,123,65,-15,18,2,1
0.1,SARSA + PS,123,66,-308,200,12,0
0.1,SARSA + PS,123,67,2,19,0,1
0.1,SARSA + PS,123,68,-46,58,1,1
0.1,SARSA + PS,123,69,-254,200,6,0
0.1,SARSA + PS,123,70,-43,64,0,1
0.1,SARSA + PS,123,71,-263,200,7,0
0.1,SARSA + PS,123,72,-252,192,9,1
0.1,SARSA + PS,123,73,-78,54,5,1
0.1,SARSA + PS,123,74,-263,200,7,0
0.1,SARSA + PS,123,75,-17,29,1,1
0.1,SARSA + PS,123,76,-8,29,0,1
0.1,SARSA + PS,123,77,-42,63,0,1
0.1,SARSA + PS,123,78,9,12,0,1
0.1,SARSA + PS,123,79,-227,200,3,0
0.1,SARSA + PS,123,80,-113,98,4,1
0.1,SARSA + PS,123,81,-94,79,4,1
0.1,SARSA + PS,123,82,-236,185,8,1
0.1,SARSA + PS,123,83,-31,43,1,1
0.1,SARSA + PS,123,84,-153,120,6,1
0.1,SARSA + PS,123,85,14,7,0,1
0.1,SARSA + PS,123,86,-20,41,0,1
0.1,SARSA + PS,123,87,-79,82,2,1
0.1,SARSA + PS,123,88,-201,177,5,1
0.1,SARSA + PS,123,89,-166,115,8,1
0.1,SARSA + PS,123,90,3,18,0,1
0.1,SARSA + PS,123,91,-17,38,0,1
0.1,SARSA + PS,123,92,-14,35,0,1
0.1,SARSA + PS,123,93,-353,200,17,0
0.1,SARSA + PS,123,94,-15,36,0,1
0.1,SARSA + PS,123,95,-45,48,2,1
0.1,SARSA + PS,123,96,-35,56,0,1
0.1,SARSA + PS,123,97,-18,30,1,1
0.1,SARSA + PS,123,98,-245,200,5,0
0.1,SARSA + PS,123,99,13,8,0,1
0.1,SARSA + PS,123,100,-46,49,2,1
0.1,SARSA + PS,123,101,-16,37,0,1
0.1,SARSA + PS,123,102,-53,56,2,1
0.1,SARSA + PS,123,103,-49,70,0,1
0.1,SARSA + PS,123,104,-75,60,4,1
0.1,SARSA + PS,123,105,-21,24,2,1
0.1,SARSA + PS,123,106,0,21,0,1
0.1,SARSA + PS,123,107,2,10,1,1
0.1,SARSA + PS,123,108,-151,127,5,1
0.1,SARSA + PS,123,109,-1,13,1,1
0.1,SARSA + PS,123,110,-152,137,4,1
0.1,SARSA + PS,123,111,-73,67,3,1
0.1,SARSA + PS,123,112,-12,33,0,1
0.1,SARSA + PS,123,113,12,9,0,1
0.1,SARSA + PS,123,114,-236,200,4,0
0.1,SARSA + PS,123,115,-61,64,2,1
0.1,SARSA + PS,123,116,-103,70,6,1
0.1,SARSA + PS,123,117,6,15,0,1
0.1,SARSA + PS,123,118,12,9,0,1
0.1,SARSA + PS,123,119,-109,94,4,1
0.1,SARSA + PS,123,120,-168,162,3,1
0.1,SARSA + PS,123,121,9,12,0,1
0.1,SARSA + PS,123,122,4,17,0,1
0.1,SARSA + PS,123,123,-9,21,1,1
0.1,SARSA + PS,123,124,-12,33,0,1
0.1,SARSA + PS,123,125,-206,164,7,1
0.1,SARSA + PS,123,126,-236,200,4,0
0.1,SARSA + PS,123,127,14,7,0,1
0.1,SARSA + PS,123,128,2,19,0,1
0.1,SARSA + PS,123,129,-272,200,8,0
0.1,SARSA + PS,123,130,-35,56,0,1
0.1,SARSA + PS,123,131,-4,16,1,1
0.1,SARSA + PS,123,132,-18,30,1,1
0.1,SARSA + PS,123,133,-21,42,0,1
0.1,SARSA + PS,123,134,-32,44,1,1
0.1,SARSA + PS,123,135,-106,91,4,1
0.1,SARSA + PS,123,136,-67,79,1,1
0.1,SARSA + PS,123,137,-23,35,1,1
0.1,SARSA + PS,123,138,-281,200,9,0
0.1,SARSA + PS,123,139,-93,114,0,1
0.1,SARSA + PS,123,140,10,11,0,1
0.1,SARSA + PS,123,141,13,8,0,1
0.1,SARSA + PS,123,142,-28,40,1,1
0.1,SARSA + PS,123,143,14,7,0,1
0.1,SARSA + PS,123,144,2,10,1,1
0.1,SARSA + PS,123,145,-281,200,9,0
0.1,SARSA + PS,123,146,-204,171,6,1
0.1,SARSA + PS,123,147,-197,155,7,1
0.1,SARSA + PS,123,148,0,21,0,1
0.1,SARSA + PS,123,149,-47,68,0,1
0.1,SARSA + PS,123,150,2,19,0,1
0.1,SARSA + PS,123,151,-35,38,2,1
0.1,SARSA + PS,123,152,-30,33,2,1
0.1,SARSA + PS,123,153,11,10,0,1
0.1,SARSA + PS,123,154,-46,58,1,1
0.1,SARSA + PS,123,155,-25,37,1,1
0.1,SARSA + PS,123,156,-35,56,0,1
0.1,SARSA + PS,123,157,-281,200,9,0
0.1,SARSA + PS,123,158,12,9,0,1
0.1,SARSA + PS,123,159,-20,32,1,1
0.1,SARSA + PS,123,160,-135,129,3,1
0.1,SARSA + PS,123,161,-125,92,6,1
0.1,SARSA + PS,123,162,10,11,0,1
0.1,SARSA + PS,123,163,8,13,0,1
0.1,SARSA + PS,123,164,-16,37,0,1
0.1,SARSA + PS,123,165,-18,39,0,1
0.1,SARSA + PS,123,166,-12,33,0,1
0.1,SARSA + PS,123,167,-43,37,3,1
0.1,SARSA + PS,123,168,-13,25,1,1
0.1,SARSA + PS,123,169,-51,45,3,1
0.1,SARSA + PS,123,170,-20,32,1,1
0.1,SARSA + PS,123,171,-2,23,0,1
0.1,SARSA + PS,123,172,8,13,0,1
0.1,SARSA + PS,123,173,-14,26,1,1
0.1,SARSA + PS,123,174,-22,43,0,1
0.1,SARSA + PS,123,175,-91,103,1,1
0.1,SARSA + PS,123,176,-7,28,0,1
0.1,SARSA + PS,123,177,-17,29,1,1
0.1,SARSA + PS,123,178,-32,26,3,1
0.1,SARSA + PS,123,179,1,11,1,1
0.1,SARSA + PS,123,180,-88,73,4,1
0.1,SARSA + PS,123,181,-36,48,1,1
0.1,SARSA + PS,123,182,10,11,0,1
0.1,SARSA + PS,123,183,-18,21,2,1
0.1,SARSA + PS,123,184,-8,29,0,1
0.1,SARSA + PS,123,185,8,13,0,1
0.1,SARSA + PS,123,186,-42,54,1,1
0.1,SARSA + PS,123,187,-33,45,1,1
0.1,SARSA + PS,123,188,-5,26,0,1
0.1,SARSA + PS,123,189,-78,81,2,1
0.1,SARSA + PS,123,190,-46,49,2,1
0.1,SARSA + PS,123,191,-218,200,2,0
0.1,SARSA + PS,123,192,-121,106,4,1
0.1,SARSA + PS,123,193,13,8,0,1
0.1,SARSA + PS,123,194,4,17,0,1
0.1,SARSA + PS,123,195,12,9,0,1
0.1,SARSA + PS,123,196,-10,22,1,1
0.1,SARSA + PS,123,197,-33,36,2,1
0.1,SARSA + PS,123,198,8,13,0,1
0.1,SARSA + PS,123,199,-67,61,3,1
0.1,SARSA + PS,123,200,-31,43,1,1
0.1,SARSA + PS,123,201,3,9,1,1
0.1,SARSA + PS,123,202,6,15,0,1
0.1,SARSA + PS,123,203,1,11,1,1
0.1,SARSA + PS,123,204,-42,63,0,1
0.1,SARSA + PS,123,205,-9,30,0,1
0.1,SARSA + PS,123,206,-15,36,0,1
0.1,SARSA + PS,123,207,-33,54,0,1
0.1,SARSA + PS,123,208,12,9,0,1
0.1,SARSA + PS,123,209,-2,14,1,1
0.1,SARSA + PS,123,210,-28,40,1,1
0.1,SARSA + PS,123,211,12,9,0,1
0.1,SARSA + PS,123,212,-43,37,3,1
0.1,SARSA + PS,123,213,-80,74,3,1
0.1,SARSA + PS,123,214,3,18,0,1
0.1,SARSA + PS,123,215,10,11,0,1
0.1,SARSA + PS,123,216,-22,34,1,1
0.1,SARSA + PS,123,217,0,12,1,1
0.1,SARSA + PS,123,218,-50,62,1,1
0.1,SARSA + PS,123,219,9,12,0,1
0.1,SARSA + PS,123,220,-70,64,3,1
0.1,SARSA + PS,123,221,9,12,0,1
0.1,SARSA + PS,123,222,8,13,0,1
0.1,SARSA + PS,123,223,-30,51,0,1
0.1,SARSA + PS,123,224,-272,200,8,0
0.1,SARSA + PS,123,225,-22,34,1,1
0.1,SARSA + PS,123,226,-3,15,1,1
0.1,SARSA + PS,123,227,-16,28,1,1
0.1,SARSA + PS,123,228,9,12,0,1
0.1,SARSA + PS,123,229,-25,37,1,1
0.1,SARSA + PS,123,230,-24,45,0,1
0.1,SARSA + PS,123,231,-9,21,1,1
0.1,SARSA + PS,123,232,10,11,0,1
0.1,SARSA + PS,123,233,-19,31,1,1
0.1,SARSA + PS,123,234,-208,175,6,1
0.1,SARSA + PS,123,235,9,12,0,1
0.1,SARSA + PS,123,236,12,9,0,1
0.1,SARSA + PS,123,237,-2,14,1,1
0.1,SARSA + PS,123,238,-2,23,0,1
0.1,SARSA + PS,123,239,8,13,0,1
0.1,SARSA + PS,123,240,12,9,0,1
0.1,SARSA + PS,123,241,-50,44,3,1
0.1,SARSA + PS,123,242,11,10,0,1
0.1,SARSA + PS,123,243,-5,26,0,1
0.1,SARSA + PS,123,244,8,13,0,1
0.1,SARSA + PS,123,245,9,12,0,1
0.1,SARSA + PS,123,246,6,15,0,1
0.1,SARSA + PS,123,247,-21,33,1,1
0.1,SARSA + PS,123,248,9,12,0,1
0.1,SARSA + PS,123,249,10,11,0,1
0.1,SARSA + PS,123,250,-18,21,2,1
0.1,SARSA + PS,123,251,-95,89,3,1
0.1,SARSA + PS,123,252,-44,47,2,1
0.1,SARSA + PS,123,253,10,11,0,1
0.1,SARSA + PS,123,254,-2,14,1,1
0.1,SARSA + PS,123,255,4,17,0,1
0.1,SARSA + PS,123,256,3,18,0,1
0.1,SARSA + PS,123,257,-4,25,0,1
0.1,SARSA + PS,123,258,-2,14,1,1
0.1,SARSA + PS,123,259,-16,28,1,1
0.1,SARSA + PS,123,260,-11,32,0,1
0.1,SARSA + PS,123,261,7,14,0,1
0.1,SARSA + PS,123,262,-57,51,3,1
0.1,SARSA + PS,123,263,0,21,0,1
0.1,SARSA + PS,123,264,8,13,0,1
0.1,SARSA + PS,123,265,-12,24,1,1
0.1,SARSA + PS,123,266,12,9,0,1
0.1,SARSA + PS,123,267,-39,51,1,1
0.1,SARSA + PS,123,268,15,6,0,1
0.1,SARSA + PS,123,269,-43,46,2,1
0.1,SARSA + PS,123,270,-10,22,1,1
0.1,SARSA + PS,123,271,12,9,0,1
0.1,SARSA + PS,123,272,3,18,0,1
0.1,SARSA + PS,123,273,-9,21,1,1
0.1,SARSA + PS,123,274,0,12,1,1
0.1,SARSA + PS,123,275,1,11,1,1
0.1,SARSA + PS,123,276,-110,104,3,1
0.1,SARSA + PS,123,277,-39,42,2,1
0.1,SARSA + PS,123,278,0,21,0,1
0.1,SARSA + PS,123,279,7,14,0,1
0.1,SARSA + PS,123,280,13,8,0,1
0.1,SARSA + PS,123,281,0,12,1,1
0.1,SARSA + PS,123,282,-45,39,3,1
0.1,SARSA + PS,123,283,-4,16,1,1
0.1,SARSA + PS,123,284,4,17,0,1
0.1,SARSA + PS,123,285,6,15,0,1
0.1,SARSA + PS,123,286,8,13,0,1
0.1,SARSA + PS,123,287,-13,25,1,1
0.1,SARSA + PS,123,288,-11,23,1,1
0.1,SARSA + PS,123,289,0,12,1,1
0.1,SARSA + PS,123,290,14,7,0,1
0.1,SARSA + PS,123,291,12,9,0,1
0.1,SARSA + PS,123,292,-47,32,4,1
0.1,SARSA + PS,123,293,9,12,0,1
0.1,SARSA + PS,123,294,12,9,0,1
0.1,SARSA + PS,123,295,-12,15,2,1
0.1,SARSA + PS,123,296,7,14,0,1
0.1,SARSA + PS,123,297,9,12,0,1
0.1,SARSA + PS,123,298,-4,16,1,1
0.1,SARSA + PS,123,299,3,18,0,1
0.1,SARSA + PS,123,300,8,13,0,1
0.1,SARSA + PS,123,301,-48,51,2,1
0.1,SARSA + PS,123,302,-5,26,0,1
0.1,SARSA + PS,123,303,9,12,0,1
0.1,SARSA + PS,123,304,-119,104,4,1
0.1,SARSA + PS,123,305,2,19,0,1
0.1,SARSA + PS,123,306,0,12,1,1
0.1,SARSA + PS,123,307,-13,34,0,1
0.1,SARSA + PS,123,308,-3,24,0,1
0.1,SARSA + PS,123,309,8,13,0,1
0.1,SARSA + PS,123,310,-33,45,1,1
0.1,SARSA + PS,123,311,-33,36,2,1
0.1,SARSA + PS,123,312,-22,25,2,1
0.1,SARSA + PS,123,313,-20,32,1,1
0.1,SARSA + PS,123,314,0,12,1,1
0.1,SARSA + PS,123,315,7,14,0,1
0.1,SARSA + PS,123,316,-19,31,1,1
0.1,SARSA + PS,123,317,-5,17,1,1
0.1,SARSA + PS,123,318,12,9,0,1
0.1,SARSA + PS,123,319,10,11,0,1
0.1,SARSA + PS,123,320,-88,91,2,1
0.1,SARSA + PS,123,321,11,10,0,1
0.1,SARSA + PS,123,322,10,11,0,1
0.1,SARSA + PS,123,323,-54,66,1,1
0.1,SARSA + PS,123,324,0,21,0,1
0.1,SARSA + PS,123,325,-45,30,4,1
0.1,SARSA + PS,123,326,-1,22,0,1
0.1,SARSA + PS,123,327,3,18,0,1
0.1,SARSA + PS,123,328,-7,19,1,1
0.1,SARSA + PS,123,329,12,9,0,1
0.1,SARSA + PS,123,330,-37,49,1,1
0.1,SARSA + PS,123,331,3,18,0,1
0.1,SARSA + PS,123,332,9,12,0,1
0.1,SARSA + PS,123,333,9,12,0,1
0.1,SARSA + PS,123,334,7,14,0,1
0.1,SARSA + PS,123,335,-33,36,2,1
0.1,SARSA + PS,123,336,-14,26,1,1
0.1,SARSA + PS,123,337,-6,18,1,1
0.1,SARSA + PS,123,338,5,16,0,1
0.1,SARSA + PS,123,339,-17,38,0,1
0.1,SARSA + PS,123,340,-11,23,1,1
0.1,SARSA + PS,123,341,8,13,0,1
0.1,SARSA + PS,123,342,-35,56,0,1
0.1,SARSA + PS,123,343,-7,28,0,1
0.1,SARSA + PS,123,344,-77,80,2,1
0.1,SARSA + PS,123,345,11,10,0,1
0.1,SARSA + PS,123,346,-12,33,0,1
0.1,SARSA + PS,123,347,11,10,0,1
0.1,SARSA + PS,123,348,-20,23,2,1
0.1,SARSA + PS,123,349,11,10,0,1
0.1,SARSA + PS,123,350,8,13,0,1
0.1,SARSA + PS,123,351,0,12,1,1
0.1,SARSA + PS,123,352,1,20,0,1
0.1,SARSA + PS,123,353,-7,28,0,1
0.1,SARSA + PS,123,354,-41,26,4,1
0.1,SARSA + PS,123,355,-26,20,3,1
0.1,SARSA + PS,123,356,-2,14,1,1
0.1,SARSA + PS,123,357,-10,31,0,1
0.1,SARSA + PS,123,358,-67,52,4,1
0.1,SARSA + PS,123,359,5,16,0,1
0.1,SARSA + PS,123,360,-16,37,0,1
0.1,SARSA + PS,123,361,-86,80,3,1
0.1,SARSA + PS,123,362,9,12,0,1
0.1,SARSA + PS,123,363,-14,26,1,1
0.1,SARSA + PS,123,364,7,14,0,1
0.1,SARSA + PS,123,365,-16,37,0,1
0.1,SARSA + PS,123,366,-4,16,1,1
0.1,SARSA + PS,123,367,5,16,0,1
0.1,SARSA + PS,123,368,-4,16,1,1
0.1,SARSA + PS,123,369,-49,52,2,1
0.1,SARSA + PS,123,370,-72,75,2,1
0.1,SARSA + PS,123,371,-83,86,2,1
0.1,SARSA + PS,123,372,-43,46,2,1
0.1,SARSA + PS,123,373,8,13,0,1
0.1,SARSA + PS,123,374,-4,25,0,1
0.1,SARSA + PS,123,375,6,15,0,1
0.1,SARSA + PS,123,376,-24,18,3,1
0.1,SARSA + PS,123,377,-57,60,2,1
0.1,SARSA + PS,123,378,13,8,0,1
0.1,SARSA + PS,123,379,9,12,0,1
0.1,SARSA + PS,123,380,-15,27,1,1
0.1,SARSA + PS,123,381,-34,46,1,1
0.1,SARSA + PS,123,382,-65,68,2,1
0.1,SARSA + PS,123,383,10,11,0,1
0.1,SARSA + PS,123,384,8,13,0,1
0.1,SARSA + PS,123,385,8,13,0,1
0.1,SARSA + PS,123,386,13,8,0,1
0.1,SARSA + PS,123,387,8,13,0,1
0.1,SARSA + PS,123,388,-67,79,1,1
0.1,SARSA + PS,123,389,14,7,0,1
0.1,SARSA + PS,123,390,8,13,0,1
0.1,SARSA + PS,123,391,7,14,0,1
0.1,SARSA + PS,123,392,6,15,0,1
0.1,SARSA + PS,123,393,-12,24,1,1
0.1,SARSA + PS,123,394,-8,20,1,1
0.1,SARSA + PS,123,395,-9,30,0,1
0.1,SARSA + PS,123,396,-75,96,0,1
0.1,SARSA + PS,123,397,-5,17,1,1
0.1,SARSA + PS,123,398,10,11,0,1
0.1,SARSA + PS,123,399,-20,32,1,1
0.1,SARSA + PS,123,400,10,11,0,1
0.1,SARSA + PS,123,401,9,12,0,1
0.1,SARSA + PS,123,402,3,18,0,1
0.1,SARSA + PS,123,403,1,11,1,1
0.1,SARSA + PS,123,404,9,12,0,1
0.1,SARSA + PS,123,405,-23,44,0,1
0.1,SARSA + PS,123,406,-58,61,2,1
0.1,SARSA + PS,123,407,11,10,0,1
0.1,SARSA + PS,123,408,-39,51,1,1
0.1,SARSA + PS,123,409,-22,25,2,1
0.1,SARSA + PS,123,410,9,12,0,1
0.1,SARSA + PS,123,411,1,11,1,1
0.1,SARSA + PS,123,412,-144,138,3,1
0.1,SARSA + PS,123,413,14,7,0,1
0.1,SARSA + PS,123,414,-5,17,1,1
0.1,SARSA + PS,123,415,9,12,0,1
0.1,SARSA + PS,123,416,3,18,0,1
0.1,SARSA + PS,123,417,6,15,0,1
0.1,SARSA + PS,123,418,5,16,0,1
0.1,SARSA + PS,123,419,10,11,0,1
0.1,SARSA + PS,123,420,6,15,0,1
0.1,SARSA + PS,123,421,-9,30,0,1
0.1,SARSA + PS,123,422,10,11,0,1
0.1,SARSA + PS,123,423,8,13,0,1
0.1,SARSA + PS,123,424,-5,26,0,1
0.1,SARSA + PS,123,425,10,11,0,1
0.1,SARSA + PS,123,426,8,13,0,1
0.1,SARSA + PS,123,427,-69,72,2,1
0.1,SARSA + PS,123,428,-9,21,1,1
0.1,SARSA + PS,123,429,-219,177,7,1
0.1,SARSA + PS,123,430,3,18,0,1
0.1,SARSA + PS,123,431,-13,16,2,1
0.1,SARSA + PS,123,432,-21,24,2,1
0.1,SARSA + PS,123,433,7,14,0,1
0.1,SARSA + PS,123,434,-20,32,1,1
0.1,SARSA + PS,123,435,-1,22,0,1
0.1,SARSA + PS,123,436,12,9,0,1
0.1,SARSA + PS,123,437,10,11,0,1
0.1,SARSA + PS,123,438,7,14,0,1
0.1,SARSA + PS,123,439,8,13,0,1
0.1,SARSA + PS,123,440,7,14,0,1
0.1,SARSA + PS,123,441,9,12,0,1
0.1,SARSA + PS,123,442,10,11,0,1
0.1,SARSA + PS,123,443,-3,15,1,1
0.1,SARSA + PS,123,444,-13,34,0,1
0.1,SARSA + PS,123,445,9,12,0,1
0.1,SARSA + PS,123,446,-40,43,2,1
0.1,SARSA + PS,123,447,-167,143,5,1
0.1,SARSA + PS,123,448,0,21,0,1
0.1,SARSA + PS,123,449,12,9,0,1
0.1,SARSA + PS,123,450,-10,31,0,1
0.1,SARSA + PS,123,451,8,13,0,1
0.1,SARSA + PS,123,452,8,13,0,1
0.1,SARSA + PS,123,453,-30,42,1,1
0.1,SARSA + PS,123,454,3,18,0,1
0.1,SARSA + PS,123,455,7,14,0,1
0.1,SARSA + PS,123,456,-160,118,7,1
0.1,SARSA + PS,123,457,4,8,1,1
0.1,SARSA + PS,123,458,-45,39,3,1
0.1,SARSA + PS,123,459,-2,23,0,1
0.1,SARSA + PS,123,460,-24,27,2,1
0.1,SARSA + PS,123,461,-84,87,2,1
0.1,SARSA + PS,123,462,6,15,0,1
0.1,SARSA + PS,123,463,2,10,1,1
0.1,SARSA + PS,123,464,9,12,0,1
0.1,SARSA + PS,123,465,9,12,0,1
0.1,SARSA + PS,123,466,5,16,0,1
0.1,SARSA + PS,123,467,10,11,0,1
0.1,SARSA + PS,123,468,6,15,0,1
0.1,SARSA + PS,123,469,-44,38,3,1
0.1,SARSA + PS,123,470,-9,21,1,1
0.1,SARSA + PS,123,471,-2,14,1,1
0.1,SARSA + PS,123,472,-5,26,0,1
0.1,SARSA + PS,123,473,7,14,0,1
0.1,SARSA + PS,123,474,13,8,0,1
0.1,SARSA + PS,123,475,5,16,0,1
0.1,SARSA + PS,123,476,2,19,0,1
0.1,SARSA + PS,123,477,-45,39,3,1
0.1,SARSA + PS,123,478,9,12,0,1
0.1,SARSA + PS,123,479,-3,24,0,1
0.1,SARSA + PS,123,480,-9,21,1,1
0.1,SARSA + PS,123,481,-26,20,3,1
0.1,SARSA + PS,123,482,-3,15,1,1
0.1,SARSA + PS,123,483,6,15,0,1
0.1,SARSA + PS,123,484,9,12,0,1
0.1,SARSA + PS,123,485,1,11,1,1
0.1,SARSA + PS,123,486,4,17,0,1
0.1,SARSA + PS,123,487,-20,32,1,1
0.1,SARSA + PS,123,488,10,11,0,1
0.1,SARSA + PS,123,489,-5,17,1,1
0.1,SARSA + PS,123,490,-43,46,2,1
0.1,SARSA + PS,123,491,0,21,0,1
0.1,SARSA + PS,123,492,11,10,0,1
0.1,SARSA + PS,123,493,8,13,0,1
0.1,SARSA + PS,123,494,-32,35,2,1
0.1,SARSA + PS,123,495,8,13,0,1
0.1,SARSA + PS,123,496,-5,17,1,1
0.1,SARSA + PS,123,497,5,16,0,1
0.1,SARSA + PS,123,498,8,13,0,1
0.1,SARSA + PS,123,499,-53,65,1,1
0.1,SARSA + PS,777,0,-578,200,42,0
0.1,SARSA + PS,777,1,-785,200,65,0
0.1,SARSA + PS,777,2,-659,200,51,0
0.1,SARSA + PS,777,3,-767,200,63,0
0.1,SARSA + PS,777,4,-686,200,54,0
0.1,SARSA + PS,777,5,-749,200,61,0
0.1,SARSA + PS,777,6,-758,200,62,0
0.1,SARSA + PS,777,7,-794,200,66,0
0.1,SARSA + PS,777,8,-704,200,56,0
0.1,SARSA + PS,777,9,-650,200,50,0
0.1,SARSA + PS,777,10,-461,140,38,1
0.1,SARSA + PS,777,11,-686,200,54,0
0.1,SARSA + PS,777,12,-749,200,61,0
0.1,SARSA + PS,777,13,-740,200,60,0
0.1,SARSA + PS,777,14,-497,200,33,0
0.1,SARSA + PS,777,15,-398,200,22,0
0.1,SARSA + PS,777,16,-677,200,53,0
0.1,SARSA + PS,777,17,-668,200,52,0
0.1,SARSA + PS,777,18,-371,200,19,0
0.1,SARSA + PS,777,19,-560,200,40,0
0.1,SARSA + PS,777,20,-641,200,49,0
0.1,SARSA + PS,777,21,-245,200,5,0
0.1,SARSA + PS,777,22,-488,200,32,0
0.1,SARSA + PS,777,23,-134,83,8,1
0.1,SARSA + PS,777,24,-623,200,47,0
0.1,SARSA + PS,777,25,-524,200,36,0
0.1,SARSA + PS,777,26,-281,200,9,0
0.1,SARSA + PS,777,27,-201,69,17,1
0.1,SARSA + PS,777,28,-461,200,29,0
0.1,SARSA + PS,777,29,-839,200,71,0
0.1,SARSA + PS,777,30,-506,200,34,0
0.1,SARSA + PS,777,31,-362,200,18,0
0.1,SARSA + PS,777,32,-67,79,1,1
0.1,SARSA + PS,777,33,-254,200,6,0
0.1,SARSA + PS,777,34,-803,200,67,0
0.1,SARSA + PS,777,35,-94,106,1,1
0.1,SARSA + PS,777,36,-201,177,5,1
0.1,SARSA + PS,777,37,-236,200,4,0
0.1,SARSA + PS,777,38,-245,200,5,0
0.1,SARSA + PS,777,39,-353,200,17,0
0.1,SARSA + PS,777,40,-398,200,22,0
0.1,SARSA + PS,777,41,-227,200,3,0
0.1,SARSA + PS,777,42,-254,200,6,0
0.1,SARSA + PS,777,43,-389,200,21,0
0.1,SARSA + PS,777,44,-99,93,3,1
0.1,SARSA + PS,777,45,-237,177,9,1
0.1,SARSA + PS,777,46,-263,200,7,0
0.1,SARSA + PS,777,47,-236,200,4,0
0.1,SARSA + PS,777,48,-120,96,5,1
0.1,SARSA + PS,777,49,-272,200,8,0
0.1,SARSA + PS,777,50,-245,200,5,0
0.1,SARSA + PS,777,51,-245,200,5,0
0.1,SARSA + PS,777,52,-254,200,6,0
0.1,SARSA + PS,777,53,-218,200,2,0
0.1,SARSA + PS,777,54,2,10,1,1
0.1,SARSA + PS,777,55,-5,17,1,1
0.1,SARSA + PS,777,56,-263,200,7,0
0.1,SARSA + PS,777,57,-245,200,5,0
0.1,SARSA + PS,777,58,-245,200,5,0
0.1,SARSA + PS,777,59,-160,118,7,1
0.1,SARSA + PS,777,60,-60,63,2,1
0.1,SARSA + PS,777,61,-139,142,2,1
0.1,SARSA + PS,777,62,-209,200,1,0
0.1,SARSA + PS,777,63,-168,153,4,1
0.1,SARSA + PS,777,64,-22,34,1,1
0.1,SARSA + PS,777,65,-178,136,7,1
0.1,SARSA + PS,777,66,-129,114,4,1
0.1,SARSA + PS,777,67,-254,200,6,0
0.1,SARSA + PS,777,68,-236,200,4,0
0.1,SARSA + PS,777,69,-113,116,2,1
0.1,SARSA + PS,777,70,-263,200,7,0
0.1,SARSA + PS,777,71,-389,200,21,0
0.1,SARSA + PS,777,72,-28,40,1,1
0.1,SARSA + PS,777,73,-102,87,4,1
0.1,SARSA + PS,777,74,-92,86,3,1
0.1,SARSA + PS,777,75,-236,200,4,0
0.1,SARSA + PS,777,76,-57,69,1,1
0.1,SARSA + PS,777,77,-29,50,0,1
0.1,SARSA + PS,777,78,-233,173,9,1
0.1,SARSA + PS,777,79,13,8,0,1
0.1,SARSA + PS,777,80,-245,200,5,0
0.1,SARSA + PS,777,81,-236,200,4,0
0.1,SARSA + PS,777,82,-97,82,4,1
0.1,SARSA + PS,777,83,-55,49,3,1
0.1,SARSA + PS,777,84,-90,93,2,1
0.1,SARSA + PS,777,85,-240,162,11,1
0.1,SARSA + PS,777,86,-22,34,1,1
0.1,SARSA + PS,777,87,-56,59,2,1
0.1,SARSA + PS,777,88,-30,51,0,1
0.1,SARSA + PS,777,89,-43,55,1,1
0.1,SARSA + PS,777,90,-54,66,1,1
0.1,SARSA + PS,777,91,-154,130,5,1
0.1,SARSA + PS,777,92,-123,108,4,1
0.1,SARSA + PS,777,93,-9,30,0,1
0.1,SARSA + PS,777,94,-201,141,9,1
0.1,SARSA + PS,777,95,9,12,0,1
0.1,SARSA + PS,777,96,-156,132,5,1
0.1,SARSA + PS,777,97,-281,200,9,0
0.1,SARSA + PS,777,98,4,17,0,1
0.1,SARSA + PS,777,99,-9,21,1,1
0.1,SARSA + PS,777,100,-200,176,5,1
0.1,SARSA + PS,777,101,-33,27,3,1
0.1,SARSA + PS,777,102,-245,200,5,0
0.1,SARSA + PS,777,103,1,11,1,1
0.1,SARSA + PS,777,104,-173,131,7,1
0.1,SARSA + PS,777,105,-137,104,6,1
0.1,SARSA + PS,777,106,-79,73,3,1
0.1,SARSA + PS,777,107,6,15,0,1
0.1,SARSA + PS,777,108,-50,62,1,1
0.1,SARSA + PS,777,109,-79,82,2,1
0.1,SARSA + PS,777,110,-159,153,3,1
0.1,SARSA + PS,777,111,2,19,0,1
0.1,SARSA + PS,777,112,12,9,0,1
0.1,SARSA + PS,777,113,-126,129,2,1
0.1,SARSA + PS,777,114,-102,87,4,1
0.1,SARSA + PS,777,115,4,8,1,1
0.1,SARSA + PS,777,116,-23,26,2,1
0.1,SARSA + PS,777,117,-236,200,4,0
0.1,SARSA + PS,777,118,-21,42,0,1
0.1,SARSA + PS,777,119,-100,85,4,1
0.1,SARSA + PS,777,120,-39,51,1,1
0.1,SARSA + PS,777,121,-41,44,2,1
0.1,SARSA + PS,777,122,-85,88,2,1
0.1,SARSA + PS,777,123,15,6,0,1
0.1,SARSA + PS,777,124,-92,104,1,1
0.1,SARSA + PS,777,125,6,15,0,1
0.1,SARSA + PS,777,126,-127,130,2,1
0.1,SARSA + PS,777,127,-67,79,1,1
0.1,SARSA + PS,777,128,12,9,0,1
0.1,SARSA + PS,777,129,-7,28,0,1
0.1,SARSA + PS,777,130,-281,200,9,0
0.1,SARSA + PS,777,131,-7,28,0,1
0.1,SARSA + PS,777,132,-48,60,1,1
0.1,SARSA + PS,777,133,-4,25,0,1
0.1,SARSA + PS,777,134,-79,64,4,1
0.1,SARSA + PS,777,135,1,11,1,1
0.1,SARSA + PS,777,136,-1,13,1,1
0.1,SARSA + PS,777,137,-290,200,10,0
0.1,SARSA + PS,777,138,-1,13,1,1
0.1,SARSA + PS,777,139,-263,200,7,0
0.1,SARSA + PS,777,140,-96,108,1,1
0.1,SARSA + PS,777,141,-5,26,0,1
0.1,SARSA + PS,777,142,12,9,0,1
0.1,SARSA + PS,777,143,-97,100,2,1
0.1,SARSA + PS,777,144,-254,200,6,0
0.1,SARSA + PS,777,145,-222,180,7,1
0.1,SARSA + PS,777,146,-263,200,7,0
0.1,SARSA + PS,777,147,-11,23,1,1
0.1,SARSA + PS,777,148,-18,39,0,1
0.1,SARSA + PS,777,149,-11,32,0,1
0.1,SARSA + PS,777,150,-115,118,2,1
0.1,SARSA + PS,777,151,-122,116,3,1
0.1,SARSA + PS,777,152,-74,86,1,1
0.1,SARSA + PS,777,153,-72,93,0,1
0.1,SARSA + PS,777,154,-58,61,2,1
0.1,SARSA + PS,777,155,-52,46,3,1
0.1,SARSA + PS,777,156,-281,200,9,0
0.1,SARSA + PS,777,157,-88,82,3,1
0.1,SARSA + PS,777,158,-53,56,2,1
0.1,SARSA + PS,777,159,-263,200,7,0
0.1,SARSA + PS,777,160,10,11,0,1
0.1,SARSA + PS,777,161,-60,81,0,1
0.1,SARSA + PS,777,162,14,7,0,1
0.1,SARSA + PS,777,163,10,11,0,1
0.1,SARSA + PS,777,164,-35,56,0,1
0.1,SARSA + PS,777,165,-290,200,10,0
0.1,SARSA + PS,777,166,-159,171,1,1
0.1,SARSA + PS,777,167,-26,47,0,1
0.1,SARSA + PS,777,168,-263,200,7,0
0.1,SARSA + PS,777,169,-13,25,1,1
0.1,SARSA + PS,777,170,13,8,0,1
0.1,SARSA + PS,777,171,-11,23,1,1
0.1,SARSA + PS,777,172,11,10,0,1
0.1,SARSA + PS,777,173,-122,125,2,1
0.1,SARSA + PS,777,174,11,10,0,1
0.1,SARSA + PS,777,175,-2,23,0,1
0.1,SARSA + PS,777,176,10,11,0,1
0.1,SARSA + PS,777,177,-32,35,2,1
0.1,SARSA + PS,777,178,13,8,0,1
0.1,SARSA + PS,777,179,-3,24,0,1
0.1,SARSA + PS,777,180,-73,76,2,1
0.1,SARSA + PS,777,181,-80,101,0,1
0.1,SARSA + PS,777,182,-92,104,1,1
0.1,SARSA + PS,777,183,-24,45,0,1
0.1,SARSA + PS,777,184,5,16,0,1
0.1,SARSA + PS,777,185,-4,16,1,1
0.1,SARSA + PS,777,186,-30,51,0,1
0.1,SARSA + PS,777,187,13,8,0,1
0.1,SARSA + PS,777,188,-109,130,0,1
0.1,SARSA + PS,777,189,9,12,0,1
0.1,SARSA + PS,777,190,0,12,1,1
0.1,SARSA + PS,777,191,1,11,1,1
0.1,SARSA + PS,777,192,-65,68,2,1
0.1,SARSA + PS,777,193,-52,55,2,1
0.1,SARSA + PS,777,194,-15,27,1,1
0.1,SARSA + PS,777,195,-70,82,1,1
0.1,SARSA + PS,777,196,11,10,0,1
0.1,SARSA + PS,777,197,-20,41,0,1
0.1,SARSA + PS,777,198,11,10,0,1
0.1,SARSA + PS,777,199,-39,51,1,1
0.1,SARSA + PS,777,200,-164,131,6,1
0.1,SARSA + PS,777,201,0,12,1,1
0.1,SARSA + PS,777,202,9,12,0,1
0.1,SARSA + PS,777,203,-47,50,2,1
0.1,SARSA + PS,777,204,5,16,0,1
0.1,SARSA + PS,777,205,-9,21,1,1
0.1,SARSA + PS,777,206,-27,39,1,1
0.1,SARSA + PS,777,207,-13,16,2,1
0.1,SARSA + PS,777,208,8,13,0,1
0.1,SARSA + PS,777,209,4,17,0,1
0.1,SARSA + PS,777,210,12,9,0,1
0.1,SARSA + PS,777,211,10,11,0,1
0.1,SARSA + PS,777,212,-80,74,3,1
0.1,SARSA + PS,777,213,-19,31,1,1
0.1,SARSA + PS,777,214,-108,102,3,1
0.1,SARSA + PS,777,215,-51,72,0,1
0.1,SARSA + PS,777,216,3,18,0,1
0.1,SARSA + PS,777,217,-38,59,0,1
0.1,SARSA + PS,777,218,9,12,0,1
0.1,SARSA + PS,777,219,-164,122,7,1
0.1,SARSA + PS,777,220,-43,55,1,1
0.1,SARSA + PS,777,221,8,13,0,1
0.1,SARSA + PS,777,222,11,10,0,1
0.1,SARSA + PS,777,223,-54,39,4,1
0.1,SARSA + PS,777,224,-78,72,3,1
0.1,SARSA + PS,777,225,-18,30,1,1
0.1,SARSA + PS,777,226,-56,41,4,1
0.1,SARSA + PS,777,227,11,10,0,1
0.1,SARSA + PS,777,228,-42,45,2,1
0.1,SARSA + PS,777,229,12,9,0,1
0.1,SARSA + PS,777,230,-25,46,0,1
0.1,SARSA + PS,777,231,-120,123,2,1
0.1,SARSA + PS,777,232,-1,22,0,1
0.1,SARSA + PS,777,233,-1,13,1,1
0.1,SARSA + PS,777,234,-1,13,1,1
0.1,SARSA + PS,777,235,-15,27,1,1
0.1,SARSA + PS,777,236,12,9,0,1
0.1,SARSA + PS,777,237,-10,22,1,1
0.1,SARSA + PS,777,238,-5,17,1,1
0.1,SARSA + PS,777,239,-13,16,2,1
0.1,SARSA + PS,777,240,-32,35,2,1
0.1,SARSA + PS,777,241,1,11,1,1
0.1,SARSA + PS,777,242,-21,42,0,1
0.1,SARSA + PS,777,243,0,12,1,1
0.1,SARSA + PS,777,244,7,14,0,1
0.1,SARSA + PS,777,245,1,11,1,1
0.1,SARSA + PS,777,246,2,10,1,1
0.1,SARSA + PS,777,247,-43,46,2,1
0.1,SARSA + PS,777,248,15,6,0,1
0.1,SARSA + PS,777,249,-9,12,2,1
0.1,SARSA + PS,777,250,3,18,0,1
0.1,SARSA + PS,777,251,-85,70,4,1
0.1,SARSA + PS,777,252,-43,46,2,1
0.1,SARSA + PS,777,253,-16,28,1,1
0.1,SARSA + PS,777,254,-245,200,5,0
0.1,SARSA + PS,777,255,4,17,0,1
0.1,SARSA + PS,777,256,2,10,1,1
0.1,SARSA + PS,777,257,-28,31,2,1
0.1,SARSA + PS,777,258,-9,21,1,1
0.1,SARSA + PS,777,259,8,13,0,1
0.1,SARSA + PS,777,260,-31,34,2,1
0.1,SARSA + PS,777,261,-32,44,1,1
0.1,SARSA + PS,777,262,-9,30,0,1
0.1,SARSA + PS,777,263,-14,26,1,1
0.1,SARSA + PS,777,264,-12,24,1,1
0.1,SARSA + PS,777,265,2,19,0,1
0.1,SARSA + PS,777,266,-48,60,1,1
0.1,SARSA + PS,777,267,-272,200,8,0
0.1,SARSA + PS,777,268,-4,25,0,1
0.1,SARSA + PS,777,269,-6,27,0,1
0.1,SARSA + PS,777,270,12,9,0,1
0.1,SARSA + PS,777,271,-62,56,3,1
0.1,SARSA + PS,777,272,-34,28,3,1
0.1,SARSA + PS,777,273,-6,18,1,1
0.1,SARSA + PS,777,274,-22,25,2,1
0.1,SARSA + PS,777,275,-70,55,4,1
0.1,SARSA + PS,777,276,8,13,0,1
0.1,SARSA + PS,777,277,1,20,0,1
0.1,SARSA + PS,777,278,-10,13,2,1
0.1,SARSA + PS,777,279,-12,33,0,1
0.1,SARSA + PS,777,280,8,13,0,1
0.1,SARSA + PS,777,281,14,7,0,1
0.1,SARSA + PS,777,282,-16,28,1,1
0.1,SARSA + PS,777,283,-84,78,3,1
0.1,SARSA + PS,777,284,-30,51,0,1
0.1,SARSA + PS,777,285,-37,49,1,1
0.1,SARSA + PS,777,286,-25,28,2,1
0.1,SARSA + PS,777,287,3,18,0,1
0.1,SARSA + PS,777,288,9,12,0,1
0.1,SARSA + PS,777,289,-61,64,2,1
0.1,SARSA + PS,777,290,-97,91,3,1
0.1,SARSA + PS,777,291,-104,98,3,1
0.1,SARSA + PS,777,292,13,8,0,1
0.1,SARSA + PS,777,293,8,13,0,1
0.1,SARSA + PS,777,294,8,13,0,1
0.1,SARSA + PS,777,295,5,16,0,1
0.1,SARSA + PS,777,296,-17,29,1,1
0.1,SARSA + PS,777,297,8,13,0,1
0.1,SARSA + PS,777,298,-110,68,7,1
0.1,SARSA + PS,777,299,-30,42,1,1
0.1,SARSA + PS,777,300,-33,45,1,1
0.1,SARSA + PS,777,301,-26,38,1,1
0.1,SARSA + PS,777,302,-19,31,1,1
0.1,SARSA + PS,777,303,-14,17,2,1
0.1,SARSA + PS,777,304,12,9,0,1
0.1,SARSA + PS,777,305,-64,76,1,1
0.1,SARSA + PS,777,306,11,10,0,1
0.1,SARSA + PS,777,307,-1,22,0,1
0.1,SARSA + PS,777,308,-47,50,2,1
0.1,SARSA + PS,777,309,-27,39,1,1
0.1,SARSA + PS,777,310,-1,13,1,1
0.1,SARSA + PS,777,311,-65,77,1,1
0.1,SARSA + PS,777,312,12,9,0,1
0.1,SARSA + PS,777,313,1,20,0,1
0.1,SARSA + PS,777,314,-6,27,0,1
0.1,SARSA + PS,777,315,9,12,0,1
0.1,SARSA + PS,777,316,-16,37,0,1
0.1,SARSA + PS,777,317,-34,55,0,1
0.1,SARSA + PS,777,318,11,10,0,1
0.1,SARSA + PS,777,319,-58,52,3,1
0.1,SARSA + PS,777,320,12,9,0,1
0.1,SARSA + PS,777,321,7,14,0,1
0.1,SARSA + PS,777,322,-26,38,1,1
0.1,SARSA + PS,777,323,9,12,0,1
0.1,SARSA + PS,777,324,0,21,0,1
0.1,SARSA + PS,777,325,-70,64,3,1
0.1,SARSA + PS,777,326,9,12,0,1
0.1,SARSA + PS,777,327,-74,77,2,1
0.1,SARSA + PS,777,328,-36,39,2,1
0.1,SARSA + PS,777,329,-110,95,4,1
0.1,SARSA + PS,777,330,-23,35,1,1
0.1,SARSA + PS,777,331,-1,22,0,1
0.1,SARSA + PS,777,332,3,18,0,1
0.1,SARSA + PS,777,333,6,15,0,1
0.1,SARSA + PS,777,334,4,17,0,1
0.1,SARSA + PS,777,335,-48,33,4,1
0.1,SARSA + PS,777,336,-7,28,0,1
0.1,SARSA + PS,777,337,-47,41,3,1
0.1,SARSA + PS,777,338,-18,30,1,1
0.1,SARSA + PS,777,339,-16,28,1,1
0.1,SARSA + PS,777,340,11,10,0,1
0.1,SARSA + PS,777,341,3,9,1,1
0.1,SARSA + PS,777,342,-2,14,1,1
0.1,SARSA + PS,777,343,-3,24,0,1
0.1,SARSA + PS,777,344,1,20,0,1
0.1,SARSA + PS,777,345,-9,12,2,1
0.1,SARSA + PS,777,346,7,14,0,1
0.1,SARSA + PS,777,347,-19,22,2,1
0.1,SARSA + PS,777,348,-33,36,2,1
0.1,SARSA + PS,777,349,10,11,0,1
0.1,SARSA + PS,777,350,9,12,0,1
0.1,SARSA + PS,777,351,-9,30,0,1
0.1,SARSA + PS,777,352,-1,13,1,1
0.1,SARSA + PS,777,353,-3,15,1,1
0.1,SARSA + PS,777,354,11,10,0,1
0.1,SARSA + PS,777,355,-4,25,0,1
0.1,SARSA + PS,777,356,8,13,0,1
0.1,SARSA + PS,777,357,6,15,0,1
0.1,SARSA + PS,777,358,8,13,0,1
0.1,SARSA + PS,777,359,-21,24,2,1
0.1,SARSA + PS,777,360,-3,24,0,1
0.1,SARSA + PS,777,361,-6,18,1,1
0.1,SARSA + PS,777,362,11,10,0,1
0.1,SARSA + PS,777,363,10,11,0,1
0.1,SARSA + PS,777,364,14,7,0,1
0.1,SARSA + PS,777,365,11,10,0,1
0.1,SARSA + PS,777,366,-24,45,0,1
0.1,SARSA + PS,777,367,-171,129,7,1
0.1,SARSA + PS,777,368,-38,50,1,1
0.1,SARSA + PS,777,369,-12,33,0,1
0.1,SARSA + PS,777,370,-37,40,2,1
0.1,SARSA + PS,777,371,14,7,0,1
0.1,SARSA + PS,777,372,6,15,0,1
0.1,SARSA + PS,777,373,7,14,0,1
0.1,SARSA + PS,777,374,9,12,0,1
0.1,SARSA + PS,777,375,-35,38,2,1
0.1,SARSA + PS,777,376,12,9,0,1
0.1,SARSA + PS,777,377,9,12,0,1
0.1,SARSA + PS,777,378,1,11,1,1
0.1,SARSA + PS,777,379,-21,33,1,1
0.1,SARSA + PS,777,380,-71,65,3,1
0.1,SARSA + PS,777,381,-12,24,1,1
0.1,SARSA + PS,777,382,-34,37,2,1
0.1,SARSA + PS,777,383,-11,23,1,1
0.1,SARSA + PS,777,384,8,13,0,1
0.1,SARSA + PS,777,385,10,11,0,1
0.1,SARSA + PS,777,386,8,13,0,1
0.1,SARSA + PS,777,387,2,19,0,1
0.1,SARSA + PS,777,388,-33,36,2,1
0.1,SARSA + PS,777,389,-20,32,1,1
0.1,SARSA + PS,777,390,-6,27,0,1
0.1,SARSA + PS,777,391,9,12,0,1
0.1,SARSA + PS,777,392,9,12,0,1
0.1,SARSA + PS,777,393,-15,27,1,1
0.1,SARSA + PS,777,394,7,14,0,1
0.1,SARSA + PS,777,395,-11,23,1,1
0.1,SARSA + PS,777,396,14,7,0,1
0.1,SARSA + PS,777,397,7,14,0,1
0.1,SARSA + PS,777,398,10,11,0,1
0.1,SARSA + PS,777,399,11,10,0,1
0.1,SARSA + PS,777,400,-40,52,1,1
0.1,SARSA + PS,777,401,-10,22,1,1
0.1,SARSA + PS,777,402,9,12,0,1
0.1,SARSA + PS,777,403,10,11,0,1
0.1,SARSA + PS,777,404,3,18,0,1
0.1,SARSA + PS,777,405,10,11,0,1
0.1,SARSA + PS,777,406,-2,14,1,1
0.1,SARSA + PS,777,407,-1,13,1,1
0.1,SARSA + PS,777,408,-2,14,1,1
0.1,SARSA + PS,777,409,9,12,0,1
0.1,SARSA + PS,777,410,7,14,0,1
0.1,SARSA + PS,777,411,-14,17,2,1
0.1,SARSA + PS,777,412,1,20,0,1
0.1,SARSA + PS,777,413,-4,16,1,1
0.1,SARSA + PS,777,414,-12,33,0,1
0.1,SARSA + PS,777,415,-26,29,2,1
0.1,SARSA + PS,777,416,-14,17,2,1
0.1,SARSA + PS,777,417,10,11,0,1
0.1,SARSA + PS,777,418,10,11,0,1
0.1,SARSA + PS,777,419,3,18,0,1
0.1,SARSA + PS,777,420,-14,26,1,1
0.1,SARSA + PS,777,421,10,11,0,1
0.1,SARSA + PS,777,422,-17,29,1,1
0.1,SARSA + PS,777,423,12,9,0,1
0.1,SARSA + PS,777,424,12,9,0,1
0.1,SARSA + PS,777,425,12,9,0,1
0.1,SARSA + PS,777,426,8,13,0,1
0.1,SARSA + PS,777,427,6,15,0,1
0.1,SARSA + PS,777,428,-27,21,3,1
0.1,SARSA + PS,777,429,11,10,0,1
0.1,SARSA + PS,777,430,4,8,1,1
0.1,SARSA + PS,777,431,3,18,0,1
0.1,SARSA + PS,777,432,-6,18,1,1
0.1,SARSA + PS,777,433,9,12,0,1
0.1,SARSA + PS,777,434,12,9,0,1
0.1,SARSA + PS,777,435,-3,15,1,1
0.1,SARSA + PS,777,436,-8,20,1,1
0.1,SARSA + PS,777,437,-10,31,0,1
0.1,SARSA + PS,777,438,-7,28,0,1
0.1,SARSA + PS,777,439,-2,14,1,1
0.1,SARSA + PS,777,440,-96,72,5,1
0.1,SARSA + PS,777,441,-3,15,1,1
0.1,SARSA + PS,777,442,1,11,1,1
0.1,SARSA + PS,777,443,-5,17,1,1
0.1,SARSA + PS,777,444,-7,19,1,1
0.1,SARSA + PS,777,445,-1,13,1,1
0.1,SARSA + PS,777,446,-10,13,2,1
0.1,SARSA + PS,777,447,-3,15,1,1
0.1,SARSA + PS,777,448,5,16,0,1
0.1,SARSA + PS,777,449,-32,17,4,1
0.1,SARSA + PS,777,450,9,12,0,1
0.1,SARSA + PS,777,451,-13,34,0,1
0.1,SARSA + PS,777,452,-1,22,0,1
0.1,SARSA + PS,777,453,-1,13,1,1
0.1,SARSA + PS,777,454,11,10,0,1
0.1,SARSA + PS,777,455,-9,30,0,1
0.1,SARSA + PS,777,456,10,11,0,1
0.1,SARSA + PS,777,457,10,11,0,1
0.1,SARSA + PS,777,458,12,9,0,1
0.1,SARSA + PS,777,459,14,7,0,1
0.1,SARSA + PS,777,460,-2,14,1,1
0.1,SARSA + PS,777,461,6,15,0,1
0.1,SARSA + PS,777,462,-42,54,1,1
0.1,SARSA + PS,777,463,-2,23,0,1
0.1,SARSA + PS,777,464,7,14,0,1
0.1,SARSA + PS,777,465,13,8,0,1
0.1,SARSA + PS,777,466,0,12,1,1
0.1,SARSA + PS,777,467,5,16,0,1
0.1,SARSA + PS,777,468,-70,73,2,1
0.1,SARSA + PS,777,469,13,8,0,1
0.1,SARSA + PS,777,470,7,14,0,1
0.1,SARSA + PS,777,471,5,16,0,1
0.1,SARSA + PS,777,472,-1,13,1,1
0.1,SARSA + PS,777,473,9,12,0,1
0.1,SARSA + PS,777,474,-4,16,1,1
0.1,SARSA + PS,777,475,3,18,0,1
0.1,SARSA + PS,777,476,-1,13,1,1
0.1,SARSA + PS,777,477,5,16,0,1
0.1,SARSA + PS,777,478,14,7,0,1
0.1,SARSA + PS,777,479,-2,14,1,1
0.1,SARSA + PS,777,480,-7,19,1,1
0.1,SARSA + PS,777,481,8,13,0,1
0.1,SARSA + PS,777,482,14,7,0,1
0.1,SARSA + PS,777,483,-8,29,0,1
0.1,SARSA + PS,777,484,-16,19,2,1
0.1,SARSA + PS,777,485,-33,36,2,1
0.1,SARSA + PS,777,486,7,14,0,1
0.1,SARSA + PS,777,487,5,16,0,1
0.1,SARSA + PS,777,488,9,12,0,1
0.1,SARSA + PS,777,489,0,12,1,1
0.1,SARSA + PS,777,490,-22,25,2,1
0.1,SARSA + PS,777,491,-34,37,2,1
0.1,SARSA + PS,777,492,6,15,0,1
0.1,SARSA + PS,777,493,12,9,0,1
0.1,SARSA + PS,777,494,-25,37,1,1
0.1,SARSA + PS,777,495,-2,14,1,1
0.1,SARSA + PS,777,496,-35,29,3,1
0.1,SARSA + PS,777,497,-1,13,1,1
0.1,SARSA + PS,777,498,-1,13,1,1
0.1,SARSA + PS,777,499,2,10,1,1
0.1,SARSA + PS,999,0,-695,200,55,0
0.1,SARSA + PS,999,1,-785,200,65,0
0.1,SARSA + PS,999,2,-731,200,59,0
0.1,SARSA + PS,999,3,-758,200,62,0
0.1,SARSA + PS,999,4,-785,200,65,0
0.1,SARSA + PS,999,5,-506,200,34,0
0.1,SARSA + PS,999,6,-515,200,35,0
0.1,SARSA + PS,999,7,-214,64,19,1
0.1,SARSA + PS,999,8,-686,200,54,0
0.1,SARSA + PS,999,9,-731,200,59,0
0.1,SARSA + PS,999,10,-749,200,61,0
0.1,SARSA + PS,999,11,-605,200,45,0
0.1,SARSA + PS,999,12,-749,200,61,0
0.1,SARSA + PS,999,13,-641,200,49,0
0.1,SARSA + PS,999,14,-803,200,67,0
0.1,SARSA + PS,999,15,-677,200,53,0
0.1,SARSA + PS,999,16,-623,200,47,0
0.1,SARSA + PS,999,17,-821,200,69,0
0.1,SARSA + PS,999,18,-758,200,62,0
0.1,SARSA + PS,999,19,-398,200,22,0
0.1,SARSA + PS,999,20,-506,200,34,0
0.1,SARSA + PS,999,21,-452,200,28,0
0.1,SARSA + PS,999,22,-452,200,28,0
0.1,SARSA + PS,999,23,-495,156,40,1
0.1,SARSA + PS,999,24,-299,200,11,0
0.1,SARSA + PS,999,25,-308,200,12,0
0.1,SARSA + PS,999,26,-713,200,57,0
0.1,SARSA + PS,999,27,-902,200,78,0
0.1,SARSA + PS,999,28,-281,200,9,0
0.1,SARSA + PS,999,29,-263,200,7,0
0.1,SARSA + PS,999,30,-263,200,7,0
0.1,SARSA + PS,999,31,-236,200,4,0
0.1,SARSA + PS,999,32,-308,200,12,0
0.1,SARSA + PS,999,33,-272,200,8,0
0.1,SARSA + PS,999,34,-272,200,8,0
0.1,SARSA + PS,999,35,-461,200,29,0
0.1,SARSA + PS,999,36,-245,200,5,0
0.1,SARSA + PS,999,37,-218,200,2,0
0.1,SARSA + PS,999,38,-317,200,13,0
0.1,SARSA + PS,999,39,-290,200,10,0
0.1,SARSA + PS,999,40,-117,111,3,1
0.1,SARSA + PS,999,41,-470,200,30,0
0.1,SARSA + PS,999,42,-245,200,5,0
0.1,SARSA + PS,999,43,-353,122,28,1
0.1,SARSA + PS,999,44,-272,200,8,0
0.1,SARSA + PS,999,45,-270,165,14,1
0.1,SARSA + PS,999,46,-263,200,7,0
0.1,SARSA + PS,999,47,-218,200,2,0
0.1,SARSA + PS,999,48,-18,21,2,1
0.1,SARSA + PS,999,49,-281,200,9,0
0.1,SARSA + PS,999,50,-263,200,7,0
0.1,SARSA + PS,999,51,-52,73,0,1
0.1,SARSA + PS,999,52,-290,200,10,0
0.1,SARSA + PS,999,53,-263,200,7,0
0.1,SARSA + PS,999,54,-533,200,37,0
0.1,SARSA + PS,999,55,-371,200,19,0
0.1,SARSA + PS,999,56,-58,61,2,1
0.1,SARSA + PS,999,57,-245,200,5,0
0.1,SARSA + PS,999,58,-263,200,7,0
0.1,SARSA + PS,999,59,14,7,0,1
0.1,SARSA + PS,999,60,-122,116,3,1
0.1,SARSA + PS,999,61,-272,200,8,0
0.1,SARSA + PS,999,62,-272,200,8,0
0.1,SARSA + PS,999,63,-236,200,4,0
0.1,SARSA + PS,999,64,-281,200,9,0
0.1,SARSA + PS,999,65,-18,30,1,1
0.1,SARSA + PS,999,66,-32,35,2,1
0.1,SARSA + PS,999,67,-32,44,1,1
0.1,SARSA + PS,999,68,-21,42,0,1
0.1,SARSA + PS,999,69,-69,72,2,1
0.1,SARSA + PS,999,70,-10,22,1,1
0.1,SARSA + PS,999,71,-93,105,1,1
0.1,SARSA + PS,999,72,-13,25,1,1
0.1,SARSA + PS,999,73,-12,24,1,1
0.1,SARSA + PS,999,74,-330,180,19,1
0.1,SARSA + PS,999,75,-281,200,9,0
0.1,SARSA + PS,999,76,-236,200,4,0
0.1,SARSA + PS,999,77,-176,170,3,1
0.1,SARSA + PS,999,78,-62,65,2,1
0.1,SARSA + PS,999,79,-18,30,1,1
0.1,SARSA + PS,999,80,-54,57,2,1
0.1,SARSA + PS,999,81,-149,152,2,1
0.1,SARSA + PS,999,82,4,17,0,1
0.1,SARSA + PS,999,83,-94,97,2,1
0.1,SARSA + PS,999,84,3,18,0,1
0.1,SARSA + PS,999,85,-33,36,2,1
0.1,SARSA + PS,999,86,-290,200,10,0
0.1,SARSA + PS,999,87,-263,200,7,0
0.1,SARSA + PS,999,88,-281,200,9,0
0.1,SARSA + PS,999,89,-147,96,8,1
0.1,SARSA + PS,999,90,-21,24,2,1
0.1,SARSA + PS,999,91,-1,22,0,1
0.1,SARSA + PS,999,92,-92,104,1,1
0.1,SARSA + PS,999,93,-92,86,3,1
0.1,SARSA + PS,999,94,-102,105,2,1
0.1,SARSA + PS,999,95,-227,200,3,0
0.1,SARSA + PS,999,96,-26,29,2,1
0.1,SARSA + PS,999,97,-29,41,1,1
0.1,SARSA + PS,999,98,-19,22,2,1
0.1,SARSA + PS,999,99,-151,145,3,1
0.1,SARSA + PS,999,100,-263,140,16,1
0.1,SARSA + PS,999,101,4,17,0,1
0.1,SARSA + PS,999,102,-112,124,1,1
0.1,SARSA + PS,999,103,-183,141,7,1
0.1,SARSA + PS,999,104,-137,122,4,1
0.1,SARSA + PS,999,105,-122,125,2,1
0.1,SARSA + PS,999,106,-50,53,2,1
0.1,SARSA + PS,999,107,-236,200,4,0
0.1,SARSA + PS,999,108,-59,62,2,1
0.1,SARSA + PS,999,109,-156,150,3,1
0.1,SARSA + PS,999,110,-189,156,6,1
0.1,SARSA + PS,999,111,-77,80,2,1
0.1,SARSA + PS,999,112,3,18,0,1
0.1,SARSA + PS,999,113,-245,200,5,0
0.1,SARSA + PS,999,114,-64,58,3,1
0.1,SARSA + PS,999,115,-42,45,2,1
0.1,SARSA + PS,999,116,-150,144,3,1
0.1,SARSA + PS,999,117,-4,25,0,1
0.1,SARSA + PS,999,118,-5,26,0,1
0.1,SARSA + PS,999,119,13,8,0,1
0.1,SARSA + PS,999,120,-169,154,4,1
0.1,SARSA + PS,999,121,-114,117,2,1
0.1,SARSA + PS,999,122,-157,115,7,1
0.1,SARSA + PS,999,123,4,17,0,1
0.1,SARSA + PS,999,124,-33,45,1,1
0.1,SARSA + PS,999,125,-127,121,3,1
0.1,SARSA + PS,999,126,-21,33,1,1
0.1,SARSA + PS,999,127,-2,14,1,1
0.1,SARSA + PS,999,128,-263,200,7,0
0.1,SARSA + PS,999,129,-245,200,5,0
0.1,SARSA + PS,999,130,11,10,0,1
0.1,SARSA + PS,999,131,-254,200,6,0
0.1,SARSA + PS,999,132,11,10,0,1
0.1,SARSA + PS,999,133,-248,179,10,1
0.1,SARSA + PS,999,134,-52,46,3,1
0.1,SARSA + PS,999,135,-201,195,3,1
0.1,SARSA + PS,999,136,-102,96,3,1
0.1,SARSA + PS,999,137,-10,31,0,1
0.1,SARSA + PS,999,138,-148,124,5,1
0.1,SARSA + PS,999,139,4,17,0,1
0.1,SARSA + PS,999,140,5,16,0,1
0.1,SARSA + PS,999,141,-36,48,1,1
0.1,SARSA + PS,999,142,14,7,0,1
0.1,SARSA + PS,999,143,11,10,0,1
0.1,SARSA + PS,999,144,-245,200,5,0
0.1,SARSA + PS,999,145,-281,200,9,0
0.1,SARSA + PS,999,146,-64,58,3,1
0.1,SARSA + PS,999,147,-60,72,1,1
0.1,SARSA + PS,999,148,-165,168,2,1
0.1,SARSA + PS,999,149,14,7,0,1
0.1,SARSA + PS,999,150,-263,200,7,0
0.1,SARSA + PS,999,151,-14,35,0,1
0.1,SARSA + PS,999,152,7,14,0,1
0.1,SARSA + PS,999,153,-80,83,2,1
0.1,SARSA + PS,999,154,14,7,0,1
0.1,SARSA + PS,999,155,-12,33,0,1
0.1,SARSA + PS,999,156,13,8,0,1
0.1,SARSA + PS,999,157,-34,46,1,1
0.1,SARSA + PS,999,158,-27,30,2,1
0.1,SARSA + PS,999,159,-125,119,3,1
0.1,SARSA + PS,999,160,-135,120,4,1
0.1,SARSA + PS,999,161,-10,22,1,1
0.1,SARSA + PS,999,162,-37,58,0,1
0.1,SARSA + PS,999,163,0,21,0,1
0.1,SARSA + PS,999,164,-17,38,0,1
0.1,SARSA + PS,999,165,-57,42,4,1
0.1,SARSA + PS,999,166,-290,200,10,0
0.1,SARSA + PS,999,167,-48,51,2,1
0.1,SARSA + PS,999,168,-61,64,2,1
0.1,SARSA + PS,999,169,-19,31,1,1
0.1,SARSA + PS,999,170,11,10,0,1
0.1,SARSA + PS,999,171,-1,22,0,1
0.1,SARSA + PS,999,172,-7,28,0,1
0.1,SARSA + PS,999,173,-7,28,0,1
0.1,SARSA + PS,999,174,2,10,1,1
0.1,SARSA + PS,999,175,7,14,0,1
0.1,SARSA + PS,999,176,-118,103,4,1
0.1,SARSA + PS,999,177,-10,13,2,1
0.1,SARSA + PS,999,178,-299,200,11,0
0.1,SARSA + PS,999,179,-72,75,2,1
0.1,SARSA + PS,999,180,11,10,0,1
0.1,SARSA + PS,999,181,12,9,0,1
0.1,SARSA + PS,999,182,-10,22,1,1
0.1,SARSA + PS,999,183,11,10,0,1
0.1,SARSA + PS,999,184,11,10,0,1
0.1,SARSA + PS,999,185,9,12,0,1
0.1,SARSA + PS,999,186,-214,190,5,1
0.1,SARSA + PS,999,187,4,17,0,1
0.1,SARSA + PS,999,188,8,13,0,1
0.1,SARSA + PS,999,189,-14,26,1,1
0.1,SARSA + PS,999,190,-125,128,2,1
0.1,SARSA + PS,999,191,-20,32,1,1
0.1,SARSA + PS,999,192,-104,71,6,1
0.1,SARSA + PS,999,193,-101,86,4,1
0.1,SARSA + PS,999,194,4,17,0,1
0.1,SARSA + PS,999,195,10,11,0,1
0.1,SARSA + PS,999,196,12,9,0,1
0.1,SARSA + PS,999,197,4,17,0,1
0.1,SARSA + PS,999,198,-281,200,9,0
0.1,SARSA + PS,999,199,10,11,0,1
0.1,SARSA + PS,999,200,-152,155,2,1
0.1,SARSA + PS,999,201,10,11,0,1
0.1,SARSA + PS,999,202,12,9,0,1
0.1,SARSA + PS,999,203,14,7,0,1
0.1,SARSA + PS,999,204,-14,17,2,1
0.1,SARSA + PS,999,205,10,11,0,1
0.1,SARSA + PS,999,206,-28,40,1,1
0.1,SARSA + PS,999,207,1,11,1,1
0.1,SARSA + PS,999,208,14,7,0,1
0.1,SARSA + PS,999,209,-20,32,1,1
0.1,SARSA + PS,999,210,-54,66,1,1
0.1,SARSA + PS,999,211,9,12,0,1
0.1,SARSA + PS,999,212,2,10,1,1
0.1,SARSA + PS,999,213,8,13,0,1
0.1,SARSA + PS,999,214,-69,81,1,1
0.1,SARSA + PS,999,215,-81,75,3,1
0.1,SARSA + PS,999,216,-53,47,3,1
0.1,SARSA + PS,999,217,7,14,0,1
0.1,SARSA + PS,999,218,-290,200,10,0
0.1,SARSA + PS,999,219,8,13,0,1
0.1,SARSA + PS,999,220,11,10,0,1
0.1,SARSA + PS,999,221,11,10,0,1
0.1,SARSA + PS,999,222,1,20,0,1
0.1,SARSA + PS,999,223,10,11,0,1
0.1,SARSA + PS,999,224,8,13,0,1
0.1,SARSA + PS,999,225,8,13,0,1
0.1,SARSA + PS,999,226,7,14,0,1
0.1,SARSA + PS,999,227,10,11,0,1
0.1,SARSA + PS,999,228,9,12,0,1
0.1,SARSA + PS,999,229,-142,118,5,1
0.1,SARSA + PS,999,230,-80,83,2,1
0.1,SARSA + PS,999,231,7,14,0,1
0.1,SARSA + PS,999,232,11,10,0,1
0.1,SARSA + PS,999,233,-17,38,0,1
0.1,SARSA + PS,999,234,10,11,0,1
0.1,SARSA + PS,999,235,8,13,0,1
0.1,SARSA + PS,999,236,14,7,0,1
0.1,SARSA + PS,999,237,4,8,1,1
0.1,SARSA + PS,999,238,11,10,0,1
0.1,SARSA + PS,999,239,-21,42,0,1
0.1,SARSA + PS,999,240,-27,39,1,1
0.1,SARSA + PS,999,241,-25,28,2,1
0.1,SARSA + PS,999,242,-5,26,0,1
0.1,SARSA + PS,999,243,14,7,0,1
0.1,SARSA + PS,999,244,-4,16,1,1
0.1,SARSA + PS,999,245,3,18,0,1
0.1,SARSA + PS,999,246,-6,27,0,1
0.1,SARSA + PS,999,247,14,7,0,1
0.1,SARSA + PS,999,248,-20,32,1,1
0.1,SARSA + PS,999,249,-37,31,3,1
0.1,SARSA + PS,999,250,7,14,0,1
0.1,SARSA + PS,999,251,-13,25,1,1
0.1,SARSA + PS,999,252,6,15,0,1
0.1,SARSA + PS,999,253,-90,93,2,1
0.1,SARSA + PS,999,254,-33,36,2,1
0.1,SARSA + PS,999,255,1,20,0,1
0.1,SARSA + PS,999,256,14,7,0,1
0.1,SARSA + PS,999,257,5,16,0,1
0.1,SARSA + PS,999,258,-102,105,2,1
0.1,SARSA + PS,999,259,0,21,0,1
0.1,SARSA + PS,999,260,5,7,1,1
0.1,SARSA + PS,999,261,0,21,0,1
0.1,SARSA + PS,999,262,-47,59,1,1
0.1,SARSA + PS,999,263,-50,35,4,1
0.1,SARSA + PS,999,264,-246,195,8,1
0.1,SARSA + PS,999,265,-3,15,1,1
0.1,SARSA + PS,999,266,-42,45,2,1
0.1,SARSA + PS,999,267,-8,20,1,1
0.1,SARSA + PS,999,268,-159,144,4,1
0.1,SARSA + PS,999,269,-85,79,3,1
0.1,SARSA + PS,999,270,3,18,0,1
0.1,SARSA + PS,999,271,14,7,0,1
0.1,SARSA + PS,999,272,-72,84,1,1
0.1,SARSA + PS,999,273,-32,35,2,1
0.1,SARSA + PS,999,274,-233,200,6,1
0.1,SARSA + PS,999,275,5,16,0,1
0.1,SARSA + PS,999,276,8,13,0,1
0.1,SARSA + PS,999,277,2,10,1,1
0.1,SARSA + PS,999,278,3,9,1,1
0.1,SARSA + PS,999,279,-56,50,3,1
0.1,SARSA + PS,999,280,-25,19,3,1
0.1,SARSA + PS,999,281,12,9,0,1
0.1,SARSA + PS,999,282,5,16,0,1
0.1,SARSA + PS,999,283,-11,14,2,1
0.1,SARSA + PS,999,284,7,14,0,1
0.1,SARSA + PS,999,285,-95,80,4,1
0.1,SARSA + PS,999,286,-35,47,1,1
0.1,SARSA + PS,999,287,-1,13,1,1
0.1,SARSA + PS,999,288,-75,69,3,1
0.1,SARSA + PS,999,289,11,10,0,1
0.1,SARSA + PS,999,290,-79,73,3,1
0.1,SARSA + PS,999,291,-263,200,7,0
0.1,SARSA + PS,999,292,-64,67,2,1
0.1,SARSA + PS,999,293,9,12,0,1
0.1,SARSA + PS,999,294,11,10,0,1
0.1,SARSA + PS,999,295,15,6,0,1
0.1,SARSA + PS,999,296,-216,183,6,1
0.1,SARSA + PS,999,297,-7,28,0,1
0.1,SARSA + PS,999,298,8,13,0,1
0.1,SARSA + PS,999,299,6,15,0,1
0.1,SARSA + PS,999,300,7,14,0,1
0.1,SARSA + PS,999,301,-20,23,2,1
0.1,SARSA + PS,999,302,-84,69,4,1
0.1,SARSA + PS,999,303,-6,18,1,1
0.1,SARSA + PS,999,304,11,10,0,1
0.1,SARSA + PS,999,305,-146,113,6,1
0.1,SARSA + PS,999,306,13,8,0,1
0.1,SARSA + PS,999,307,-67,61,3,1
0.1,SARSA + PS,999,308,-39,33,3,1
0.1,SARSA + PS,999,309,-123,117,3,1
0.1,SARSA + PS,999,310,-94,70,5,1
0.1,SARSA + PS,999,311,7,14,0,1
0.1,SARSA + PS,999,312,9,12,0,1
0.1,SARSA + PS,999,313,-49,52,2,1
0.1,SARSA + PS,999,314,6,15,0,1
0.1,SARSA + PS,999,315,-76,88,1,1
0.1,SARSA + PS,999,316,-23,35,1,1
0.1,SARSA + PS,999,317,7,14,0,1
0.1,SARSA + PS,999,318,-245,200,5,0
0.1,SARSA + PS,999,319,6,15,0,1
0.1,SARSA + PS,999,320,5,16,0,1
0.1,SARSA + PS,999,321,8,13,0,1
0.1,SARSA + PS,999,322,-28,31,2,1
0.1,SARSA + PS,999,323,-41,44,2,1
0.1,SARSA + PS,999,324,2,19,0,1
0.1,SARSA + PS,999,325,12,9,0,1
0.1,SARSA + PS,999,326,11,10,0,1
0.1,SARSA + PS,999,327,-1,13,1,1
0.1,SARSA + PS,999,328,-28,40,1,1
0.1,SARSA + PS,999,329,12,9,0,1
0.1,SARSA + PS,999,330,11,10,0,1
0.1,SARSA + PS,999,331,6,15,0,1
0.1,SARSA + PS,999,332,0,21,0,1
0.1,SARSA + PS,999,333,-24,36,1,1
0.1,SARSA + PS,999,334,8,13,0,1
0.1,SARSA + PS,999,335,-64,67,2,1
0.1,SARSA + PS,999,336,0,12,1,1
0.1,SARSA + PS,999,337,8,13,0,1
0.1,SARSA + PS,999,338,-6,27,0,1
0.1,SARSA + PS,999,339,1,20,0,1
0.1,SARSA + PS,999,340,-23,35,1,1
0.1,SARSA + PS,999,341,9,12,0,1
0.1,SARSA + PS,999,342,-5,17,1,1
0.1,SARSA + PS,999,343,-9,12,2,1
0.1,SARSA + PS,999,344,-23,26,2,1
0.1,SARSA + PS,999,345,-38,59,0,1
0.1,SARSA + PS,999,346,-43,46,2,1
0.1,SARSA + PS,999,347,-3,15,1,1
0.1,SARSA + PS,999,348,-5,17,1,1
0.1,SARSA + PS,999,349,0,21,0,1
0.1,SARSA + PS,999,350,-10,31,0,1
0.1,SARSA + PS,999,351,-272,200,8,0
0.1,SARSA + PS,999,352,4,17,0,1
0.1,SARSA + PS,999,353,-53,47,3,1
0.1,SARSA + PS,999,354,-3,15,1,1
0.1,SARSA + PS,999,355,-9,30,0,1
0.1,SARSA + PS,999,356,-55,58,2,1
0.1,SARSA + PS,999,357,9,12,0,1
0.1,SARSA + PS,999,358,-221,170,8,1
0.1,SARSA + PS,999,359,6,15,0,1
0.1,SARSA + PS,999,360,3,18,0,1
0.1,SARSA + PS,999,361,-4,16,1,1
0.1,SARSA + PS,999,362,-6,18,1,1
0.1,SARSA + PS,999,363,5,16,0,1
0.1,SARSA + PS,999,364,5,16,0,1
0.1,SARSA + PS,999,365,11,10,0,1
0.1,SARSA + PS,999,366,14,7,0,1
0.1,SARSA + PS,999,367,-32,53,0,1
0.1,SARSA + PS,999,368,11,10,0,1
0.1,SARSA + PS,999,369,-4,16,1,1
0.1,SARSA + PS,999,370,7,14,0,1
0.1,SARSA + PS,999,371,11,10,0,1
0.1,SARSA + PS,999,372,11,10,0,1
0.1,SARSA + PS,999,373,-236,200,4,0
0.1,SARSA + PS,999,374,3,9,1,1
0.1,SARSA + PS,999,375,-39,60,0,1
0.1,SARSA + PS,999,376,0,12,1,1
0.1,SARSA + PS,999,377,11,10,0,1
0.1,SARSA + PS,999,378,-1,13,1,1
0.1,SARSA + PS,999,379,4,17,0,1
0.1,SARSA + PS,999,380,12,9,0,1
0.1,SARSA + PS,999,381,-5,26,0,1
0.1,SARSA + PS,999,382,-44,47,2,1
0.1,SARSA + PS,999,383,-3,15,1,1
0.1,SARSA + PS,999,384,8,13,0,1
0.1,SARSA + PS,999,385,2,10,1,1
0.1,SARSA + PS,999,386,6,15,0,1
0.1,SARSA + PS,999,387,8,13,0,1
0.1,SARSA + PS,999,388,-4,25,0,1
0.1,SARSA + PS,999,389,-48,51,2,1
0.1,SARSA + PS,999,390,4,17,0,1
0.1,SARSA + PS,999,391,6,15,0,1
0.1,SARSA + PS,999,392,-33,45,1,1
0.1,SARSA + PS,999,393,8,13,0,1
0.1,SARSA + PS,999,394,-3,24,0,1
0.1,SARSA + PS,999,395,-62,56,3,1
0.1,SARSA + PS,999,396,-281,200,9,0
0.1,SARSA + PS,999,397,-11,14,2,1
0.1,SARSA + PS,999,398,-6,27,0,1
0.1,SARSA + PS,999,399,4,17,0,1
0.1,SARSA + PS,999,400,9,12,0,1
0.1,SARSA + PS,999,401,-13,16,2,1
0.1,SARSA + PS,999,402,1,11,1,1
0.1,SARSA + PS,999,403,-26,29,2,1
0.1,SARSA + PS,999,404,6,15,0,1
0.1,SARSA + PS,999,405,-10,22,1,1
0.1,SARSA + PS,999,406,-5,26,0,1
0.1,SARSA + PS,999,407,11,10,0,1
0.1,SARSA + PS,999,408,12,9,0,1
0.1,SARSA + PS,999,409,8,13,0,1
0.1,SARSA + PS,999,410,-7,28,0,1
0.1,SARSA + PS,999,411,8,13,0,1
0.1,SARSA + PS,999,412,-111,87,5,1
0.1,SARSA + PS,999,413,2,10,1,1
0.1,SARSA + PS,999,414,-80,56,5,1
0.1,SARSA + PS,999,415,12,9,0,1
0.1,SARSA + PS,999,416,-13,16,2,1
0.1,SARSA + PS,999,417,9,12,0,1
0.1,SARSA + PS,999,418,-29,32,2,1
0.1,SARSA + PS,999,419,9,12,0,1
0.1,SARSA + PS,999,420,0,21,0,1
0.1,SARSA + PS,999,421,2,10,1,1
0.1,SARSA + PS,999,422,-21,33,1,1
0.1,SARSA + PS,999,423,6,15,0,1
0.1,SARSA + PS,999,424,11,10,0,1
0.1,SARSA + PS,999,425,-6,18,1,1
0.1,SARSA + PS,999,426,-22,34,1,1
0.1,SARSA + PS,999,427,9,12,0,1
0.1,SARSA + PS,999,428,-10,13,2,1
0.1,SARSA + PS,999,429,3,18,0,1
0.1,SARSA + PS,999,430,3,18,0,1
0.1,SARSA + PS,999,431,-38,50,1,1
0.1,SARSA + PS,999,432,10,11,0,1
0.1,SARSA + PS,999,433,-10,22,1,1
0.1,SARSA + PS,999,434,6,15,0,1
0.1,SARSA + PS,999,435,14,7,0,1
0.1,SARSA + PS,999,436,9,12,0,1
0.1,SARSA + PS,999,437,2,19,0,1
0.1,SARSA + PS,999,438,10,11,0,1
0.1,SARSA + PS,999,439,7,14,0,1
0.1,SARSA + PS,999,440,12,9,0,1
0.1,SARSA + PS,999,441,-1,13,1,1
0.1,SARSA + PS,999,442,-10,13,2,1
0.1,SARSA + PS,999,443,14,7,0,1
0.1,SARSA + PS,999,444,-12,24,1,1
0.1,SARSA + PS,999,445,10,11,0,1
0.1,SARSA + PS,999,446,8,13,0,1
0.1,SARSA + PS,999,447,1,11,1,1
0.1,SARSA + PS,999,448,-17,29,1,1
0.1,SARSA + PS,999,449,9,12,0,1
0.1,SARSA + PS,999,450,7,14,0,1
0.1,SARSA + PS,999,451,10,11,0,1
0.1,SARSA + PS,999,452,13,8,0,1
0.1,SARSA + PS,999,453,-13,25,1,1
0.1,SARSA + PS,999,454,-20,32,1,1
0.1,SARSA + PS,999,455,-27,21,3,1
0.1,SARSA + PS,999,456,10,11,0,1
0.1,SARSA + PS,999,457,-254,200,6,0
0.1,SARSA + PS,999,458,-2,14,1,1
0.1,SARSA + PS,999,459,4,17,0,1
0.1,SARSA + PS,999,460,11,10,0,1
0.1,SARSA + PS,999,461,-6,18,1,1
0.1,SARSA + PS,999,462,2,19,0,1
0.1,SARSA + PS,999,463,-50,44,3,1
0.1,SARSA + PS,999,464,-5,17,1,1
0.1,SARSA + PS,999,465,10,11,0,1
0.1,SARSA + PS,999,466,-94,88,3,1
0.1,SARSA + PS,999,467,0,12,1,1
0.1,SARSA + PS,999,468,-34,46,1,1
0.1,SARSA + PS,999,469,6,15,0,1
0.1,SARSA + PS,999,470,-15,27,1,1
0.1,SARSA + PS,999,471,6,15,0,1
0.1,SARSA + PS,999,472,-49,61,1,1
0.1,SARSA + PS,999,473,-14,26,1,1
0.1,SARSA + PS,999,474,-21,24,2,1
0.1,SARSA + PS,999,475,7,14,0,1
0.1,SARSA + PS,999,476,5,16,0,1
0.1,SARSA + PS,999,477,2,19,0,1
0.1,SARSA + PS,999,478,-12,15,2,1
0.1,SARSA + PS,999,479,-1,13,1,1
0.1,SARSA + PS,999,480,10,11,0,1
0.1,SARSA + PS,999,481,-5,17,1,1
0.1,SARSA + PS,999,482,13,8,0,1
0.1,SARSA + PS,999,483,-21,24,2,1
0.1,SARSA + PS,999,484,6,15,0,1
0.1,SARSA + PS,999,485,-7,28,0,1
0.1,SARSA + PS,999,486,-61,64,2,1
0.1,SARSA + PS,999,487,8,13,0,1
0.1,SARSA + PS,999,488,12,9,0,1
0.1,SARSA + PS,999,489,9,12,0,1
0.1,SARSA + PS,999,490,-1,13,1,1
0.1,SARSA + PS,999,491,-2,23,0,1
0.1,SARSA + PS,999,492,11,10,0,1
0.1,SARSA + PS,999,493,-5,17,1,1
0.1,SARSA + PS,999,494,-37,49,1,1
0.1,SARSA + PS,999,495,0,12,1,1
0.1,SARSA + PS,999,496,13,8,0,1
0.1,SARSA + PS,999,497,-40,43,2,1
0.1,SARSA + PS,999,498,-3,15,1,1
0.1,SARSA + PS,999,499,-26,29,2,1
0.1,SARSA + PS,2024,0,-677,200,53,0
0.1,SARSA + PS,2024,1,-423,147,33,1
0.1,SARSA + PS,2024,2,-596,200,44,0
0.1,SARSA + PS,2024,3,-641,200,49,0
0.1,SARSA + PS,2024,4,-767,200,63,0
0.1,SARSA + PS,2024,5,-695,200,55,0
0.1,SARSA + PS,2024,6,-113,80,6,1
0.1,SARSA + PS,2024,7,-821,200,69,0
0.1,SARSA + PS,2024,8,-812,200,68,0
0.1,SARSA + PS,2024,9,-686,200,54,0
0.1,SARSA + PS,2024,10,-722,200,58,0
0.1,SARSA + PS,2024,11,-596,200,44,0
0.1,SARSA + PS,2024,12,-767,200,63,0
0.1,SARSA + PS,2024,13,-848,200,72,0
0.1,SARSA + PS,2024,14,-522,183,40,1
0.1,SARSA + PS,2024,15,-263,200,7,0
0.1,SARSA + PS,2024,16,-722,200,58,0
0.1,SARSA + PS,2024,17,-161,56,14,1
0.1,SARSA + PS,2024,18,-185,71,15,1
0.1,SARSA + PS,2024,19,-317,200,13,0
0.1,SARSA + PS,2024,20,-371,167,25,1
0.1,SARSA + PS,2024,21,-533,200,37,0
0.1,SARSA + PS,2024,22,-551,200,39,0
0.1,SARSA + PS,2024,23,-290,200,10,0
0.1,SARSA + PS,2024,24,-76,70,3,1
0.1,SARSA + PS,2024,25,-758,200,62,0
0.1,SARSA + PS,2024,26,-435,105,39,1
0.1,SARSA + PS,2024,27,-344,200,16,0
0.1,SARSA + PS,2024,28,-58,52,3,1
0.1,SARSA + PS,2024,29,-245,200,5,0
0.1,SARSA + PS,2024,30,-407,200,23,0
0.1,SARSA + PS,2024,31,-461,200,29,0
0.1,SARSA + PS,2024,32,-25,37,1,1
0.1,SARSA + PS,2024,33,-290,200,10,0
0.1,SARSA + PS,2024,34,-812,200,68,0
0.1,SARSA + PS,2024,35,-125,110,4,1
0.1,SARSA + PS,2024,36,-884,200,76,0
0.1,SARSA + PS,2024,37,-398,200,22,0
0.1,SARSA + PS,2024,38,-6,27,0,1
0.1,SARSA + PS,2024,39,-125,119,3,1
0.1,SARSA + PS,2024,40,-479,200,31,0
0.1,SARSA + PS,2024,41,-407,200,23,0
0.1,SARSA + PS,2024,42,-41,53,1,1
0.1,SARSA + PS,2024,43,-281,200,9,0
0.1,SARSA + PS,2024,44,8,13,0,1
0.1,SARSA + PS,2024,45,-272,200,8,0
0.1,SARSA + PS,2024,46,-218,200,2,0
0.1,SARSA + PS,2024,47,-63,66,2,1
0.1,SARSA + PS,2024,48,-44,56,1,1
0.1,SARSA + PS,2024,49,-380,200,20,0
0.1,SARSA + PS,2024,50,-245,200,5,0
0.1,SARSA + PS,2024,51,-143,128,4,1
0.1,SARSA + PS,2024,52,-133,109,5,1
0.1,SARSA + PS,2024,53,-145,130,4,1
0.1,SARSA + PS,2024,54,-236,200,4,0
0.1,SARSA + PS,2024,55,-20,23,2,1
0.1,SARSA + PS,2024,56,-316,184,17,1
0.1,SARSA + PS,2024,57,-263,200,7,0
0.1,SARSA + PS,2024,58,-263,200,7,0
0.1,SARSA + PS,2024,59,-106,64,7,1
0.1,SARSA + PS,2024,60,-167,71,13,1
0.1,SARSA + PS,2024,61,-5,17,1,1
0.1,SARSA + PS,2024,62,-632,200,48,0
0.1,SARSA + PS,2024,63,-307,193,15,1
0.1,SARSA + PS,2024,64,-16,19,2,1
0.1,SARSA + PS,2024,65,-142,127,4,1
0.1,SARSA + PS,2024,66,-56,59,2,1
0.1,SARSA + PS,2024,67,-281,200,9,0
0.1,SARSA + PS,2024,68,-228,195,6,1
0.1,SARSA + PS,2024,69,-76,70,3,1
0.1,SARSA + PS,2024,70,10,11,0,1
0.1,SARSA + PS,2024,71,-245,200,5,0
0.1,SARSA + PS,2024,72,-272,200,8,0
0.1,SARSA + PS,2024,73,-245,200,5,0
0.1,SARSA + PS,2024,74,-92,86,3,1
0.1,SARSA + PS,2024,75,7,14,0,1
0.1,SARSA + PS,2024,76,-4,25,0,1
0.1,SARSA + PS,2024,77,-272,200,8,0
0.1,SARSA + PS,2024,78,-254,200,6,0
0.1,SARSA + PS,2024,79,-64,76,1,1
0.1,SARSA + PS,2024,80,-130,133,2,1
0.1,SARSA + PS,2024,81,-281,200,9,0
0.1,SARSA + PS,2024,82,-32,35,2,1
0.1,SARSA + PS,2024,83,-202,169,6,1
0.1,SARSA + PS,2024,84,1,20,0,1
0.1,SARSA + PS,2024,85,-33,45,1,1
0.1,SARSA + PS,2024,86,-35,38,2,1
0.1,SARSA + PS,2024,87,-201,195,3,1
0.1,SARSA + PS,2024,88,2,19,0,1
0.1,SARSA + PS,2024,89,-111,114,2,1
0.1,SARSA + PS,2024,90,12,9,0,1
0.1,SARSA + PS,2024,91,-77,62,4,1
0.1,SARSA + PS,2024,92,-55,58,2,1
0.1,SARSA + PS,2024,93,2,10,1,1
0.1,SARSA + PS,2024,94,-77,89,1,1
0.1,SARSA + PS,2024,95,-51,45,3,1
0.1,SARSA + PS,2024,96,-272,200,8,0
0.1,SARSA + PS,2024,97,-272,200,8,0
0.1,SARSA + PS,2024,98,-5,17,1,1
0.1,SARSA + PS,2024,99,-72,75,2,1
0.1,SARSA + PS,2024,100,8,13,0,1
0.1,SARSA + PS,2024,101,8,13,0,1
0.1,SARSA + PS,2024,102,-233,200,6,1
0.1,SARSA + PS,2024,103,-193,151,7,1
0.1,SARSA + PS,2024,104,13,8,0,1
0.1,SARSA + PS,2024,105,9,12,0,1
0.1,SARSA + PS,2024,106,-236,200,4,0
0.1,SARSA + PS,2024,107,14,7,0,1
0.1,SARSA + PS,2024,108,-31,34,2,1
0.1,SARSA + PS,2024,109,-227,200,3,0
0.1,SARSA + PS,2024,110,-176,170,3,1
0.1,SARSA + PS,2024,111,-11,14,2,1
0.1,SARSA + PS,2024,112,-70,82,1,1
0.1,SARSA + PS,2024,113,10,11,0,1
0.1,SARSA + PS,2024,114,9,12,0,1
0.1,SARSA + PS,2024,115,-1,22,0,1
0.1,SARSA + PS,2024,116,-57,69,1,1
0.1,SARSA + PS,2024,117,-32,35,2,1
0.1,SARSA + PS,2024,118,0,21,0,1
0.1,SARSA + PS,2024,119,-120,51,10,1
0.1,SARSA + PS,2024,120,-92,95,2,1
0.1,SARSA + PS,2024,121,-22,43,0,1
0.1,SARSA + PS,2024,122,-5,17,1,1
0.1,SARSA + PS,2024,123,9,12,0,1
0.1,SARSA + PS,2024,124,-73,76,2,1
0.1,SARSA + PS,2024,125,11,10,0,1
0.1,SARSA + PS,2024,126,-2,14,1,1
0.1,SARSA + PS,2024,127,-68,71,2,1
0.1,SARSA + PS,2024,128,-272,200,8,0
0.1,SARSA + PS,2024,129,-179,155,5,1
0.1,SARSA + PS,2024,130,6,15,0,1
0.1,SARSA + PS,2024,131,-11,32,0,1
0.1,SARSA + PS,2024,132,12,9,0,1
0.1,SARSA + PS,2024,133,12,9,0,1
0.1,SARSA + PS,2024,134,4,17,0,1
0.1,SARSA + PS,2024,135,-67,61,3,1
0.1,SARSA + PS,2024,136,-263,200,7,0
0.1,SARSA + PS,2024,137,-57,69,1,1
0.1,SARSA + PS,2024,138,-112,115,2,1
0.1,SARSA + PS,2024,139,-24,27,2,1
0.1,SARSA + PS,2024,140,-147,114,6,1
0.1,SARSA + PS,2024,141,-103,79,5,1
0.1,SARSA + PS,2024,142,-109,121,1,1
0.1,SARSA + PS,2024,143,-69,63,3,1
0.1,SARSA + PS,2024,144,9,12,0,1
0.1,SARSA + PS,2024,145,9,12,0,1
0.1,SARSA + PS,2024,146,-9,30,0,1
0.1,SARSA + PS,2024,147,-22,43,0,1
0.1,SARSA + PS,2024,148,-6,27,0,1
0.1,SARSA + PS,2024,149,-78,81,2,1
0.1,SARSA + PS,2024,150,-61,55,3,1
0.1,SARSA + PS,2024,151,-42,45,2,1
0.1,SARSA + PS,2024,152,12,9,0,1
0.1,SARSA + PS,2024,153,11,10,0,1
0.1,SARSA + PS,2024,154,-14,17,2,1
0.1,SARSA + PS,2024,155,4,17,0,1
0.1,SARSA + PS,2024,156,-2,23,0,1
0.1,SARSA + PS,2024,157,-8,20,1,1
0.1,SARSA + PS,2024,158,1,11,1,1
0.1,SARSA + PS,2024,159,-2,14,1,1
0.1,SARSA + PS,2024,160,-55,58,2,1
0.1,SARSA + PS,2024,161,-61,73,1,1
0.1,SARSA + PS,2024,162,-55,58,2,1
0.1,SARSA + PS,2024,163,-8,20,1,1
0.1,SARSA + PS,2024,164,13,8,0,1
0.1,SARSA + PS,2024,165,-4,25,0,1
0.1,SARSA + PS,2024,166,4,17,0,1
0.1,SARSA + PS,2024,167,-272,200,8,0
0.1,SARSA + PS,2024,168,-76,88,1,1
0.1,SARSA + PS,2024,169,-222,189,6,1
0.1,SARSA + PS,2024,170,-19,31,1,1
0.1,SARSA + PS,2024,171,9,12,0,1
0.1,SARSA + PS,2024,172,-584,182,47,1
0.1,SARSA + PS,2024,173,-272,200,8,0
0.1,SARSA + PS,2024,174,-236,200,4,0
0.1,SARSA + PS,2024,175,-11,32,0,1
0.1,SARSA + PS,2024,176,-42,54,1,1
0.1,SARSA + PS,2024,177,-1,22,0,1
0.1,SARSA + PS,2024,178,-36,48,1,1
0.1,SARSA + PS,2024,179,-52,55,2,1
0.1,SARSA + PS,2024,180,-299,200,11,0
0.1,SARSA + PS,2024,181,0,21,0,1
0.1,SARSA + PS,2024,182,-3,15,1,1
0.1,SARSA + PS,2024,183,-27,39,1,1
0.1,SARSA + PS,2024,184,15,6,0,1
0.1,SARSA + PS,2024,185,4,17,0,1
0.1,SARSA + PS,2024,186,-7,28,0,1
0.1,SARSA + PS,2024,187,-24,27,2,1
0.1,SARSA + PS,2024,188,-20,32,1,1
0.1,SARSA + PS,2024,189,-60,72,1,1
0.1,SARSA + PS,2024,190,-99,93,3,1
0.1,SARSA + PS,2024,191,-129,123,3,1
0.1,SARSA + PS,2024,192,-179,155,5,1
0.1,SARSA + PS,2024,193,10,11,0,1
0.1,SARSA + PS,2024,194,-8,29,0,1
0.1,SARSA + PS,2024,195,-32,35,2,1
0.1,SARSA + PS,2024,196,4,17,0,1
0.1,SARSA + PS,2024,197,-53,47,3,1
0.1,SARSA + PS,2024,198,-61,55,3,1
0.1,SARSA + PS,2024,199,12,9,0,1
0.1,SARSA + PS,2024,200,2,19,0,1
0.1,SARSA + PS,2024,201,10,11,0,1
0.1,SARSA + PS,2024,202,-42,36,3,1
0.1,SARSA + PS,2024,203,3,9,1,1
0.1,SARSA + PS,2024,204,-254,200,6,0
0.1,SARSA + PS,2024,205,10,11,0,1
0.1,SARSA + PS,2024,206,12,9,0,1
0.1,SARSA + PS,2024,207,-173,149,5,1
0.1,SARSA + PS,2024,208,-8,29,0,1
0.1,SARSA + PS,2024,209,-60,72,1,1
0.1,SARSA + PS,2024,210,-96,90,3,1
0.1,SARSA + PS,2024,211,0,21,0,1
0.1,SARSA + PS,2024,212,8,13,0,1
0.1,SARSA + PS,2024,213,-48,60,1,1
0.1,SARSA + PS,2024,214,10,11,0,1
0.1,SARSA + PS,2024,215,-3,15,1,1
0.1,SARSA + PS,2024,216,-84,87,2,1
0.1,SARSA + PS,2024,217,-74,86,1,1
0.1,SARSA + PS,2024,218,-12,24,1,1
0.1,SARSA + PS,2024,219,-13,25,1,1
0.1,SARSA + PS,2024,220,-100,94,3,1
0.1,SARSA + PS,2024,221,-64,76,1,1
0.1,SARSA + PS,2024,222,-227,200,3,0
0.1,SARSA + PS,2024,223,-89,110,0,1
0.1,SARSA + PS,2024,224,-52,73,0,1
0.1,SARSA + PS,2024,225,-5,17,1,1
0.1,SARSA + PS,2024,226,-35,38,2,1
0.1,SARSA + PS,2024,227,8,13,0,1
0.1,SARSA + PS,2024,228,-36,48,1,1
0.1,SARSA + PS,2024,229,8,13,0,1
0.1,SARSA + PS,2024,230,-9,21,1,1
0.1,SARSA + PS,2024,231,-49,43,3,1
0.1,SARSA + PS,2024,232,-85,79,3,1
0.1,SARSA + PS,2024,233,7,14,0,1
0.1,SARSA + PS,2024,234,-83,95,1,1
0.1,SARSA + PS,2024,235,-141,99,7,1
0.1,SARSA + PS,2024,236,9,12,0,1
0.1,SARSA + PS,2024,237,-9,21,1,1
0.1,SARSA + PS,2024,238,-141,117,5,1
0.1,SARSA + PS,2024,239,8,13,0,1
0.1,SARSA + PS,2024,240,11,10,0,1
0.1,SARSA + PS,2024,241,-5,26,0,1
0.1,SARSA + PS,2024,242,15,6,0,1
0.1,SARSA + PS,2024,243,-61,55,3,1
0.1,SARSA + PS,2024,244,-2,23,0,1
0.1,SARSA + PS,2024,245,-10,31,0,1
0.1,SARSA + PS,2024,246,-114,99,4,1
0.1,SARSA + PS,2024,247,-2,14,1,1
0.1,SARSA + PS,2024,248,9,12,0,1
0.1,SARSA + PS,2024,249,-12,33,0,1
0.1,SARSA + PS,2024,250,-56,59,2,1
0.1,SARSA + PS,2024,251,-13,34,0,1
0.1,SARSA + PS,2024,252,2,19,0,1
0.1,SARSA + PS,2024,253,-211,196,4,1
0.1,SARSA + PS,2024,254,-29,41,1,1
0.1,SARSA + PS,2024,255,10,11,0,1
0.1,SARSA + PS,2024,256,0,12,1,1
0.1,SARSA + PS,2024,257,-11,14,2,1
0.1,SARSA + PS,2024,258,-116,119,2,1
0.1,SARSA + PS,2024,259,-128,131,2,1
0.1,SARSA + PS,2024,260,3,18,0,1
0.1,SARSA + PS,2024,261,-2,14,1,1
0.1,SARSA + PS,2024,262,10,11,0,1
0.1,SARSA + PS,2024,263,-116,119,2,1
0.1,SARSA + PS,2024,264,-18,30,1,1
0.1,SARSA + PS,2024,265,-24,27,2,1
0.1,SARSA + PS,2024,266,1,20,0,1
0.1,SARSA + PS,2024,267,-117,111,3,1
0.1,SARSA + PS,2024,268,-34,46,1,1
0.1,SARSA + PS,2024,269,14,7,0,1
0.1,SARSA + PS,2024,270,3,18,0,1
0.1,SARSA + PS,2024,271,11,10,0,1
0.1,SARSA + PS,2024,272,7,14,0,1
0.1,SARSA + PS,2024,273,7,14,0,1
0.1,SARSA + PS,2024,274,-10,13,2,1
0.1,SARSA + PS,2024,275,-263,200,7,0
0.1,SARSA + PS,2024,276,-21,33,1,1
0.1,SARSA + PS,2024,277,10,11,0,1
0.1,SARSA + PS,2024,278,1,11,1,1
0.1,SARSA + PS,2024,279,-5,26,0,1
0.1,SARSA + PS,2024,280,-1,22,0,1
0.1,SARSA + PS,2024,281,-54,57,2,1
0.1,SARSA + PS,2024,282,-28,31,2,1
0.1,SARSA + PS,2024,283,-71,83,1,1
0.1,SARSA + PS,2024,284,6,15,0,1
0.1,SARSA + PS,2024,285,-11,32,0,1
0.1,SARSA + PS,2024,286,0,12,1,1
0.1,SARSA + PS,2024,287,-23,26,2,1
0.1,SARSA + PS,2024,288,-32,35,2,1
0.1,SARSA + PS,2024,289,5,16,0,1
0.1,SARSA + PS,2024,290,-58,52,3,1
0.1,SARSA + PS,2024,291,-12,15,2,1
0.1,SARSA + PS,2024,292,7,14,0,1
0.1,SARSA + PS,2024,293,-22,34,1,1
0.1,SARSA + PS,2024,294,7,14,0,1
0.1,SARSA + PS,2024,295,-88,100,1,1
0.1,SARSA + PS,2024,296,-29,50,0,1
0.1,SARSA + PS,2024,297,-11,23,1,1
0.1,SARSA + PS,2024,298,-98,74,5,1
0.1,SARSA + PS,2024,299,0,12,1,1
0.1,SARSA + PS,2024,300,-1,22,0,1
0.1,SARSA + PS,2024,301,-6,18,1,1
0.1,SARSA + PS,2024,302,-1,13,1,1
0.1,SARSA + PS,2024,303,10,11,0,1
0.1,SARSA + PS,2024,304,10,11,0,1
0.1,SARSA + PS,2024,305,0,12,1,1
0.1,SARSA + PS,2024,306,9,12,0,1
0.1,SARSA + PS,2024,307,4,17,0,1
0.1,SARSA + PS,2024,308,6,15,0,1
0.1,SARSA + PS,2024,309,5,16,0,1
0.1,SARSA + PS,2024,310,-13,25,1,1
0.1,SARSA + PS,2024,311,0,21,0,1
0.1,SARSA + PS,2024,312,0,12,1,1
0.1,SARSA + PS,2024,313,-28,31,2,1
0.1,SARSA + PS,2024,314,-12,33,0,1
0.1,SARSA + PS,2024,315,-47,32,4,1
0.1,SARSA + PS,2024,316,-15,36,0,1
0.1,SARSA + PS,2024,317,-4,25,0,1
0.1,SARSA + PS,2024,318,-3,24,0,1
0.1,SARSA + PS,2024,319,-33,36,2,1
0.1,SARSA + PS,2024,320,-77,62,4,1
0.1,SARSA + PS,2024,321,-15,36,0,1
0.1,SARSA + PS,2024,322,-20,41,0,1
0.1,SARSA + PS,2024,323,-48,60,1,1
0.1,SARSA + PS,2024,324,6,15,0,1
0.1,SARSA + PS,2024,325,8,13,0,1
0.1,SARSA + PS,2024,326,-20,32,1,1
0.1,SARSA + PS,2024,327,6,15,0,1
0.1,SARSA + PS,2024,328,-13,34,0,1
0.1,SARSA + PS,2024,329,12,9,0,1
0.1,SARSA + PS,2024,330,7,14,0,1
0.1,SARSA + PS,2024,331,-1,22,0,1
0.1,SARSA + PS,2024,332,2,19,0,1
0.1,SARSA + PS,2024,333,7,14,0,1
0.1,SARSA + PS,2024,334,-4,16,1,1
0.1,SARSA + PS,2024,335,8,13,0,1
0.1,SARSA + PS,2024,336,9,12,0,1
0.1,SARSA + PS,2024,337,10,11,0,1
0.1,SARSA + PS,2024,338,12,9,0,1
0.1,SARSA + PS,2024,339,-82,94,1,1
0.1,SARSA + PS,2024,340,1,11,1,1
0.1,SARSA + PS,2024,341,1,11,1,1
0.1,SARSA + PS,2024,342,6,15,0,1
0.1,SARSA + PS,2024,343,12,9,0,1
0.1,SARSA + PS,2024,344,-17,20,2,1
0.1,SARSA + PS,2024,345,-17,20,2,1
0.1,SARSA + PS,2024,346,-67,70,2,1
0.1,SARSA + PS,2024,347,10,11,0,1
0.1,SARSA + PS,2024,348,0,21,0,1
0.1,SARSA + PS,2024,349,-12,15,2,1
0.1,SARSA + PS,2024,350,-19,40,0,1
0.1,SARSA + PS,2024,351,11,10,0,1
0.1,SARSA + PS,2024,352,-24,18,3,1
0.1,SARSA + PS,2024,353,-30,33,2,1
0.1,SARSA + PS,2024,354,10,11,0,1
0.1,SARSA + PS,2024,355,8,13,0,1
0.1,SARSA + PS,2024,356,0,21,0,1
0.1,SARSA + PS,2024,357,14,7,0,1
0.1,SARSA + PS,2024,358,4,17,0,1
0.1,SARSA + PS,2024,359,13,8,0,1
0.1,SARSA + PS,2024,360,-11,14,2,1
0.1,SARSA + PS,2024,361,-110,113,2,1
0.1,SARSA + PS,2024,362,-5,17,1,1
0.1,SARSA + PS,2024,363,8,13,0,1
0.1,SARSA + PS,2024,364,-3,15,1,1
0.1,SARSA + PS,2024,365,9,12,0,1
0.1,SARSA + PS,2024,366,-5,17,1,1
0.1,SARSA + PS,2024,367,-26,38,1,1
0.1,SARSA + PS,2024,368,10,11,0,1
0.1,SARSA + PS,2024,369,-8,20,1,1
0.1,SARSA + PS,2024,370,-6,27,0,1
0.1,SARSA + PS,2024,371,9,12,0,1
0.1,SARSA + PS,2024,372,-17,20,2,1
0.1,SARSA + PS,2024,373,13,8,0,1
0.1,SARSA + PS,2024,374,0,21,0,1
0.1,SARSA + PS,2024,375,0,21,0,1
0.1,SARSA + PS,2024,376,-1,22,0,1
0.1,SARSA + PS,2024,377,-13,25,1,1
0.1,SARSA + PS,2024,378,-2,23,0,1
0.1,SARSA + PS,2024,379,-36,30,3,1
0.1,SARSA + PS,2024,380,9,12,0,1
0.1,SARSA + PS,2024,381,-29,32,2,1
0.1,SARSA + PS,2024,382,9,12,0,1
0.1,SARSA + PS,2024,383,-28,31,2,1
0.1,SARSA + PS,2024,384,10,11,0,1
0.1,SARSA + PS,2024,385,-68,62,3,1
0.1,SARSA + PS,2024,386,-40,52,1,1
0.1,SARSA + PS,2024,387,0,12,1,1
0.1,SARSA + PS,2024,388,-6,27,0,1
0.1,SARSA + PS,2024,389,5,16,0,1
0.1,SARSA + PS,2024,390,-13,34,0,1
0.1,SARSA + PS,2024,391,7,14,0,1
0.1,SARSA + PS,2024,392,11,10,0,1
0.1,SARSA + PS,2024,393,-1,13,1,1
0.1,SARSA + PS,2024,394,-1,13,1,1
0.1,SARSA + PS,2024,395,1,20,0,1
0.1,SARSA + PS,2024,396,8,13,0,1
0.1,SARSA + PS,2024,397,-25,37,1,1
0.1,SARSA + PS,2024,398,-15,36,0,1
0.1,SARSA + PS,2024,399,6,15,0,1
0.1,SARSA + PS,2024,400,6,15,0,1
0.1,SARSA + PS,2024,401,9,12,0,1
0.1,SARSA + PS,2024,402,-6,18,1,1
0.1,SARSA + PS,2024,403,0,12,1,1
0.1,SARSA + PS,2024,404,-47,59,1,1
0.1,SARSA + PS,2024,405,13,8,0,1
0.1,SARSA + PS,2024,406,-4,16,1,1
0.1,SARSA + PS,2024,407,14,7,0,1
0.1,SARSA + PS,2024,408,-40,52,1,1
0.1,SARSA + PS,2024,409,-7,19,1,1
0.1,SARSA + PS,2024,410,7,14,0,1
0.1,SARSA + PS,2024,411,8,13,0,1
0.1,SARSA + PS,2024,412,-1,13,1,1
0.1,SARSA + PS,2024,413,11,10,0,1
0.1,SARSA + PS,2024,414,-4,25,0,1
0.1,SARSA + PS,2024,415,-29,41,1,1
0.1,SARSA + PS,2024,416,-102,114,1,1
0.1,SARSA + PS,2024,417,7,14,0,1
0.1,SARSA + PS,2024,418,9,12,0,1
0.1,SARSA + PS,2024,419,2,19,0,1
0.1,SARSA + PS,2024,420,10,11,0,1
0.1,SARSA + PS,2024,421,5,16,0,1
0.1,SARSA + PS,2024,422,-15,27,1,1
0.1,SARSA + PS,2024,423,-13,16,2,1
0.1,SARSA + PS,2024,424,-12,15,2,1
0.1,SARSA + PS,2024,425,9,12,0,1
0.1,SARSA + PS,2024,426,8,13,0,1
0.1,SARSA + PS,2024,427,9,12,0,1
0.1,SARSA + PS,2024,428,6,15,0,1
0.1,SARSA + PS,2024,429,15,6,0,1
0.1,SARSA + PS,2024,430,1,11,1,1
0.1,SARSA + PS,2024,431,-6,27,0,1
0.1,SARSA + PS,2024,432,10,11,0,1
0.1,SARSA + PS,2024,433,-12,33,0,1
0.1,SARSA + PS,2024,434,-27,30,2,1
0.1,SARSA + PS,2024,435,-5,17,1,1
0.1,SARSA + PS,2024,436,-11,23,1,1
0.1,SARSA + PS,2024,437,-4,16,1,1
0.1,SARSA + PS,2024,438,-37,49,1,1
0.1,SARSA + PS,2024,439,-9,21,1,1
0.1,SARSA + PS,2024,440,0,12,1,1
0.1,SARSA + PS,2024,441,-3,15,1,1
0.1,SARSA + PS,2024,442,5,16,0,1
0.1,SARSA + PS,2024,443,-10,31,0,1
0.1,SARSA + PS,2024,444,-11,23,1,1
0.1,SARSA + PS,2024,445,-24,36,1,1
0.1,SARSA + PS,2024,446,-3,15,1,1
0.1,SARSA + PS,2024,447,5,16,0,1
0.1,SARSA + PS,2024,448,12,9,0,1
0.1,SARSA + PS,2024,449,-18,39,0,1
0.1,SARSA + PS,2024,450,3,18,0,1
0.1,SARSA + PS,2024,451,-12,24,1,1
0.1,SARSA + PS,2024,452,8,13,0,1
0.1,SARSA + PS,2024,453,-34,37,2,1
0.1,SARSA + PS,2024,454,9,12,0,1
0.1,SARSA + PS,2024,455,10,11,0,1
0.1,SARSA + PS,2024,456,-15,27,1,1
0.1,SARSA + PS,2024,457,-2,14,1,1
0.1,SARSA + PS,2024,458,-3,24,0,1
0.1,SARSA + PS,2024,459,-4,16,1,1
0.1,SARSA + PS,2024,460,10,11,0,1
0.1,SARSA + PS,2024,461,-11,32,0,1
0.1,SARSA + PS,2024,462,-12,24,1,1
0.1,SARSA + PS,2024,463,-5,17,1,1
0.1,SARSA + PS,2024,464,5,16,0,1
0.1,SARSA + PS,2024,465,-12,15,2,1
0.1,SARSA + PS,2024,466,10,11,0,1
0.1,SARSA + PS,2024,467,-16,19,2,1
0.1,SARSA + PS,2024,468,11,10,0,1
0.1,SARSA + PS,2024,469,-13,25,1,1
0.1,SARSA + PS,2024,470,11,10,0,1
0.1,SARSA + PS,2024,471,2,19,0,1
0.1,SARSA + PS,2024,472,6,15,0,1
0.1,SARSA + PS,2024,473,11,10,0,1
0.1,SARSA + PS,2024,474,-52,64,1,1
0.1,SARSA + PS,2024,475,-3,15,1,1
0.1,SARSA + PS,2024,476,5,16,0,1
0.1,SARSA + PS,2024,477,-4,16,1,1
0.1,SARSA + PS,2024,478,1,11,1,1
0.1,SARSA + PS,2024,479,2,19,0,1
0.1,SARSA + PS,2024,480,-2,14,1,1
0.1,SARSA + PS,2024,481,10,11,0,1
0.1,SARSA + PS,2024,482,-109,94,4,1
0.1,SARSA + PS,2024,483,-4,25,0,1
0.1,SARSA + PS,2024,484,2,10,1,1
0.1,SARSA + PS,2024,485,10,11,0,1
0.1,SARSA + PS,2024,486,8,13,0,1
0.1,SARSA + PS,2024,487,1,11,1,1
0.1,SARSA + PS,2024,488,9,12,0,1
0.1,SARSA + PS,2024,489,3,18,0,1
0.1,SARSA + PS,2024,490,2,10,1,1
0.1,SARSA + PS,2024,491,-89,83,3,1
0.1,SARSA + PS,2024,492,5,16,0,1
0.1,SARSA + PS,2024,493,-13,25,1,1
0.1,SARSA + PS,2024,494,-4,16,1,1
0.1,SARSA + PS,2024,495,8,13,0,1
0.1,SARSA + PS,2024,496,-9,21,1,1
0.1,SARSA + PS,2024,497,10,11,0,1
0.1,SARSA + PS,2024,498,6,15,0,1
0.1,SARSA + PS,2024,499,10,11,0,1
0.2,SARSA,42,0,-632,200,48,0
0.2,SARSA,42,1,-731,200,59,0
0.2,SARSA,42,2,-704,200,56,0
0.2,SARSA,42,3,-497,200,33,0
0.2,SARSA,42,4,-767,200,63,0
0.2,SARSA,42,5,-695,200,55,0
0.2,SARSA,42,6,-641,200,49,0
0.2,SARSA,42,7,-551,200,39,0
0.2,SARSA,42,8,-551,200,39,0
0.2,SARSA,42,9,-578,200,42,0
0.2,SARSA,42,10,-587,200,43,0
0.2,SARSA,42,11,-569,200,41,0
0.2,SARSA,42,12,-416,200,24,0
0.2,SARSA,42,13,-614,200,46,0
0.2,SARSA,42,14,-704,200,56,0
0.2,SARSA,42,15,-407,131,33,1
0.2,SARSA,42,16,-587,200,43,0
0.2,SARSA,42,17,-335,200,15,0
0.2,SARSA,42,18,-380,200,20,0
0.2,SARSA,42,19,-542,200,38,0
0.2,SARSA,42,20,-623,200,47,0
0.2,SARSA,42,21,-344,200,16,0
0.2,SARSA,42,22,-506,200,34,0
0.2,SARSA,42,23,-641,200,49,0
0.2,SARSA,42,24,-317,200,13,0
0.2,SARSA,42,25,-344,200,16,0
0.2,SARSA,42,26,-524,200,36,0
0.2,SARSA,42,27,-335,200,15,0
0.2,SARSA,42,28,-407,200,23,0
0.2,SARSA,42,29,-344,200,16,0
0.2,SARSA,42,30,-722,200,58,0
0.2,SARSA,42,31,-263,200,7,0
0.2,SARSA,42,32,-317,200,13,0
0.2,SARSA,42,33,-488,200,32,0
0.2,SARSA,42,34,-353,200,17,0
0.2,SARSA,42,35,-488,200,32,0
0.2,SARSA,42,36,-650,200,50,0
0.2,SARSA,42,37,-560,200,40,0
0.2,SARSA,42,38,-317,200,13,0
0.2,SARSA,42,39,-587,200,43,0
0.2,SARSA,42,40,-317,200,13,0
0.2,SARSA,42,41,-623,200,47,0
0.2,SARSA,42,42,-407,200,23,0
0.2,SARSA,42,43,-125,110,4,1
0.2,SARSA,42,44,-407,200,23,0
0.2,SARSA,42,45,-533,200,37,0
0.2,SARSA,42,46,-344,200,16,0
0.2,SARSA,42,47,-281,200,9,0
0.2,SARSA,42,48,-325,175,19,1
0.2,SARSA,42,49,-425,131,35,1
0.2,SARSA,42,50,-317,200,13,0
0.2,SARSA,42,51,-371,200,19,0
0.2,SARSA,42,52,-389,200,21,0
0.2,SARSA,42,53,-416,200,24,0
0.2,SARSA,42,54,-247,70,22,1
0.2,SARSA,42,55,-347,134,26,1
0.2,SARSA,42,56,-281,200,9,0
0.2,SARSA,42,57,-344,200,16,0
0.2,SARSA,42,58,-290,200,10,0
0.2,SARSA,42,59,-281,200,9,0
0.2,SARSA,42,60,-308,200,12,0
0.2,SARSA,42,61,-380,200,20,0
0.2,SARSA,42,62,-380,200,20,0
0.2,SARSA,42,63,-317,200,13,0
0.2,SARSA,42,64,-189,129,9,1
0.2,SARSA,42,65,-299,200,11,0
0.2,SARSA,42,66,-265,178,12,1
0.2,SARSA,42,67,-299,200,11,0
0.2,SARSA,42,68,-308,200,12,0
0.2,SARSA,42,69,-326,200,14,0
0.2,SARSA,42,70,-101,77,5,1
0.2,SARSA,42,71,-317,200,13,0
0.2,SARSA,42,72,-434,200,26,0
0.2,SARSA,42,73,-326,200,14,0
0.2,SARSA,42,74,-335,200,15,0
0.2,SARSA,42,75,-389,200,21,0
0.2,SARSA,42,76,-158,116,7,1
0.2,SARSA,42,77,-48,33,4,1
0.2,SARSA,42,78,-281,200,9,0
0.2,SARSA,42,79,-308,200,12,0
0.2,SARSA,42,80,-353,200,17,0
0.2,SARSA,42,81,-389,200,21,0
0.2,SARSA,42,82,-344,200,16,0
0.2,SARSA,42,83,-299,200,11,0
0.2,SARSA,42,84,-189,102,12,1
0.2,SARSA,42,85,-98,74,5,1
0.2,SARSA,42,86,-470,200,30,0
0.2,SARSA,42,87,-344,200,16,0
0.2,SARSA,42,88,-109,103,3,1
0.2,SARSA,42,89,-371,200,19,0
0.2,SARSA,42,90,-201,159,7,1
0.2,SARSA,42,91,-326,200,14,0
0.2,SARSA,42,92,-362,200,18,0
0.2,SARSA,42,93,-317,200,13,0
0.2,SARSA,42,94,-362,200,18,0
0.2,SARSA,42,95,-493,181,37,1
0.2,SARSA,42,96,-290,200,10,0
0.2,SARSA,42,97,-407,200,23,0
0.2,SARSA,42,98,-326,200,14,0
0.2,SARSA,42,99,-290,200,10,0
0.2,SARSA,42,100,-308,200,12,0
0.2,SARSA,42,101,-317,200,13,0
0.2,SARSA,42,102,-362,200,18,0
0.2,SARSA,42,103,-290,200,10,0
0.2,SARSA,42,104,-407,200,23,0
0.2,SARSA,42,105,-290,200,10,0
0.2,SARSA,42,106,-371,200,19,0
0.2,SARSA,42,107,-290,200,10,0
0.2,SARSA,42,108,-24,27,2,1
0.2,SARSA,42,109,-87,63,5,1
0.2,SARSA,42,110,-335,200,15,0
0.2,SARSA,42,111,-317,200,13,0
0.2,SARSA,42,112,-398,200,22,0
0.2,SARSA,42,113,-371,200,19,0
0.2,SARSA,42,114,-195,135,9,1
0.2,SARSA,42,115,-353,200,17,0
0.2,SARSA,42,116,-380,200,20,0
0.2,SARSA,42,117,-290,200,10,0
0.2,SARSA,42,118,-416,200,24,0
0.2,SARSA,42,119,-398,200,22,0
0.2,SARSA,42,120,-398,200,22,0
0.2,SARSA,42,121,-170,119,8,1
0.2,SARSA,42,122,-398,200,22,0
0.2,SARSA,42,123,-335,200,15,0
0.2,SARSA,42,124,-296,182,15,1
0.2,SARSA,42,125,-317,200,13,0
0.2,SARSA,42,126,-177,126,8,1
0.2,SARSA,42,127,-335,200,15,0
0.2,SARSA,42,128,-326,200,14,0
0.2,SARSA,42,129,-282,195,12,1
0.2,SARSA,42,130,-222,144,11,1
0.2,SARSA,42,131,-308,200,12,0
0.2,SARSA,42,132,-247,178,10,1
0.2,SARSA,42,133,-281,200,9,0
0.2,SARSA,42,134,-335,200,15,0
0.2,SARSA,42,135,-155,113,7,1
0.2,SARSA,42,136,-317,200,13,0
0.2,SARSA,42,137,-281,200,9,0
0.2,SARSA,42,138,-107,56,8,1
0.2,SARSA,42,139,-317,200,13,0
0.2,SARSA,42,140,-281,200,9,0
0.2,SARSA,42,141,-281,200,9,0
0.2,SARSA,42,142,-308,200,12,0
0.2,SARSA,42,143,-90,75,4,1
0.2,SARSA,42,144,-380,200,20,0
0.2,SARSA,42,145,-308,200,12,0
0.2,SARSA,42,146,-344,200,16,0
0.2,SARSA,42,147,-344,200,16,0
0.2,SARSA,42,148,-344,200,16,0
0.2,SARSA,42,149,-317,200,13,0
0.2,SARSA,42,150,-124,118,3,1
0.2,SARSA,42,151,-333,192,18,1
0.2,SARSA,42,152,-236,176,9,1
0.2,SARSA,42,153,-290,200,10,0
0.2,SARSA,42,154,-317,200,13,0
0.2,SARSA,42,155,-308,200,12,0
0.2,SARSA,42,156,-308,200,12,0
0.2,SARSA,42,157,-76,70,3,1
0.2,SARSA,42,158,-299,200,11,0
0.2,SARSA,42,159,-308,200,12,0
0.2,SARSA,42,160,-112,97,4,1
0.2,SARSA,42,161,-169,118,8,1
0.2,SARSA,42,162,-269,173,13,1
0.2,SARSA,42,163,-353,200,17,0
0.2,SARSA,42,164,-279,111,21,1
0.2,SARSA,42,165,-290,200,10,0
0.2,SARSA,42,166,-29,32,2,1
0.2,SARSA,42,167,-328,187,18,1
0.2,SARSA,42,168,-299,200,11,0
0.2,SARSA,42,169,-380,200,20,0
0.2,SARSA,42,170,-108,84,5,1
0.2,SARSA,42,171,-308,200,12,0
0.2,SARSA,42,172,-251,164,12,1
0.2,SARSA,42,173,-125,92,6,1
0.2,SARSA,42,174,-362,200,18,0
0.2,SARSA,42,175,-416,200,24,0
0.2,SARSA,42,176,-353,200,17,0
0.2,SARSA,42,177,-344,200,16,0
0.2,SARSA,42,178,-204,135,10,1
0.2,SARSA,42,179,-335,200,15,0
0.2,SARSA,42,180,-308,200,12,0
0.2,SARSA,42,181,-227,158,10,1
0.2,SARSA,42,182,-323,182,18,1
0.2,SARSA,42,183,-270,192,11,1
0.2,SARSA,42,184,-335,200,15,0
0.2,SARSA,42,185,-20,23,2,1
0.2,SARSA,42,186,-57,42,4,1
0.2,SARSA,42,187,-308,200,12,0
0.2,SARSA,42,188,-380,200,20,0
0.2,SARSA,42,189,-45,57,1,1
0.2,SARSA,42,190,-199,121,11,1
0.2,SARSA,42,191,-353,200,17,0
0.2,SARSA,42,192,-232,118,15,1
0.2,SARSA,42,193,-272,176,13,1
0.2,SARSA,42,194,-144,102,7,1
0.2,SARSA,42,195,-317,200,13,0
0.2,SARSA,42,196,-362,200,18,0
0.2,SARSA,42,197,-355,187,21,1
0.2,SARSA,42,198,-275,170,14,1
0.2,SARSA,42,199,-290,200,10,0
0.2,SARSA,42,200,-371,200,19,0
0.2,SARSA,42,201,-308,200,12,0
0.2,SARSA,42,202,-281,167,15,1
0.2,SARSA,42,203,-308,200,12,0
0.2,SARSA,42,204,-335,200,15,0
0.2,SARSA,42,205,-130,97,6,1
0.2,SARSA,42,206,-179,137,7,1
0.2,SARSA,42,207,-308,200,12,0
0.2,SARSA,42,208,-326,167,20,1
0.2,SARSA,42,209,-302,161,18,1
0.2,SARSA,42,210,-344,200,16,0
0.2,SARSA,42,211,-176,134,7,1
0.2,SARSA,42,212,-216,165,8,1
0.2,SARSA,42,213,-335,200,15,0
0.2,SARSA,42,214,-86,71,4,1
0.2,SARSA,42,215,-398,200,22,0
0.2,SARSA,42,216,-116,83,6,1
0.2,SARSA,42,217,-353,200,17,0
0.2,SARSA,42,218,-236,158,11,1
0.2,SARSA,42,219,-274,160,15,1
0.2,SARSA,42,220,-290,200,10,0
0.2,SARSA,42,221,-30,51,0,1
0.2,SARSA,42,222,-169,127,7,1
0.2,SARSA,42,223,-214,118,13,1
0.2,SARSA,42,224,-40,43,2,1
0.2,SARSA,42,225,-34,37,2,1
0.2,SARSA,42,226,-188,128,9,1
0.2,SARSA,42,227,-353,200,17,0
0.2,SARSA,42,228,-362,200,18,0
0.2,SARSA,42,229,-158,116,7,1
0.2,SARSA,42,230,-97,91,3,1
0.2,SARSA,42,231,-299,200,11,0
0.2,SARSA,42,232,-117,84,6,1
0.2,SARSA,42,233,-299,200,11,0
0.2,SARSA,42,234,-98,92,3,1
0.2,SARSA,42,235,-165,114,8,1
0.2,SARSA,42,236,-299,200,11,0
0.2,SARSA,42,237,-290,200,10,0
0.2,SARSA,42,238,-362,200,18,0
0.2,SARSA,42,239,-15,18,2,1
0.2,SARSA,42,240,-122,107,4,1
0.2,SARSA,42,241,-54,57,2,1
0.2,SARSA,42,242,-326,200,14,0
0.2,SARSA,42,243,-60,54,3,1
0.2,SARSA,42,244,-129,105,5,1
0.2,SARSA,42,245,-151,118,6,1
0.2,SARSA,42,246,-344,200,16,0
0.2,SARSA,42,247,-186,153,6,1
0.2,SARSA,42,248,-132,81,8,1
0.2,SARSA,42,249,-109,76,6,1
0.2,SARSA,42,250,-425,200,25,0
0.2,SARSA,42,251,-326,200,14,0
0.2,SARSA,42,252,-317,200,13,0
0.2,SARSA,42,253,-335,200,15,0
0.2,SARSA,42,254,-281,200,9,0
0.2,SARSA,42,255,-299,200,11,0
0.2,SARSA,42,256,-225,165,9,1
0.2,SARSA,42,257,-184,142,7,1
0.2,SARSA,42,258,-302,197,14,1
0.2,SARSA,42,259,-181,121,9,1
0.2,SARSA,42,260,-62,65,2,1
0.2,SARSA,42,261,-58,52,3,1
0.2,SARSA,42,262,-102,69,6,1
0.2,SARSA,42,263,-43,46,2,1
0.2,SARSA,42,264,-308,200,12,0
0.2,SARSA,42,265,-344,200,16,0
0.2,SARSA,42,266,-416,200,24,0
0.2,SARSA,42,267,-124,100,5,1
0.2,SARSA,42,268,-212,125,12,1
0.2,SARSA,42,269,-99,57,7,1
0.2,SARSA,42,270,-241,172,10,1
0.2,SARSA,42,271,-308,200,12,0
0.2,SARSA,42,272,-308,200,12,0
0.2,SARSA,42,273,-299,200,11,0
0.2,SARSA,42,274,-158,98,9,1
0.2,SARSA,42,275,-217,175,7,1
0.2,SARSA,42,276,-311,179,17,1
0.2,SARSA,42,277,-141,108,6,1
0.2,SARSA,42,278,-248,170,11,1
0.2,SARSA,42,279,-20,23,2,1
0.2,SARSA,42,280,-299,200,11,0
0.2,SARSA,42,281,-317,200,13,0
0.2,SARSA,42,282,-102,87,4,1
0.2,SARSA,42,283,-317,200,13,0
0.2,SARSA,42,284,-3,15,1,1
0.2,SARSA,42,285,-353,200,17,0
0.2,SARSA,42,286,-256,160,13,1
0.2,SARSA,42,287,-353,200,17,0
0.2,SARSA,42,288,-299,200,11,0
0.2,SARSA,42,289,-32,44,1,1
0.2,SARSA,42,290,-61,64,2,1
0.2,SARSA,42,291,-198,129,10,1
0.2,SARSA,42,292,-59,35,5,1
0.2,SARSA,42,293,-317,200,13,0
0.2,SARSA,42,294,-344,200,16,0
0.2,SARSA,42,295,-175,133,7,1
0.2,SARSA,42,296,-164,77,12,1
0.2,SARSA,42,297,-83,68,4,1
0.2,SARSA,42,298,-371,200,19,0
0.2,SARSA,42,299,-344,200,16,0
0.2,SARSA,42,300,-285,180,14,1
0.2,SARSA,42,301,-120,87,6,1
0.2,SARSA,42,302,-299,200,11,0
0.2,SARSA,42,303,-35,38,2,1
0.2,SARSA,42,304,-289,157,17,1
0.2,SARSA,42,305,-172,121,8,1
0.2,SARSA,42,306,-317,200,13,0
0.2,SARSA,42,307,-200,140,9,1
0.2,SARSA,42,308,-4,25,0,1
0.2,SARSA,42,309,-153,84,10,1
0.2,SARSA,42,310,-104,80,5,1
0.2,SARSA,42,311,-151,118,6,1
0.2,SARSA,42,312,-142,91,8,1
0.2,SARSA,42,313,-9,21,1,1
0.2,SARSA,42,314,-308,200,12,0
0.2,SARSA,42,315,-380,200,20,0
0.2,SARSA,42,316,-280,193,12,1
0.2,SARSA,42,317,-99,84,4,1
0.2,SARSA,42,318,-335,200,15,0
0.2,SARSA,42,319,-255,150,14,1
0.2,SARSA,42,320,-281,200,9,0
0.2,SARSA,42,321,-33,54,0,1
0.2,SARSA,42,322,-148,88,9,1
0.2,SARSA,42,323,-156,132,5,1
0.2,SARSA,42,324,-229,178,8,1
0.2,SARSA,42,325,-92,59,6,1
0.2,SARSA,42,326,-229,169,9,1
0.2,SARSA,42,327,-64,67,2,1
0.2,SARSA,42,328,-170,137,6,1
0.2,SARSA,42,329,-51,45,3,1
0.2,SARSA,42,330,-187,118,10,1
0.2,SARSA,42,331,-179,146,6,1
0.2,SARSA,42,332,-93,87,3,1
0.2,SARSA,42,333,-32,26,3,1
0.2,SARSA,42,334,-362,200,18,0
0.2,SARSA,42,335,9,12,0,1
0.2,SARSA,42,336,-148,106,7,1
0.2,SARSA,42,337,-183,132,8,1
0.2,SARSA,42,338,-175,133,7,1
0.2,SARSA,42,339,-335,200,15,0
0.2,SARSA,42,340,-25,37,1,1
0.2,SARSA,42,341,-149,107,7,1
0.2,SARSA,42,342,-148,88,9,1
0.2,SARSA,42,343,-131,89,7,1
0.2,SARSA,42,344,-289,166,16,1
0.2,SARSA,42,345,-66,42,5,1
0.2,SARSA,42,346,-185,143,7,1
0.2,SARSA,42,347,9,12,0,1
0.2,SARSA,42,348,-353,200,17,0
0.2,SARSA,42,349,13,8,0,1
0.2,SARSA,42,350,-66,60,3,1
0.2,SARSA,42,351,-48,51,2,1
0.2,SARSA,42,352,-6,18,1,1
0.2,SARSA,42,353,-75,42,6,1
0.2,SARSA,42,354,-166,124,7,1
0.2,SARSA,42,355,-277,163,15,1
0.2,SARSA,42,356,-152,110,7,1
0.2,SARSA,42,357,-174,123,8,1
0.2,SARSA,42,358,-111,78,6,1
0.2,SARSA,42,359,-308,200,12,0
0.2,SARSA,42,360,-282,186,13,1
0.2,SARSA,42,361,-49,61,1,1
0.2,SARSA,42,362,-99,75,5,1
0.2,SARSA,42,363,-180,138,7,1
0.2,SARSA,42,364,-174,114,9,1
0.2,SARSA,42,365,-335,200,15,0
0.2,SARSA,42,366,-155,104,8,1
0.2,SARSA,42,367,-277,163,15,1
0.2,SARSA,42,368,-117,102,4,1
0.2,SARSA,42,369,-152,101,8,1
0.2,SARSA,42,370,-13,25,1,1
0.2,SARSA,42,371,7,14,0,1
0.2,SARSA,42,372,-1,13,1,1
0.2,SARSA,42,373,-317,200,13,0
0.2,SARSA,42,374,-21,33,1,1
0.2,SARSA,42,375,8,13,0,1
0.2,SARSA,42,376,-100,67,6,1
0.2,SARSA,42,377,-286,181,14,1
0.2,SARSA,42,378,-39,24,4,1
0.2,SARSA,42,379,-92,95,2,1
0.2,SARSA,42,380,-344,200,16,0
0.2,SARSA,42,381,-52,64,1,1
0.2,SARSA,42,382,-326,200,14,0
0.2,SARSA,42,383,-48,69,0,1
0.2,SARSA,42,384,-62,56,3,1
0.2,SARSA,42,385,-184,133,8,1
0.2,SARSA,42,386,-241,181,9,1
0.2,SARSA,42,387,-132,108,5,1
0.2,SARSA,42,388,-272,200,8,0
0.2,SARSA,42,389,-32,35,2,1
0.2,SARSA,42,390,-380,200,20,0
0.2,SARSA,42,391,-60,63,2,1
0.2,SARSA,42,392,-371,200,19,0
0.2,SARSA,42,393,-148,97,8,1
0.2,SARSA,42,394,-69,81,1,1
0.2,SARSA,42,395,-16,28,1,1
0.2,SARSA,42,396,-178,127,8,1
0.2,SARSA,42,397,-87,54,6,1
0.2,SARSA,42,398,-118,103,4,1
0.2,SARSA,42,399,11,10,0,1
0.2,SARSA,42,400,-15,18,2,1
0.2,SARSA,42,401,-326,200,14,0
0.2,SARSA,42,402,-28,22,3,1
0.2,SARSA,42,403,-278,182,13,1
0.2,SARSA,42,404,-317,200,13,0
0.2,SARSA,42,405,-380,200,20,0
0.2,SARSA,42,406,-164,113,8,1
0.2,SARSA,42,407,-60,63,2,1
0.2,SARSA,42,408,-19,40,0,1
0.2,SARSA,42,409,-273,168,14,1
0.2,SARSA,42,410,-16,19,2,1
0.2,SARSA,42,411,-212,143,10,1
0.2,SARSA,42,412,-37,40,2,1
0.2,SARSA,42,413,-65,50,4,1
0.2,SARSA,42,414,-213,126,12,1
0.2,SARSA,42,415,-96,72,5,1
0.2,SARSA,42,416,-308,200,12,0
0.2,SARSA,42,417,-263,200,7,0
0.2,SARSA,42,418,-81,75,3,1
0.2,SARSA,42,419,-156,114,7,1
0.2,SARSA,42,420,-201,150,8,1
0.2,SARSA,42,421,-180,120,9,1
0.2,SARSA,42,422,-23,35,1,1
0.2,SARSA,42,423,-45,48,2,1
0.2,SARSA,42,424,-159,99,9,1
0.2,SARSA,42,425,-205,127,11,1
0.2,SARSA,42,426,8,13,0,1
0.2,SARSA,42,427,-165,96,10,1
0.2,SARSA,42,428,4,17,0,1
0.2,SARSA,42,429,-101,59,7,1
0.2,SARSA,42,430,-5,17,1,1
0.2,SARSA,42,431,-39,42,2,1
0.2,SARSA,42,432,-169,109,9,1
0.2,SARSA,42,433,-27,39,1,1
0.2,SARSA,42,434,-163,112,8,1
0.2,SARSA,42,435,-149,125,5,1
0.2,SARSA,42,436,-240,153,12,1
0.2,SARSA,42,437,-103,79,5,1
0.2,SARSA,42,438,-69,36,6,1
0.2,SARSA,42,439,-326,200,14,0
0.2,SARSA,42,440,-147,114,6,1
0.2,SARSA,42,441,-335,200,15,0
0.2,SARSA,42,442,-115,82,6,1
0.2,SARSA,42,443,-371,200,19,0
0.2,SARSA,42,444,-272,158,15,1
0.2,SARSA,42,445,-117,93,5,1
0.2,SARSA,42,446,-124,73,8,1
0.2,SARSA,42,447,-117,93,5,1
0.2,SARSA,42,448,-70,82,1,1
0.2,SARSA,42,449,-113,89,5,1
0.2,SARSA,42,450,-38,41,2,1
0.2,SARSA,42,451,-353,200,17,0
0.2,SARSA,42,452,-344,200,16,0
0.2,SARSA,42,453,-245,176,10,1
0.2,SARSA,42,454,-96,90,3,1
0.2,SARSA,42,455,-216,120,13,1
0.2,SARSA,42,456,-23,35,1,1
0.2,SARSA,42,457,-93,69,5,1
0.2,SARSA,42,458,-111,96,4,1
0.2,SARSA,42,459,-308,200,12,0
0.2,SARSA,42,460,-15,18,2,1
0.2,SARSA,42,461,-290,200,10,0
0.2,SARSA,42,462,-214,136,11,1
0.2,SARSA,42,463,-181,94,12,1
0.2,SARSA,42,464,-60,63,2,1
0.2,SARSA,42,465,-353,200,17,0
0.2,SARSA,42,466,-8,29,0,1
0.2,SARSA,42,467,3,18,0,1
0.2,SARSA,42,468,-79,73,3,1
0.2,SARSA,42,469,-344,200,16,0
0.2,SARSA,42,470,12,9,0,1
0.2,SARSA,42,471,-191,95,13,1
0.2,SARSA,42,472,-37,49,1,1
0.2,SARSA,42,473,-82,58,5,1
0.2,SARSA,42,474,-197,137,9,1
0.2,SARSA,42,475,-138,87,8,1
0.2,SARSA,42,476,-164,95,10,1
0.2,SARSA,42,477,-335,200,15,0
0.2,SARSA,42,478,-144,84,9,1
0.2,SARSA,42,479,6,15,0,1
0.2,SARSA,42,480,-213,162,8,1
0.2,SARSA,42,481,-84,78,3,1
0.2,SARSA,42,482,-97,55,7,1
0.2,SARSA,42,483,-55,40,4,1
0.2,SARSA,42,484,-4,16,1,1
0.2,SARSA,42,485,-94,70,5,1
0.2,SARSA,42,486,-191,140,8,1
0.2,SARSA,42,487,-195,135,9,1
0.2,SARSA,42,488,3,18,0,1
0.2,SARSA,42,489,-105,81,5,1
0.2,SARSA,42,490,-209,149,9,1
0.2,SARSA,42,491,-98,92,3,1
0.2,SARSA,42,492,-81,66,4,1
0.2,SARSA,42,493,-425,200,25,0
0.2,SARSA,42,494,7,14,0,1
0.2,SARSA,42,495,-6,27,0,1
0.2,SARSA,42,496,-45,39,3,1
0.2,SARSA,42,497,-49,43,3,1
0.2,SARSA,42,498,-211,151,9,1
0.2,SARSA,42,499,-117,84,6,1
0.2,SARSA,123,0,-695,200,55,0
0.2,SARSA,123,1,-614,200,46,0
0.2,SARSA,123,2,-632,200,48,0
0.2,SARSA,123,3,-695,200,55,0
0.2,SARSA,123,4,-632,200,48,0
0.2,SARSA,123,5,-704,200,56,0
0.2,SARSA,123,6,-524,200,36,0
0.2,SARSA,123,7,-659,200,51,0
0.2,SARSA,123,8,-551,200,39,0
0.2,SARSA,123,9,-695,200,55,0
0.2,SARSA,123,10,-605,200,45,0
0.2,SARSA,123,11,-677,200,53,0
0.2,SARSA,123,12,-704,200,56,0
0.2,SARSA,123,13,-614,200,46,0
0.2,SARSA,123,14,-659,200,51,0
0.2,SARSA,123,15,-380,200,20,0
0.2,SARSA,123,16,-406,184,27,1
0.2,SARSA,123,17,-623,200,47,0
0.2,SARSA,123,18,-866,200,74,0
0.2,SARSA,123,19,-452,200,28,0
0.2,SARSA,123,20,-344,200,16,0
0.2,SARSA,123,21,-668,200,52,0
0.2,SARSA,123,22,-449,191,31,1
0.2,SARSA,123,23,-479,200,31,0
0.2,SARSA,123,24,-407,200,23,0
0.2,SARSA,123,25,-650,200,50,0
0.2,SARSA,123,26,-461,200,29,0
0.2,SARSA,123,27,-224,110,15,1
0.2,SARSA,123,28,-395,200,24,1
0.2,SARSA,123,29,-326,200,14,0
0.2,SARSA,123,30,-596,200,44,0
0.2,SARSA,123,31,-416,200,24,0
0.2,SARSA,123,32,-695,200,55,0
0.2,SARSA,123,33,-470,200,30,0
0.2,SARSA,123,34,-308,200,12,0
0.2,SARSA,123,35,-274,160,15,1
0.2,SARSA,123,36,-452,200,28,0
0.2,SARSA,123,37,-713,200,57,0
0.2,SARSA,123,38,-226,166,9,1
0.2,SARSA,123,39,-353,200,17,0
0.2,SARSA,123,40,-353,200,17,0
0.2,SARSA,123,41,-272,200,8,0
0.2,SARSA,123,42,-296,191,14,1
0.2,SARSA,123,43,-686,200,54,0
0.2,SARSA,123,44,-389,200,21,0
0.2,SARSA,123,45,-317,200,13,0
0.2,SARSA,123,46,-461,200,29,0
0.2,SARSA,123,47,-281,200,9,0
0.2,SARSA,123,48,-335,200,15,0
0.2,SARSA,123,49,-300,159,18,1
0.2,SARSA,123,50,-308,200,12,0
0.2,SARSA,123,51,-299,200,11,0
0.2,SARSA,123,52,-362,200,18,0
0.2,SARSA,123,53,-245,200,5,0
0.2,SARSA,123,54,-299,200,11,0
0.2,SARSA,123,55,-299,200,11,0
0.2,SARSA,123,56,-533,200,37,0
0.2,SARSA,123,57,-290,200,10,0
0.2,SARSA,123,58,-281,200,9,0
0.2,SARSA,123,59,-353,200,17,0
0.2,SARSA,123,60,-299,200,11,0
0.2,SARSA,123,61,-299,200,11,0
0.2,SARSA,123,62,-225,156,10,1
0.2,SARSA,123,63,-443,200,27,0
0.2,SARSA,123,64,-269,182,12,1
0.2,SARSA,123,65,-308,200,12,0
0.2,SARSA,123,66,-308,200,12,0
0.2,SARSA,123,67,-281,200,9,0
0.2,SARSA,123,68,-299,200,11,0
0.2,SARSA,123,69,-281,200,9,0
0.2,SARSA,123,70,-281,200,9,0
0.2,SARSA,123,71,-185,107,11,1
0.2,SARSA,123,72,-272,200,8,0
0.2,SARSA,123,73,-344,200,16,0
0.2,SARSA,123,74,-344,200,16,0
0.2,SARSA,123,75,-66,42,5,1
0.2,SARSA,123,76,-69,63,3,1
0.2,SARSA,123,77,-145,121,5,1
0.2,SARSA,123,78,-389,200,21,0
0.2,SARSA,123,79,-398,200,22,0
0.2,SARSA,123,80,-317,200,13,0
0.2,SARSA,123,81,-353,200,17,0
0.2,SARSA,123,82,-317,200,13,0
0.2,SARSA,123,83,-67,61,3,1
0.2,SARSA,123,84,-371,200,19,0
0.2,SARSA,123,85,-262,175,12,1
0.2,SARSA,123,86,-380,200,20,0
0.2,SARSA,123,87,-326,200,14,0
0.2,SARSA,123,88,-299,200,11,0
0.2,SARSA,123,89,-308,200,12,0
0.2,SARSA,123,90,-317,200,13,0
0.2,SARSA,123,91,-362,200,18,0
0.2,SARSA,123,92,-371,200,19,0
0.2,SARSA,123,93,-263,200,7,0
0.2,SARSA,123,94,-49,61,1,1
0.2,SARSA,123,95,-299,200,11,0
0.2,SARSA,123,96,-353,200,17,0
0.2,SARSA,123,97,-105,72,6,1
0.2,SARSA,123,98,-281,200,9,0
0.2,SARSA,123,99,-236,176,9,1
0.2,SARSA,123,100,-353,200,17,0
0.2,SARSA,123,101,-290,200,10,0
0.2,SARSA,123,102,-317,200,13,0
0.2,SARSA,123,103,-326,200,14,0
0.2,SARSA,123,104,-353,200,17,0
0.2,SARSA,123,105,-61,55,3,1
0.2,SARSA,123,106,-335,200,15,0
0.2,SARSA,123,107,-79,64,4,1
0.2,SARSA,123,108,-281,200,9,0
0.2,SARSA,123,109,-17,29,1,1
0.2,SARSA,123,110,-75,69,3,1
0.2,SARSA,123,111,-308,200,12,0
0.2,SARSA,123,112,-157,97,9,1
0.2,SARSA,123,113,-249,171,11,1
0.2,SARSA,123,114,-272,200,8,0
0.2,SARSA,123,115,-191,122,10,1
0.2,SARSA,123,116,-326,200,14,0
0.2,SARSA,123,117,-115,82,6,1
0.2,SARSA,123,118,-306,192,15,1
0.2,SARSA,123,119,-299,200,11,0
0.2,SARSA,123,120,-299,200,11,0
0.2,SARSA,123,121,-38,32,3,1
0.2,SARSA,123,122,-335,200,15,0
0.2,SARSA,123,123,-344,200,16,0
0.2,SARSA,123,124,-281,200,9,0
0.2,SARSA,123,125,-196,127,10,1
0.2,SARSA,123,126,-281,200,9,0
0.2,SARSA,123,127,-20,23,2,1
0.2,SARSA,123,128,-362,200,18,0
0.2,SARSA,123,129,-329,188,18,1
0.2,SARSA,123,130,-362,200,18,0
0.2,SARSA,123,131,-290,200,10,0
0.2,SARSA,123,132,-263,200,7,0
0.2,SARSA,123,133,-326,200,14,0
0.2,SARSA,123,134,-353,200,17,0
0.2,SARSA,123,135,-317,200,13,0
0.2,SARSA,123,136,-371,200,19,0
0.2,SARSA,123,137,-180,102,11,1
0.2,SARSA,123,138,-290,200,10,0
0.2,SARSA,123,139,-231,144,12,1
0.2,SARSA,123,140,-30,42,1,1
0.2,SARSA,123,141,-335,200,15,0
0.2,SARSA,123,142,-344,200,16,0
0.2,SARSA,123,143,-110,77,6,1
0.2,SARSA,123,144,-5,26,0,1
0.2,SARSA,123,145,-335,200,15,0
0.2,SARSA,123,146,-146,122,5,1
0.2,SARSA,123,147,-344,200,16,0
0.2,SARSA,123,148,-308,200,12,0
0.2,SARSA,123,149,-134,119,4,1
0.2,SARSA,123,150,-335,200,15,0
0.2,SARSA,123,151,-326,200,14,0
0.2,SARSA,123,152,-308,200,12,0
0.2,SARSA,123,153,-22,34,1,1
0.2,SARSA,123,154,-71,92,0,1
0.2,SARSA,123,155,-148,115,6,1
0.2,SARSA,123,156,-362,200,18,0
0.2,SARSA,123,157,-246,168,11,1
0.2,SARSA,123,158,-230,143,12,1
0.2,SARSA,123,159,-39,33,3,1
0.2,SARSA,123,160,-335,200,15,0
0.2,SARSA,123,161,-90,84,3,1
0.2,SARSA,123,162,-308,200,12,0
0.2,SARSA,123,163,-27,39,1,1
0.2,SARSA,123,164,-291,195,13,1
0.2,SARSA,123,165,-353,200,17,0
0.2,SARSA,123,166,-119,104,4,1
0.2,SARSA,123,167,-335,200,15,0
0.2,SARSA,123,168,-299,200,11,0
0.2,SARSA,123,169,-371,200,19,0
0.2,SARSA,123,170,-380,200,20,0
0.2,SARSA,123,171,-335,200,15,0
0.2,SARSA,123,172,-199,121,11,1
0.2,SARSA,123,173,-317,200,13,0
0.2,SARSA,123,174,-220,151,10,1
0.2,SARSA,123,175,-371,200,19,0
0.2,SARSA,123,176,-293,179,15,1
0.2,SARSA,123,177,-245,185,9,1
0.2,SARSA,123,178,-380,200,20,0
0.2,SARSA,123,179,-85,70,4,1
0.2,SARSA,123,180,-83,77,3,1
0.2,SARSA,123,181,-362,200,18,0
0.2,SARSA,123,182,-398,200,22,0
0.2,SARSA,123,183,-316,166,19,1
0.2,SARSA,123,184,-353,200,17,0
0.2,SARSA,123,185,-259,136,16,1
0.2,SARSA,123,186,-266,179,12,1
0.2,SARSA,123,187,-308,200,12,0
0.2,SARSA,123,188,-275,197,11,1
0.2,SARSA,123,189,-326,200,14,0
0.2,SARSA,123,190,-353,200,17,0
0.2,SARSA,123,191,-278,191,12,1
0.2,SARSA,123,192,-299,200,11,0
0.2,SARSA,123,193,-24,27,2,1
0.2,SARSA,123,194,-317,200,13,0
0.2,SARSA,123,195,-39,42,2,1
0.2,SARSA,123,196,-261,156,14,1
0.2,SARSA,123,197,-145,112,6,1
0.2,SARSA,123,198,-212,134,11,1
0.2,SARSA,123,199,-233,146,12,1
0.2,SARSA,123,200,-335,200,15,0
0.2,SARSA,123,201,-255,159,13,1
0.2,SARSA,123,202,-389,200,21,0
0.2,SARSA,123,203,-16,28,1,1
0.2,SARSA,123,204,-317,194,16,1
0.2,SARSA,123,205,-407,200,23,0
0.2,SARSA,123,206,-398,200,22,0
0.2,SARSA,123,207,-425,200,25,0
0.2,SARSA,123,208,-150,90,9,1
0.2,SARSA,123,209,-271,157,15,1
0.2,SARSA,123,210,-290,200,10,0
0.2,SARSA,123,211,-326,200,14,0
0.2,SARSA,123,212,-162,111,8,1
0.2,SARSA,123,213,-344,200,16,0
0.2,SARSA,123,214,-317,200,13,0
0.2,SARSA,123,215,-69,63,3,1
0.2,SARSA,123,216,-121,70,8,1
0.2,SARSA,123,217,-18,30,1,1
0.2,SARSA,123,218,-353,200,17,0
0.2,SARSA,123,219,-225,165,9,1
0.2,SARSA,123,220,-335,200,15,0
0.2,SARSA,123,221,-175,142,6,1
0.2,SARSA,123,222,-213,117,13,1
0.2,SARSA,123,223,-326,200,14,0
0.2,SARSA,123,224,-284,188,13,1
0.2,SARSA,123,225,-272,200,8,0
0.2,SARSA,123,226,-187,163,5,1
0.2,SARSA,123,227,-326,200,14,0
0.2,SARSA,123,228,-31,25,3,1
0.2,SARSA,123,229,-326,200,14,0
0.2,SARSA,123,230,-299,200,11,0
0.2,SARSA,123,231,-179,110,10,1
0.2,SARSA,123,232,-173,131,7,1
0.2,SARSA,123,233,-317,200,13,0
0.2,SARSA,123,234,-308,200,12,0
0.2,SARSA,123,235,-215,146,10,1
0.2,SARSA,123,236,-278,182,13,1
0.2,SARSA,123,237,-258,171,12,1
0.2,SARSA,123,238,-290,200,10,0
0.2,SARSA,123,239,-251,146,14,1
0.2,SARSA,123,240,-62,56,3,1
0.2,SARSA,123,241,-64,67,2,1
0.2,SARSA,123,242,-99,84,4,1
0.2,SARSA,123,243,-343,193,19,1
0.2,SARSA,123,244,-308,200,12,0
0.2,SARSA,123,245,-274,196,11,1
0.2,SARSA,123,246,-139,97,7,1
0.2,SARSA,123,247,-225,147,11,1
0.2,SARSA,123,248,-211,151,9,1
0.2,SARSA,123,249,-308,200,12,0
0.2,SARSA,123,250,-28,31,2,1
0.2,SARSA,123,251,-207,138,10,1
0.2,SARSA,123,252,-254,200,6,0
0.2,SARSA,123,253,-158,116,7,1
0.2,SARSA,123,254,-156,132,5,1
0.2,SARSA,123,255,-58,61,2,1
0.2,SARSA,123,256,-317,200,13,0
0.2,SARSA,123,257,-69,72,2,1
0.2,SARSA,123,258,-317,200,13,0
0.2,SARSA,123,259,-317,200,13,0
0.2,SARSA,123,260,-317,200,13,0
0.2,SARSA,123,261,-70,37,6,1
0.2,SARSA,123,262,-243,183,9,1
0.2,SARSA,123,263,-308,200,12,0
0.2,SARSA,123,264,-174,114,9,1
0.2,SARSA,123,265,-137,104,6,1
0.2,SARSA,123,266,0,12,1,1
0.2,SARSA,123,267,-265,196,10,1
0.2,SARSA,123,268,0,21,0,1
0.2,SARSA,123,269,-109,85,5,1
0.2,SARSA,123,270,-371,200,19,0
0.2,SARSA,123,271,-16,28,1,1
0.2,SARSA,123,272,-193,115,11,1
0.2,SARSA,123,273,-353,200,17,0
0.2,SARSA,123,274,-344,200,16,0
0.2,SARSA,123,275,-52,46,3,1
0.2,SARSA,123,276,-128,113,4,1
0.2,SARSA,123,277,-185,161,5,1
0.2,SARSA,123,278,-160,118,7,1
0.2,SARSA,123,279,-277,154,16,1
0.2,SARSA,123,280,6,15,0,1
0.2,SARSA,123,281,-72,66,3,1
0.2,SARSA,123,282,-398,200,22,0
0.2,SARSA,123,283,-64,49,4,1
0.2,SARSA,123,284,-133,82,8,1
0.2,SARSA,123,285,-145,103,7,1
0.2,SARSA,123,286,-362,200,18,0
0.2,SARSA,123,287,-197,137,9,1
0.2,SARSA,123,288,-174,114,9,1
0.2,SARSA,123,289,-207,111,13,1
0.2,SARSA,123,290,-37,40,2,1
0.2,SARSA,123,291,-58,52,3,1
0.2,SARSA,123,292,-407,200,23,0
0.2,SARSA,123,293,-12,15,2,1
0.2,SARSA,123,294,-36,39,2,1
0.2,SARSA,123,295,-60,45,4,1
0.2,SARSA,123,296,-152,110,7,1
0.2,SARSA,123,297,-197,119,11,1
0.2,SARSA,123,298,-105,90,4,1
0.2,SARSA,123,299,-63,48,4,1
0.2,SARSA,123,300,-232,145,12,1
0.2,SARSA,123,301,-362,200,18,0
0.2,SARSA,123,302,-68,53,4,1
0.2,SARSA,123,303,-173,104,10,1
0.2,SARSA,123,304,-326,200,14,0
0.2,SARSA,123,305,-298,193,14,1
0.2,SARSA,123,306,-148,124,5,1
0.2,SARSA,123,307,-119,95,5,1
0.2,SARSA,123,308,-141,90,8,1
0.2,SARSA,123,309,-35,29,3,1
0.2,SARSA,123,310,-217,148,10,1
0.2,SARSA,123,311,-253,157,13,1
0.2,SARSA,123,312,-209,149,9,1
0.2,SARSA,123,313,-276,180,13,1
0.2,SARSA,123,314,-103,88,4,1
0.2,SARSA,123,315,-196,118,11,1
0.2,SARSA,123,316,-362,200,18,0
0.2,SARSA,123,317,-178,118,9,1
0.2,SARSA,123,318,14,7,0,1
0.2,SARSA,123,319,-232,154,11,1
0.2,SARSA,123,320,-192,114,11,1
0.2,SARSA,123,321,-136,121,4,1
0.2,SARSA,123,322,-197,128,10,1
0.2,SARSA,123,323,-128,95,6,1
0.2,SARSA,123,324,-299,200,11,0
0.2,SARSA,123,325,-143,101,7,1
0.2,SARSA,123,326,-122,98,5,1
0.2,SARSA,123,327,-61,73,1,1
0.2,SARSA,123,328,-235,157,11,1
0.2,SARSA,123,329,-13,25,1,1
0.2,SARSA,123,330,-353,200,17,0
0.2,SARSA,123,331,-219,132,12,1
0.2,SARSA,123,332,-97,73,5,1
0.2,SARSA,123,333,-189,147,7,1
0.2,SARSA,123,334,-194,134,9,1
0.2,SARSA,123,335,-121,97,5,1
0.2,SARSA,123,336,-353,200,17,0
0.2,SARSA,123,337,-33,54,0,1
0.2,SARSA,123,338,-232,172,9,1
0.2,SARSA,123,339,-267,198,10,1
0.2,SARSA,123,340,-283,178,14,1
0.2,SARSA,123,341,4,17,0,1
0.2,SARSA,123,342,-110,86,5,1
0.2,SARSA,123,343,-111,96,4,1
0.2,SARSA,123,344,-247,196,8,1
0.2,SARSA,123,345,-58,34,5,1
0.2,SARSA,123,346,-308,200,12,0
0.2,SARSA,123,347,-222,117,14,1
0.2,SARSA,123,348,-80,65,4,1
0.2,SARSA,123,349,-78,54,5,1
0.2,SARSA,123,350,-308,200,12,0
0.2,SARSA,123,351,-62,65,2,1
0.2,SARSA,123,352,-118,112,3,1
0.2,SARSA,123,353,-112,106,3,1
0.2,SARSA,123,354,-259,172,12,1
0.2,SARSA,123,355,-264,177,12,1
0.2,SARSA,123,356,-234,147,12,1
0.2,SARSA,123,357,-61,55,3,1
0.2,SARSA,123,358,-326,200,14,0
0.2,SARSA,123,359,-57,51,3,1
0.2,SARSA,123,360,-344,200,16,0
0.2,SARSA,123,361,-300,177,16,1
0.2,SARSA,123,362,-281,200,9,0
0.2,SARSA,123,363,-371,200,19,0
0.2,SARSA,123,364,-128,68,9,1
0.2,SARSA,123,365,-125,83,7,1
0.2,SARSA,123,366,-139,97,7,1
0.2,SARSA,123,367,-304,190,15,1
0.2,SARSA,123,368,-54,48,3,1
0.2,SARSA,123,369,-335,200,15,0
0.2,SARSA,123,370,-308,200,12,0
0.2,SARSA,123,371,-110,77,6,1
0.2,SARSA,123,372,-181,130,8,1
0.2,SARSA,123,373,-226,112,15,1
0.2,SARSA,123,374,-40,43,2,1
0.2,SARSA,123,375,-29,41,1,1
0.2,SARSA,123,376,-84,78,3,1
0.2,SARSA,123,377,-211,115,13,1
0.2,SARSA,123,378,-314,182,17,1
0.2,SARSA,123,379,8,13,0,1
0.2,SARSA,123,380,-326,200,14,0
0.2,SARSA,123,381,-20,41,0,1
0.2,SARSA,123,382,-40,52,1,1
0.2,SARSA,123,383,-59,71,1,1
0.2,SARSA,123,384,-27,39,1,1
0.2,SARSA,123,385,-20,23,2,1
0.2,SARSA,123,386,-17,20,2,1
0.2,SARSA,123,387,-13,25,1,1
0.2,SARSA,123,388,-326,200,14,0
0.2,SARSA,123,389,13,8,0,1
0.2,SARSA,123,390,-371,200,19,0
0.2,SARSA,123,391,-119,86,6,1
0.2,SARSA,123,392,-90,57,6,1
0.2,SARSA,123,393,-326,200,14,0
0.2,SARSA,123,394,-83,68,4,1
0.2,SARSA,123,395,-158,116,7,1
0.2,SARSA,123,396,-164,140,5,1
0.2,SARSA,123,397,-174,141,6,1
0.2,SARSA,123,398,-18,21,2,1
0.2,SARSA,123,399,-299,200,11,0
0.2,SARSA,123,400,-178,127,8,1
0.2,SARSA,123,401,-204,135,10,1
0.2,SARSA,123,402,-416,200,24,0
0.2,SARSA,123,403,8,13,0,1
0.2,SARSA,123,404,-80,83,2,1
0.2,SARSA,123,405,-168,126,7,1
0.2,SARSA,123,406,-182,149,6,1
0.2,SARSA,123,407,-35,38,2,1
0.2,SARSA,123,408,-214,154,9,1
0.2,SARSA,123,409,-213,144,10,1
0.2,SARSA,123,410,-94,61,6,1
0.2,SARSA,123,411,-31,25,3,1
0.2,SARSA,123,412,-118,112,3,1
0.2,SARSA,123,413,-37,31,3,1
0.2,SARSA,123,414,-42,36,3,1
0.2,SARSA,123,415,-239,134,14,1
0.2,SARSA,123,416,-167,116,8,1
0.2,SARSA,123,417,-85,70,4,1
0.2,SARSA,123,418,-170,101,10,1
0.2,SARSA,123,419,-107,101,3,1
0.2,SARSA,123,420,-155,113,7,1
0.2,SARSA,123,421,-105,90,4,1
0.2,SARSA,123,422,-41,35,3,1
0.2,SARSA,123,423,-140,89,8,1
0.2,SARSA,123,424,-362,200,18,0
0.2,SARSA,123,425,-1,22,0,1
0.2,SARSA,123,426,-295,199,13,1
0.2,SARSA,123,427,-335,200,15,0
0.2,SARSA,123,428,-64,49,4,1
0.2,SARSA,123,429,-68,53,4,1
0.2,SARSA,123,430,-111,69,7,1
0.2,SARSA,123,431,-15,18,2,1
0.2,SARSA,123,432,-78,54,5,1
0.2,SARSA,123,433,-27,30,2,1
0.2,SARSA,123,434,-98,92,3,1
0.2,SARSA,123,435,-92,68,5,1
0.2,SARSA,123,436,6,15,0,1
0.2,SARSA,123,437,-105,81,5,1
0.2,SARSA,123,438,-13,25,1,1
0.2,SARSA,123,439,-23,26,2,1
0.2,SARSA,123,440,-255,177,11,1
0.2,SARSA,123,441,-186,108,11,1
0.2,SARSA,123,442,-45,48,2,1
0.2,SARSA,123,443,-70,55,4,1
0.2,SARSA,123,444,-84,87,2,1
0.2,SARSA,123,445,5,16,0,1
0.2,SARSA,123,446,-193,97,13,1
0.2,SARSA,123,447,-311,188,16,1
0.2,SARSA,123,448,-82,76,3,1
0.2,SARSA,123,449,-2,14,1,1
0.2,SARSA,123,450,-16,37,0,1
0.2,SARSA,123,451,-102,78,5,1
0.2,SARSA,123,452,-290,200,10,0
0.2,SARSA,123,453,-147,87,9,1
0.2,SARSA,123,454,-161,92,10,1
0.2,SARSA,123,455,-166,142,5,1
0.2,SARSA,123,456,-158,98,9,1
0.2,SARSA,123,457,11,10,0,1
0.2,SARSA,123,458,-210,177,6,1
0.2,SARSA,123,459,-263,200,7,0
0.2,SARSA,123,460,-89,65,5,1
0.2,SARSA,123,461,-290,200,10,0
0.2,SARSA,123,462,-128,77,8,1
0.2,SARSA,123,463,-23,35,1,1
0.2,SARSA,123,464,-8,20,1,1
0.2,SARSA,123,465,-38,32,3,1
0.2,SARSA,123,466,-141,90,8,1
0.2,SARSA,123,467,-42,36,3,1
0.2,SARSA,123,468,-137,104,6,1
0.2,SARSA,123,469,-175,115,9,1
0.2,SARSA,123,470,-182,131,8,1
0.2,SARSA,123,471,-54,48,3,1
0.2,SARSA,123,472,-388,184,25,1
0.2,SARSA,123,473,-55,49,3,1
0.2,SARSA,123,474,-5,17,1,1
0.2,SARSA,123,475,-207,147,9,1
0.2,SARSA,123,476,-250,163,12,1
0.2,SARSA,123,477,-335,200,15,0
0.2,SARSA,123,478,-326,200,14,0
0.2,SARSA,123,479,-46,58,1,1
0.2,SARSA,123,480,-89,56,6,1
0.2,SARSA,123,481,-215,146,10,1
0.2,SARSA,123,482,-69,54,4,1
0.2,SARSA,123,483,-125,83,7,1
0.2,SARSA,123,484,11,10,0,1
0.2,SARSA,123,485,-237,159,11,1
0.2,SARSA,123,486,-82,85,2,1
0.2,SARSA,123,487,-362,200,18,0
0.2,SARSA,123,488,-28,40,1,1
0.2,SARSA,123,489,-82,58,5,1
0.2,SARSA,123,490,-154,85,10,1
0.2,SARSA,123,491,-140,107,6,1
0.2,SARSA,123,492,-1,13,1,1
0.2,SARSA,123,493,-26,20,3,1
0.2,SARSA,123,494,-197,128,10,1
0.2,SARSA,123,495,-281,200,9,0
0.2,SARSA,123,496,-3,24,0,1
0.2,SARSA,123,497,-132,90,7,1
0.2,SARSA,123,498,-62,56,3,1
0.2,SARSA,123,499,-317,200,13,0
0.2,SARSA,777,0,-668,200,52,0
0.2,SARSA,777,1,-596,200,44,0
0.2,SARSA,777,2,-704,200,56,0
0.2,SARSA,777,3,-713,200,57,0
0.2,SARSA,777,4,-605,200,45,0
0.2,SARSA,777,5,-497,200,33,0
0.2,SARSA,777,6,-668,200,52,0
0.2,SARSA,777,7,-677,200,53,0
0.2,SARSA,777,8,-695,200,55,0
0.2,SARSA,777,9,-758,200,62,0
0.2,SARSA,777,10,-425,200,25,0
0.2,SARSA,777,11,-578,200,42,0
0.2,SARSA,777,12,-353,200,17,0
0.2,SARSA,777,13,-650,200,50,0
0.2,SARSA,777,14,-596,200,44,0
0.2,SARSA,777,15,-542,200,38,0
0.2,SARSA,777,16,-623,200,47,0
0.2,SARSA,777,17,-569,200,41,0
0.2,SARSA,777,18,-389,200,21,0
0.2,SARSA,777,19,-569,200,41,0
0.2,SARSA,777,20,-677,200,53,0
0.2,SARSA,777,21,-185,116,10,1
0.2,SARSA,777,22,-749,200,61,0
0.2,SARSA,777,23,-290,200,10,0
0.2,SARSA,777,24,-713,200,57,0
0.2,SARSA,777,25,-533,200,37,0
0.2,SARSA,777,26,-344,200,16,0
0.2,SARSA,777,27,-389,200,21,0
0.2,SARSA,777,28,-659,200,51,0
0.2,SARSA,777,29,-578,200,42,0
0.2,SARSA,777,30,-326,200,14,0
0.2,SARSA,777,31,-740,200,60,0
0.2,SARSA,777,32,-299,200,11,0
0.2,SARSA,777,33,-299,200,11,0
0.2,SARSA,777,34,-686,200,54,0
0.2,SARSA,777,35,-413,164,30,1
0.2,SARSA,777,36,-335,200,15,0
0.2,SARSA,777,37,-290,200,10,0
0.2,SARSA,777,38,-344,200,16,0
0.2,SARSA,777,39,-641,200,49,0
0.2,SARSA,777,40,-335,200,15,0
0.2,SARSA,777,41,-335,200,15,0
0.2,SARSA,777,42,-434,200,26,0
0.2,SARSA,777,43,-443,200,27,0
0.2,SARSA,777,44,-344,200,16,0
0.2,SARSA,777,45,-380,200,20,0
0.2,SARSA,777,46,-398,200,22,0
0.2,SARSA,777,47,-398,200,22,0
0.2,SARSA,777,48,-158,89,10,1
0.2,SARSA,777,49,-204,135,10,1
0.2,SARSA,777,50,-389,200,21,0
0.2,SARSA,777,51,-308,200,12,0
0.2,SARSA,777,52,-398,200,22,0
0.2,SARSA,777,53,-344,200,16,0
0.2,SARSA,777,54,-18,30,1,1
0.2,SARSA,777,55,-425,200,25,0
0.2,SARSA,777,56,-389,200,21,0
0.2,SARSA,777,57,-290,200,10,0
0.2,SARSA,777,58,-371,200,19,0
0.2,SARSA,777,59,-317,200,13,0
0.2,SARSA,777,60,-371,200,19,0
0.2,SARSA,777,61,-353,200,17,0
0.2,SARSA,777,62,-254,200,6,0
0.2,SARSA,777,63,-335,200,15,0
0.2,SARSA,777,64,-326,200,14,0
0.2,SARSA,777,65,-326,200,14,0
0.2,SARSA,777,66,-425,200,25,0
0.2,SARSA,777,67,-326,200,14,0
0.2,SARSA,777,68,-160,91,10,1
0.2,SARSA,777,69,-278,173,14,1
0.2,SARSA,777,70,-362,200,18,0
0.2,SARSA,777,71,-299,200,11,0
0.2,SARSA,777,72,-201,123,11,1
0.2,SARSA,777,73,-308,200,12,0
0.2,SARSA,777,74,-326,200,14,0
0.2,SARSA,777,75,-344,200,16,0
0.2,SARSA,777,76,-272,158,15,1
0.2,SARSA,777,77,-317,200,13,0
0.2,SARSA,777,78,-290,200,10,0
0.2,SARSA,777,79,-299,200,11,0
0.2,SARSA,777,80,-290,200,10,0
0.2,SARSA,777,81,-380,200,20,0
0.2,SARSA,777,82,-326,200,14,0
0.2,SARSA,777,83,-326,200,14,0
0.2,SARSA,777,84,-299,200,11,0
0.2,SARSA,777,85,-398,200,22,0
0.2,SARSA,777,86,-326,200,14,0
0.2,SARSA,777,87,-344,200,16,0
0.2,SARSA,777,88,-298,193,14,1
0.2,SARSA,777,89,-353,200,17,0
0.2,SARSA,777,90,-308,200,12,0
0.2,SARSA,777,91,-175,142,6,1
0.2,SARSA,777,92,-344,200,16,0
0.2,SARSA,777,93,-335,200,15,0
0.2,SARSA,777,94,-244,166,11,1
0.2,SARSA,777,95,-317,200,13,0
0.2,SARSA,777,96,-362,200,18,0
0.2,SARSA,777,97,-344,200,16,0
0.2,SARSA,777,98,-271,184,12,1
0.2,SARSA,777,99,-335,200,15,0
0.2,SARSA,777,100,-335,200,15,0
0.2,SARSA,777,101,-348,189,20,1
0.2,SARSA,777,102,-308,200,12,0
0.2,SARSA,777,103,-308,200,12,0
0.2,SARSA,777,104,-362,200,18,0
0.2,SARSA,777,105,-362,200,18,0
0.2,SARSA,777,106,-281,200,9,0
0.2,SARSA,777,107,-254,200,6,0
0.2,SARSA,777,108,-158,134,5,1
0.2,SARSA,777,109,-344,200,16,0
0.2,SARSA,777,110,-335,200,15,0
0.2,SARSA,777,111,-304,190,15,1
0.2,SARSA,777,112,-197,128,10,1
0.2,SARSA,777,113,-263,200,7,0
0.2,SARSA,777,114,-362,200,18,0
0.2,SARSA,777,115,5,16,0,1
0.2,SARSA,777,116,-317,200,13,0
0.2,SARSA,777,117,-252,183,10,1
0.2,SARSA,777,118,-123,90,6,1
0.2,SARSA,777,119,-344,200,16,0
0.2,SARSA,777,120,-326,200,14,0
0.2,SARSA,777,121,-362,200,18,0
0.2,SARSA,777,122,-389,200,21,0
0.2,SARSA,777,123,-87,63,5,1
0.2,SARSA,777,124,-317,200,13,0
0.2,SARSA,777,125,-308,200,12,0
0.2,SARSA,777,126,-335,200,15,0
0.2,SARSA,777,127,-398,200,22,0
0.2,SARSA,777,128,-281,200,9,0
0.2,SARSA,777,129,-308,200,12,0
0.2,SARSA,777,130,-344,200,16,0
0.2,SARSA,777,131,-371,200,19,0
0.2,SARSA,777,132,-215,164,8,1
0.2,SARSA,777,133,-299,200,11,0
0.2,SARSA,777,134,-308,200,12,0
0.2,SARSA,777,135,-93,78,4,1
0.2,SARSA,777,136,-149,107,7,1
0.2,SARSA,777,137,-389,200,21,0
0.2,SARSA,777,138,-57,60,2,1
0.2,SARSA,777,139,-335,200,15,0
0.2,SARSA,777,140,-353,200,17,0
0.2,SARSA,777,141,-299,200,11,0
0.2,SARSA,777,142,-222,153,10,1
0.2,SARSA,777,143,-380,200,20,0
0.2,SARSA,777,144,-344,200,16,0
0.2,SARSA,777,145,-326,200,14,0
0.2,SARSA,777,146,-326,200,14,0
0.2,SARSA,777,147,-335,200,15,0
0.2,SARSA,777,148,-290,200,10,0
0.2,SARSA,777,149,-162,111,8,1
0.2,SARSA,777,150,-389,200,21,0
0.2,SARSA,777,151,-281,200,9,0
0.2,SARSA,777,152,-244,139,14,1
0.2,SARSA,777,153,-78,72,3,1
0.2,SARSA,777,154,-317,200,13,0
0.2,SARSA,777,155,-407,200,23,0
0.2,SARSA,777,156,-326,200,14,0
0.2,SARSA,777,157,-308,200,12,0
0.2,SARSA,777,158,-353,200,17,0
0.2,SARSA,777,159,-216,156,9,1
0.2,SARSA,777,160,-153,138,4,1
0.2,SARSA,777,161,-335,200,15,0
0.2,SARSA,777,162,-55,40,4,1
0.2,SARSA,777,163,-58,43,4,1
0.2,SARSA,777,164,-152,101,8,1
0.2,SARSA,777,165,-335,200,15,0
0.2,SARSA,777,166,-335,200,15,0
0.2,SARSA,777,167,-326,200,14,0
0.2,SARSA,777,168,-95,89,3,1
0.2,SARSA,777,169,-299,200,11,0
0.2,SARSA,777,170,-344,200,16,0
0.2,SARSA,777,171,-173,149,5,1
0.2,SARSA,777,172,-152,101,8,1
0.2,SARSA,777,173,-296,200,13,1
0.2,SARSA,777,174,-238,142,13,1
0.2,SARSA,777,175,-335,200,15,0
0.2,SARSA,777,176,-281,200,9,0
0.2,SARSA,777,177,-194,125,10,1
0.2,SARSA,777,178,-299,200,11,0
0.2,SARSA,777,179,-340,181,20,1
0.2,SARSA,777,180,-398,200,22,0
0.2,SARSA,777,181,-299,200,11,0
0.2,SARSA,777,182,-335,200,15,0
0.2,SARSA,777,183,-176,152,5,1
0.2,SARSA,777,184,-344,200,16,0
0.2,SARSA,777,185,-326,200,14,0
0.2,SARSA,777,186,-353,200,17,0
0.2,SARSA,777,187,-202,133,10,1
0.2,SARSA,777,188,-184,142,7,1
0.2,SARSA,777,189,-235,157,11,1
0.2,SARSA,777,190,-142,91,8,1
0.2,SARSA,777,191,-335,200,15,0
0.2,SARSA,777,192,-371,200,19,0
0.2,SARSA,777,193,-131,89,7,1
0.2,SARSA,777,194,-362,200,18,0
0.2,SARSA,777,195,-264,141,16,1
0.2,SARSA,777,196,-344,200,16,0
0.2,SARSA,777,197,-97,100,2,1
0.2,SARSA,777,198,-76,61,4,1
0.2,SARSA,777,199,-141,108,6,1
0.2,SARSA,777,200,-353,200,17,0
0.2,SARSA,777,201,-11,32,0,1
0.2,SARSA,777,202,-308,200,12,0
0.2,SARSA,777,203,-335,200,15,0
0.2,SARSA,777,204,-293,179,15,1
0.2,SARSA,777,205,-233,146,12,1
0.2,SARSA,777,206,-389,200,21,0
0.2,SARSA,777,207,-203,143,9,1
0.2,SARSA,777,208,-73,76,2,1
0.2,SARSA,777,209,-82,58,5,1
0.2,SARSA,777,210,-108,84,5,1
0.2,SARSA,777,211,-192,141,8,1
0.2,SARSA,777,212,-362,200,18,0
0.2,SARSA,777,213,-258,162,13,1
0.2,SARSA,777,214,-138,96,7,1
0.2,SARSA,777,215,-308,200,12,0
0.2,SARSA,777,216,-153,138,4,1
0.2,SARSA,777,217,-326,200,14,0
0.2,SARSA,777,218,-326,200,14,0
0.2,SARSA,777,219,-353,200,17,0
0.2,SARSA,777,220,-136,112,5,1
0.2,SARSA,777,221,-112,79,6,1
0.2,SARSA,777,222,-201,123,11,1
0.2,SARSA,777,223,-290,176,15,1
0.2,SARSA,777,224,-362,200,18,0
0.2,SARSA,777,225,-56,59,2,1
0.2,SARSA,777,226,-93,78,4,1
0.2,SARSA,777,227,-326,200,14,0
0.2,SARSA,777,228,-79,64,4,1
0.2,SARSA,777,229,-261,138,16,1
0.2,SARSA,777,230,-238,178,9,1
0.2,SARSA,777,231,-281,200,9,0
0.2,SARSA,777,232,-213,126,12,1
0.2,SARSA,777,233,-290,200,10,0
0.2,SARSA,777,234,-254,200,6,0
0.2,SARSA,777,235,-389,200,21,0
0.2,SARSA,777,236,-258,162,13,1
0.2,SARSA,777,237,-186,144,7,1
0.2,SARSA,777,238,-317,200,13,0
0.2,SARSA,777,239,-140,98,7,1
0.2,SARSA,777,240,-326,200,14,0
0.2,SARSA,777,241,-273,186,12,1
0.2,SARSA,777,242,-241,136,14,1
0.2,SARSA,777,243,-246,150,13,1
0.2,SARSA,777,244,-317,200,13,0
0.2,SARSA,777,245,-37,40,2,1
0.2,SARSA,777,246,-73,31,7,1
0.2,SARSA,777,247,-197,128,10,1
0.2,SARSA,777,248,-19,22,2,1
0.2,SARSA,777,249,-154,94,9,1
0.2,SARSA,777,250,-263,200,7,0
0.2,SARSA,777,251,-88,64,5,1
0.2,SARSA,777,252,-299,200,11,0
0.2,SARSA,777,253,-353,200,17,0
0.2,SARSA,777,254,-237,159,11,1
0.2,SARSA,777,255,-290,200,10,0
0.2,SARSA,777,256,-56,41,4,1
0.2,SARSA,777,257,-299,200,11,0
0.2,SARSA,777,258,-389,200,21,0
0.2,SARSA,777,259,-112,88,5,1
0.2,SARSA,777,260,-215,146,10,1
0.2,SARSA,777,261,-251,200,8,1
0.2,SARSA,777,262,-308,200,12,0
0.2,SARSA,777,263,-362,200,18,0
0.2,SARSA,777,264,-317,200,13,0
0.2,SARSA,777,265,-207,129,11,1
0.2,SARSA,777,266,-182,140,7,1
0.2,SARSA,777,267,-130,115,4,1
0.2,SARSA,777,268,-265,151,15,1
0.2,SARSA,777,269,-353,200,17,0
0.2,SARSA,777,270,2,19,0,1
0.2,SARSA,777,271,-58,70,1,1
0.2,SARSA,777,272,-113,89,5,1
0.2,SARSA,777,273,-64,40,5,1
0.2,SARSA,777,274,-127,94,6,1
0.2,SARSA,777,275,-113,62,8,1
0.2,SARSA,777,276,-96,54,7,1
0.2,SARSA,777,277,-190,130,9,1
0.2,SARSA,777,278,-273,186,12,1
0.2,SARSA,777,279,-344,200,16,0
0.2,SARSA,777,280,-272,200,8,0
0.2,SARSA,777,281,-93,78,4,1
0.2,SARSA,777,282,-245,176,10,1
0.2,SARSA,777,283,-326,200,14,0
0.2,SARSA,777,284,-326,200,14,0
0.2,SARSA,777,285,-317,200,13,0
0.2,SARSA,777,286,-335,200,15,0
0.2,SARSA,777,287,-281,200,9,0
0.2,SARSA,777,288,-16,28,1,1
0.2,SARSA,777,289,-380,200,20,0
0.2,SARSA,777,290,-362,200,18,0
0.2,SARSA,777,291,-326,200,14,0
0.2,SARSA,777,292,-38,59,0,1
0.2,SARSA,777,293,-47,50,2,1
0.2,SARSA,777,294,-33,36,2,1
0.2,SARSA,777,295,-226,166,9,1
0.2,SARSA,777,296,-76,52,5,1
0.2,SARSA,777,297,-254,200,6,0
0.2,SARSA,777,298,-308,200,12,0
0.2,SARSA,777,299,-229,151,11,1
0.2,SARSA,777,300,-353,200,17,0
0.2,SARSA,777,301,-218,176,7,1
0.2,SARSA,777,302,-263,200,7,0
0.2,SARSA,777,303,-362,200,18,0
0.2,SARSA,777,304,-398,200,22,0
0.2,SARSA,777,305,-326,200,14,0
0.2,SARSA,777,306,-23,26,2,1
0.2,SARSA,777,307,-281,200,9,0
0.2,SARSA,777,308,-35,38,2,1
0.2,SARSA,777,309,-144,93,8,1
0.2,SARSA,777,310,-39,24,4,1
0.2,SARSA,777,311,-326,200,14,0
0.2,SARSA,777,312,-33,27,3,1
0.2,SARSA,777,313,-221,170,8,1
0.2,SARSA,777,314,-335,200,15,0
0.2,SARSA,777,315,-335,200,15,0
0.2,SARSA,777,316,-353,200,17,0
0.2,SARSA,777,317,-99,84,4,1
0.2,SARSA,777,318,-158,98,9,1
0.2,SARSA,777,319,-154,112,7,1
0.2,SARSA,777,320,-305,182,16,1
0.2,SARSA,777,321,-232,163,10,1
0.2,SARSA,777,322,-68,53,4,1
0.2,SARSA,777,323,-290,200,10,0
0.2,SARSA,777,324,-157,133,5,1
0.2,SARSA,777,325,-299,200,11,0
0.2,SARSA,777,326,-190,121,10,1
0.2,SARSA,777,327,-297,174,16,1
0.2,SARSA,777,328,-74,68,3,1
0.2,SARSA,777,329,-335,200,15,0
0.2,SARSA,777,330,-101,95,3,1
0.2,SARSA,777,331,-269,164,14,1
0.2,SARSA,777,332,-371,200,19,0
0.2,SARSA,777,333,-278,173,14,1
0.2,SARSA,777,334,-45,48,2,1
0.2,SARSA,777,335,-290,200,10,0
0.2,SARSA,777,336,-362,200,18,0
0.2,SARSA,777,337,-190,139,8,1
0.2,SARSA,777,338,-140,116,5,1
0.2,SARSA,777,339,-434,200,26,0
0.2,SARSA,777,340,-172,103,10,1
0.2,SARSA,777,341,-6,18,1,1
0.2,SARSA,777,342,-353,200,17,0
0.2,SARSA,777,343,-154,121,6,1
0.2,SARSA,777,344,-308,185,16,1
0.2,SARSA,777,345,-122,80,7,1
0.2,SARSA,777,346,-111,96,4,1
0.2,SARSA,777,347,-152,110,7,1
0.2,SARSA,777,348,-308,200,12,0
0.2,SARSA,777,349,-308,200,12,0
0.2,SARSA,777,350,-36,30,3,1
0.2,SARSA,777,351,-362,200,18,0
0.2,SARSA,777,352,-301,187,15,1
0.2,SARSA,777,353,-335,200,15,0
0.2,SARSA,777,354,-317,200,13,0
0.2,SARSA,777,355,-187,145,7,1
0.2,SARSA,777,356,-20,32,1,1
0.2,SARSA,777,357,-57,60,2,1
0.2,SARSA,777,358,-128,104,5,1
0.2,SARSA,777,359,-151,118,6,1
0.2,SARSA,777,360,-317,200,13,0
0.2,SARSA,777,361,-206,137,10,1
0.2,SARSA,777,362,-59,44,4,1
0.2,SARSA,777,363,-9,21,1,1
0.2,SARSA,777,364,-144,93,8,1
0.2,SARSA,777,365,-8,20,1,1
0.2,SARSA,777,366,-92,68,5,1
0.2,SARSA,777,367,-154,94,9,1
0.2,SARSA,777,368,-380,200,20,0
0.2,SARSA,777,369,-170,128,7,1
0.2,SARSA,777,370,-201,141,9,1
0.2,SARSA,777,371,14,7,0,1
0.2,SARSA,777,372,-120,87,6,1
0.2,SARSA,777,373,-290,200,10,0
0.2,SARSA,777,374,-41,44,2,1
0.2,SARSA,777,375,-125,101,5,1
0.2,SARSA,777,376,0,12,1,1
0.2,SARSA,777,377,-29,32,2,1
0.2,SARSA,777,378,-304,190,15,1
0.2,SARSA,777,379,-407,200,23,0
0.2,SARSA,777,380,-106,82,5,1
0.2,SARSA,777,381,-194,116,11,1
0.2,SARSA,777,382,-65,68,2,1
0.2,SARSA,777,383,-75,60,4,1
0.2,SARSA,777,384,-93,69,5,1
0.2,SARSA,777,385,-170,92,11,1
0.2,SARSA,777,386,-181,103,11,1
0.2,SARSA,777,387,-103,70,6,1
0.2,SARSA,777,388,-335,200,15,0
0.2,SARSA,777,389,-296,191,14,1
0.2,SARSA,777,390,-326,200,14,0
0.2,SARSA,777,391,-334,166,21,1
0.2,SARSA,777,392,-6,27,0,1
0.2,SARSA,777,393,-42,45,2,1
0.2,SARSA,777,394,-72,66,3,1
0.2,SARSA,777,395,-118,85,6,1
0.2,SARSA,777,396,-10,13,2,1
0.2,SARSA,777,397,-344,200,16,0
0.2,SARSA,777,398,-198,138,9,1
0.2,SARSA,777,399,-1,22,0,1
0.2,SARSA,777,400,-95,98,2,1
0.2,SARSA,777,401,-272,200,8,0
0.2,SARSA,777,402,-21,24,2,1
0.2,SARSA,777,403,-55,58,2,1
0.2,SARSA,777,404,-198,129,10,1
0.2,SARSA,777,405,-207,138,10,1
0.2,SARSA,777,406,-17,20,2,1
0.2,SARSA,777,407,-65,59,3,1
0.2,SARSA,777,408,-83,86,2,1
0.2,SARSA,777,409,-46,58,1,1
0.2,SARSA,777,410,-5,17,1,1
0.2,SARSA,777,411,-61,37,5,1
0.2,SARSA,777,412,-202,133,10,1
0.2,SARSA,777,413,-272,200,8,0
0.2,SARSA,777,414,-85,79,3,1
0.2,SARSA,777,415,-212,152,9,1
0.2,SARSA,777,416,-108,75,6,1
0.2,SARSA,777,417,-101,77,5,1
0.2,SARSA,777,418,4,17,0,1
0.2,SARSA,777,419,-133,82,8,1
0.2,SARSA,777,420,-209,167,7,1
0.2,SARSA,777,421,-290,200,10,0
0.2,SARSA,777,422,-158,98,9,1
0.2,SARSA,777,423,-64,58,3,1
0.2,SARSA,777,424,-8,11,2,1
0.2,SARSA,777,425,-7,19,1,1
0.2,SARSA,777,426,-2,23,0,1
0.2,SARSA,777,427,-4,16,1,1
0.2,SARSA,777,428,-84,51,6,1
0.2,SARSA,777,429,-28,31,2,1
0.2,SARSA,777,430,12,9,0,1
0.2,SARSA,777,431,-88,55,6,1
0.2,SARSA,777,432,-60,54,3,1
0.2,SARSA,777,433,-98,65,6,1
0.2,SARSA,777,434,-148,106,7,1
0.2,SARSA,777,435,-59,53,3,1
0.2,SARSA,777,436,-317,200,13,0
0.2,SARSA,777,437,-198,165,6,1
0.2,SARSA,777,438,-122,89,6,1
0.2,SARSA,777,439,-299,200,11,0
0.2,SARSA,777,440,-281,200,9,0
0.2,SARSA,777,441,-5,26,0,1
0.2,SARSA,777,442,-48,33,4,1
0.2,SARSA,777,443,-20,32,1,1
0.2,SARSA,777,444,-24,27,2,1
0.2,SARSA,777,445,-53,56,2,1
0.2,SARSA,777,446,-362,200,18,0
0.2,SARSA,777,447,-44,56,1,1
0.2,SARSA,777,448,-24,27,2,1
0.2,SARSA,777,449,-72,57,4,1
0.2,SARSA,777,450,-40,25,4,1
0.2,SARSA,777,451,-54,48,3,1
0.2,SARSA,777,452,-267,135,17,1
0.2,SARSA,777,453,-10,22,1,1
0.2,SARSA,777,454,-1,22,0,1
0.2,SARSA,777,455,-126,111,4,1
0.2,SARSA,777,456,-90,66,5,1
0.2,SARSA,777,457,-31,34,2,1
0.2,SARSA,777,458,10,11,0,1
0.2,SARSA,777,459,4,8,1,1
0.2,SARSA,777,460,-136,121,4,1
0.2,SARSA,777,461,-92,95,2,1
0.2,SARSA,777,462,-218,185,6,1
0.2,SARSA,777,463,-145,103,7,1
0.2,SARSA,777,464,-109,85,5,1
0.2,SARSA,777,465,4,8,1,1
0.2,SARSA,777,466,-2,23,0,1
0.2,SARSA,777,467,-46,49,2,1
0.2,SARSA,777,468,-82,67,4,1
0.2,SARSA,777,469,8,13,0,1
0.2,SARSA,777,470,-233,173,9,1
0.2,SARSA,777,471,-29,32,2,1
0.2,SARSA,777,472,3,18,0,1
0.2,SARSA,777,473,-51,54,2,1
0.2,SARSA,777,474,-95,80,4,1
0.2,SARSA,777,475,-102,87,4,1
0.2,SARSA,777,476,-77,62,4,1
0.2,SARSA,777,477,-161,110,8,1
0.2,SARSA,777,478,12,9,0,1
0.2,SARSA,777,479,-254,200,6,0
0.2,SARSA,777,480,-105,72,6,1
0.2,SARSA,777,481,-344,200,16,0
0.2,SARSA,777,482,15,6,0,1
0.2,SARSA,777,483,-155,140,4,1
0.2,SARSA,777,484,-317,200,13,0
0.2,SARSA,777,485,-60,54,3,1
0.2,SARSA,777,486,-74,68,3,1
0.2,SARSA,777,487,-53,56,2,1
0.2,SARSA,777,488,-197,128,10,1
0.2,SARSA,777,489,-98,92,3,1
0.2,SARSA,777,490,-109,58,8,1
0.2,SARSA,777,491,-335,200,15,0
0.2,SARSA,777,492,-55,49,3,1
0.2,SARSA,777,493,-21,15,3,1
0.2,SARSA,777,494,-299,200,11,0
0.2,SARSA,777,495,-39,60,0,1
0.2,SARSA,777,496,-205,154,8,1
0.2,SARSA,777,497,7,14,0,1
0.2,SARSA,777,498,-7,19,1,1
0.2,SARSA,777,499,-21,33,1,1
0.2,SARSA,999,0,-396,156,29,1
0.2,SARSA,999,1,-677,200,53,0
0.2,SARSA,999,2,-506,200,34,0
0.2,SARSA,999,3,-668,200,52,0
0.2,SARSA,999,4,-668,200,52,0
0.2,SARSA,999,5,-614,200,46,0
0.2,SARSA,999,6,-542,200,38,0
0.2,SARSA,999,7,-695,200,55,0
0.2,SARSA,999,8,-695,200,55,0
0.2,SARSA,999,9,-677,200,53,0
0.2,SARSA,999,10,-722,200,58,0
0.2,SARSA,999,11,-533,200,37,0
0.2,SARSA,999,12,-614,200,46,0
0.2,SARSA,999,13,-632,200,48,0
0.2,SARSA,999,14,-686,200,54,0
0.2,SARSA,999,15,-695,200,55,0
0.2,SARSA,999,16,-704,200,56,0
0.2,SARSA,999,17,-596,200,44,0
0.2,SARSA,999,18,-641,200,49,0
0.2,SARSA,999,19,-362,200,18,0
0.2,SARSA,999,20,-488,200,32,0
0.2,SARSA,999,21,-416,200,24,0
0.2,SARSA,999,22,-353,113,29,1
0.2,SARSA,999,23,-596,200,44,0
0.2,SARSA,999,24,-434,200,26,0
0.2,SARSA,999,25,-344,200,16,0
0.2,SARSA,999,26,-506,200,34,0
0.2,SARSA,999,27,-722,200,58,0
0.2,SARSA,999,28,-308,200,12,0
0.2,SARSA,999,29,-308,200,12,0
0.2,SARSA,999,30,-497,200,33,0
0.2,SARSA,999,31,-335,200,15,0
0.2,SARSA,999,32,-479,200,31,0
0.2,SARSA,999,33,-308,200,12,0
0.2,SARSA,999,34,-641,200,49,0
0.2,SARSA,999,35,-605,200,45,0
0.2,SARSA,999,36,-272,200,8,0
0.2,SARSA,999,37,-569,200,41,0
0.2,SARSA,999,38,-308,200,12,0
0.2,SARSA,999,39,-317,200,13,0
0.2,SARSA,999,40,-263,200,7,0
0.2,SARSA,999,41,-569,200,41,0
0.2,SARSA,999,42,-317,200,13,0
0.2,SARSA,999,43,-317,200,13,0
0.2,SARSA,999,44,-344,200,16,0
0.2,SARSA,999,45,-272,200,8,0
0.2,SARSA,999,46,-308,200,12,0
0.2,SARSA,999,47,-281,122,20,1
0.2,SARSA,999,48,-260,128,17,1
0.2,SARSA,999,49,-380,200,20,0
0.2,SARSA,999,50,-317,200,13,0
0.2,SARSA,999,51,-226,148,11,1
0.2,SARSA,999,52,-407,200,23,0
0.2,SARSA,999,53,-407,200,23,0
0.2,SARSA,999,54,-569,200,41,0
0.2,SARSA,999,55,-146,68,11,1
0.2,SARSA,999,56,-380,200,20,0
0.2,SARSA,999,57,-380,200,20,0
0.2,SARSA,999,58,-317,200,13,0
0.2,SARSA,999,59,-281,194,12,1
0.2,SARSA,999,60,-389,200,21,0
0.2,SARSA,999,61,-326,200,14,0
0.2,SARSA,999,62,-290,200,10,0
0.2,SARSA,999,63,-371,200,19,0
0.2,SARSA,999,64,-317,200,13,0
0.2,SARSA,999,65,-344,200,16,0
0.2,SARSA,999,66,-335,200,15,0
0.2,SARSA,999,67,-380,200,20,0
0.2,SARSA,999,68,-299,200,11,0
0.2,SARSA,999,69,-272,200,8,0
0.2,SARSA,999,70,-380,200,20,0
0.2,SARSA,999,71,-299,200,11,0
0.2,SARSA,999,72,-189,120,10,1
0.2,SARSA,999,73,-227,149,11,1
0.2,SARSA,999,74,-290,200,10,0
0.2,SARSA,999,75,-353,200,17,0
0.2,SARSA,999,76,-290,200,10,0
0.2,SARSA,999,77,-317,200,13,0
0.2,SARSA,999,78,-281,200,9,0
0.2,SARSA,999,79,-373,178,24,1
0.2,SARSA,999,80,-344,200,16,0
0.2,SARSA,999,81,-290,200,10,0
0.2,SARSA,999,82,-148,115,6,1
0.2,SARSA,999,83,-281,200,9,0
0.2,SARSA,999,84,-326,200,14,0
0.2,SARSA,999,85,-353,200,17,0
0.2,SARSA,999,86,-281,200,9,0
0.2,SARSA,999,87,-156,123,6,1
0.2,SARSA,999,88,-56,41,4,1
0.2,SARSA,999,89,-335,200,15,0
0.2,SARSA,999,90,-353,200,17,0
0.2,SARSA,999,91,-272,200,8,0
0.2,SARSA,999,92,-326,200,14,0
0.2,SARSA,999,93,-344,200,16,0
0.2,SARSA,999,94,-353,200,17,0
0.2,SARSA,999,95,-308,200,12,0
0.2,SARSA,999,96,-362,200,18,0
0.2,SARSA,999,97,-317,200,13,0
0.2,SARSA,999,98,-64,40,5,1
0.2,SARSA,999,99,-407,200,23,0
0.2,SARSA,999,100,-308,200,12,0
0.2,SARSA,999,101,-344,200,16,0
0.2,SARSA,999,102,-213,171,7,1
0.2,SARSA,999,103,-362,200,18,0
0.2,SARSA,999,104,-326,200,14,0
0.2,SARSA,999,105,-299,200,11,0
0.2,SARSA,999,106,-335,200,15,0
0.2,SARSA,999,107,-281,200,9,0
0.2,SARSA,999,108,-344,200,16,0
0.2,SARSA,999,109,-389,200,21,0
0.2,SARSA,999,110,-308,200,12,0
0.2,SARSA,999,111,-371,200,19,0
0.2,SARSA,999,112,-125,92,6,1
0.2,SARSA,999,113,-326,200,14,0
0.2,SARSA,999,114,-253,157,13,1
0.2,SARSA,999,115,-279,183,13,1
0.2,SARSA,999,116,-197,155,7,1
0.2,SARSA,999,117,-335,200,15,0
0.2,SARSA,999,118,-317,200,13,0
0.2,SARSA,999,119,-59,53,3,1
0.2,SARSA,999,120,-371,200,19,0
0.2,SARSA,999,121,-380,200,20,0
0.2,SARSA,999,122,-389,200,21,0
0.2,SARSA,999,123,-129,105,5,1
0.2,SARSA,999,124,-326,200,14,0
0.2,SARSA,999,125,-335,200,15,0
0.2,SARSA,999,126,-389,200,21,0
0.2,SARSA,999,127,-281,200,9,0
0.2,SARSA,999,128,-161,110,8,1
0.2,SARSA,999,129,-371,200,19,0
0.2,SARSA,999,130,-306,183,16,1
0.2,SARSA,999,131,-308,200,12,0
0.2,SARSA,999,132,-225,138,12,1
0.2,SARSA,999,133,-317,200,13,0
0.2,SARSA,999,134,-308,200,12,0
0.2,SARSA,999,135,-213,144,10,1
0.2,SARSA,999,136,-231,117,15,1
0.2,SARSA,999,137,-317,200,13,0
0.2,SARSA,999,138,-371,200,19,0
0.2,SARSA,999,139,-278,191,12,1
0.2,SARSA,999,140,-192,123,10,1
0.2,SARSA,999,141,-32,35,2,1
0.2,SARSA,999,142,-184,124,9,1
0.2,SARSA,999,143,-290,200,10,0
0.2,SARSA,999,144,-168,126,7,1
0.2,SARSA,999,145,-326,200,14,0
0.2,SARSA,999,146,-335,200,15,0
0.2,SARSA,999,147,-330,189,18,1
0.2,SARSA,999,148,-317,200,13,0
0.2,SARSA,999,149,-66,60,3,1
0.2,SARSA,999,150,-362,200,18,0
0.2,SARSA,999,151,-139,106,6,1
0.2,SARSA,999,152,-299,200,11,0
0.2,SARSA,999,153,-155,131,5,1
0.2,SARSA,999,154,-118,58,9,1
0.2,SARSA,999,155,-93,96,2,1
0.2,SARSA,999,156,-100,85,4,1
0.2,SARSA,999,157,-281,200,9,0
0.2,SARSA,999,158,-299,200,11,0
0.2,SARSA,999,159,-353,200,17,0
0.2,SARSA,999,160,-416,200,24,0
0.2,SARSA,999,161,-136,94,7,1
0.2,SARSA,999,162,-326,200,14,0
0.2,SARSA,999,163,-362,200,18,0
0.2,SARSA,999,164,-389,200,21,0
0.2,SARSA,999,165,-212,143,10,1
0.2,SARSA,999,166,-380,200,20,0
0.2,SARSA,999,167,-353,200,17,0
0.2,SARSA,999,168,-122,80,7,1
0.2,SARSA,999,169,-380,200,20,0
0.2,SARSA,999,170,-308,200,12,0
0.2,SARSA,999,171,-416,200,24,0
0.2,SARSA,999,172,-308,200,12,0
0.2,SARSA,999,173,-380,200,20,0
0.2,SARSA,999,174,-13,16,2,1
0.2,SARSA,999,175,-280,166,15,1
0.2,SARSA,999,176,-166,106,9,1
0.2,SARSA,999,177,-117,84,6,1
0.2,SARSA,999,178,-326,200,14,0
0.2,SARSA,999,179,-178,127,8,1
0.2,SARSA,999,180,-119,77,7,1
0.2,SARSA,999,181,-362,200,18,0
0.2,SARSA,999,182,-272,200,8,0
0.2,SARSA,999,183,-326,200,14,0
0.2,SARSA,999,184,-172,103,10,1
0.2,SARSA,999,185,-380,200,20,0
0.2,SARSA,999,186,-220,133,12,1
0.2,SARSA,999,187,-380,200,20,0
0.2,SARSA,999,188,-89,74,4,1
0.2,SARSA,999,189,-335,200,15,0
0.2,SARSA,999,190,-281,200,9,0
0.2,SARSA,999,191,-326,200,14,0
0.2,SARSA,999,192,-299,200,11,0
0.2,SARSA,999,193,-353,200,17,0
0.2,SARSA,999,194,-326,200,14,0
0.2,SARSA,999,195,-126,93,6,1
0.2,SARSA,999,196,-87,72,4,1
0.2,SARSA,999,197,-22,43,0,1
0.2,SARSA,999,198,-317,200,13,0
0.2,SARSA,999,199,-353,194,20,1
0.2,SARSA,999,200,-281,200,9,0
0.2,SARSA,999,201,-82,67,4,1
0.2,SARSA,999,202,-30,33,2,1
0.2,SARSA,999,203,2,19,0,1
0.2,SARSA,999,204,-131,89,7,1
0.2,SARSA,999,205,-371,200,19,0
0.2,SARSA,999,206,-317,200,13,0
0.2,SARSA,999,207,-92,86,3,1
0.2,SARSA,999,208,-43,55,1,1
0.2,SARSA,999,209,-182,131,8,1
0.2,SARSA,999,210,-191,140,8,1
0.2,SARSA,999,211,-317,200,13,0
0.2,SARSA,999,212,-353,200,17,0
0.2,SARSA,999,213,-80,65,4,1
0.2,SARSA,999,214,-112,88,5,1
0.2,SARSA,999,215,-317,200,13,0
0.2,SARSA,999,216,-317,200,13,0
0.2,SARSA,999,217,-282,186,13,1
0.2,SARSA,999,218,-335,200,15,0
0.2,SARSA,999,219,-3,24,0,1
0.2,SARSA,999,220,-281,200,9,0
0.2,SARSA,999,221,-34,46,1,1
0.2,SARSA,999,222,-300,177,16,1
0.2,SARSA,999,223,-111,51,9,1
0.2,SARSA,999,224,-186,135,8,1
0.2,SARSA,999,225,-176,125,8,1
0.2,SARSA,999,226,-362,200,18,0
0.2,SARSA,999,227,-59,62,2,1
0.2,SARSA,999,228,-9,30,0,1
0.2,SARSA,999,229,-225,138,12,1
0.2,SARSA,999,230,-380,200,20,0
0.2,SARSA,999,231,-82,49,6,1
0.2,SARSA,999,232,-14,17,2,1
0.2,SARSA,999,233,-290,200,10,0
0.2,SARSA,999,234,-72,48,5,1
0.2,SARSA,999,235,-35,38,2,1
0.2,SARSA,999,236,-110,122,1,1
0.2,SARSA,999,237,-6,18,1,1
0.2,SARSA,999,238,-335,200,15,0
0.2,SARSA,999,239,-299,200,11,0
0.2,SARSA,999,240,-232,154,11,1
0.2,SARSA,999,241,-172,94,11,1
0.2,SARSA,999,242,-335,194,18,1
0.2,SARSA,999,243,-33,18,4,1
0.2,SARSA,999,244,-42,36,3,1
0.2,SARSA,999,245,-204,153,8,1
0.2,SARSA,999,246,-295,172,16,1
0.2,SARSA,999,247,0,12,1,1
0.2,SARSA,999,248,-288,156,17,1
0.2,SARSA,999,249,-344,200,16,0
0.2,SARSA,999,250,-13,34,0,1
0.2,SARSA,999,251,-371,200,19,0
0.2,SARSA,999,252,-74,41,6,1
0.2,SARSA,999,253,-317,200,13,0
0.2,SARSA,999,254,-326,200,14,0
0.2,SARSA,999,255,-308,176,17,1
0.2,SARSA,999,256,-29,23,3,1
0.2,SARSA,999,257,-335,200,15,0
0.2,SARSA,999,258,-237,168,10,1
0.2,SARSA,999,259,-29,41,1,1
0.2,SARSA,999,260,5,7,1,1
0.2,SARSA,999,261,-173,104,10,1
0.2,SARSA,999,262,-308,200,12,0
0.2,SARSA,999,263,-214,163,8,1
0.2,SARSA,999,264,-290,200,10,0
0.2,SARSA,999,265,-169,145,5,1
0.2,SARSA,999,266,-344,200,16,0
0.2,SARSA,999,267,-74,41,6,1
0.2,SARSA,999,268,-181,121,9,1
0.2,SARSA,999,269,-353,200,17,0
0.2,SARSA,999,270,-33,45,1,1
0.2,SARSA,999,271,-299,200,11,0
0.2,SARSA,999,272,-317,200,13,0
0.2,SARSA,999,273,-57,51,3,1
0.2,SARSA,999,274,-346,187,20,1
0.2,SARSA,999,275,-232,154,11,1
0.2,SARSA,999,276,-141,81,9,1
0.2,SARSA,999,277,-155,113,7,1
0.2,SARSA,999,278,-188,101,12,1
0.2,SARSA,999,279,-235,175,9,1
0.2,SARSA,999,280,-325,184,18,1
0.2,SARSA,999,281,-31,25,3,1
0.2,SARSA,999,282,-371,200,19,0
0.2,SARSA,999,283,-1,22,0,1
0.2,SARSA,999,284,-89,38,8,1
0.2,SARSA,999,285,-362,200,18,0
0.2,SARSA,999,286,-57,69,1,1
0.2,SARSA,999,287,-335,200,15,0
0.2,SARSA,999,288,-151,127,5,1
0.2,SARSA,999,289,-19,31,1,1
0.2,SARSA,999,290,-362,200,18,0
0.2,SARSA,999,291,-251,173,11,1
0.2,SARSA,999,292,-171,102,10,1
0.2,SARSA,999,293,-216,156,9,1
0.2,SARSA,999,294,-67,43,5,1
0.2,SARSA,999,295,14,7,0,1
0.2,SARSA,999,296,-22,25,2,1
0.2,SARSA,999,297,-205,154,8,1
0.2,SARSA,999,298,-222,162,9,1
0.2,SARSA,999,299,-278,146,17,1
0.2,SARSA,999,300,-299,200,11,0
0.2,SARSA,999,301,-344,200,16,0
0.2,SARSA,999,302,-353,200,17,0
0.2,SARSA,999,303,-299,200,11,0
0.2,SARSA,999,304,-120,96,5,1
0.2,SARSA,999,305,-148,106,7,1
0.2,SARSA,999,306,-29,32,2,1
0.2,SARSA,999,307,-315,165,19,1
0.2,SARSA,999,308,-43,46,2,1
0.2,SARSA,999,309,-168,99,10,1
0.2,SARSA,999,310,-335,200,15,0
0.2,SARSA,999,311,-73,40,6,1
0.2,SARSA,999,312,-335,200,15,0
0.2,SARSA,999,313,-335,200,15,0
0.2,SARSA,999,314,-44,29,4,1
0.2,SARSA,999,315,-308,200,12,0
0.2,SARSA,999,316,-398,200,22,0
0.2,SARSA,999,317,-185,134,8,1
0.2,SARSA,999,318,-281,200,9,0
0.2,SARSA,999,319,-201,132,10,1
0.2,SARSA,999,320,-362,200,18,0
0.2,SARSA,999,321,-244,148,13,1
0.2,SARSA,999,322,-213,126,12,1
0.2,SARSA,999,323,-122,80,7,1
0.2,SARSA,999,324,-57,51,3,1
0.2,SARSA,999,325,-49,43,3,1
0.2,SARSA,999,326,-353,200,17,0
0.2,SARSA,999,327,-116,92,5,1
0.2,SARSA,999,328,-347,197,19,1
0.2,SARSA,999,329,8,13,0,1
0.2,SARSA,999,330,-40,43,2,1
0.2,SARSA,999,331,-326,200,14,0
0.2,SARSA,999,332,-267,162,14,1
0.2,SARSA,999,333,-276,171,14,1
0.2,SARSA,999,334,-191,104,12,1
0.2,SARSA,999,335,-52,46,3,1
0.2,SARSA,999,336,-97,82,4,1
0.2,SARSA,999,337,-160,118,7,1
0.2,SARSA,999,338,-276,198,11,1
0.2,SARSA,999,339,-66,60,3,1
0.2,SARSA,999,340,-335,200,15,0
0.2,SARSA,999,341,-187,136,8,1
0.2,SARSA,999,342,-149,107,7,1
0.2,SARSA,999,343,-31,43,1,1
0.2,SARSA,999,344,-353,200,17,0
0.2,SARSA,999,345,-92,77,4,1
0.2,SARSA,999,346,-281,200,9,0
0.2,SARSA,999,347,-104,62,7,1
0.2,SARSA,999,348,-144,84,9,1
0.2,SARSA,999,349,-335,200,15,0
0.2,SARSA,999,350,-147,123,5,1
0.2,SARSA,999,351,-172,121,8,1
0.2,SARSA,999,352,-120,69,8,1
0.2,SARSA,999,353,-101,86,4,1
0.2,SARSA,999,354,-145,103,7,1
0.2,SARSA,999,355,-11,23,1,1
0.2,SARSA,999,356,-317,200,13,0
0.2,SARSA,999,357,-42,45,2,1
0.2,SARSA,999,358,-46,40,3,1
0.2,SARSA,999,359,-79,46,6,1
0.2,SARSA,999,360,-38,32,3,1
0.2,SARSA,999,361,-82,67,4,1
0.2,SARSA,999,362,-332,191,18,1
0.2,SARSA,999,363,-299,200,11,0
0.2,SARSA,999,364,-49,52,2,1
0.2,SARSA,999,365,-37,49,1,1
0.2,SARSA,999,366,14,7,0,1
0.2,SARSA,999,367,-161,137,5,1
0.2,SARSA,999,368,7,14,0,1
0.2,SARSA,999,369,-335,200,15,0
0.2,SARSA,999,370,-68,53,4,1
0.2,SARSA,999,371,-4,16,1,1
0.2,SARSA,999,372,-144,111,6,1
0.2,SARSA,999,373,-317,200,13,0
0.2,SARSA,999,374,-85,79,3,1
0.2,SARSA,999,375,-335,200,15,0
0.2,SARSA,999,376,8,13,0,1
0.2,SARSA,999,377,-67,61,3,1
0.2,SARSA,999,378,1,20,0,1
0.2,SARSA,999,379,-32,53,0,1
0.2,SARSA,999,380,-49,34,4,1
0.2,SARSA,999,381,-68,62,3,1
0.2,SARSA,999,382,-299,200,11,0
0.2,SARSA,999,383,-10,31,0,1
0.2,SARSA,999,384,-73,49,5,1
0.2,SARSA,999,385,-7,19,1,1
0.2,SARSA,999,386,-248,152,13,1
0.2,SARSA,999,387,-217,157,9,1
0.2,SARSA,999,388,-281,200,9,0
0.2,SARSA,999,389,-245,158,12,1
0.2,SARSA,999,390,-149,116,6,1
0.2,SARSA,999,391,-125,83,7,1
0.2,SARSA,999,392,-293,170,16,1
0.2,SARSA,999,393,-192,141,8,1
0.2,SARSA,999,394,-133,91,7,1
0.2,SARSA,999,395,-118,85,6,1
0.2,SARSA,999,396,-222,198,5,1
0.2,SARSA,999,397,-60,36,5,1
0.2,SARSA,999,398,-214,163,8,1
0.2,SARSA,999,399,-107,83,5,1
0.2,SARSA,999,400,-59,53,3,1
0.2,SARSA,999,401,-271,175,13,1
0.2,SARSA,999,402,-119,95,5,1
0.2,SARSA,999,403,0,21,0,1
0.2,SARSA,999,404,-181,130,8,1
0.2,SARSA,999,405,-226,184,7,1
0.2,SARSA,999,406,-299,200,11,0
0.2,SARSA,999,407,-38,32,3,1
0.2,SARSA,999,408,-8,11,2,1
0.2,SARSA,999,409,-61,46,4,1
0.2,SARSA,999,410,-300,177,16,1
0.2,SARSA,999,411,-147,87,9,1
0.2,SARSA,999,412,-171,120,8,1
0.2,SARSA,999,413,11,10,0,1
0.2,SARSA,999,414,-335,200,15,0
0.2,SARSA,999,415,-13,16,2,1
0.2,SARSA,999,416,-268,199,10,1
0.2,SARSA,999,417,-84,78,3,1
0.2,SARSA,999,418,-312,198,15,1
0.2,SARSA,999,419,-208,148,9,1
0.2,SARSA,999,420,-266,161,14,1
0.2,SARSA,999,421,-96,81,4,1
0.2,SARSA,999,422,-407,200,23,0
0.2,SARSA,999,423,-95,62,6,1
0.2,SARSA,999,424,-20,32,1,1
0.2,SARSA,999,425,-152,128,5,1
0.2,SARSA,999,426,-335,200,15,0
0.2,SARSA,999,427,-87,81,3,1
0.2,SARSA,999,428,-308,200,12,0
0.2,SARSA,999,429,-230,170,9,1
0.2,SARSA,999,430,-13,16,2,1
0.2,SARSA,999,431,-223,154,10,1
0.2,SARSA,999,432,-14,26,1,1
0.2,SARSA,999,433,-113,116,2,1
0.2,SARSA,999,434,-34,28,3,1
0.2,SARSA,999,435,-6,18,1,1
0.2,SARSA,999,436,-79,64,4,1
0.2,SARSA,999,437,-111,87,5,1
0.2,SARSA,999,438,-14,35,0,1
0.2,SARSA,999,439,-163,130,6,1
0.2,SARSA,999,440,-5,17,1,1
0.2,SARSA,999,441,2,10,1,1
0.2,SARSA,999,442,-241,154,12,1
0.2,SARSA,999,443,1,11,1,1
0.2,SARSA,999,444,-141,90,8,1
0.2,SARSA,999,445,7,14,0,1
0.2,SARSA,999,446,-14,26,1,1
0.2,SARSA,999,447,-88,73,4,1
0.2,SARSA,999,448,-183,105,11,1
0.2,SARSA,999,449,-154,121,6,1
0.2,SARSA,999,450,-7,28,0,1
0.2,SARSA,999,451,-4,16,1,1
0.2,SARSA,999,452,-20,32,1,1
0.2,SARSA,999,453,-84,69,4,1
0.2,SARSA,999,454,-385,190,24,1
0.2,SARSA,999,455,-244,166,11,1
0.2,SARSA,999,456,-30,42,1,1
0.2,SARSA,999,457,-106,82,5,1
0.2,SARSA,999,458,-173,122,8,1
0.2,SARSA,999,459,-104,80,5,1
0.2,SARSA,999,460,-24,36,1,1
0.2,SARSA,999,461,-187,118,10,1
0.2,SARSA,999,462,-196,118,11,1
0.2,SARSA,999,463,-229,151,11,1
0.2,SARSA,999,464,-299,200,11,0
0.2,SARSA,999,465,-153,75,11,1
0.2,SARSA,999,466,-223,145,11,1
0.2,SARSA,999,467,-121,97,5,1
0.2,SARSA,999,468,-121,106,4,1
0.2,SARSA,999,469,-128,122,3,1
0.2,SARSA,999,470,-132,81,8,1
0.2,SARSA,999,471,-73,76,2,1
0.2,SARSA,999,472,-416,200,24,0
0.2,SARSA,999,473,-102,78,5,1
0.2,SARSA,999,474,-97,82,4,1
0.2,SARSA,999,475,-4,16,1,1
0.2,SARSA,999,476,-247,142,14,1
0.2,SARSA,999,477,-326,200,14,0
0.2,SARSA,999,478,-227,140,12,1
0.2,SARSA,999,479,-3,15,1,1
0.2,SARSA,999,480,4,17,0,1
0.2,SARSA,999,481,-168,144,5,1
0.2,SARSA,999,482,2,10,1,1
0.2,SARSA,999,483,-317,200,13,0
0.2,SARSA,999,484,-9,21,1,1
0.2,SARSA,999,485,-326,200,14,0
0.2,SARSA,999,486,-31,43,1,1
0.2,SARSA,999,487,-35,38,2,1
0.2,SARSA,999,488,0,12,1,1
0.2,SARSA,999,489,-8,20,1,1
0.2,SARSA,999,490,-146,86,9,1
0.2,SARSA,999,491,-162,75,12,1
0.2,SARSA,999,492,-63,57,3,1
0.2,SARSA,999,493,-69,54,4,1
0.2,SARSA,999,494,-18,39,0,1
0.2,SARSA,999,495,-118,85,6,1
0.2,SARSA,999,496,-67,52,4,1
0.2,SARSA,999,497,-97,100,2,1
0.2,SARSA,999,498,-153,129,5,1
0.2,SARSA,999,499,-200,122,11,1
0.2,SARSA,2024,0,-569,200,41,0
0.2,SARSA,2024,1,-704,200,56,0
0.2,SARSA,2024,2,-376,145,28,1
0.2,SARSA,2024,3,-668,200,52,0
0.2,SARSA,2024,4,-740,200,60,0
0.2,SARSA,2024,5,-686,200,54,0
0.2,SARSA,2024,6,-452,200,28,0
0.2,SARSA,2024,7,-641,200,49,0
0.2,SARSA,2024,8,-578,200,42,0
0.2,SARSA,2024,9,-695,200,55,0
0.2,SARSA,2024,10,-596,200,44,0
0.2,SARSA,2024,11,-605,200,45,0
0.2,SARSA,2024,12,-659,200,51,0
0.2,SARSA,2024,13,-722,200,58,0
0.2,SARSA,2024,14,-533,200,37,0
0.2,SARSA,2024,15,-479,200,31,0
0.2,SARSA,2024,16,-605,200,45,0
0.2,SARSA,2024,17,-160,109,8,1
0.2,SARSA,2024,18,-407,200,23,0
0.2,SARSA,2024,19,-506,200,34,0
0.2,SARSA,2024,20,-272,200,8,0
0.2,SARSA,2024,21,-155,68,12,1
0.2,SARSA,2024,22,-659,200,51,0
0.2,SARSA,2024,23,-380,200,20,0
0.2,SARSA,2024,24,-335,200,15,0
0.2,SARSA,2024,25,-659,200,51,0
0.2,SARSA,2024,26,-185,80,14,1
0.2,SARSA,2024,27,-470,200,30,0
0.2,SARSA,2024,28,-407,200,23,0
0.2,SARSA,2024,29,-506,200,34,0
0.2,SARSA,2024,30,-641,200,49,0
0.2,SARSA,2024,31,-551,200,39,0
0.2,SARSA,2024,32,-290,200,10,0
0.2,SARSA,2024,33,-650,200,50,0
0.2,SARSA,2024,34,-560,200,40,0
0.2,SARSA,2024,35,-389,200,21,0
0.2,SARSA,2024,36,-551,200,39,0
0.2,SARSA,2024,37,-488,200,32,0
0.2,SARSA,2024,38,-224,101,16,1
0.2,SARSA,2024,39,-272,200,8,0
0.2,SARSA,2024,40,-650,200,50,0
0.2,SARSA,2024,41,-308,200,12,0
0.2,SARSA,2024,42,-443,200,27,0
0.2,SARSA,2024,43,-380,200,20,0
0.2,SARSA,2024,44,-272,200,8,0
0.2,SARSA,2024,45,-263,200,7,0
0.2,SARSA,2024,46,-587,200,43,0
0.2,SARSA,2024,47,-111,78,6,1
0.2,SARSA,2024,48,-344,200,16,0
0.2,SARSA,2024,49,-443,200,27,0
0.2,SARSA,2024,50,-272,200,8,0
0.2,SARSA,2024,51,-344,200,16,0
0.2,SARSA,2024,52,-317,200,13,0
0.2,SARSA,2024,53,-335,200,15,0
0.2,SARSA,2024,54,-371,200,19,0
0.2,SARSA,2024,55,-281,194,12,1
0.2,SARSA,2024,56,-344,200,16,0
0.2,SARSA,2024,57,-301,196,14,1
0.2,SARSA,2024,58,-380,200,20,0
0.2,SARSA,2024,59,-326,200,14,0
0.2,SARSA,2024,60,-326,200,14,0
0.2,SARSA,2024,61,-416,200,24,0
0.2,SARSA,2024,62,-641,200,49,0
0.2,SARSA,2024,63,-248,143,14,1
0.2,SARSA,2024,64,-299,200,11,0
0.2,SARSA,2024,65,-317,200,13,0
0.2,SARSA,2024,66,-70,73,2,1
0.2,SARSA,2024,67,-335,200,15,0
0.2,SARSA,2024,68,-299,200,11,0
0.2,SARSA,2024,69,-317,200,13,0
0.2,SARSA,2024,70,-73,67,3,1
0.2,SARSA,2024,71,-326,200,14,0
0.2,SARSA,2024,72,-371,200,19,0
0.2,SARSA,2024,73,-263,200,7,0
0.2,SARSA,2024,74,-308,200,12,0
0.2,SARSA,2024,75,-150,135,4,1
0.2,SARSA,2024,76,-99,93,3,1
0.2,SARSA,2024,77,-299,200,11,0
0.2,SARSA,2024,78,-344,200,16,0
0.2,SARSA,2024,79,-308,200,12,0
0.2,SARSA,2024,80,-231,162,10,1
0.2,SARSA,2024,81,-317,200,13,0
0.2,SARSA,2024,82,-312,180,17,1
0.2,SARSA,2024,83,-398,200,22,0
0.2,SARSA,2024,84,-344,200,16,0
0.2,SARSA,2024,85,-308,200,12,0
0.2,SARSA,2024,86,-157,97,9,1
0.2,SARSA,2024,87,-202,142,9,1
0.2,SARSA,2024,88,-335,200,15,0
0.2,SARSA,2024,89,-217,148,10,1
0.2,SARSA,2024,90,-176,152,5,1
0.2,SARSA,2024,91,-344,200,16,0
0.2,SARSA,2024,92,-317,200,13,0
0.2,SARSA,2024,93,-114,99,4,1
0.2,SARSA,2024,94,-308,200,12,0
0.2,SARSA,2024,95,-299,200,11,0
0.2,SARSA,2024,96,-326,200,14,0
0.2,SARSA,2024,97,-362,200,18,0
0.2,SARSA,2024,98,-276,153,16,1
0.2,SARSA,2024,99,-335,200,15,0
0.2,SARSA,2024,100,-23,26,2,1
0.2,SARSA,2024,101,-281,200,9,0
0.2,SARSA,2024,102,-229,151,11,1
0.2,SARSA,2024,103,-479,200,31,0
0.2,SARSA,2024,104,-205,136,10,1
0.2,SARSA,2024,105,-335,200,15,0
0.2,SARSA,2024,106,-235,166,10,1
0.2,SARSA,2024,107,-326,200,14,0
0.2,SARSA,2024,108,-317,200,13,0
0.2,SARSA,2024,109,-425,200,25,0
0.2,SARSA,2024,110,-274,196,11,1
0.2,SARSA,2024,111,-316,193,16,1
0.2,SARSA,2024,112,-326,200,14,0
0.2,SARSA,2024,113,-290,200,10,0
0.2,SARSA,2024,114,-326,200,14,0
0.2,SARSA,2024,115,-479,200,31,0
0.2,SARSA,2024,116,-317,200,13,0
0.2,SARSA,2024,117,-344,200,16,0
0.2,SARSA,2024,118,-353,200,17,0
0.2,SARSA,2024,119,-99,93,3,1
0.2,SARSA,2024,120,-281,200,9,0
0.2,SARSA,2024,121,-185,134,8,1
0.2,SARSA,2024,122,-130,97,6,1
0.2,SARSA,2024,123,-115,82,6,1
0.2,SARSA,2024,124,-308,200,12,0
0.2,SARSA,2024,125,-83,59,5,1
0.2,SARSA,2024,126,-308,200,12,0
0.2,SARSA,2024,127,-259,154,14,1
0.2,SARSA,2024,128,-116,65,8,1
0.2,SARSA,2024,129,-344,200,16,0
0.2,SARSA,2024,130,-96,81,4,1
0.2,SARSA,2024,131,-290,200,10,0
0.2,SARSA,2024,132,-154,112,7,1
0.2,SARSA,2024,133,-28,49,0,1
0.2,SARSA,2024,134,-229,124,14,1
0.2,SARSA,2024,135,-326,200,14,0
0.2,SARSA,2024,136,-308,200,12,0
0.2,SARSA,2024,137,-362,200,18,0
0.2,SARSA,2024,138,-308,200,12,0
0.2,SARSA,2024,139,-281,167,15,1
0.2,SARSA,2024,140,-326,200,14,0
0.2,SARSA,2024,141,-299,200,11,0
0.2,SARSA,2024,142,-281,200,9,0
0.2,SARSA,2024,143,-251,191,9,1
0.2,SARSA,2024,144,-335,200,15,0
0.2,SARSA,2024,145,-24,36,1,1
0.2,SARSA,2024,146,-268,145,16,1
0.2,SARSA,2024,147,-272,200,8,0
0.2,SARSA,2024,148,-344,200,16,0
0.2,SARSA,2024,149,-299,200,11,0
0.2,SARSA,2024,150,-73,76,2,1
0.2,SARSA,2024,151,-353,200,17,0
0.2,SARSA,2024,152,-314,191,16,1
0.2,SARSA,2024,153,-130,88,7,1
0.2,SARSA,2024,154,-60,45,4,1
0.2,SARSA,2024,155,-380,200,20,0
0.2,SARSA,2024,156,-299,200,11,0
0.2,SARSA,2024,157,-317,200,13,0
0.2,SARSA,2024,158,-308,200,12,0
0.2,SARSA,2024,159,-185,125,9,1
0.2,SARSA,2024,160,-371,200,19,0
0.2,SARSA,2024,161,-296,173,16,1
0.2,SARSA,2024,162,-281,200,9,0
0.2,SARSA,2024,163,-398,200,22,0
0.2,SARSA,2024,164,-380,200,20,0
0.2,SARSA,2024,165,-112,88,5,1
0.2,SARSA,2024,166,-290,200,10,0
0.2,SARSA,2024,167,-335,200,15,0
0.2,SARSA,2024,168,-206,128,11,1
0.2,SARSA,2024,169,-168,135,6,1
0.2,SARSA,2024,170,-90,84,3,1
0.2,SARSA,2024,171,-49,52,2,1
0.2,SARSA,2024,172,-344,200,16,0
0.2,SARSA,2024,173,-308,200,12,0
0.2,SARSA,2024,174,-353,200,17,0
0.2,SARSA,2024,175,-344,200,16,0
0.2,SARSA,2024,176,-344,200,16,0
0.2,SARSA,2024,177,-129,105,5,1
0.2,SARSA,2024,178,-362,200,18,0
0.2,SARSA,2024,179,-176,98,11,1
0.2,SARSA,2024,180,-307,184,16,1
0.2,SARSA,2024,181,-362,200,18,0
0.2,SARSA,2024,182,-281,200,9,0
0.2,SARSA,2024,183,-72,66,3,1
0.2,SARSA,2024,184,-211,124,12,1
0.2,SARSA,2024,185,-371,200,19,0
0.2,SARSA,2024,186,-22,43,0,1
0.2,SARSA,2024,187,-125,92,6,1
0.2,SARSA,2024,188,-167,125,7,1
0.2,SARSA,2024,189,-299,200,11,0
0.2,SARSA,2024,190,-251,173,11,1
0.2,SARSA,2024,191,-326,200,14,0
0.2,SARSA,2024,192,-236,140,13,1
0.2,SARSA,2024,193,-172,130,7,1
0.2,SARSA,2024,194,-124,100,5,1
0.2,SARSA,2024,195,-121,97,5,1
0.2,SARSA,2024,196,-198,147,8,1
0.2,SARSA,2024,197,-326,200,14,0
0.2,SARSA,2024,198,-140,98,7,1
0.2,SARSA,2024,199,-139,106,6,1
0.2,SARSA,2024,200,-302,152,19,1
0.2,SARSA,2024,201,-145,112,6,1
0.2,SARSA,2024,202,-207,138,10,1
0.2,SARSA,2024,203,-302,179,16,1
0.2,SARSA,2024,204,-254,200,6,0
0.2,SARSA,2024,205,-308,200,12,0
0.2,SARSA,2024,206,-62,47,4,1
0.2,SARSA,2024,207,-281,200,9,0
0.2,SARSA,2024,208,-168,108,9,1
0.2,SARSA,2024,209,-407,200,23,0
0.2,SARSA,2024,210,-371,200,19,0
0.2,SARSA,2024,211,-174,114,9,1
0.2,SARSA,2024,212,-260,155,14,1
0.2,SARSA,2024,213,-317,200,13,0
0.2,SARSA,2024,214,-139,106,6,1
0.2,SARSA,2024,215,-335,200,15,0
0.2,SARSA,2024,216,-308,200,12,0
0.2,SARSA,2024,217,-190,175,4,1
0.2,SARSA,2024,218,-326,200,14,0
0.2,SARSA,2024,219,-308,200,12,0
0.2,SARSA,2024,220,-232,163,10,1
0.2,SARSA,2024,221,-344,200,16,0
0.2,SARSA,2024,222,-362,200,18,0
0.2,SARSA,2024,223,-270,192,11,1
0.2,SARSA,2024,224,-335,200,15,0
0.2,SARSA,2024,225,-77,71,3,1
0.2,SARSA,2024,226,-362,200,18,0
0.2,SARSA,2024,227,-131,80,8,1
0.2,SARSA,2024,228,-143,83,9,1
0.2,SARSA,2024,229,-119,68,8,1
0.2,SARSA,2024,230,-243,156,12,1
0.2,SARSA,2024,231,-118,94,5,1
0.2,SARSA,2024,232,-344,200,16,0
0.2,SARSA,2024,233,-91,49,7,1
0.2,SARSA,2024,234,-214,145,10,1
0.2,SARSA,2024,235,-44,47,2,1
0.2,SARSA,2024,236,-257,152,14,1
0.2,SARSA,2024,237,-73,67,3,1
0.2,SARSA,2024,238,-362,200,18,0
0.2,SARSA,2024,239,-371,200,19,0
0.2,SARSA,2024,240,-34,37,2,1
0.2,SARSA,2024,241,-335,200,15,0
0.2,SARSA,2024,242,-204,135,10,1
0.2,SARSA,2024,243,-362,200,18,0
0.2,SARSA,2024,244,-380,200,20,0
0.2,SARSA,2024,245,-204,162,7,1
0.2,SARSA,2024,246,-290,200,10,0
0.2,SARSA,2024,247,-134,92,7,1
0.2,SARSA,2024,248,-344,200,16,0
0.2,SARSA,2024,249,-371,200,19,0
0.2,SARSA,2024,250,-335,200,15,0
0.2,SARSA,2024,251,-183,132,8,1
0.2,SARSA,2024,252,-129,123,3,1
0.2,SARSA,2024,253,-308,200,12,0
0.2,SARSA,2024,254,-353,200,17,0
0.2,SARSA,2024,255,-29,32,2,1
0.2,SARSA,2024,256,-6,18,1,1
0.2,SARSA,2024,257,-15,36,0,1
0.2,SARSA,2024,258,-308,200,12,0
0.2,SARSA,2024,259,-398,200,22,0
0.2,SARSA,2024,260,-335,200,15,0
0.2,SARSA,2024,261,-317,200,13,0
0.2,SARSA,2024,262,-32,35,2,1
0.2,SARSA,2024,263,-326,200,14,0
0.2,SARSA,2024,264,-353,200,17,0
0.2,SARSA,2024,265,-317,200,13,0
0.2,SARSA,2024,266,-223,145,11,1
0.2,SARSA,2024,267,-178,136,7,1
0.2,SARSA,2024,268,-371,200,19,0
0.2,SARSA,2024,269,-40,43,2,1
0.2,SARSA,2024,270,-159,99,9,1
0.2,SARSA,2024,271,-74,59,4,1
0.2,SARSA,2024,272,-135,111,5,1
0.2,SARSA,2024,273,-263,194,10,1
0.2,SARSA,2024,274,-164,113,8,1
0.2,SARSA,2024,275,-362,200,18,0
0.2,SARSA,2024,276,-299,200,11,0
0.2,SARSA,2024,277,-55,58,2,1
0.2,SARSA,2024,278,-87,36,8,1
0.2,SARSA,2024,279,-277,154,16,1
0.2,SARSA,2024,280,-128,77,8,1
0.2,SARSA,2024,281,-290,200,10,0
0.2,SARSA,2024,282,-140,107,6,1
0.2,SARSA,2024,283,-335,200,15,0
0.2,SARSA,2024,284,-120,96,5,1
0.2,SARSA,2024,285,-344,200,16,0
0.2,SARSA,2024,286,-344,200,16,0
0.2,SARSA,2024,287,-344,200,16,0
0.2,SARSA,2024,288,-144,111,6,1
0.2,SARSA,2024,289,-135,75,9,1
0.2,SARSA,2024,290,-49,52,2,1
0.2,SARSA,2024,291,-138,123,4,1
0.2,SARSA,2024,292,-43,55,1,1
0.2,SARSA,2024,293,-163,121,7,1
0.2,SARSA,2024,294,-121,88,6,1
0.2,SARSA,2024,295,-270,165,14,1
0.2,SARSA,2024,296,-192,132,9,1
0.2,SARSA,2024,297,-380,200,20,0
0.2,SARSA,2024,298,-201,141,9,1
0.2,SARSA,2024,299,-51,45,3,1
0.2,SARSA,2024,300,-79,64,4,1
0.2,SARSA,2024,301,3,18,0,1
0.2,SARSA,2024,302,-42,36,3,1
0.2,SARSA,2024,303,-40,34,3,1
0.2,SARSA,2024,304,-123,72,8,1
0.2,SARSA,2024,305,-204,153,8,1
0.2,SARSA,2024,306,-97,82,4,1
0.2,SARSA,2024,307,-160,127,6,1
0.2,SARSA,2024,308,-151,109,7,1
0.2,SARSA,2024,309,-209,149,9,1
0.2,SARSA,2024,310,-189,120,10,1
0.2,SARSA,2024,311,-299,200,11,0
0.2,SARSA,2024,312,-69,45,5,1
0.2,SARSA,2024,313,-213,135,11,1
0.2,SARSA,2024,314,-290,200,10,0
0.2,SARSA,2024,315,-294,198,13,1
0.2,SARSA,2024,316,-217,139,11,1
0.2,SARSA,2024,317,-170,101,10,1
0.2,SARSA,2024,318,-335,200,15,0
0.2,SARSA,2024,319,-205,136,10,1
0.2,SARSA,2024,320,-169,136,6,1
0.2,SARSA,2024,321,-398,200,22,0
0.2,SARSA,2024,322,-217,130,12,1
0.2,SARSA,2024,323,-292,187,14,1
0.2,SARSA,2024,324,-58,52,3,1
0.2,SARSA,2024,325,-110,113,2,1
0.2,SARSA,2024,326,-255,186,10,1
0.2,SARSA,2024,327,-204,135,10,1
0.2,SARSA,2024,328,-100,67,6,1
0.2,SARSA,2024,329,-99,66,6,1
0.2,SARSA,2024,330,-88,73,4,1
0.2,SARSA,2024,331,-353,200,17,0
0.2,SARSA,2024,332,-128,86,7,1
0.2,SARSA,2024,333,-132,108,5,1
0.2,SARSA,2024,334,-104,98,3,1
0.2,SARSA,2024,335,-51,36,4,1
0.2,SARSA,2024,336,-31,43,1,1
0.2,SARSA,2024,337,-308,200,12,0
0.2,SARSA,2024,338,-220,133,12,1
0.2,SARSA,2024,339,-299,185,15,1
0.2,SARSA,2024,340,-57,51,3,1
0.2,SARSA,2024,341,-149,98,8,1
0.2,SARSA,2024,342,-68,62,3,1
0.2,SARSA,2024,343,-272,200,8,0
0.2,SARSA,2024,344,-35,47,1,1
0.2,SARSA,2024,345,-74,86,1,1
0.2,SARSA,2024,346,-130,124,3,1
0.2,SARSA,2024,347,-20,23,2,1
0.2,SARSA,2024,348,-308,200,12,0
0.2,SARSA,2024,349,-46,49,2,1
0.2,SARSA,2024,350,-335,200,15,0
0.2,SARSA,2024,351,-3,24,0,1
0.2,SARSA,2024,352,-181,121,9,1
0.2,SARSA,2024,353,-280,175,14,1
0.2,SARSA,2024,354,-122,80,7,1
0.2,SARSA,2024,355,-170,119,8,1
0.2,SARSA,2024,356,-241,154,12,1
0.2,SARSA,2024,357,-79,64,4,1
0.2,SARSA,2024,358,-398,200,22,0
0.2,SARSA,2024,359,-127,76,8,1
0.2,SARSA,2024,360,-310,187,16,1
0.2,SARSA,2024,361,-317,200,13,0
0.2,SARSA,2024,362,-177,99,11,1
0.2,SARSA,2024,363,-224,173,8,1
0.2,SARSA,2024,364,-130,97,6,1
0.2,SARSA,2024,365,-28,40,1,1
0.2,SARSA,2024,366,-218,149,10,1
0.2,SARSA,2024,367,-88,55,6,1
0.2,SARSA,2024,368,-62,56,3,1
0.2,SARSA,2024,369,-231,171,9,1
0.2,SARSA,2024,370,-210,150,9,1
0.2,SARSA,2024,371,-254,200,6,0
0.2,SARSA,2024,372,-177,117,9,1
0.2,SARSA,2024,373,-112,70,7,1
0.2,SARSA,2024,374,-69,63,3,1
0.2,SARSA,2024,375,-241,172,10,1
0.2,SARSA,2024,376,-261,165,13,1
0.2,SARSA,2024,377,-263,176,12,1
0.2,SARSA,2024,378,-312,162,19,1
0.2,SARSA,2024,379,-241,145,13,1
0.2,SARSA,2024,380,-26,29,2,1
0.2,SARSA,2024,381,-290,200,10,0
0.2,SARSA,2024,382,-29,32,2,1
0.2,SARSA,2024,383,-127,103,5,1
0.2,SARSA,2024,384,-147,105,7,1
0.2,SARSA,2024,385,-335,200,15,0
0.2,SARSA,2024,386,-68,80,1,1
0.2,SARSA,2024,387,-39,33,3,1
0.2,SARSA,2024,388,-144,102,7,1
0.2,SARSA,2024,389,-196,136,9,1
0.2,SARSA,2024,390,-317,200,13,0
0.2,SARSA,2024,391,-299,200,11,0
0.2,SARSA,2024,392,-32,35,2,1
0.2,SARSA,2024,393,-121,88,6,1
0.2,SARSA,2024,394,-174,114,9,1
0.2,SARSA,2024,395,-123,90,6,1
0.2,SARSA,2024,396,-25,37,1,1
0.2,SARSA,2024,397,-304,172,17,1
0.2,SARSA,2024,398,-110,86,5,1
0.2,SARSA,2024,399,-265,196,10,1
0.2,SARSA,2024,400,-135,84,8,1
0.2,SARSA,2024,401,-6,18,1,1
0.2,SARSA,2024,402,-98,74,5,1
0.2,SARSA,2024,403,-90,57,6,1
0.2,SARSA,2024,404,-199,139,9,1
0.2,SARSA,2024,405,10,11,0,1
0.2,SARSA,2024,406,-115,73,7,1
0.2,SARSA,2024,407,4,8,1,1
0.2,SARSA,2024,408,-98,65,6,1
0.2,SARSA,2024,409,-40,43,2,1
0.2,SARSA,2024,410,-180,120,9,1
0.2,SARSA,2024,411,-155,131,5,1
0.2,SARSA,2024,412,-202,151,8,1
0.2,SARSA,2024,413,-90,57,6,1
0.2,SARSA,2024,414,-193,142,8,1
0.2,SARSA,2024,415,-173,104,10,1
0.2,SARSA,2024,416,-326,200,14,0
0.2,SARSA,2024,417,-12,24,1,1
0.2,SARSA,2024,418,-11,23,1,1
0.2,SARSA,2024,419,-126,102,5,1
0.2,SARSA,2024,420,-14,35,0,1
0.2,SARSA,2024,421,-335,200,15,0
0.2,SARSA,2024,422,-335,200,15,0
0.2,SARSA,2024,423,-187,145,7,1
0.2,SARSA,2024,424,-317,200,13,0
0.2,SARSA,2024,425,-166,115,8,1
0.2,SARSA,2024,426,-45,39,3,1
0.2,SARSA,2024,427,6,15,0,1
0.2,SARSA,2024,428,-286,181,14,1
0.2,SARSA,2024,429,15,6,0,1
0.2,SARSA,2024,430,-6,27,0,1
0.2,SARSA,2024,431,-219,177,7,1
0.2,SARSA,2024,432,-178,109,10,1
0.2,SARSA,2024,433,-263,200,7,0
0.2,SARSA,2024,434,-314,200,15,1
0.2,SARSA,2024,435,-80,65,4,1
0.2,SARSA,2024,436,-256,160,13,1
0.2,SARSA,2024,437,-88,73,4,1
0.2,SARSA,2024,438,-187,127,9,1
0.2,SARSA,2024,439,-31,25,3,1
0.2,SARSA,2024,440,-185,134,8,1
0.2,SARSA,2024,441,-16,37,0,1
0.2,SARSA,2024,442,-214,118,13,1
0.2,SARSA,2024,443,-203,125,11,1
0.2,SARSA,2024,444,-20,41,0,1
0.2,SARSA,2024,445,-81,75,3,1
0.2,SARSA,2024,446,-70,64,3,1
0.2,SARSA,2024,447,-326,200,14,0
0.2,SARSA,2024,448,-14,17,2,1
0.2,SARSA,2024,449,-197,137,9,1
0.2,SARSA,2024,450,-110,86,5,1
0.2,SARSA,2024,451,-132,108,5,1
0.2,SARSA,2024,452,-25,28,2,1
0.2,SARSA,2024,453,-177,117,9,1
0.2,SARSA,2024,454,-292,187,14,1
0.2,SARSA,2024,455,-76,43,6,1
0.2,SARSA,2024,456,-180,111,10,1
0.2,SARSA,2024,457,-105,90,4,1
0.2,SARSA,2024,458,-225,129,13,1
0.2,SARSA,2024,459,-69,63,3,1
0.2,SARSA,2024,460,-90,75,4,1
0.2,SARSA,2024,461,-76,88,1,1
0.2,SARSA,2024,462,-317,200,13,0
0.2,SARSA,2024,463,-105,72,6,1
0.2,SARSA,2024,464,-108,111,2,1
0.2,SARSA,2024,465,-12,24,1,1
0.2,SARSA,2024,466,-114,81,6,1
0.2,SARSA,2024,467,-47,41,3,1
0.2,SARSA,2024,468,-9,21,1,1
0.2,SARSA,2024,469,-188,146,7,1
0.2,SARSA,2024,470,-14,26,1,1
0.2,SARSA,2024,471,-247,151,13,1
0.2,SARSA,2024,472,-63,57,3,1
0.2,SARSA,2024,473,-7,19,1,1
0.2,SARSA,2024,474,-101,68,6,1
0.2,SARSA,2024,475,-235,130,14,1
0.2,SARSA,2024,476,-362,200,18,0
0.2,SARSA,2024,477,-85,61,5,1
0.2,SARSA,2024,478,-132,108,5,1
0.2,SARSA,2024,479,-170,110,9,1
0.2,SARSA,2024,480,-150,81,10,1
0.2,SARSA,2024,481,-50,44,3,1
0.2,SARSA,2024,482,-262,148,15,1
0.2,SARSA,2024,483,-254,167,12,1
0.2,SARSA,2024,484,-64,49,4,1
0.2,SARSA,2024,485,3,18,0,1
0.2,SARSA,2024,486,-29,23,3,1
0.2,SARSA,2024,487,-65,41,5,1
0.2,SARSA,2024,488,5,16,0,1
0.2,SARSA,2024,489,-31,52,0,1
0.2,SARSA,2024,490,12,9,0,1
0.2,SARSA,2024,491,-262,175,12,1
0.2,SARSA,2024,492,-101,77,5,1
0.2,SARSA,2024,493,-185,116,10,1
0.2,SARSA,2024,494,5,16,0,1
0.2,SARSA,2024,495,-113,89,5,1
0.2,SARSA,2024,496,-59,62,2,1
0.2,SARSA,2024,497,-12,24,1,1
0.2,SARSA,2024,498,-21,33,1,1
0.2,SARSA,2024,499,0,21,0,1
0.2,SARSA + PS,42,0,-632,200,48,0
0.2,SARSA + PS,42,1,-596,200,44,0
0.2,SARSA + PS,42,2,-668,200,52,0
0.2,SARSA + PS,42,3,-731,200,59,0
0.2,SARSA + PS,42,4,-677,200,53,0
0.2,SARSA + PS,42,5,-740,200,60,0
0.2,SARSA + PS,42,6,-695,200,55,0
0.2,SARSA + PS,42,7,-623,200,47,0
0.2,SARSA + PS,42,8,-578,200,42,0
0.2,SARSA + PS,42,9,-452,200,28,0
0.2,SARSA + PS,42,10,-605,200,45,0
0.2,SARSA + PS,42,11,-533,200,37,0
0.2,SARSA + PS,42,12,-605,200,45,0
0.2,SARSA + PS,42,13,-659,200,51,0
0.2,SARSA + PS,42,14,-758,200,62,0
0.2,SARSA + PS,42,15,-668,200,52,0
0.2,SARSA + PS,42,16,-308,200,12,0
0.2,SARSA + PS,42,17,-326,200,14,0
0.2,SARSA + PS,42,18,-308,200,12,0
0.2,SARSA + PS,42,19,-97,37,9,1
0.2,SARSA + PS,42,20,-668,200,52,0
0.2,SARSA + PS,42,21,-362,200,18,0
0.2,SARSA + PS,42,22,-740,200,60,0
0.2,SARSA + PS,42,23,-659,200,51,0
0.2,SARSA + PS,42,24,-344,200,16,0
0.2,SARSA + PS,42,25,-587,200,43,0
0.2,SARSA + PS,42,26,-251,110,18,1
0.2,SARSA + PS,42,27,-326,200,14,0
0.2,SARSA + PS,42,28,-317,200,13,0
0.2,SARSA + PS,42,29,-380,200,20,0
0.2,SARSA + PS,42,30,-695,200,55,0
0.2,SARSA + PS,42,31,-308,200,12,0
0.2,SARSA + PS,42,32,-326,200,14,0
0.2,SARSA + PS,42,33,-344,200,16,0
0.2,SARSA + PS,42,34,-47,50,2,1
0.2,SARSA + PS,42,35,-317,200,13,0
0.2,SARSA + PS,42,36,-758,200,62,0
0.2,SARSA + PS,42,37,-371,200,19,0
0.2,SARSA + PS,42,38,-9,30,0,1
0.2,SARSA + PS,42,39,-749,200,61,0
0.2,SARSA + PS,42,40,-299,200,11,0
0.2,SARSA + PS,42,41,-520,163,42,1
0.2,SARSA + PS,42,42,-506,200,34,0
0.2,SARSA + PS,42,43,-36,39,2,1
0.2,SARSA + PS,42,44,-326,200,14,0
0.2,SARSA + PS,42,45,-301,196,14,1
0.2,SARSA + PS,42,46,10,11,0,1
0.2,SARSA + PS,42,47,-136,103,6,1
0.2,SARSA + PS,42,48,-281,200,9,0
0.2,SARSA + PS,42,49,-398,200,22,0
0.2,SARSA + PS,42,50,-77,62,4,1
0.2,SARSA + PS,42,51,-362,200,18,0
0.2,SARSA + PS,42,52,-82,94,1,1
0.2,SARSA + PS,42,53,-88,73,4,1
0.2,SARSA + PS,42,54,-371,200,19,0
0.2,SARSA + PS,42,55,-425,200,25,0
0.2,SARSA + PS,42,56,-299,200,11,0
0.2,SARSA + PS,42,57,-344,200,16,0
0.2,SARSA + PS,42,58,-94,70,5,1
0.2,SARSA + PS,42,59,-308,200,12,0
0.2,SARSA + PS,42,60,-254,200,6,0
0.2,SARSA + PS,42,61,-308,200,12,0
0.2,SARSA + PS,42,62,-380,200,20,0
0.2,SARSA + PS,42,63,-181,166,4,1
0.2,SARSA + PS,42,64,-290,200,10,0
0.2,SARSA + PS,42,65,-335,200,15,0
0.2,SARSA + PS,42,66,-308,200,12,0
0.2,SARSA + PS,42,67,-299,200,11,0
0.2,SARSA + PS,42,68,-290,200,10,0
0.2,SARSA + PS,42,69,-102,87,4,1
0.2,SARSA + PS,42,70,-30,24,3,1
0.2,SARSA + PS,42,71,-380,200,20,0
0.2,SARSA + PS,42,72,-281,200,9,0
0.2,SARSA + PS,42,73,-308,200,12,0
0.2,SARSA + PS,42,74,-290,200,10,0
0.2,SARSA + PS,42,75,-29,41,1,1
0.2,SARSA + PS,42,76,-362,200,18,0
0.2,SARSA + PS,42,77,-12,24,1,1
0.2,SARSA + PS,42,78,-335,200,15,0
0.2,SARSA + PS,42,79,-362,200,18,0
0.2,SARSA + PS,42,80,7,14,0,1
0.2,SARSA + PS,42,81,-51,45,3,1
0.2,SARSA + PS,42,82,-398,200,22,0
0.2,SARSA + PS,42,83,-308,200,12,0
0.2,SARSA + PS,42,84,5,7,1,1
0.2,SARSA + PS,42,85,-77,71,3,1
0.2,SARSA + PS,42,86,-560,200,40,0
0.2,SARSA + PS,42,87,-344,200,16,0
0.2,SARSA + PS,42,88,-335,200,15,0
0.2,SARSA + PS,42,89,-22,25,2,1
0.2,SARSA + PS,42,90,-129,87,7,1
0.2,SARSA + PS,42,91,-272,200,8,0
0.2,SARSA + PS,42,92,-317,200,13,0
0.2,SARSA + PS,42,93,-335,200,15,0
0.2,SARSA + PS,42,94,-380,200,20,0
0.2,SARSA + PS,42,95,-290,200,10,0
0.2,SARSA + PS,42,96,-38,50,1,1
0.2,SARSA + PS,42,97,-326,200,14,0
0.2,SARSA + PS,42,98,-380,200,20,0
0.2,SARSA + PS,42,99,-230,143,12,1
0.2,SARSA + PS,42,100,-362,200,18,0
0.2,SARSA + PS,42,101,-130,88,7,1
0.2,SARSA + PS,42,102,-47,50,2,1
0.2,SARSA + PS,42,103,-13,25,1,1
0.2,SARSA + PS,42,104,-32,26,3,1
0.2,SARSA + PS,42,105,-272,200,8,0
0.2,SARSA + PS,42,106,-55,40,4,1
0.2,SARSA + PS,42,107,-299,200,11,0
0.2,SARSA + PS,42,108,13,8,0,1
0.2,SARSA + PS,42,109,-77,62,4,1
0.2,SARSA + PS,42,110,-123,81,7,1
0.2,SARSA + PS,42,111,-45,66,0,1
0.2,SARSA + PS,42,112,-353,200,17,0
0.2,SARSA + PS,42,113,-299,200,11,0
0.2,SARSA + PS,42,114,-57,42,4,1
0.2,SARSA + PS,42,115,-62,56,3,1
0.2,SARSA + PS,42,116,-326,200,14,0
0.2,SARSA + PS,42,117,-274,187,12,1
0.2,SARSA + PS,42,118,2,10,1,1
0.2,SARSA + PS,42,119,-260,200,9,1
0.2,SARSA + PS,42,120,-353,200,17,0
0.2,SARSA + PS,42,121,9,12,0,1
0.2,SARSA + PS,42,122,-308,200,12,0
0.2,SARSA + PS,42,123,-139,115,5,1
0.2,SARSA + PS,42,124,-9,21,1,1
0.2,SARSA + PS,42,125,-25,28,2,1
0.2,SARSA + PS,42,126,-326,200,14,0
0.2,SARSA + PS,42,127,-43,55,1,1
0.2,SARSA + PS,42,128,-317,200,13,0
0.2,SARSA + PS,42,129,-8,29,0,1
0.2,SARSA + PS,42,130,-90,84,3,1
0.2,SARSA + PS,42,131,-353,200,17,0
0.2,SARSA + PS,42,132,-290,200,10,0
0.2,SARSA + PS,42,133,-178,118,9,1
0.2,SARSA + PS,42,134,-290,200,10,0
0.2,SARSA + PS,42,135,-11,14,2,1
0.2,SARSA + PS,42,136,-61,64,2,1
0.2,SARSA + PS,42,137,-50,44,3,1
0.2,SARSA + PS,42,138,-120,87,6,1
0.2,SARSA + PS,42,139,-299,200,11,0
0.2,SARSA + PS,42,140,-113,89,5,1
0.2,SARSA + PS,42,141,11,10,0,1
0.2,SARSA + PS,42,142,-54,48,3,1
0.2,SARSA + PS,42,143,-67,34,6,1
0.2,SARSA + PS,42,144,-281,200,9,0
0.2,SARSA + PS,42,145,-217,121,13,1
0.2,SARSA + PS,42,146,-153,129,5,1
0.2,SARSA + PS,42,147,-69,45,5,1
0.2,SARSA + PS,42,148,-144,111,6,1
0.2,SARSA + PS,42,149,-181,112,10,1
0.2,SARSA + PS,42,150,-136,85,8,1
0.2,SARSA + PS,42,151,-47,41,3,1
0.2,SARSA + PS,42,152,-292,196,13,1
0.2,SARSA + PS,42,153,-82,49,6,1
0.2,SARSA + PS,42,154,-97,82,4,1
0.2,SARSA + PS,42,155,-147,105,7,1
0.2,SARSA + PS,42,156,-4,16,1,1
0.2,SARSA + PS,42,157,3,18,0,1
0.2,SARSA + PS,42,158,-82,67,4,1
0.2,SARSA + PS,42,159,11,10,0,1
0.2,SARSA + PS,42,160,-371,200,19,0
0.2,SARSA + PS,42,161,-16,28,1,1
0.2,SARSA + PS,42,162,-246,186,9,1
0.2,SARSA + PS,42,163,-344,200,16,0
0.2,SARSA + PS,42,164,-2,23,0,1
0.2,SARSA + PS,42,165,-23,26,2,1
0.2,SARSA + PS,42,166,3,9,1,1
0.2,SARSA + PS,42,167,8,13,0,1
0.2,SARSA + PS,42,168,-146,104,7,1
0.2,SARSA + PS,42,169,1,20,0,1
0.2,SARSA + PS,42,170,3,18,0,1
0.2,SARSA + PS,42,171,-113,98,4,1
0.2,SARSA + PS,42,172,-37,22,4,1
0.2,SARSA + PS,42,173,-84,60,5,1
0.2,SARSA + PS,42,174,-174,132,7,1
0.2,SARSA + PS,42,175,-24,27,2,1
0.2,SARSA + PS,42,176,-11,32,0,1
0.2,SARSA + PS,42,177,-17,29,1,1
0.2,SARSA + PS,42,178,-42,45,2,1
0.2,SARSA + PS,42,179,-169,136,6,1
0.2,SARSA + PS,42,180,11,10,0,1
0.2,SARSA + PS,42,181,-26,29,2,1
0.2,SARSA + PS,42,182,-22,25,2,1
0.2,SARSA + PS,42,183,-28,31,2,1
0.2,SARSA + PS,42,184,-179,137,7,1
0.2,SARSA + PS,42,185,-73,76,2,1
0.2,SARSA + PS,42,186,-19,13,3,1
0.2,SARSA + PS,42,187,-80,65,4,1
0.2,SARSA + PS,42,188,12,9,0,1
0.2,SARSA + PS,42,189,-102,87,4,1
0.2,SARSA + PS,42,190,6,15,0,1
0.2,SARSA + PS,42,191,-150,117,6,1
0.2,SARSA + PS,42,192,-72,39,6,1
0.2,SARSA + PS,42,193,7,14,0,1
0.2,SARSA + PS,42,194,12,9,0,1
0.2,SARSA + PS,42,195,-272,200,8,0
0.2,SARSA + PS,42,196,-254,200,6,0
0.2,SARSA + PS,42,197,-64,58,3,1
0.2,SARSA + PS,42,198,-41,35,3,1
0.2,SARSA + PS,42,199,12,9,0,1
0.2,SARSA + PS,42,200,-2,23,0,1
0.2,SARSA + PS,42,201,-147,87,9,1
0.2,SARSA + PS,42,202,3,18,0,1
0.2,SARSA + PS,42,203,-11,32,0,1
0.2,SARSA + PS,42,204,-191,140,8,1
0.2,SARSA + PS,42,205,-2,14,1,1
0.2,SARSA + PS,42,206,-64,40,5,1
0.2,SARSA + PS,42,207,-221,152,10,1
0.2,SARSA + PS,42,208,13,8,0,1
0.2,SARSA + PS,42,209,8,13,0,1
0.2,SARSA + PS,42,210,-80,56,5,1
0.2,SARSA + PS,42,211,-61,64,2,1
0.2,SARSA + PS,42,212,11,10,0,1
0.2,SARSA + PS,42,213,-24,27,2,1
0.2,SARSA + PS,42,214,-17,38,0,1
0.2,SARSA + PS,42,215,-353,200,17,0
0.2,SARSA + PS,42,216,-12,24,1,1
0.2,SARSA + PS,42,217,-7,19,1,1
0.2,SARSA + PS,42,218,-38,32,3,1
0.2,SARSA + PS,42,219,-326,200,14,0
0.2,SARSA + PS,42,220,-5,26,0,1
0.2,SARSA + PS,42,221,11,10,0,1
0.2,SARSA + PS,42,222,13,8,0,1
0.2,SARSA + PS,42,223,-41,35,3,1
0.2,SARSA + PS,42,224,12,9,0,1
0.2,SARSA + PS,42,225,-3,15,1,1
0.2,SARSA + PS,42,226,-216,156,9,1
0.2,SARSA + PS,42,227,-5,17,1,1
0.2,SARSA + PS,42,228,-179,137,7,1
0.2,SARSA + PS,42,229,-255,159,13,1
0.2,SARSA + PS,42,230,-227,158,10,1
0.2,SARSA + PS,42,231,1,20,0,1
0.2,SARSA + PS,42,232,5,16,0,1
0.2,SARSA + PS,42,233,-44,47,2,1
0.2,SARSA + PS,42,234,15,6,0,1
0.2,SARSA + PS,42,235,-4,16,1,1
0.2,SARSA + PS,42,236,-42,36,3,1
0.2,SARSA + PS,42,237,-53,56,2,1
0.2,SARSA + PS,42,238,-4,16,1,1
0.2,SARSA + PS,42,239,12,9,0,1
0.2,SARSA + PS,42,240,-79,28,8,1
0.2,SARSA + PS,42,241,-335,200,15,0
0.2,SARSA + PS,42,242,-46,40,3,1
0.2,SARSA + PS,42,243,8,13,0,1
0.2,SARSA + PS,42,244,-4,16,1,1
0.2,SARSA + PS,42,245,-86,53,6,1
0.2,SARSA + PS,42,246,1,20,0,1
0.2,SARSA + PS,42,247,-21,24,2,1
0.2,SARSA + PS,42,248,-14,17,2,1
0.2,SARSA + PS,42,249,-283,196,12,1
0.2,SARSA + PS,42,250,-38,32,3,1
0.2,SARSA + PS,42,251,-69,54,4,1
0.2,SARSA + PS,42,252,-17,38,0,1
0.2,SARSA + PS,42,253,-67,43,5,1
0.2,SARSA + PS,42,254,-90,66,5,1
0.2,SARSA + PS,42,255,-33,36,2,1
0.2,SARSA + PS,42,256,-124,82,7,1
0.2,SARSA + PS,42,257,-18,30,1,1
0.2,SARSA + PS,42,258,-18,21,2,1
0.2,SARSA + PS,42,259,5,16,0,1
0.2,SARSA + PS,42,260,-33,18,4,1
0.2,SARSA + PS,42,261,-20,23,2,1
0.2,SARSA + PS,42,262,-207,138,10,1
0.2,SARSA + PS,42,263,-18,21,2,1
0.2,SARSA + PS,42,264,-212,134,11,1
0.2,SARSA + PS,42,265,-20,32,1,1
0.2,SARSA + PS,42,266,7,14,0,1
0.2,SARSA + PS,42,267,-76,52,5,1
0.2,SARSA + PS,42,268,-40,25,4,1
0.2,SARSA + PS,42,269,-27,30,2,1
0.2,SARSA + PS,42,270,-222,135,12,1
0.2,SARSA + PS,42,271,-87,45,7,1
0.2,SARSA + PS,42,272,-149,98,8,1
0.2,SARSA + PS,42,273,-142,100,7,1
0.2,SARSA + PS,42,274,3,9,1,1
0.2,SARSA + PS,42,275,4,17,0,1
0.2,SARSA + PS,42,276,10,11,0,1
0.2,SARSA + PS,42,277,-43,46,2,1
0.2,SARSA + PS,42,278,-326,200,14,0
0.2,SARSA + PS,42,279,-32,17,4,1
0.2,SARSA + PS,42,280,-308,200,12,0
0.2,SARSA + PS,42,281,-183,114,10,1
0.2,SARSA + PS,42,282,-21,15,3,1
0.2,SARSA + PS,42,283,-10,22,1,1
0.2,SARSA + PS,42,284,5,16,0,1
0.2,SARSA + PS,42,285,-326,200,14,0
0.2,SARSA + PS,42,286,-22,34,1,1
0.2,SARSA + PS,42,287,-96,63,6,1
0.2,SARSA + PS,42,288,-73,67,3,1
0.2,SARSA + PS,42,289,11,10,0,1
0.2,SARSA + PS,42,290,6,15,0,1
0.2,SARSA + PS,42,291,-36,39,2,1
0.2,SARSA + PS,42,292,7,14,0,1
0.2,SARSA + PS,42,293,-14,26,1,1
0.2,SARSA + PS,42,294,-30,33,2,1
0.2,SARSA + PS,42,295,-21,24,2,1
0.2,SARSA + PS,42,296,1,11,1,1
0.2,SARSA + PS,42,297,7,14,0,1
0.2,SARSA + PS,42,298,-3,15,1,1
0.2,SARSA + PS,42,299,-121,88,6,1
0.2,SARSA + PS,42,300,8,13,0,1
0.2,SARSA + PS,42,301,-165,105,9,1
0.2,SARSA + PS,42,302,-121,79,7,1
0.2,SARSA + PS,42,303,-14,26,1,1
0.2,SARSA + PS,42,304,-100,94,3,1
0.2,SARSA + PS,42,305,-12,33,0,1
0.2,SARSA + PS,42,306,-52,46,3,1
0.2,SARSA + PS,42,307,-2,23,0,1
0.2,SARSA + PS,42,308,-6,18,1,1
0.2,SARSA + PS,42,309,-15,18,2,1
0.2,SARSA + PS,42,310,-87,81,3,1
0.2,SARSA + PS,42,311,-13,34,0,1
0.2,SARSA + PS,42,312,-70,64,3,1
0.2,SARSA + PS,42,313,-11,14,2,1
0.2,SARSA + PS,42,314,-191,140,8,1
0.2,SARSA + PS,42,315,-18,21,2,1
0.2,SARSA + PS,42,316,-9,21,1,1
0.2,SARSA + PS,42,317,12,9,0,1
0.2,SARSA + PS,42,318,-29,41,1,1
0.2,SARSA + PS,42,319,-88,91,2,1
0.2,SARSA + PS,42,320,-66,33,6,1
0.2,SARSA + PS,42,321,10,11,0,1
0.2,SARSA + PS,42,322,-250,172,11,1
0.2,SARSA + PS,42,323,1,11,1,1
0.2,SARSA + PS,42,324,-3,24,0,1
0.2,SARSA + PS,42,325,6,15,0,1
0.2,SARSA + PS,42,326,-51,36,4,1
0.2,SARSA + PS,42,327,10,11,0,1
0.2,SARSA + PS,42,328,-47,50,2,1
0.2,SARSA + PS,42,329,-25,37,1,1
0.2,SARSA + PS,42,330,-1,13,1,1
0.2,SARSA + PS,42,331,-38,41,2,1
0.2,SARSA + PS,42,332,-25,46,0,1
0.2,SARSA + PS,42,333,-32,35,2,1
0.2,SARSA + PS,42,334,-31,25,3,1
0.2,SARSA + PS,42,335,8,13,0,1
0.2,SARSA + PS,42,336,-32,35,2,1
0.2,SARSA + PS,42,337,-71,38,6,1
0.2,SARSA + PS,42,338,-38,41,2,1
0.2,SARSA + PS,42,339,-253,157,13,1
0.2,SARSA + PS,42,340,-5,17,1,1
0.2,SARSA + PS,42,341,-236,149,12,1
0.2,SARSA + PS,42,342,9,12,0,1
0.2,SARSA + PS,42,343,2,19,0,1
0.2,SARSA + PS,42,344,-280,157,16,1
0.2,SARSA + PS,42,345,10,11,0,1
0.2,SARSA + PS,42,346,-15,27,1,1
0.2,SARSA + PS,42,347,-3,15,1,1
0.2,SARSA + PS,42,348,-25,37,1,1
0.2,SARSA + PS,42,349,15,6,0,1
0.2,SARSA + PS,42,350,-326,200,14,0
0.2,SARSA + PS,42,351,-26,38,1,1
0.2,SARSA + PS,42,352,10,11,0,1
0.2,SARSA + PS,42,353,-223,145,11,1
0.2,SARSA + PS,42,354,-26,20,3,1
0.2,SARSA + PS,42,355,0,12,1,1
0.2,SARSA + PS,42,356,11,10,0,1
0.2,SARSA + PS,42,357,-20,32,1,1
0.2,SARSA + PS,42,358,6,15,0,1
0.2,SARSA + PS,42,359,1,20,0,1
0.2,SARSA + PS,42,360,-18,21,2,1
0.2,SARSA + PS,42,361,13,8,0,1
0.2,SARSA + PS,42,362,-14,26,1,1
0.2,SARSA + PS,42,363,-16,19,2,1
0.2,SARSA + PS,42,364,-34,37,2,1
0.2,SARSA + PS,42,365,-1,22,0,1
0.2,SARSA + PS,42,366,-15,18,2,1
0.2,SARSA + PS,42,367,-4,25,0,1
0.2,SARSA + PS,42,368,-46,31,4,1
0.2,SARSA + PS,42,369,-25,28,2,1
0.2,SARSA + PS,42,370,8,13,0,1
0.2,SARSA + PS,42,371,2,10,1,1
0.2,SARSA + PS,42,372,11,10,0,1
0.2,SARSA + PS,42,373,-148,88,9,1
0.2,SARSA + PS,42,374,-21,15,3,1
0.2,SARSA + PS,42,375,10,11,0,1
0.2,SARSA + PS,42,376,-14,26,1,1
0.2,SARSA + PS,42,377,-9,21,1,1
0.2,SARSA + PS,42,378,3,18,0,1
0.2,SARSA + PS,42,379,-19,22,2,1
0.2,SARSA + PS,42,380,-33,27,3,1
0.2,SARSA + PS,42,381,-15,18,2,1
0.2,SARSA + PS,42,382,-10,22,1,1
0.2,SARSA + PS,42,383,-105,81,5,1
0.2,SARSA + PS,42,384,-46,31,4,1
0.2,SARSA + PS,42,385,-61,55,3,1
0.2,SARSA + PS,42,386,-39,42,2,1
0.2,SARSA + PS,42,387,10,11,0,1
0.2,SARSA + PS,42,388,-71,47,5,1
0.2,SARSA + PS,42,389,-5,17,1,1
0.2,SARSA + PS,42,390,-317,200,13,0
0.2,SARSA + PS,42,391,-258,171,12,1
0.2,SARSA + PS,42,392,-45,39,3,1
0.2,SARSA + PS,42,393,-193,124,10,1
0.2,SARSA + PS,42,394,-61,55,3,1
0.2,SARSA + PS,42,395,10,11,0,1
0.2,SARSA + PS,42,396,-50,44,3,1
0.2,SARSA + PS,42,397,-67,61,3,1
0.2,SARSA + PS,42,398,-10,22,1,1
0.2,SARSA + PS,42,399,3,9,1,1
0.2,SARSA + PS,42,400,-20,23,2,1
0.2,SARSA + PS,42,401,1,20,0,1
0.2,SARSA + PS,42,402,-2,14,1,1
0.2,SARSA + PS,42,403,4,17,0,1
0.2,SARSA + PS,42,404,-11,23,1,1
0.2,SARSA + PS,42,405,-58,61,2,1
0.2,SARSA + PS,42,406,-144,66,11,1
0.2,SARSA + PS,42,407,-33,27,3,1
0.2,SARSA + PS,42,408,3,18,0,1
0.2,SARSA + PS,42,409,-1,22,0,1
0.2,SARSA + PS,42,410,0,12,1,1
0.2,SARSA + PS,42,411,-94,79,4,1
0.2,SARSA + PS,42,412,-54,30,5,1
0.2,SARSA + PS,42,413,-2,23,0,1
0.2,SARSA + PS,42,414,-24,18,3,1
0.2,SARSA + PS,42,415,-13,25,1,1
0.2,SARSA + PS,42,416,-94,79,4,1
0.2,SARSA + PS,42,417,-28,31,2,1
0.2,SARSA + PS,42,418,-222,162,9,1
0.2,SARSA + PS,42,419,-15,27,1,1
0.2,SARSA + PS,42,420,-46,40,3,1
0.2,SARSA + PS,42,421,-10,22,1,1
0.2,SARSA + PS,42,422,-2,14,1,1
0.2,SARSA + PS,42,423,-49,34,4,1
0.2,SARSA + PS,42,424,-11,32,0,1
0.2,SARSA + PS,42,425,-59,35,5,1
0.2,SARSA + PS,42,426,10,11,0,1
0.2,SARSA + PS,42,427,-18,30,1,1
0.2,SARSA + PS,42,428,9,12,0,1
0.2,SARSA + PS,42,429,4,17,0,1
0.2,SARSA + PS,42,430,11,10,0,1
0.2,SARSA + PS,42,431,-4,16,1,1
0.2,SARSA + PS,42,432,10,11,0,1
0.2,SARSA + PS,42,433,-35,38,2,1
0.2,SARSA + PS,42,434,-13,25,1,1
0.2,SARSA + PS,42,435,-33,45,1,1
0.2,SARSA + PS,42,436,-326,200,14,0
0.2,SARSA + PS,42,437,-99,66,6,1
0.2,SARSA + PS,42,438,1,20,0,1
0.2,SARSA + PS,42,439,-53,47,3,1
0.2,SARSA + PS,42,440,-47,32,4,1
0.2,SARSA + PS,42,441,-22,25,2,1
0.2,SARSA + PS,42,442,-326,200,14,0
0.2,SARSA + PS,42,443,-1,13,1,1
0.2,SARSA + PS,42,444,-15,18,2,1
0.2,SARSA + PS,42,445,7,14,0,1
0.2,SARSA + PS,42,446,-87,72,4,1
0.2,SARSA + PS,42,447,-45,30,4,1
0.2,SARSA + PS,42,448,5,16,0,1
0.2,SARSA + PS,42,449,-84,87,2,1
0.2,SARSA + PS,42,450,-38,32,3,1
0.2,SARSA + PS,42,451,0,21,0,1
0.2,SARSA + PS,42,452,-121,79,7,1
0.2,SARSA + PS,42,453,-55,49,3,1
0.2,SARSA + PS,42,454,-15,27,1,1
0.2,SARSA + PS,42,455,-5,17,1,1
0.2,SARSA + PS,42,456,-9,12,2,1
0.2,SARSA + PS,42,457,-19,22,2,1
0.2,SARSA + PS,42,458,-116,65,8,1
0.2,SARSA + PS,42,459,-5,17,1,1
0.2,SARSA + PS,42,460,11,10,0,1
0.2,SARSA + PS,42,461,-56,41,4,1
0.2,SARSA + PS,42,462,-31,34,2,1
0.2,SARSA + PS,42,463,-36,30,3,1
0.2,SARSA + PS,42,464,-14,17,2,1
0.2,SARSA + PS,42,465,-13,16,2,1
0.2,SARSA + PS,42,466,-18,21,2,1
0.2,SARSA + PS,42,467,13,8,0,1
0.2,SARSA + PS,42,468,6,15,0,1
0.2,SARSA + PS,42,469,-86,71,4,1
0.2,SARSA + PS,42,470,11,10,0,1
0.2,SARSA + PS,42,471,8,13,0,1
0.2,SARSA + PS,42,472,4,17,0,1
0.2,SARSA + PS,42,473,-12,24,1,1
0.2,SARSA + PS,42,474,-18,21,2,1
0.2,SARSA + PS,42,475,0,21,0,1
0.2,SARSA + PS,42,476,-43,46,2,1
0.2,SARSA + PS,42,477,-70,46,5,1
0.2,SARSA + PS,42,478,-92,41,8,1
0.2,SARSA + PS,42,479,7,14,0,1
0.2,SARSA + PS,42,480,-23,26,2,1
0.2,SARSA + PS,42,481,9,12,0,1
0.2,SARSA + PS,42,482,4,17,0,1
0.2,SARSA + PS,42,483,-6,18,1,1
0.2,SARSA + PS,42,484,10,11,0,1
0.2,SARSA + PS,42,485,9,12,0,1
0.2,SARSA + PS,42,486,-14,26,1,1
0.2,SARSA + PS,42,487,-222,171,8,1
0.2,SARSA + PS,42,488,1,11,1,1
0.2,SARSA + PS,42,489,-62,65,2,1
0.2,SARSA + PS,42,490,-10,22,1,1
0.2,SARSA + PS,42,491,-24,27,2,1
0.2,SARSA + PS,42,492,-9,12,2,1
0.2,SARSA + PS,42,493,-34,37,2,1
0.2,SARSA + PS,42,494,13,8,0,1
0.2,SARSA + PS,42,495,6,15,0,1
0.2,SARSA + PS,42,496,-4,16,1,1
0.2,SARSA + PS,42,497,-30,42,1,1
0.2,SARSA + PS,42,498,-14,17,2,1
0.2,SARSA + PS,42,499,-2,23,0,1
0.2,SARSA + PS,123,0,-722,200,58,0
0.2,SARSA + PS,123,1,-686,200,54,0
0.2,SARSA + PS,123,2,-605,200,45,0
0.2,SARSA + PS,123,3,-524,200,36,0
0.2,SARSA + PS,123,4,-632,200,48,0
0.2,SARSA + PS,123,5,-677,200,53,0
0.2,SARSA + PS,123,6,-605,200,45,0
0.2,SARSA + PS,123,7,-560,200,40,0
0.2,SARSA + PS,123,8,-614,200,46,0
0.2,SARSA + PS,123,9,-623,200,47,0
0.2,SARSA + PS,123,10,-722,200,58,0
0.2,SARSA + PS,123,11,-677,200,53,0
0.2,SARSA + PS,123,12,-659,200,51,0
0.2,SARSA + PS,123,13,-578,200,42,0
0.2,SARSA + PS,123,14,-677,200,53,0
0.2,SARSA + PS,123,15,-632,200,48,0
0.2,SARSA + PS,123,16,-353,95,31,1
0.2,SARSA + PS,123,17,-686,200,54,0
0.2,SARSA + PS,123,18,-668,200,52,0
0.2,SARSA + PS,123,19,-362,200,18,0
0.2,SARSA + PS,123,20,-335,200,15,0
0.2,SARSA + PS,123,21,-650,200,50,0
0.2,SARSA + PS,123,22,-713,200,57,0
0.2,SARSA + PS,123,23,-299,200,11,0
0.2,SARSA + PS,123,24,-344,200,16,0
0.2,SARSA + PS,123,25,-722,200,58,0
0.2,SARSA + PS,123,26,-299,200,11,0
0.2,SARSA + PS,123,27,-554,188,43,1
0.2,SARSA + PS,123,28,-290,200,10,0
0.2,SARSA + PS,123,29,-470,200,30,0
0.2,SARSA + PS,123,30,-542,200,38,0
0.2,SARSA + PS,123,31,-362,200,18,0
0.2,SARSA + PS,123,32,-722,200,58,0
0.2,SARSA + PS,123,33,-101,77,5,1
0.2,SARSA + PS,123,34,-551,200,39,0
0.2,SARSA + PS,123,35,-353,200,17,0
0.2,SARSA + PS,123,36,-308,200,12,0
0.2,SARSA + PS,123,37,-686,200,54,0
0.2,SARSA + PS,123,38,-227,200,3,0
0.2,SARSA + PS,123,39,-227,200,3,0
0.2,SARSA + PS,123,40,-299,200,11,0
0.2,SARSA + PS,123,41,-263,200,7,0
0.2,SARSA + PS,123,42,-299,200,11,0
0.2,SARSA + PS,123,43,-569,200,41,0
0.2,SARSA + PS,123,44,-515,200,35,0
0.2,SARSA + PS,123,45,-299,200,11,0
0.2,SARSA + PS,123,46,-228,114,15,1
0.2,SARSA + PS,123,47,-120,87,6,1
0.2,SARSA + PS,123,48,-362,200,18,0
0.2,SARSA + PS,123,49,-254,200,6,0
0.2,SARSA + PS,123,50,-87,54,6,1
0.2,SARSA + PS,123,51,-50,53,2,1
0.2,SARSA + PS,123,52,-177,99,11,1
0.2,SARSA + PS,123,53,-202,142,9,1
0.2,SARSA + PS,123,54,-317,200,13,0
0.2,SARSA + PS,123,55,-335,200,15,0
0.2,SARSA + PS,123,56,-380,200,20,0
0.2,SARSA + PS,123,57,-281,200,9,0
0.2,SARSA + PS,123,58,-272,200,8,0
0.2,SARSA + PS,123,59,-253,175,11,1
0.2,SARSA + PS,123,60,-64,31,6,1
0.2,SARSA + PS,123,61,-112,79,6,1
0.2,SARSA + PS,123,62,-308,200,12,0
0.2,SARSA + PS,123,63,-335,200,15,0
0.2,SARSA + PS,123,64,-506,200,34,0
0.2,SARSA + PS,123,65,-272,200,8,0
0.2,SARSA + PS,123,66,-47,50,2,1
0.2,SARSA + PS,123,67,-317,200,13,0
0.2,SARSA + PS,123,68,-46,40,3,1
0.2,SARSA + PS,123,69,-35,38,2,1
0.2,SARSA + PS,123,70,-256,187,10,1
0.2,SARSA + PS,123,71,-60,54,3,1
0.2,SARSA + PS,123,72,-168,144,5,1
0.2,SARSA + PS,123,73,-326,200,14,0
0.2,SARSA + PS,123,74,-317,200,13,0
0.2,SARSA + PS,123,75,-200,149,8,1
0.2,SARSA + PS,123,76,-78,54,5,1
0.2,SARSA + PS,123,77,-213,153,9,1
0.2,SARSA + PS,123,78,-344,200,16,0
0.2,SARSA + PS,123,79,-317,200,13,0
0.2,SARSA + PS,123,80,-344,200,16,0
0.2,SARSA + PS,123,81,-362,200,18,0
0.2,SARSA + PS,123,82,-263,200,7,0
0.2,SARSA + PS,123,83,-362,200,18,0
0.2,SARSA + PS,123,84,-59,62,2,1
0.2,SARSA + PS,123,85,-18,12,3,1
0.2,SARSA + PS,123,86,-140,107,6,1
0.2,SARSA + PS,123,87,-308,200,12,0
0.2,SARSA + PS,123,88,-30,24,3,1
0.2,SARSA + PS,123,89,-317,200,13,0
0.2,SARSA + PS,123,90,-308,200,12,0
0.2,SARSA + PS,123,91,-308,200,12,0
0.2,SARSA + PS,123,92,-317,200,13,0
0.2,SARSA + PS,123,93,-344,200,16,0
0.2,SARSA + PS,123,94,-16,19,2,1
0.2,SARSA + PS,123,95,-43,37,3,1
0.2,SARSA + PS,123,96,-5,26,0,1
0.2,SARSA + PS,123,97,-326,200,14,0
0.2,SARSA + PS,123,98,-254,200,6,0
0.2,SARSA + PS,123,99,12,9,0,1
0.2,SARSA + PS,123,100,-38,32,3,1
0.2,SARSA + PS,123,101,-25,28,2,1
0.2,SARSA + PS,123,102,-140,107,6,1
0.2,SARSA + PS,123,103,-86,53,6,1
0.2,SARSA + PS,123,104,0,12,1,1
0.2,SARSA + PS,123,105,-44,38,3,1
0.2,SARSA + PS,123,106,-90,66,5,1
0.2,SARSA + PS,123,107,12,9,0,1
0.2,SARSA + PS,123,108,-317,200,13,0
0.2,SARSA + PS,123,109,-8,11,2,1
0.2,SARSA + PS,123,110,-125,65,9,1
0.2,SARSA + PS,123,111,-105,81,5,1
0.2,SARSA + PS,123,112,10,11,0,1
0.2,SARSA + PS,123,113,-15,27,1,1
0.2,SARSA + PS,123,114,-335,200,15,0
0.2,SARSA + PS,123,115,-146,113,6,1
0.2,SARSA + PS,123,116,-143,128,4,1
0.2,SARSA + PS,123,117,-12,33,0,1
0.2,SARSA + PS,123,118,-23,26,2,1
0.2,SARSA + PS,123,119,-21,24,2,1
0.2,SARSA + PS,123,120,-102,87,4,1
0.2,SARSA + PS,123,121,-30,33,2,1
0.2,SARSA + PS,123,122,-16,19,2,1
0.2,SARSA + PS,123,123,-40,52,1,1
0.2,SARSA + PS,123,124,-335,200,15,0
0.2,SARSA + PS,123,125,-69,72,2,1
0.2,SARSA + PS,123,126,-219,141,11,1
0.2,SARSA + PS,123,127,14,7,0,1
0.2,SARSA + PS,123,128,-204,144,9,1
0.2,SARSA + PS,123,129,-267,162,14,1
0.2,SARSA + PS,123,130,-257,161,13,1
0.2,SARSA + PS,123,131,-64,49,4,1
0.2,SARSA + PS,123,132,3,18,0,1
0.2,SARSA + PS,123,133,-214,127,12,1
0.2,SARSA + PS,123,134,-110,104,3,1
0.2,SARSA + PS,123,135,-298,175,16,1
0.2,SARSA + PS,123,136,-146,95,8,1
0.2,SARSA + PS,123,137,-10,31,0,1
0.2,SARSA + PS,123,138,-299,200,11,0
0.2,SARSA + PS,123,139,-175,106,10,1
0.2,SARSA + PS,123,140,-46,40,3,1
0.2,SARSA + PS,123,141,10,11,0,1
0.2,SARSA + PS,123,142,-45,48,2,1
0.2,SARSA + PS,123,143,14,7,0,1
0.2,SARSA + PS,123,144,2,10,1,1
0.2,SARSA + PS,123,145,-133,82,8,1
0.2,SARSA + PS,123,146,-308,200,12,0
0.2,SARSA + PS,123,147,-94,70,5,1
0.2,SARSA + PS,123,148,-69,54,4,1
0.2,SARSA + PS,123,149,-14,26,1,1
0.2,SARSA + PS,123,150,-163,112,8,1
0.2,SARSA + PS,123,151,-156,87,10,1
0.2,SARSA + PS,123,152,-94,88,3,1
0.2,SARSA + PS,123,153,15,6,0,1
0.2,SARSA + PS,123,154,-353,200,17,0
0.2,SARSA + PS,123,155,9,12,0,1
0.2,SARSA + PS,123,156,-144,102,7,1
0.2,SARSA + PS,123,157,-74,41,6,1
0.2,SARSA + PS,123,158,4,17,0,1
0.2,SARSA + PS,123,159,-3,15,1,1
0.2,SARSA + PS,123,160,-281,200,9,0
0.2,SARSA + PS,123,161,-380,200,20,0
0.2,SARSA + PS,123,162,-1,13,1,1
0.2,SARSA + PS,123,163,-3,15,1,1
0.2,SARSA + PS,123,164,-33,45,1,1
0.2,SARSA + PS,123,165,-290,200,10,0
0.2,SARSA + PS,123,166,-226,139,12,1
0.2,SARSA + PS,123,167,-62,56,3,1
0.2,SARSA + PS,123,168,-268,190,11,1
0.2,SARSA + PS,123,169,-260,164,13,1
0.2,SARSA + PS,123,170,-1,22,0,1
0.2,SARSA + PS,123,171,-18,21,2,1
0.2,SARSA + PS,123,172,-6,18,1,1
0.2,SARSA + PS,123,173,-362,200,18,0
0.2,SARSA + PS,123,174,-281,200,9,0
0.2,SARSA + PS,123,175,-55,58,2,1
0.2,SARSA + PS,123,176,-308,200,12,0
0.2,SARSA + PS,123,177,-308,200,12,0
0.2,SARSA + PS,123,178,-31,34,2,1
0.2,SARSA + PS,123,179,0,12,1,1
0.2,SARSA + PS,123,180,-46,31,4,1
0.2,SARSA + PS,123,181,-79,73,3,1
0.2,SARSA + PS,123,182,-83,59,5,1
0.2,SARSA + PS,123,183,-70,46,5,1
0.2,SARSA + PS,123,184,-335,200,15,0
0.2,SARSA + PS,123,185,-36,30,3,1
0.2,SARSA + PS,123,186,-353,200,17,0
0.2,SARSA + PS,123,187,-8,20,1,1
0.2,SARSA + PS,123,188,-137,77,9,1
0.2,SARSA + PS,123,189,-362,200,18,0
0.2,SARSA + PS,123,190,-286,199,12,1
0.2,SARSA + PS,123,191,-68,53,4,1
0.2,SARSA + PS,123,192,-118,94,5,1
0.2,SARSA + PS,123,193,-17,11,3,1
0.2,SARSA + PS,123,194,-48,42,3,1
0.2,SARSA + PS,123,195,12,9,0,1
0.2,SARSA + PS,123,196,-49,52,2,1
0.2,SARSA + PS,123,197,-59,62,2,1
0.2,SARSA + PS,123,198,-2,14,1,1
0.2,SARSA + PS,123,199,-362,200,18,0
0.2,SARSA + PS,123,200,-48,51,2,1
0.2,SARSA + PS,123,201,11,10,0,1
0.2,SARSA + PS,123,202,-326,200,14,0
0.2,SARSA + PS,123,203,1,11,1,1
0.2,SARSA + PS,123,204,-212,152,9,1
0.2,SARSA + PS,123,205,-248,134,15,1
0.2,SARSA + PS,123,206,-299,200,11,0
0.2,SARSA + PS,123,207,-78,45,6,1
0.2,SARSA + PS,123,208,-8,11,2,1
0.2,SARSA + PS,123,209,0,12,1,1
0.2,SARSA + PS,123,210,-317,200,13,0
0.2,SARSA + PS,123,211,12,9,0,1
0.2,SARSA + PS,123,212,-88,64,5,1
0.2,SARSA + PS,123,213,-178,136,7,1
0.2,SARSA + PS,123,214,-6,18,1,1
0.2,SARSA + PS,123,215,10,11,0,1
0.2,SARSA + PS,123,216,4,17,0,1
0.2,SARSA + PS,123,217,12,9,0,1
0.2,SARSA + PS,123,218,-78,45,6,1
0.2,SARSA + PS,123,219,7,14,0,1
0.2,SARSA + PS,123,220,-317,200,13,0
0.2,SARSA + PS,123,221,-11,23,1,1
0.2,SARSA + PS,123,222,-7,19,1,1
0.2,SARSA + PS,123,223,-290,200,10,0
0.2,SARSA + PS,123,224,-93,51,7,1
0.2,SARSA + PS,123,225,-210,114,13,1
0.2,SARSA + PS,123,226,-31,52,0,1
0.2,SARSA + PS,123,227,2,19,0,1
0.2,SARSA + PS,123,228,-9,12,2,1
0.2,SARSA + PS,123,229,-353,200,17,0
0.2,SARSA + PS,123,230,-48,42,3,1
0.2,SARSA + PS,123,231,-68,62,3,1
0.2,SARSA + PS,123,232,-12,15,2,1
0.2,SARSA + PS,123,233,-130,88,7,1
0.2,SARSA + PS,123,234,-55,49,3,1
0.2,SARSA + PS,123,235,-17,20,2,1
0.2,SARSA + PS,123,236,10,11,0,1
0.2,SARSA + PS,123,237,1,20,0,1
0.2,SARSA + PS,123,238,-1,22,0,1
0.2,SARSA + PS,123,239,-18,21,2,1
0.2,SARSA + PS,123,240,-121,79,7,1
0.2,SARSA + PS,123,241,-308,200,12,0
0.2,SARSA + PS,123,242,9,12,0,1
0.2,SARSA + PS,123,243,-16,28,1,1
0.2,SARSA + PS,123,244,-58,61,2,1
0.2,SARSA + PS,123,245,6,15,0,1
0.2,SARSA + PS,123,246,6,15,0,1
0.2,SARSA + PS,123,247,-179,101,11,1
0.2,SARSA + PS,123,248,-8,20,1,1
0.2,SARSA + PS,123,249,-12,15,2,1
0.2,SARSA + PS,123,250,-36,30,3,1
0.2,SARSA + PS,123,251,-25,28,2,1
0.2,SARSA + PS,123,252,4,17,0,1
0.2,SARSA + PS,123,253,-262,148,15,1
0.2,SARSA + PS,123,254,4,17,0,1
0.2,SARSA + PS,123,255,-14,26,1,1
0.2,SARSA + PS,123,256,-126,84,7,1
0.2,SARSA + PS,123,257,1,20,0,1
0.2,SARSA + PS,123,258,-38,32,3,1
0.2,SARSA + PS,123,259,-52,46,3,1
0.2,SARSA + PS,123,260,-204,108,13,1
0.2,SARSA + PS,123,261,4,17,0,1
0.2,SARSA + PS,123,262,-88,73,4,1
0.2,SARSA + PS,123,263,-144,120,5,1
0.2,SARSA + PS,123,264,-1,13,1,1
0.2,SARSA + PS,123,265,-37,40,2,1
0.2,SARSA + PS,123,266,12,9,0,1
0.2,SARSA + PS,123,267,-24,36,1,1
0.2,SARSA + PS,123,268,15,6,0,1
0.2,SARSA + PS,123,269,-113,53,9,1
0.2,SARSA + PS,123,270,-12,24,1,1
0.2,SARSA + PS,123,271,12,9,0,1
0.2,SARSA + PS,123,272,-50,53,2,1
0.2,SARSA + PS,123,273,-6,18,1,1
0.2,SARSA + PS,123,274,-3,15,1,1
0.2,SARSA + PS,123,275,7,14,0,1
0.2,SARSA + PS,123,276,-6,18,1,1
0.2,SARSA + PS,123,277,-13,34,0,1
0.2,SARSA + PS,123,278,-174,132,7,1
0.2,SARSA + PS,123,279,-13,34,0,1
0.2,SARSA + PS,123,280,4,8,1,1
0.2,SARSA + PS,123,281,-2,14,1,1
0.2,SARSA + PS,123,282,-335,200,15,0
0.2,SARSA + PS,123,283,-73,58,4,1
0.2,SARSA + PS,123,284,-49,25,5,1
0.2,SARSA + PS,123,285,3,18,0,1
0.2,SARSA + PS,123,286,-39,33,3,1
0.2,SARSA + PS,123,287,-28,22,3,1
0.2,SARSA + PS,123,288,2,19,0,1
0.2,SARSA + PS,123,289,0,12,1,1
0.2,SARSA + PS,123,290,4,8,1,1
0.2,SARSA + PS,123,291,-11,14,2,1
0.2,SARSA + PS,123,292,-182,131,8,1
0.2,SARSA + PS,123,293,-2,14,1,1
0.2,SARSA + PS,123,294,11,10,0,1
0.2,SARSA + PS,123,295,-75,51,5,1
0.2,SARSA + PS,123,296,-71,47,5,1
0.2,SARSA + PS,123,297,1,11,1,1
0.2,SARSA + PS,123,298,-32,26,3,1
0.2,SARSA + PS,123,299,-15,27,1,1
0.2,SARSA + PS,123,300,-5,26,0,1
0.2,SARSA + PS,123,301,-98,74,5,1
0.2,SARSA + PS,123,302,-142,91,8,1
0.2,SARSA + PS,123,303,10,11,0,1
0.2,SARSA + PS,123,304,-335,200,15,0
0.2,SARSA + PS,123,305,3,18,0,1
0.2,SARSA + PS,123,306,10,11,0,1
0.2,SARSA + PS,123,307,-78,45,6,1
0.2,SARSA + PS,123,308,-23,44,0,1
0.2,SARSA + PS,123,309,-6,18,1,1
0.2,SARSA + PS,123,310,-113,80,6,1
0.2,SARSA + PS,123,311,-177,117,9,1
0.2,SARSA + PS,123,312,-2,14,1,1
0.2,SARSA + PS,123,313,-10,22,1,1
0.2,SARSA + PS,123,314,-4,16,1,1
0.2,SARSA + PS,123,315,-15,27,1,1
0.2,SARSA + PS,123,316,-1,22,0,1
0.2,SARSA + PS,123,317,-2,23,0,1
0.2,SARSA + PS,123,318,4,8,1,1
0.2,SARSA + PS,123,319,10,11,0,1
0.2,SARSA + PS,123,320,-249,162,12,1
0.2,SARSA + PS,123,321,9,12,0,1
0.2,SARSA + PS,123,322,6,15,0,1
0.2,SARSA + PS,123,323,-23,26,2,1
0.2,SARSA + PS,123,324,-20,23,2,1
0.2,SARSA + PS,123,325,-12,24,1,1
0.2,SARSA + PS,123,326,-41,35,3,1
0.2,SARSA + PS,123,327,-193,142,8,1
0.2,SARSA + PS,123,328,-64,49,4,1
0.2,SARSA + PS,123,329,12,9,0,1
0.2,SARSA + PS,123,330,-203,143,9,1
0.2,SARSA + PS,123,331,-27,30,2,1
0.2,SARSA + PS,123,332,-13,25,1,1
0.2,SARSA + PS,123,333,-4,16,1,1
0.2,SARSA + PS,123,334,0,21,0,1
0.2,SARSA + PS,123,335,-13,25,1,1
0.2,SARSA + PS,123,336,-9,21,1,1
0.2,SARSA + PS,123,337,-25,28,2,1
0.2,SARSA + PS,123,338,-8,20,1,1
0.2,SARSA + PS,123,339,-93,60,6,1
0.2,SARSA + PS,123,340,1,20,0,1
0.2,SARSA + PS,123,341,10,11,0,1
0.2,SARSA + PS,123,342,-11,32,0,1
0.2,SARSA + PS,123,343,-8,20,1,1
0.2,SARSA + PS,123,344,6,15,0,1
0.2,SARSA + PS,123,345,2,10,1,1
0.2,SARSA + PS,123,346,-19,31,1,1
0.2,SARSA + PS,123,347,12,9,0,1
0.2,SARSA + PS,123,348,-57,51,3,1
0.2,SARSA + PS,123,349,-1,13,1,1
0.2,SARSA + PS,123,350,-8,20,1,1
0.2,SARSA + PS,123,351,0,12,1,1
0.2,SARSA + PS,123,352,3,18,0,1
0.2,SARSA + PS,123,353,-36,30,3,1
0.2,SARSA + PS,123,354,-96,90,3,1
0.2,SARSA + PS,123,355,-18,21,2,1
0.2,SARSA + PS,123,356,-10,22,1,1
0.2,SARSA + PS,123,357,8,13,0,1
0.2,SARSA + PS,123,358,-75,51,5,1
0.2,SARSA + PS,123,359,-25,28,2,1
0.2,SARSA + PS,123,360,-25,37,1,1
0.2,SARSA + PS,123,361,-200,122,11,1
0.2,SARSA + PS,123,362,9,12,0,1
0.2,SARSA + PS,123,363,-45,48,2,1
0.2,SARSA + PS,123,364,8,13,0,1
0.2,SARSA + PS,123,365,-27,30,2,1
0.2,SARSA + PS,123,366,-50,35,4,1
0.2,SARSA + PS,123,367,-9,21,1,1
0.2,SARSA + PS,123,368,-5,26,0,1
0.2,SARSA + PS,123,369,-31,34,2,1
0.2,SARSA + PS,123,370,-64,58,3,1
0.2,SARSA + PS,123,371,-47,50,2,1
0.2,SARSA + PS,123,372,-48,42,3,1
0.2,SARSA + PS,123,373,-10,22,1,1
0.2,SARSA + PS,123,374,-78,72,3,1
0.2,SARSA + PS,123,375,11,10,0,1
0.2,SARSA + PS,123,376,-22,34,1,1
0.2,SARSA + PS,123,377,-20,23,2,1
0.2,SARSA + PS,123,378,1,11,1,1
0.2,SARSA + PS,123,379,13,8,0,1
0.2,SARSA + PS,123,380,-38,32,3,1
0.2,SARSA + PS,123,381,-27,30,2,1
0.2,SARSA + PS,123,382,2,19,0,1
0.2,SARSA + PS,123,383,-10,13,2,1
0.2,SARSA + PS,123,384,-7,19,1,1
0.2,SARSA + PS,123,385,7,14,0,1
0.2,SARSA + PS,123,386,3,9,1,1
0.2,SARSA + PS,123,387,8,13,0,1
0.2,SARSA + PS,123,388,-100,76,5,1
0.2,SARSA + PS,123,389,14,7,0,1
0.2,SARSA + PS,123,390,2,19,0,1
0.2,SARSA + PS,123,391,-43,28,4,1
0.2,SARSA + PS,123,392,-118,67,8,1
0.2,SARSA + PS,123,393,-40,25,4,1
0.2,SARSA + PS,123,394,6,15,0,1
0.2,SARSA + PS,123,395,-51,54,2,1
0.2,SARSA + PS,123,396,-25,28,2,1
0.2,SARSA + PS,123,397,0,21,0,1
0.2,SARSA + PS,123,398,-8,20,1,1
0.2,SARSA + PS,123,399,-11,23,1,1
0.2,SARSA + PS,123,400,11,10,0,1
0.2,SARSA + PS,123,401,-3,15,1,1
0.2,SARSA + PS,123,402,-8,20,1,1
0.2,SARSA + PS,123,403,11,10,0,1
0.2,SARSA + PS,123,404,9,12,0,1
0.2,SARSA + PS,123,405,-14,35,0,1
0.2,SARSA + PS,123,406,-32,26,3,1
0.2,SARSA + PS,123,407,11,10,0,1
0.2,SARSA + PS,123,408,-18,39,0,1
0.2,SARSA + PS,123,409,-12,24,1,1
0.2,SARSA + PS,123,410,-19,22,2,1
0.2,SARSA + PS,123,411,8,13,0,1
0.2,SARSA + PS,123,412,-154,103,8,1
0.2,SARSA + PS,123,413,11,10,0,1
0.2,SARSA + PS,123,414,-18,21,2,1
0.2,SARSA + PS,123,415,-6,18,1,1
0.2,SARSA + PS,123,416,-65,59,3,1
0.2,SARSA + PS,123,417,-23,26,2,1
0.2,SARSA + PS,123,418,-18,21,2,1
0.2,SARSA + PS,123,419,-9,21,1,1
0.2,SARSA + PS,123,420,3,18,0,1
0.2,SARSA + PS,123,421,-371,200,19,0
0.2,SARSA + PS,123,422,10,11,0,1
0.2,SARSA + PS,123,423,-103,70,6,1
0.2,SARSA + PS,123,424,-64,49,4,1
0.2,SARSA + PS,123,425,10,11,0,1
0.2,SARSA + PS,123,426,-85,88,2,1
0.2,SARSA + PS,123,427,-27,30,2,1
0.2,SARSA + PS,123,428,-12,24,1,1
0.2,SARSA + PS,123,429,-101,86,4,1
0.2,SARSA + PS,123,430,-60,45,4,1
0.2,SARSA + PS,123,431,9,12,0,1
0.2,SARSA + PS,123,432,-131,107,5,1
0.2,SARSA + PS,123,433,-32,44,1,1
0.2,SARSA + PS,123,434,-12,24,1,1
0.2,SARSA + PS,123,435,-7,19,1,1
0.2,SARSA + PS,123,436,12,9,0,1
0.2,SARSA + PS,123,437,-39,24,4,1
0.2,SARSA + PS,123,438,9,12,0,1
0.2,SARSA + PS,123,439,-21,33,1,1
0.2,SARSA + PS,123,440,-4,16,1,1
0.2,SARSA + PS,123,441,-4,16,1,1
0.2,SARSA + PS,123,442,9,12,0,1
0.2,SARSA + PS,123,443,-27,30,2,1
0.2,SARSA + PS,123,444,0,21,0,1
0.2,SARSA + PS,123,445,-11,14,2,1
0.2,SARSA + PS,123,446,-10,22,1,1
0.2,SARSA + PS,123,447,-152,128,5,1
0.2,SARSA + PS,123,448,-10,22,1,1
0.2,SARSA + PS,123,449,1,11,1,1
0.2,SARSA + PS,123,450,-97,55,7,1
0.2,SARSA + PS,123,451,-25,19,3,1
0.2,SARSA + PS,123,452,-29,41,1,1
0.2,SARSA + PS,123,453,-46,40,3,1
0.2,SARSA + PS,123,454,-7,19,1,1
0.2,SARSA + PS,123,455,-12,33,0,1
0.2,SARSA + PS,123,456,-72,57,4,1
0.2,SARSA + PS,123,457,14,7,0,1
0.2,SARSA + PS,123,458,-242,155,12,1
0.2,SARSA + PS,123,459,-39,33,3,1
0.2,SARSA + PS,123,460,-48,42,3,1
0.2,SARSA + PS,123,461,-159,108,8,1
0.2,SARSA + PS,123,462,-1,22,0,1
0.2,SARSA + PS,123,463,-1,13,1,1
0.2,SARSA + PS,123,464,4,17,0,1
0.2,SARSA + PS,123,465,-10,13,2,1
0.2,SARSA + PS,123,466,-145,112,6,1
0.2,SARSA + PS,123,467,-1,13,1,1
0.2,SARSA + PS,123,468,10,11,0,1
0.2,SARSA + PS,123,469,4,17,0,1
0.2,SARSA + PS,123,470,7,14,0,1
0.2,SARSA + PS,123,471,-52,37,4,1
0.2,SARSA + PS,123,472,-4,16,1,1
0.2,SARSA + PS,123,473,-40,34,3,1
0.2,SARSA + PS,123,474,-8,11,2,1
0.2,SARSA + PS,123,475,4,17,0,1
0.2,SARSA + PS,123,476,-16,19,2,1
0.2,SARSA + PS,123,477,-110,104,3,1
0.2,SARSA + PS,123,478,7,14,0,1
0.2,SARSA + PS,123,479,-12,24,1,1
0.2,SARSA + PS,123,480,-5,17,1,1
0.2,SARSA + PS,123,481,-28,31,2,1
0.2,SARSA + PS,123,482,-106,82,5,1
0.2,SARSA + PS,123,483,-15,27,1,1
0.2,SARSA + PS,123,484,-11,14,2,1
0.2,SARSA + PS,123,485,8,13,0,1
0.2,SARSA + PS,123,486,-13,25,1,1
0.2,SARSA + PS,123,487,-104,89,4,1
0.2,SARSA + PS,123,488,10,11,0,1
0.2,SARSA + PS,123,489,4,17,0,1
0.2,SARSA + PS,123,490,-5,17,1,1
0.2,SARSA + PS,123,491,-48,33,4,1
0.2,SARSA + PS,123,492,11,10,0,1
0.2,SARSA + PS,123,493,-21,33,1,1
0.2,SARSA + PS,123,494,-17,29,1,1
0.2,SARSA + PS,123,495,-9,21,1,1
0.2,SARSA + PS,123,496,-11,23,1,1
0.2,SARSA + PS,123,497,-77,53,5,1
0.2,SARSA + PS,123,498,5,16,0,1
0.2,SARSA + PS,123,499,-43,46,2,1
0.2,SARSA + PS,777,0,-722,200,58,0
0.2,SARSA + PS,777,1,-704,200,56,0
0.2,SARSA + PS,777,2,-713,200,57,0
0.2,SARSA + PS,777,3,-776,200,64,0
0.2,SARSA + PS,777,4,-542,200,38,0
0.2,SARSA + PS,777,5,-641,200,49,0
0.2,SARSA + PS,777,6,-767,200,63,0
0.2,SARSA + PS,777,7,-596,200,44,0
0.2,SARSA + PS,777,8,-704,200,56,0
0.2,SARSA + PS,777,9,-685,193,57,1
0.2,SARSA + PS,777,10,-326,200,14,0
0.2,SARSA + PS,777,11,-587,200,43,0
0.2,SARSA + PS,777,12,-344,200,16,0
0.2,SARSA + PS,777,13,-569,200,41,0
0.2,SARSA + PS,777,14,-668,200,52,0
0.2,SARSA + PS,777,15,-308,200,12,0
0.2,SARSA + PS,777,16,-314,101,26,1
0.2,SARSA + PS,777,17,-596,200,44,0
0.2,SARSA + PS,777,18,-335,200,15,0
0.2,SARSA + PS,777,19,-668,200,52,0
0.2,SARSA + PS,777,20,-713,200,57,0
0.2,SARSA + PS,777,21,-392,152,29,1
0.2,SARSA + PS,777,22,-659,200,51,0
0.2,SARSA + PS,777,23,-335,200,15,0
0.2,SARSA + PS,777,24,-506,200,34,0
0.2,SARSA + PS,777,25,-117,93,5,1
0.2,SARSA + PS,777,26,-527,170,42,1
0.2,SARSA + PS,777,27,-71,38,6,1
0.2,SARSA + PS,777,28,-821,200,69,0
0.2,SARSA + PS,777,29,-461,200,29,0
0.2,SARSA + PS,777,30,-456,162,35,1
0.2,SARSA + PS,777,31,-713,200,57,0
0.2,SARSA + PS,777,32,-272,200,8,0
0.2,SARSA + PS,777,33,-189,111,11,1
0.2,SARSA + PS,777,34,-758,200,62,0
0.2,SARSA + PS,777,35,-281,200,9,0
0.2,SARSA + PS,777,36,-344,200,16,0
0.2,SARSA + PS,777,37,-10,22,1,1
0.2,SARSA + PS,777,38,-443,200,27,0
0.2,SARSA + PS,777,39,-569,200,41,0
0.2,SARSA + PS,777,40,-299,200,11,0
0.2,SARSA + PS,777,41,-326,200,14,0
0.2,SARSA + PS,777,42,-136,121,4,1
0.2,SARSA + PS,777,43,-443,200,27,0
0.2,SARSA + PS,777,44,-269,137,17,1
0.2,SARSA + PS,777,45,-84,42,7,1
0.2,SARSA + PS,777,46,-326,200,14,0
0.2,SARSA + PS,777,47,-290,200,10,0
0.2,SARSA + PS,777,48,-7,19,1,1
0.2,SARSA + PS,777,49,-50,44,3,1
0.2,SARSA + PS,777,50,-308,200,12,0
0.2,SARSA + PS,777,51,-332,155,22,1
0.2,SARSA + PS,777,52,-407,200,23,0
0.2,SARSA + PS,777,53,-140,107,6,1
0.2,SARSA + PS,777,54,-459,138,38,1
0.2,SARSA + PS,777,55,-49,43,3,1
0.2,SARSA + PS,777,56,-265,196,10,1
0.2,SARSA + PS,777,57,-337,187,19,1
0.2,SARSA + PS,777,58,-149,107,7,1
0.2,SARSA + PS,777,59,-299,200,11,0
0.2,SARSA + PS,777,60,-260,173,12,1
0.2,SARSA + PS,777,61,-248,152,13,1
0.2,SARSA + PS,777,62,-170,119,8,1
0.2,SARSA + PS,777,63,-63,66,2,1
0.2,SARSA + PS,777,64,-99,84,4,1
0.2,SARSA + PS,777,65,-164,113,8,1
0.2,SARSA + PS,777,66,-344,200,16,0
0.2,SARSA + PS,777,67,-272,200,8,0
0.2,SARSA + PS,777,68,-326,200,14,0
0.2,SARSA + PS,777,69,-317,200,13,0
0.2,SARSA + PS,777,70,-90,75,4,1
0.2,SARSA + PS,777,71,-308,200,12,0
0.2,SARSA + PS,777,72,-27,39,1,1
0.2,SARSA + PS,777,73,-61,55,3,1
0.2,SARSA + PS,777,74,-74,68,3,1
0.2,SARSA + PS,777,75,-10,22,1,1
0.2,SARSA + PS,777,76,-117,75,7,1
0.2,SARSA + PS,777,77,-32,53,0,1
0.2,SARSA + PS,777,78,-161,110,8,1
0.2,SARSA + PS,777,79,3,9,1,1
0.2,SARSA + PS,777,80,-335,200,15,0
0.2,SARSA + PS,777,81,-335,200,15,0
0.2,SARSA + PS,777,82,-308,200,12,0
0.2,SARSA + PS,777,83,-129,87,7,1
0.2,SARSA + PS,777,84,-182,131,8,1
0.2,SARSA + PS,777,85,-308,200,12,0
0.2,SARSA + PS,777,86,-278,173,14,1
0.2,SARSA + PS,777,87,-380,200,20,0
0.2,SARSA + PS,777,88,-36,39,2,1
0.2,SARSA + PS,777,89,-124,82,7,1
0.2,SARSA + PS,777,90,-110,68,7,1
0.2,SARSA + PS,777,91,-134,65,10,1
0.2,SARSA + PS,777,92,-362,200,18,0
0.2,SARSA + PS,777,93,2,19,0,1
0.2,SARSA + PS,777,94,-25,37,1,1
0.2,SARSA + PS,777,95,-80,56,5,1
0.2,SARSA + PS,777,96,-66,51,4,1
0.2,SARSA + PS,777,97,-353,200,17,0
0.2,SARSA + PS,777,98,-89,65,5,1
0.2,SARSA + PS,777,99,-16,37,0,1
0.2,SARSA + PS,777,100,-317,200,13,0
0.2,SARSA + PS,777,101,-91,76,4,1
0.2,SARSA + PS,777,102,-308,200,12,0
0.2,SARSA + PS,777,103,1,20,0,1
0.2,SARSA + PS,777,104,-82,40,7,1
0.2,SARSA + PS,777,105,-177,126,8,1
0.2,SARSA + PS,777,106,-173,131,7,1
0.2,SARSA + PS,777,107,-21,33,1,1
0.2,SARSA + PS,777,108,-185,143,7,1
0.2,SARSA + PS,777,109,-281,200,9,0
0.2,SARSA + PS,777,110,-73,67,3,1
0.2,SARSA + PS,777,111,-15,27,1,1
0.2,SARSA + PS,777,112,10,11,0,1
0.2,SARSA + PS,777,113,-14,26,1,1
0.2,SARSA + PS,777,114,-93,69,5,1
0.2,SARSA + PS,777,115,12,9,0,1
0.2,SARSA + PS,777,116,-335,200,15,0
0.2,SARSA + PS,777,117,-299,200,11,0
0.2,SARSA + PS,777,118,-335,200,15,0
0.2,SARSA + PS,777,119,-79,55,5,1
0.2,SARSA + PS,777,120,-306,183,16,1
0.2,SARSA + PS,777,121,-47,41,3,1
0.2,SARSA + PS,777,122,-115,73,7,1
0.2,SARSA + PS,777,123,14,7,0,1
0.2,SARSA + PS,777,124,-121,88,6,1
0.2,SARSA + PS,777,125,-18,30,1,1
0.2,SARSA + PS,777,126,-57,51,3,1
0.2,SARSA + PS,777,127,-60,54,3,1
0.2,SARSA + PS,777,128,10,11,0,1
0.2,SARSA + PS,777,129,-59,44,4,1
0.2,SARSA + PS,777,130,-23,26,2,1
0.2,SARSA + PS,777,131,-73,67,3,1
0.2,SARSA + PS,777,132,-120,105,4,1
0.2,SARSA + PS,777,133,-100,67,6,1
0.2,SARSA + PS,777,134,-43,37,3,1
0.2,SARSA + PS,777,135,9,12,0,1
0.2,SARSA + PS,777,136,-6,27,0,1
0.2,SARSA + PS,777,137,-86,71,4,1
0.2,SARSA + PS,777,138,8,13,0,1
0.2,SARSA + PS,777,139,-290,200,10,0
0.2,SARSA + PS,777,140,-40,52,1,1
0.2,SARSA + PS,777,141,-12,24,1,1
0.2,SARSA + PS,777,142,10,11,0,1
0.2,SARSA + PS,777,143,-70,55,4,1
0.2,SARSA + PS,777,144,-47,32,4,1
0.2,SARSA + PS,777,145,-67,52,4,1
0.2,SARSA + PS,777,146,-335,200,15,0
0.2,SARSA + PS,777,147,7,14,0,1
0.2,SARSA + PS,777,148,-76,70,3,1
0.2,SARSA + PS,777,149,-109,67,7,1
0.2,SARSA + PS,777,150,-299,200,11,0
0.2,SARSA + PS,777,151,-30,33,2,1
0.2,SARSA + PS,777,152,-326,200,14,0
0.2,SARSA + PS,777,153,-18,39,0,1
0.2,SARSA + PS,777,154,-326,200,14,0
0.2,SARSA + PS,777,155,-27,39,1,1
0.2,SARSA + PS,777,156,-216,156,9,1
0.2,SARSA + PS,777,157,-110,86,5,1
0.2,SARSA + PS,777,158,-133,82,8,1
0.2,SARSA + PS,777,159,-103,70,6,1
0.2,SARSA + PS,777,160,1,20,0,1
0.2,SARSA + PS,777,161,-173,122,8,1
0.2,SARSA + PS,777,162,13,8,0,1
0.2,SARSA + PS,777,163,-9,12,2,1
0.2,SARSA + PS,777,164,-26,29,2,1
0.2,SARSA + PS,777,165,-173,104,10,1
0.2,SARSA + PS,777,166,-162,120,7,1
0.2,SARSA + PS,777,167,-113,71,7,1
0.2,SARSA + PS,777,168,-17,20,2,1
0.2,SARSA + PS,777,169,-128,68,9,1
0.2,SARSA + PS,777,170,1,11,1,1
0.2,SARSA + PS,777,171,-344,200,16,0
0.2,SARSA + PS,777,172,-5,17,1,1
0.2,SARSA + PS,777,173,-35,29,3,1
0.2,SARSA + PS,777,174,-1,22,0,1
0.2,SARSA + PS,777,175,-317,200,13,0
0.2,SARSA + PS,777,176,-10,13,2,1
0.2,SARSA + PS,777,177,-71,56,4,1
0.2,SARSA + PS,777,178,12,9,0,1
0.2,SARSA + PS,777,179,-13,16,2,1
0.2,SARSA + PS,777,180,-187,127,9,1
0.2,SARSA + PS,777,181,-299,200,11,0
0.2,SARSA + PS,777,182,-249,153,13,1
0.2,SARSA + PS,777,183,-201,132,10,1
0.2,SARSA + PS,777,184,-11,23,1,1
0.2,SARSA + PS,777,185,-58,52,3,1
0.2,SARSA + PS,777,186,-261,192,10,1
0.2,SARSA + PS,777,187,3,9,1,1
0.2,SARSA + PS,777,188,-113,71,7,1
0.2,SARSA + PS,777,189,-1,22,0,1
0.2,SARSA + PS,777,190,9,12,0,1
0.2,SARSA + PS,777,191,6,15,0,1
0.2,SARSA + PS,777,192,-110,95,4,1
0.2,SARSA + PS,777,193,-172,130,7,1
0.2,SARSA + PS,777,194,-129,105,5,1
0.2,SARSA + PS,777,195,-183,114,10,1
0.2,SARSA + PS,777,196,2,10,1,1
0.2,SARSA + PS,777,197,-83,50,6,1
0.2,SARSA + PS,777,198,-10,22,1,1
0.2,SARSA + PS,777,199,-53,38,4,1
0.2,SARSA + PS,777,200,-263,200,7,0
0.2,SARSA + PS,777,201,11,10,0,1
0.2,SARSA + PS,777,202,-5,17,1,1
0.2,SARSA + PS,777,203,-178,109,10,1
0.2,SARSA + PS,777,204,-326,200,14,0
0.2,SARSA + PS,777,205,-272,200,8,0
0.2,SARSA + PS,777,206,-26,29,2,1
0.2,SARSA + PS,777,207,-62,65,2,1
0.2,SARSA + PS,777,208,-104,98,3,1
0.2,SARSA + PS,777,209,-11,23,1,1
0.2,SARSA + PS,777,210,8,13,0,1
0.2,SARSA + PS,777,211,10,11,0,1
0.2,SARSA + PS,777,212,-353,200,17,0
0.2,SARSA + PS,777,213,-57,51,3,1
0.2,SARSA + PS,777,214,-29,41,1,1
0.2,SARSA + PS,777,215,-12,24,1,1
0.2,SARSA + PS,777,216,-27,48,0,1
0.2,SARSA + PS,777,217,-371,200,19,0
0.2,SARSA + PS,777,218,4,17,0,1
0.2,SARSA + PS,777,219,-299,200,11,0
0.2,SARSA + PS,777,220,-21,33,1,1
0.2,SARSA + PS,777,221,-36,39,2,1
0.2,SARSA + PS,777,222,11,10,0,1
0.2,SARSA + PS,777,223,-40,43,2,1
0.2,SARSA + PS,777,224,-110,77,6,1
0.2,SARSA + PS,777,225,-101,95,3,1
0.2,SARSA + PS,777,226,-308,200,12,0
0.2,SARSA + PS,777,227,9,12,0,1
0.2,SARSA + PS,777,228,-49,34,4,1
0.2,SARSA + PS,777,229,12,9,0,1
0.2,SARSA + PS,777,230,-143,83,9,1
0.2,SARSA + PS,777,231,-78,63,4,1
0.2,SARSA + PS,777,232,-64,67,2,1
0.2,SARSA + PS,777,233,-21,15,3,1
0.2,SARSA + PS,777,234,10,11,0,1
0.2,SARSA + PS,777,235,-51,36,4,1
0.2,SARSA + PS,777,236,-2,14,1,1
0.2,SARSA + PS,777,237,8,13,0,1
0.2,SARSA + PS,777,238,-32,26,3,1
0.2,SARSA + PS,777,239,-6,18,1,1
0.2,SARSA + PS,777,240,-31,34,2,1
0.2,SARSA + PS,777,241,10,11,0,1
0.2,SARSA + PS,777,242,-75,51,5,1
0.2,SARSA + PS,777,243,6,15,0,1
0.2,SARSA + PS,777,244,0,21,0,1
0.2,SARSA + PS,777,245,11,10,0,1
0.2,SARSA + PS,777,246,-2,14,1,1
0.2,SARSA + PS,777,247,-110,86,5,1
0.2,SARSA + PS,777,248,14,7,0,1
0.2,SARSA + PS,777,249,9,12,0,1
0.2,SARSA + PS,777,250,-55,40,4,1
0.2,SARSA + PS,777,251,-98,83,4,1
0.2,SARSA + PS,777,252,-21,24,2,1
0.2,SARSA + PS,777,253,-75,60,4,1
0.2,SARSA + PS,777,254,-45,39,3,1
0.2,SARSA + PS,777,255,-59,53,3,1
0.2,SARSA + PS,777,256,-3,15,1,1
0.2,SARSA + PS,777,257,-140,107,6,1
0.2,SARSA + PS,777,258,-7,19,1,1
0.2,SARSA + PS,777,259,-326,200,14,0
0.2,SARSA + PS,777,260,-94,70,5,1
0.2,SARSA + PS,777,261,-173,122,8,1
0.2,SARSA + PS,777,262,-22,25,2,1
0.2,SARSA + PS,777,263,-19,22,2,1
0.2,SARSA + PS,777,264,8,13,0,1
0.2,SARSA + PS,777,265,-29,23,3,1
0.2,SARSA + PS,777,266,-22,34,1,1
0.2,SARSA + PS,777,267,-61,46,4,1
0.2,SARSA + PS,777,268,-4,25,0,1
0.2,SARSA + PS,777,269,-177,117,9,1
0.2,SARSA + PS,777,270,12,9,0,1
0.2,SARSA + PS,777,271,-142,100,7,1
0.2,SARSA + PS,777,272,-79,55,5,1
0.2,SARSA + PS,777,273,6,15,0,1
0.2,SARSA + PS,777,274,-111,87,5,1
0.2,SARSA + PS,777,275,-47,32,4,1
0.2,SARSA + PS,777,276,-2,14,1,1
0.2,SARSA + PS,777,277,1,20,0,1
0.2,SARSA + PS,777,278,-2,14,1,1
0.2,SARSA + PS,777,279,-128,86,7,1
0.2,SARSA + PS,777,280,-10,22,1,1
0.2,SARSA + PS,777,281,12,9,0,1
0.2,SARSA + PS,777,282,-6,18,1,1
0.2,SARSA + PS,777,283,-118,103,4,1
0.2,SARSA + PS,777,284,-232,136,13,1
0.2,SARSA + PS,777,285,-72,39,6,1
0.2,SARSA + PS,777,286,-71,65,3,1
0.2,SARSA + PS,777,287,-165,132,6,1
0.2,SARSA + PS,777,288,-19,22,2,1
0.2,SARSA + PS,777,289,-153,129,5,1
0.2,SARSA + PS,777,290,-68,71,2,1
0.2,SARSA + PS,777,291,-271,148,16,1
0.2,SARSA + PS,777,292,7,14,0,1
0.2,SARSA + PS,777,293,-68,44,5,1
0.2,SARSA + PS,777,294,-16,19,2,1
0.2,SARSA + PS,777,295,-36,39,2,1
0.2,SARSA + PS,777,296,-22,25,2,1
0.2,SARSA + PS,777,297,11,10,0,1
0.2,SARSA + PS,777,298,-100,67,6,1
0.2,SARSA + PS,777,299,-20,32,1,1
0.2,SARSA + PS,777,300,-209,131,11,1
0.2,SARSA + PS,777,301,-25,37,1,1
0.2,SARSA + PS,777,302,-43,28,4,1
0.2,SARSA + PS,777,303,-371,200,19,0
0.2,SARSA + PS,777,304,-13,16,2,1
0.2,SARSA + PS,777,305,-24,27,2,1
0.2,SARSA + PS,777,306,1,11,1,1
0.2,SARSA + PS,777,307,-4,16,1,1
0.2,SARSA + PS,777,308,-156,105,8,1
0.2,SARSA + PS,777,309,-118,85,6,1
0.2,SARSA + PS,777,310,8,13,0,1
0.2,SARSA + PS,777,311,-59,62,2,1
0.2,SARSA + PS,777,312,7,14,0,1
0.2,SARSA + PS,777,313,-9,21,1,1
0.2,SARSA + PS,777,314,-19,31,1,1
0.2,SARSA + PS,777,315,-2,14,1,1
0.2,SARSA + PS,777,316,-215,119,13,1
0.2,SARSA + PS,777,317,-42,27,4,1
0.2,SARSA + PS,777,318,9,12,0,1
0.2,SARSA + PS,777,319,-56,41,4,1
0.2,SARSA + PS,777,320,10,11,0,1
0.2,SARSA + PS,777,321,7,14,0,1
0.2,SARSA + PS,777,322,-76,52,5,1
0.2,SARSA + PS,777,323,-17,20,2,1
0.2,SARSA + PS,777,324,-83,59,5,1
0.2,SARSA + PS,777,325,-52,64,1,1
0.2,SARSA + PS,777,326,-1,22,0,1
0.2,SARSA + PS,777,327,-16,28,1,1
0.2,SARSA + PS,777,328,-20,32,1,1
0.2,SARSA + PS,777,329,-51,63,1,1
0.2,SARSA + PS,777,330,-34,37,2,1
0.2,SARSA + PS,777,331,-227,149,11,1
0.2,SARSA + PS,777,332,-24,18,3,1
0.2,SARSA + PS,777,333,4,17,0,1
0.2,SARSA + PS,777,334,-16,28,1,1
0.2,SARSA + PS,777,335,-39,33,3,1
0.2,SARSA + PS,777,336,-170,137,6,1
0.2,SARSA + PS,777,337,-52,55,2,1
0.2,SARSA + PS,777,338,-43,28,4,1
0.2,SARSA + PS,777,339,-6,18,1,1
0.2,SARSA + PS,777,340,7,14,0,1
0.2,SARSA + PS,777,341,13,8,0,1
0.2,SARSA + PS,777,342,7,14,0,1
0.2,SARSA + PS,777,343,-59,44,4,1
0.2,SARSA + PS,777,344,-4,16,1,1
0.2,SARSA + PS,777,345,9,12,0,1
0.2,SARSA + PS,777,346,5,16,0,1
0.2,SARSA + PS,777,347,6,15,0,1
0.2,SARSA + PS,777,348,-42,45,2,1
0.2,SARSA + PS,777,349,9,12,0,1
0.2,SARSA + PS,777,350,0,12,1,1
0.2,SARSA + PS,777,351,-142,82,9,1
0.2,SARSA + PS,777,352,-13,16,2,1
0.2,SARSA + PS,777,353,-79,55,5,1
0.2,SARSA + PS,777,354,-1,13,1,1
0.2,SARSA + PS,777,355,-157,97,9,1
0.2,SARSA + PS,777,356,-37,22,4,1
0.2,SARSA + PS,777,357,-19,31,1,1
0.2,SARSA + PS,777,358,-20,23,2,1
0.2,SARSA + PS,777,359,-11,23,1,1
0.2,SARSA + PS,777,360,-1,22,0,1
0.2,SARSA + PS,777,361,9,12,0,1
0.2,SARSA + PS,777,362,-2,14,1,1
0.2,SARSA + PS,777,363,-2,14,1,1
0.2,SARSA + PS,777,364,10,11,0,1
0.2,SARSA + PS,777,365,11,10,0,1
0.2,SARSA + PS,777,366,-136,94,7,1
0.2,SARSA + PS,777,367,-101,68,6,1
0.2,SARSA + PS,777,368,-99,75,5,1
0.2,SARSA + PS,777,369,-173,122,8,1
0.2,SARSA + PS,777,370,-16,28,1,1
0.2,SARSA + PS,777,371,11,10,0,1
0.2,SARSA + PS,777,372,-4,16,1,1
0.2,SARSA + PS,777,373,9,12,0,1
0.2,SARSA + PS,777,374,10,11,0,1
0.2,SARSA + PS,777,375,-282,177,14,1
0.2,SARSA + PS,777,376,12,9,0,1
0.2,SARSA + PS,777,377,7,14,0,1
0.2,SARSA + PS,777,378,3,9,1,1
0.2,SARSA + PS,777,379,-41,35,3,1
0.2,SARSA + PS,777,380,-20,32,1,1
0.2,SARSA + PS,777,381,-61,46,4,1
0.2,SARSA + PS,777,382,-317,200,13,0
0.2,SARSA + PS,777,383,-114,108,3,1
0.2,SARSA + PS,777,384,-79,91,1,1
0.2,SARSA + PS,777,385,-1,13,1,1
0.2,SARSA + PS,777,386,-22,25,2,1
0.2,SARSA + PS,777,387,-18,21,2,1
0.2,SARSA + PS,777,388,-49,52,2,1
0.2,SARSA + PS,777,389,-56,41,4,1
0.2,SARSA + PS,777,390,-10,22,1,1
0.2,SARSA + PS,777,391,-1,22,0,1
0.2,SARSA + PS,777,392,11,10,0,1
0.2,SARSA + PS,777,393,-37,31,3,1
0.2,SARSA + PS,777,394,-54,48,3,1
0.2,SARSA + PS,777,395,-20,32,1,1
0.2,SARSA + PS,777,396,13,8,0,1
0.2,SARSA + PS,777,397,-25,19,3,1
0.2,SARSA + PS,777,398,-35,38,2,1
0.2,SARSA + PS,777,399,-9,12,2,1
0.2,SARSA + PS,777,400,-112,70,7,1
0.2,SARSA + PS,777,401,-19,22,2,1
0.2,SARSA + PS,777,402,6,15,0,1
0.2,SARSA + PS,777,403,-4,16,1,1
0.2,SARSA + PS,777,404,-8,20,1,1
0.2,SARSA + PS,777,405,9,12,0,1
0.2,SARSA + PS,777,406,10,11,0,1
0.2,SARSA + PS,777,407,-15,18,2,1
0.2,SARSA + PS,777,408,-98,83,4,1
0.2,SARSA + PS,777,409,-6,18,1,1
0.2,SARSA + PS,777,410,7,14,0,1
0.2,SARSA + PS,777,411,9,12,0,1
0.2,SARSA + PS,777,412,-241,145,13,1
0.2,SARSA + PS,777,413,-81,84,2,1
0.2,SARSA + PS,777,414,-185,116,10,1
0.2,SARSA + PS,777,415,-102,78,5,1
0.2,SARSA + PS,777,416,-87,63,5,1
0.2,SARSA + PS,777,417,-1,13,1,1
0.2,SARSA + PS,777,418,0,21,0,1
0.2,SARSA + PS,777,419,-15,18,2,1
0.2,SARSA + PS,777,420,-133,109,5,1
0.2,SARSA + PS,777,421,-2,14,1,1
0.2,SARSA + PS,777,422,-49,34,4,1
0.2,SARSA + PS,777,423,8,13,0,1
0.2,SARSA + PS,777,424,-1,13,1,1
0.2,SARSA + PS,777,425,14,7,0,1
0.2,SARSA + PS,777,426,-4,16,1,1
0.2,SARSA + PS,777,427,-32,17,4,1
0.2,SARSA + PS,777,428,0,21,0,1
0.2,SARSA + PS,777,429,-1,13,1,1
0.2,SARSA + PS,777,430,12,9,0,1
0.2,SARSA + PS,777,431,-203,161,7,1
0.2,SARSA + PS,777,432,-80,47,6,1
0.2,SARSA + PS,777,433,-3,15,1,1
0.2,SARSA + PS,777,434,12,9,0,1
0.2,SARSA + PS,777,435,0,12,1,1
0.2,SARSA + PS,777,436,-242,155,12,1
0.2,SARSA + PS,777,437,-164,104,9,1
0.2,SARSA + PS,777,438,-128,86,7,1
0.2,SARSA + PS,777,439,7,14,0,1
0.2,SARSA + PS,777,440,-30,42,1,1
0.2,SARSA + PS,777,441,10,11,0,1
0.2,SARSA + PS,777,442,5,16,0,1
0.2,SARSA + PS,777,443,-2,14,1,1
0.2,SARSA + PS,777,444,4,17,0,1
0.2,SARSA + PS,777,445,-6,18,1,1
0.2,SARSA + PS,777,446,10,11,0,1
0.2,SARSA + PS,777,447,-13,16,2,1
0.2,SARSA + PS,777,448,-7,28,0,1
0.2,SARSA + PS,777,449,10,11,0,1
0.2,SARSA + PS,777,450,9,12,0,1
0.2,SARSA + PS,777,451,-95,98,2,1
0.2,SARSA + PS,777,452,-30,33,2,1
0.2,SARSA + PS,777,453,-12,15,2,1
0.2,SARSA + PS,777,454,-4,16,1,1
0.2,SARSA + PS,777,455,-12,24,1,1
0.2,SARSA + PS,777,456,12,9,0,1
0.2,SARSA + PS,777,457,-6,18,1,1
0.2,SARSA + PS,777,458,4,8,1,1
0.2,SARSA + PS,777,459,14,7,0,1
0.2,SARSA + PS,777,460,11,10,0,1
0.2,SARSA + PS,777,461,-36,30,3,1
0.2,SARSA + PS,777,462,-133,118,4,1
0.2,SARSA + PS,777,463,7,14,0,1
0.2,SARSA + PS,777,464,-21,42,0,1
0.2,SARSA + PS,777,465,-30,15,4,1
0.2,SARSA + PS,777,466,10,11,0,1
0.2,SARSA + PS,777,467,6,15,0,1
0.2,SARSA + PS,777,468,-17,20,2,1
0.2,SARSA + PS,777,469,13,8,0,1
0.2,SARSA + PS,777,470,-5,17,1,1
0.2,SARSA + PS,777,471,-4,16,1,1
0.2,SARSA + PS,777,472,10,11,0,1
0.2,SARSA + PS,777,473,1,20,0,1
0.2,SARSA + PS,777,474,8,13,0,1
0.2,SARSA + PS,777,475,-27,30,2,1
0.2,SARSA + PS,777,476,-6,18,1,1
0.2,SARSA + PS,777,477,-16,28,1,1
0.2,SARSA + PS,777,478,4,8,1,1
0.2,SARSA + PS,777,479,-18,21,2,1
0.2,SARSA + PS,777,480,-101,68,6,1
0.2,SARSA + PS,777,481,-14,26,1,1
0.2,SARSA + PS,777,482,-18,21,2,1
0.2,SARSA + PS,777,483,-31,25,3,1
0.2,SARSA + PS,777,484,-98,74,5,1
0.2,SARSA + PS,777,485,-48,51,2,1
0.2,SARSA + PS,777,486,-22,34,1,1
0.2,SARSA + PS,777,487,-47,23,5,1
0.2,SARSA + PS,777,488,9,12,0,1
0.2,SARSA + PS,777,489,-4,16,1,1
0.2,SARSA + PS,777,490,-51,45,3,1
0.2,SARSA + PS,777,491,-108,84,5,1
0.2,SARSA + PS,777,492,-68,35,6,1
0.2,SARSA + PS,777,493,11,10,0,1
0.2,SARSA + PS,777,494,2,19,0,1
0.2,SARSA + PS,777,495,-32,26,3,1
0.2,SARSA + PS,777,496,-25,28,2,1
0.2,SARSA + PS,777,497,9,12,0,1
0.2,SARSA + PS,777,498,-2,14,1,1
0.2,SARSA + PS,777,499,12,9,0,1
0.2,SARSA + PS,999,0,-417,150,32,1
0.2,SARSA + PS,999,1,-776,200,64,0
0.2,SARSA + PS,999,2,-704,200,56,0
0.2,SARSA + PS,999,3,-731,200,59,0
0.2,SARSA + PS,999,4,-731,200,59,0
0.2,SARSA + PS,999,5,-614,200,46,0
0.2,SARSA + PS,999,6,-758,200,62,0
0.2,SARSA + PS,999,7,-731,200,59,0
0.2,SARSA + PS,999,8,-542,200,38,0
0.2,SARSA + PS,999,9,-677,200,53,0
0.2,SARSA + PS,999,10,-731,200,59,0
0.2,SARSA + PS,999,11,-551,200,39,0
0.2,SARSA + PS,999,12,-686,200,54,0
0.2,SARSA + PS,999,13,-695,200,55,0
0.2,SARSA + PS,999,14,-695,200,55,0
0.2,SARSA + PS,999,15,-650,200,50,0
0.2,SARSA + PS,999,16,-668,200,52,0
0.2,SARSA + PS,999,17,-524,200,36,0
0.2,SARSA + PS,999,18,-812,200,68,0
0.2,SARSA + PS,999,19,-186,72,15,1
0.2,SARSA + PS,999,20,-353,200,17,0
0.2,SARSA + PS,999,21,-187,73,15,1
0.2,SARSA + PS,999,22,-524,200,36,0
0.2,SARSA + PS,999,23,-200,86,15,1
0.2,SARSA + PS,999,24,-299,200,11,0
0.2,SARSA + PS,999,25,-263,200,7,0
0.2,SARSA + PS,999,26,-451,139,37,1
0.2,SARSA + PS,999,27,-812,200,68,0
0.2,SARSA + PS,999,28,-371,200,19,0
0.2,SARSA + PS,999,29,-254,200,6,0
0.2,SARSA + PS,999,30,-335,200,15,0
0.2,SARSA + PS,999,31,-362,200,18,0
0.2,SARSA + PS,999,32,-380,200,20,0
0.2,SARSA + PS,999,33,-353,200,17,0
0.2,SARSA + PS,999,34,-326,200,14,0
0.2,SARSA + PS,999,35,-362,200,18,0
0.2,SARSA + PS,999,36,-344,200,16,0
0.2,SARSA + PS,999,37,-380,200,20,0
0.2,SARSA + PS,999,38,-281,200,9,0
0.2,SARSA + PS,999,39,-479,200,31,0
0.2,SARSA + PS,999,40,-281,200,9,0
0.2,SARSA + PS,999,41,-641,200,49,0
0.2,SARSA + PS,999,42,-290,200,10,0
0.2,SARSA + PS,999,43,-176,98,11,1
0.2,SARSA + PS,999,44,-478,193,34,1
0.2,SARSA + PS,999,45,-290,200,10,0
0.2,SARSA + PS,999,46,-136,67,10,1
0.2,SARSA + PS,999,47,-209,104,14,1
0.2,SARSA + PS,999,48,-192,159,6,1
0.2,SARSA + PS,999,49,-133,82,8,1
0.2,SARSA + PS,999,50,-226,157,10,1
0.2,SARSA + PS,999,51,-224,164,9,1
0.2,SARSA + PS,999,52,-308,200,12,0
0.2,SARSA + PS,999,53,-299,200,11,0
0.2,SARSA + PS,999,54,-461,200,29,0
0.2,SARSA + PS,999,55,-81,75,3,1
0.2,SARSA + PS,999,56,-72,57,4,1
0.2,SARSA + PS,999,57,-249,180,10,1
0.2,SARSA + PS,999,58,-326,200,14,0
0.2,SARSA + PS,999,59,-74,50,5,1
0.2,SARSA + PS,999,60,-254,200,6,0
0.2,SARSA + PS,999,61,-317,200,13,0
0.2,SARSA + PS,999,62,-299,200,11,0
0.2,SARSA + PS,999,63,-308,200,12,0
0.2,SARSA + PS,999,64,-134,74,9,1
0.2,SARSA + PS,999,65,-141,117,5,1
0.2,SARSA + PS,999,66,-21,33,1,1
0.2,SARSA + PS,999,67,-141,108,6,1
0.2,SARSA + PS,999,68,-118,121,2,1
0.2,SARSA + PS,999,69,-308,200,12,0
0.2,SARSA + PS,999,70,-7,10,2,1
0.2,SARSA + PS,999,71,-326,200,14,0
0.2,SARSA + PS,999,72,-14,35,0,1
0.2,SARSA + PS,999,73,-44,47,2,1
0.2,SARSA + PS,999,74,-111,51,9,1
0.2,SARSA + PS,999,75,-221,143,11,1
0.2,SARSA + PS,999,76,-353,200,17,0
0.2,SARSA + PS,999,77,-58,43,4,1
0.2,SARSA + PS,999,78,-234,138,13,1
0.2,SARSA + PS,999,79,-335,200,15,0
0.2,SARSA + PS,999,80,-281,200,9,0
0.2,SARSA + PS,999,81,-224,173,8,1
0.2,SARSA + PS,999,82,-326,200,14,0
0.2,SARSA + PS,999,83,-132,99,6,1
0.2,SARSA + PS,999,84,-1,13,1,1
0.2,SARSA + PS,999,85,-46,49,2,1
0.2,SARSA + PS,999,86,-290,200,10,0
0.2,SARSA + PS,999,87,-317,200,13,0
0.2,SARSA + PS,999,88,11,10,0,1
0.2,SARSA + PS,999,89,-216,147,10,1
0.2,SARSA + PS,999,90,-10,22,1,1
0.2,SARSA + PS,999,91,-32,53,0,1
0.2,SARSA + PS,999,92,-214,136,11,1
0.2,SARSA + PS,999,93,-335,200,15,0
0.2,SARSA + PS,999,94,-140,107,6,1
0.2,SARSA + PS,999,95,-335,131,25,1
0.2,SARSA + PS,999,96,-353,200,17,0
0.2,SARSA + PS,999,97,-173,140,6,1
0.2,SARSA + PS,999,98,-75,60,4,1
0.2,SARSA + PS,999,99,-20,41,0,1
0.2,SARSA + PS,999,100,-100,94,3,1
0.2,SARSA + PS,999,101,-103,52,8,1
0.2,SARSA + PS,999,102,-33,36,2,1
0.2,SARSA + PS,999,103,-218,149,10,1
0.2,SARSA + PS,999,104,-115,82,6,1
0.2,SARSA + PS,999,105,-362,200,18,0
0.2,SARSA + PS,999,106,-335,200,15,0
0.2,SARSA + PS,999,107,-308,200,12,0
0.2,SARSA + PS,999,108,-317,200,13,0
0.2,SARSA + PS,999,109,-161,128,6,1
0.2,SARSA + PS,999,110,-15,27,1,1
0.2,SARSA + PS,999,111,-18,30,1,1
0.2,SARSA + PS,999,112,-15,18,2,1
0.2,SARSA + PS,999,113,-290,200,10,0
0.2,SARSA + PS,999,114,-350,200,19,1
0.2,SARSA + PS,999,115,-137,86,8,1
0.2,SARSA + PS,999,116,-299,200,11,0
0.2,SARSA + PS,999,117,-73,58,4,1
0.2,SARSA + PS,999,118,-161,128,6,1
0.2,SARSA + PS,999,119,13,8,0,1
0.2,SARSA + PS,999,120,-61,55,3,1
0.2,SARSA + PS,999,121,-308,200,12,0
0.2,SARSA + PS,999,122,-11,23,1,1
0.2,SARSA + PS,999,123,-15,18,2,1
0.2,SARSA + PS,999,124,-213,180,6,1
0.2,SARSA + PS,999,125,-145,112,6,1
0.2,SARSA + PS,999,126,-139,79,9,1
0.2,SARSA + PS,999,127,10,11,0,1
0.2,SARSA + PS,999,128,11,10,0,1
0.2,SARSA + PS,999,129,-116,92,5,1
0.2,SARSA + PS,999,130,-24,18,3,1
0.2,SARSA + PS,999,131,-7,19,1,1
0.2,SARSA + PS,999,132,-32,26,3,1
0.2,SARSA + PS,999,133,-17,29,1,1
0.2,SARSA + PS,999,134,-10,22,1,1
0.2,SARSA + PS,999,135,-241,154,12,1
0.2,SARSA + PS,999,136,-30,33,2,1
0.2,SARSA + PS,999,137,-344,200,16,0
0.2,SARSA + PS,999,138,-54,48,3,1
0.2,SARSA + PS,999,139,-22,34,1,1
0.2,SARSA + PS,999,140,-12,24,1,1
0.2,SARSA + PS,999,141,-10,31,0,1
0.2,SARSA + PS,999,142,14,7,0,1
0.2,SARSA + PS,999,143,-1,13,1,1
0.2,SARSA + PS,999,144,-269,137,17,1
0.2,SARSA + PS,999,145,-344,200,16,0
0.2,SARSA + PS,999,146,-169,91,11,1
0.2,SARSA + PS,999,147,-88,91,2,1
0.2,SARSA + PS,999,148,-209,113,13,1
0.2,SARSA + PS,999,149,2,10,1,1
0.2,SARSA + PS,999,150,-371,200,19,0
0.2,SARSA + PS,999,151,-434,200,26,0
0.2,SARSA + PS,999,152,5,16,0,1
0.2,SARSA + PS,999,153,-229,142,12,1
0.2,SARSA + PS,999,154,14,7,0,1
0.2,SARSA + PS,999,155,-39,42,2,1
0.2,SARSA + PS,999,156,13,8,0,1
0.2,SARSA + PS,999,157,-371,200,19,0
0.2,SARSA + PS,999,158,-171,129,7,1
0.2,SARSA + PS,999,159,-416,200,24,0
0.2,SARSA + PS,999,160,-82,76,3,1
0.2,SARSA + PS,999,161,2,19,0,1
0.2,SARSA + PS,999,162,-42,36,3,1
0.2,SARSA + PS,999,163,-317,200,13,0
0.2,SARSA + PS,999,164,-108,66,7,1
0.2,SARSA + PS,999,165,-45,48,2,1
0.2,SARSA + PS,999,166,-362,200,18,0
0.2,SARSA + PS,999,167,-214,163,8,1
0.2,SARSA + PS,999,168,-24,27,2,1
0.2,SARSA + PS,999,169,-203,107,13,1
0.2,SARSA + PS,999,170,-11,14,2,1
0.2,SARSA + PS,999,171,-66,33,6,1
0.2,SARSA + PS,999,172,-317,200,13,0
0.2,SARSA + PS,999,173,-272,200,8,0
0.2,SARSA + PS,999,174,13,8,0,1
0.2,SARSA + PS,999,175,-130,106,5,1
0.2,SARSA + PS,999,176,-6,18,1,1
0.2,SARSA + PS,999,177,-2,14,1,1
0.2,SARSA + PS,999,178,-326,200,14,0
0.2,SARSA + PS,999,179,-18,21,2,1
0.2,SARSA + PS,999,180,1,11,1,1
0.2,SARSA + PS,999,181,-2,14,1,1
0.2,SARSA + PS,999,182,-127,85,7,1
0.2,SARSA + PS,999,183,-123,81,7,1
0.2,SARSA + PS,999,184,-13,16,2,1
0.2,SARSA + PS,999,185,-3,15,1,1
0.2,SARSA + PS,999,186,-159,108,8,1
0.2,SARSA + PS,999,187,7,14,0,1
0.2,SARSA + PS,999,188,-7,28,0,1
0.2,SARSA + PS,999,189,-29,32,2,1
0.2,SARSA + PS,999,190,-75,51,5,1
0.2,SARSA + PS,999,191,-29,23,3,1
0.2,SARSA + PS,999,192,-308,200,12,0
0.2,SARSA + PS,999,193,-63,57,3,1
0.2,SARSA + PS,999,194,-105,63,7,1
0.2,SARSA + PS,999,195,-10,13,2,1
0.2,SARSA + PS,999,196,2,10,1,1
0.2,SARSA + PS,999,197,-22,34,1,1
0.2,SARSA + PS,999,198,-278,200,11,1
0.2,SARSA + PS,999,199,8,13,0,1
0.2,SARSA + PS,999,200,-17,20,2,1
0.2,SARSA + PS,999,201,2,10,1,1
0.2,SARSA + PS,999,202,-24,18,3,1
0.2,SARSA + PS,999,203,14,7,0,1
0.2,SARSA + PS,999,204,8,13,0,1
0.2,SARSA + PS,999,205,5,16,0,1
0.2,SARSA + PS,999,206,-11,23,1,1
0.2,SARSA + PS,999,207,-9,12,2,1
0.2,SARSA + PS,999,208,-8,11,2,1
0.2,SARSA + PS,999,209,-272,200,8,0
0.2,SARSA + PS,999,210,-7,19,1,1
0.2,SARSA + PS,999,211,-155,95,9,1
0.2,SARSA + PS,999,212,-10,13,2,1
0.2,SARSA + PS,999,213,-3,15,1,1
0.2,SARSA + PS,999,214,-139,106,6,1
0.2,SARSA + PS,999,215,-136,94,7,1
0.2,SARSA + PS,999,216,-326,200,14,0
0.2,SARSA + PS,999,217,-16,19,2,1
0.2,SARSA + PS,999,218,-335,200,15,0
0.2,SARSA + PS,999,219,10,11,0,1
0.2,SARSA + PS,999,220,-3,15,1,1
0.2,SARSA + PS,999,221,7,14,0,1
0.2,SARSA + PS,999,222,-7,19,1,1
0.2,SARSA + PS,999,223,-5,17,1,1
0.2,SARSA + PS,999,224,-22,16,3,1
0.2,SARSA + PS,999,225,-12,24,1,1
0.2,SARSA + PS,999,226,6,15,0,1
0.2,SARSA + PS,999,227,-33,36,2,1
0.2,SARSA + PS,999,228,-234,156,11,1
0.2,SARSA + PS,999,229,-37,22,4,1
0.2,SARSA + PS,999,230,-62,56,3,1
0.2,SARSA + PS,999,231,-5,17,1,1
0.2,SARSA + PS,999,232,1,11,1,1
0.2,SARSA + PS,999,233,-153,93,9,1
0.2,SARSA + PS,999,234,12,9,0,1
0.2,SARSA + PS,999,235,10,11,0,1
0.2,SARSA + PS,999,236,4,8,1,1
0.2,SARSA + PS,999,237,10,11,0,1
0.2,SARSA + PS,999,238,11,10,0,1
0.2,SARSA + PS,999,239,-24,36,1,1
0.2,SARSA + PS,999,240,-41,44,2,1
0.2,SARSA + PS,999,241,-353,200,17,0
0.2,SARSA + PS,999,242,-7,19,1,1
0.2,SARSA + PS,999,243,11,10,0,1
0.2,SARSA + PS,999,244,-1,22,0,1
0.2,SARSA + PS,999,245,-85,61,5,1
0.2,SARSA + PS,999,246,-52,46,3,1
0.2,SARSA + PS,999,247,3,9,1,1
0.2,SARSA + PS,999,248,-7,28,0,1
0.2,SARSA + PS,999,249,-8,20,1,1
0.2,SARSA + PS,999,250,7,14,0,1
0.2,SARSA + PS,999,251,-28,22,3,1
0.2,SARSA + PS,999,252,6,15,0,1
0.2,SARSA + PS,999,253,-143,92,8,1
0.2,SARSA + PS,999,254,-49,52,2,1
0.2,SARSA + PS,999,255,-35,38,2,1
0.2,SARSA + PS,999,256,4,8,1,1
0.2,SARSA + PS,999,257,-6,18,1,1
0.2,SARSA + PS,999,258,-60,54,3,1
0.2,SARSA + PS,999,259,-56,59,2,1
0.2,SARSA + PS,999,260,13,8,0,1
0.2,SARSA + PS,999,261,-146,122,5,1
0.2,SARSA + PS,999,262,-335,200,15,0
0.2,SARSA + PS,999,263,-310,196,15,1
0.2,SARSA + PS,999,264,-26,20,3,1
0.2,SARSA + PS,999,265,6,15,0,1
0.2,SARSA + PS,999,266,-3,15,1,1
0.2,SARSA + PS,999,267,9,12,0,1
0.2,SARSA + PS,999,268,-102,69,6,1
0.2,SARSA + PS,999,269,-16,37,0,1
0.2,SARSA + PS,999,270,-11,23,1,1
0.2,SARSA + PS,999,271,14,7,0,1
0.2,SARSA + PS,999,272,-7,19,1,1
0.2,SARSA + PS,999,273,-290,200,10,0
0.2,SARSA + PS,999,274,-119,95,5,1
0.2,SARSA + PS,999,275,-19,31,1,1
0.2,SARSA + PS,999,276,9,12,0,1
0.2,SARSA + PS,999,277,12,9,0,1
0.2,SARSA + PS,999,278,3,9,1,1
0.2,SARSA + PS,999,279,-144,84,9,1
0.2,SARSA + PS,999,280,-7,28,0,1
0.2,SARSA + PS,999,281,2,10,1,1
0.2,SARSA + PS,999,282,-2,23,0,1
0.2,SARSA + PS,999,283,5,16,0,1
0.2,SARSA + PS,999,284,-39,33,3,1
0.2,SARSA + PS,999,285,-299,200,11,0
0.2,SARSA + PS,999,286,-79,55,5,1
0.2,SARSA + PS,999,287,-2,14,1,1
0.2,SARSA + PS,999,288,-90,66,5,1
0.2,SARSA + PS,999,289,-13,16,2,1
0.2,SARSA + PS,999,290,-191,140,8,1
0.2,SARSA + PS,999,291,-59,44,4,1
0.2,SARSA + PS,999,292,-193,106,12,1
0.2,SARSA + PS,999,293,5,16,0,1
0.2,SARSA + PS,999,294,11,10,0,1
0.2,SARSA + PS,999,295,5,7,1,1
0.2,SARSA + PS,999,296,-25,28,2,1
0.2,SARSA + PS,999,297,2,19,0,1
0.2,SARSA + PS,999,298,-7,19,1,1
0.2,SARSA + PS,999,299,7,14,0,1
0.2,SARSA + PS,999,300,-2,14,1,1
0.2,SARSA + PS,999,301,-34,37,2,1
0.2,SARSA + PS,999,302,-17,38,0,1
0.2,SARSA + PS,999,303,-326,200,14,0
0.2,SARSA + PS,999,304,5,16,0,1
0.2,SARSA + PS,999,305,-54,66,1,1
0.2,SARSA + PS,999,306,3,9,1,1
0.2,SARSA + PS,999,307,-14,35,0,1
0.2,SARSA + PS,999,308,-21,24,2,1
0.2,SARSA + PS,999,309,8,13,0,1
0.2,SARSA + PS,999,310,-205,109,13,1
0.2,SARSA + PS,999,311,-15,18,2,1
0.2,SARSA + PS,999,312,-24,18,3,1
0.2,SARSA + PS,999,313,-146,131,4,1
0.2,SARSA + PS,999,314,9,12,0,1
0.2,SARSA + PS,999,315,-25,28,2,1
0.2,SARSA + PS,999,316,-35,47,1,1
0.2,SARSA + PS,999,317,-42,36,3,1
0.2,SARSA + PS,999,318,-153,93,9,1
0.2,SARSA + PS,999,319,-30,33,2,1
0.2,SARSA + PS,999,320,-54,39,4,1
0.2,SARSA + PS,999,321,-13,16,2,1
0.2,SARSA + PS,999,322,-44,47,2,1
0.2,SARSA + PS,999,323,-87,54,6,1
0.2,SARSA + PS,999,324,-17,29,1,1
0.2,SARSA + PS,999,325,-2,14,1,1
0.2,SARSA + PS,999,326,11,10,0,1
0.2,SARSA + PS,999,327,-16,19,2,1
0.2,SARSA + PS,999,328,-10,22,1,1
0.2,SARSA + PS,999,329,-17,11,3,1
0.2,SARSA + PS,999,330,-13,16,2,1
0.2,SARSA + PS,999,331,10,11,0,1
0.2,SARSA + PS,999,332,-15,27,1,1
0.2,SARSA + PS,999,333,-21,33,1,1
0.2,SARSA + PS,999,334,6,15,0,1
0.2,SARSA + PS,999,335,5,16,0,1
0.2,SARSA + PS,999,336,5,16,0,1
0.2,SARSA + PS,999,337,-15,27,1,1
0.2,SARSA + PS,999,338,-28,49,0,1
0.2,SARSA + PS,999,339,-22,25,2,1
0.2,SARSA + PS,999,340,-105,54,8,1
0.2,SARSA + PS,999,341,-3,15,1,1
0.2,SARSA + PS,999,342,-23,17,3,1
0.2,SARSA + PS,999,343,-3,15,1,1
0.2,SARSA + PS,999,344,-144,84,9,1
0.2,SARSA + PS,999,345,-8,20,1,1
0.2,SARSA + PS,999,346,-13,25,1,1
0.2,SARSA + PS,999,347,7,14,0,1
0.2,SARSA + PS,999,348,-38,32,3,1
0.2,SARSA + PS,999,349,-7,19,1,1
0.2,SARSA + PS,999,350,6,15,0,1
0.2,SARSA + PS,999,351,-16,28,1,1
0.2,SARSA + PS,999,352,-16,28,1,1
0.2,SARSA + PS,999,353,-92,68,5,1
0.2,SARSA + PS,999,354,12,9,0,1
0.2,SARSA + PS,999,355,-326,200,14,0
0.2,SARSA + PS,999,356,-21,33,1,1
0.2,SARSA + PS,999,357,7,14,0,1
0.2,SARSA + PS,999,358,-186,126,9,1
0.2,SARSA + PS,999,359,-4,16,1,1
0.2,SARSA + PS,999,360,-25,19,3,1
0.2,SARSA + PS,999,361,-19,22,2,1
0.2,SARSA + PS,999,362,-9,21,1,1
0.2,SARSA + PS,999,363,-21,33,1,1
0.2,SARSA + PS,999,364,3,18,0,1
0.2,SARSA + PS,999,365,11,10,0,1
0.2,SARSA + PS,999,366,2,10,1,1
0.2,SARSA + PS,999,367,-69,63,3,1
0.2,SARSA + PS,999,368,0,12,1,1
0.2,SARSA + PS,999,369,8,13,0,1
0.2,SARSA + PS,999,370,-137,86,8,1
0.2,SARSA + PS,999,371,-11,14,2,1
0.2,SARSA + PS,999,372,1,11,1,1
0.2,SARSA + PS,999,373,-7,28,0,1
0.2,SARSA + PS,999,374,9,12,0,1
0.2,SARSA + PS,999,375,-81,48,6,1
0.2,SARSA + PS,999,376,0,12,1,1
0.2,SARSA + PS,999,377,11,10,0,1
0.2,SARSA + PS,999,378,-9,12,2,1
0.2,SARSA + PS,999,379,-15,27,1,1
0.2,SARSA + PS,999,380,0,12,1,1
0.2,SARSA + PS,999,381,-10,22,1,1
0.2,SARSA + PS,999,382,-32,35,2,1
0.2,SARSA + PS,999,383,-33,27,3,1
0.2,SARSA + PS,999,384,2,19,0,1
0.2,SARSA + PS,999,385,2,10,1,1
0.2,SARSA + PS,999,386,-32,35,2,1
0.2,SARSA + PS,999,387,10,11,0,1
0.2,SARSA + PS,999,388,-27,39,1,1
0.2,SARSA + PS,999,389,-179,101,11,1
0.2,SARSA + PS,999,390,-1,22,0,1
0.2,SARSA + PS,999,391,-3,15,1,1
0.2,SARSA + PS,999,392,-28,22,3,1
0.2,SARSA + PS,999,393,-62,29,6,1
0.2,SARSA + PS,999,394,-6,18,1,1
0.2,SARSA + PS,999,395,-58,52,3,1
0.2,SARSA + PS,999,396,-3,24,0,1
0.2,SARSA + PS,999,397,10,11,0,1
0.2,SARSA + PS,999,398,-24,36,1,1
0.2,SARSA + PS,999,399,-46,31,4,1
0.2,SARSA + PS,999,400,-1,22,0,1
0.2,SARSA + PS,999,401,8,13,0,1
0.2,SARSA + PS,999,402,-27,21,3,1
0.2,SARSA + PS,999,403,-22,25,2,1
0.2,SARSA + PS,999,404,-2,14,1,1
0.2,SARSA + PS,999,405,-94,70,5,1
0.2,SARSA + PS,999,406,6,15,0,1
0.2,SARSA + PS,999,407,11,10,0,1
0.2,SARSA + PS,999,408,-8,11,2,1
0.2,SARSA + PS,999,409,-2,23,0,1
0.2,SARSA + PS,999,410,-20,32,1,1
0.2,SARSA + PS,999,411,1,20,0,1
0.2,SARSA + PS,999,412,-163,121,7,1
0.2,SARSA + PS,999,413,11,10,0,1
0.2,SARSA + PS,999,414,-31,43,1,1
0.2,SARSA + PS,999,415,-10,13,2,1
0.2,SARSA + PS,999,416,7,14,0,1
0.2,SARSA + PS,999,417,-15,27,1,1
0.2,SARSA + PS,999,418,-40,43,2,1
0.2,SARSA + PS,999,419,8,13,0,1
0.2,SARSA + PS,999,420,-21,24,2,1
0.2,SARSA + PS,999,421,-8,11,2,1
0.2,SARSA + PS,999,422,-12,24,1,1
0.2,SARSA + PS,999,423,6,15,0,1
0.2,SARSA + PS,999,424,9,12,0,1
0.2,SARSA + PS,999,425,-13,25,1,1
0.2,SARSA + PS,999,426,-219,141,11,1
0.2,SARSA + PS,999,427,-3,15,1,1
0.2,SARSA + PS,999,428,12,9,0,1
0.2,SARSA + PS,999,429,-19,22,2,1
0.2,SARSA + PS,999,430,-97,73,5,1
0.2,SARSA + PS,999,431,-27,30,2,1
0.2,SARSA + PS,999,432,5,16,0,1
0.2,SARSA + PS,999,433,-8,20,1,1
0.2,SARSA + PS,999,434,-23,17,3,1
0.2,SARSA + PS,999,435,14,7,0,1
0.2,SARSA + PS,999,436,0,12,1,1
0.2,SARSA + PS,999,437,2,19,0,1
0.2,SARSA + PS,999,438,2,10,1,1
0.2,SARSA + PS,999,439,5,16,0,1
0.2,SARSA + PS,999,440,-10,13,2,1
0.2,SARSA + PS,999,441,1,11,1,1
0.2,SARSA + PS,999,442,-2,14,1,1
0.2,SARSA + PS,999,443,14,7,0,1
0.2,SARSA + PS,999,444,-44,29,4,1
0.2,SARSA + PS,999,445,1,11,1,1
0.2,SARSA + PS,999,446,9,12,0,1
0.2,SARSA + PS,999,447,-11,14,2,1
0.2,SARSA + PS,999,448,-91,85,3,1
0.2,SARSA + PS,999,449,-18,21,2,1
0.2,SARSA + PS,999,450,-1,13,1,1
0.2,SARSA + PS,999,451,-2,14,1,1
0.2,SARSA + PS,999,452,13,8,0,1
0.2,SARSA + PS,999,453,-38,41,2,1
0.2,SARSA + PS,999,454,-88,73,4,1
0.2,SARSA + PS,999,455,4,17,0,1
0.2,SARSA + PS,999,456,-2,14,1,1
0.2,SARSA + PS,999,457,-32,26,3,1
0.2,SARSA + PS,999,458,-1,13,1,1
0.2,SARSA + PS,999,459,-16,37,0,1
0.2,SARSA + PS,999,460,6,15,0,1
0.2,SARSA + PS,999,461,-11,23,1,1
0.2,SARSA + PS,999,462,-60,72,1,1
0.2,SARSA + PS,999,463,-15,27,1,1
0.2,SARSA + PS,999,464,-14,17,2,1
0.2,SARSA + PS,999,465,2,19,0,1
0.2,SARSA + PS,999,466,-10,31,0,1
0.2,SARSA + PS,999,467,8,13,0,1
0.2,SARSA + PS,999,468,-49,25,5,1
0.2,SARSA + PS,999,469,-166,124,7,1
0.2,SARSA + PS,999,470,-19,22,2,1
0.2,SARSA + PS,999,471,-29,32,2,1
0.2,SARSA + PS,999,472,-22,34,1,1
0.2,SARSA + PS,999,473,-19,22,2,1
0.2,SARSA + PS,999,474,-119,95,5,1
0.2,SARSA + PS,999,475,7,14,0,1
0.2,SARSA + PS,999,476,-23,26,2,1
0.2,SARSA + PS,999,477,-9,21,1,1
0.2,SARSA + PS,999,478,-46,22,5,1
0.2,SARSA + PS,999,479,8,13,0,1
0.2,SARSA + PS,999,480,0,21,0,1
0.2,SARSA + PS,999,481,-19,31,1,1
0.2,SARSA + PS,999,482,2,10,1,1
0.2,SARSA + PS,999,483,-78,72,3,1
0.2,SARSA + PS,999,484,6,15,0,1
0.2,SARSA + PS,999,485,-3,24,0,1
0.2,SARSA + PS,999,486,-67,52,4,1
0.2,SARSA + PS,999,487,-6,18,1,1
0.2,SARSA + PS,999,488,12,9,0,1
0.2,SARSA + PS,999,489,-1,13,1,1
0.2,SARSA + PS,999,490,9,12,0,1
0.2,SARSA + PS,999,491,-19,22,2,1
0.2,SARSA + PS,999,492,9,12,0,1
0.2,SARSA + PS,999,493,-5,17,1,1
0.2,SARSA + PS,999,494,-19,40,0,1
0.2,SARSA + PS,999,495,6,15,0,1
0.2,SARSA + PS,999,496,13,8,0,1
0.2,SARSA + PS,999,497,-19,31,1,1
0.2,SARSA + PS,999,498,-20,23,2,1
0.2,SARSA + PS,999,499,-309,195,15,1
0.2,SARSA + PS,2024,0,-623,200,47,0
0.2,SARSA + PS,2024,1,-686,200,54,0
0.2,SARSA + PS,2024,2,-614,200,46,0
0.2,SARSA + PS,2024,3,-596,200,44,0
0.2,SARSA + PS,2024,4,-641,200,49,0
0.2,SARSA + PS,2024,5,-533,200,37,0
0.2,SARSA + PS,2024,6,-407,200,23,0
0.2,SARSA + PS,2024,7,-695,200,55,0
0.2,SARSA + PS,2024,8,-722,200,58,0
0.2,SARSA + PS,2024,9,-713,200,57,0
0.2,SARSA + PS,2024,10,-821,200,69,0
0.2,SARSA + PS,2024,11,-785,200,65,0
0.2,SARSA + PS,2024,12,-578,200,42,0
0.2,SARSA + PS,2024,13,-695,200,55,0
0.2,SARSA + PS,2024,14,-506,200,34,0
0.2,SARSA + PS,2024,15,-443,200,27,0
0.2,SARSA + PS,2024,16,-659,200,51,0
0.2,SARSA + PS,2024,17,-272,200,8,0
0.2,SARSA + PS,2024,18,-470,200,30,0
0.2,SARSA + PS,2024,19,-407,200,23,0
0.2,SARSA + PS,2024,20,-344,200,16,0
0.2,SARSA + PS,2024,21,-344,194,19,1
0.2,SARSA + PS,2024,22,-614,200,46,0
0.2,SARSA + PS,2024,23,-722,200,58,0
0.2,SARSA + PS,2024,24,-317,200,13,0
0.2,SARSA + PS,2024,25,-614,200,46,0
0.2,SARSA + PS,2024,26,-313,100,26,1
0.2,SARSA + PS,2024,27,-425,200,25,0
0.2,SARSA + PS,2024,28,-168,126,7,1
0.2,SARSA + PS,2024,29,-335,200,15,0
0.2,SARSA + PS,2024,30,-578,200,42,0
0.2,SARSA + PS,2024,31,-470,200,30,0
0.2,SARSA + PS,2024,32,-362,200,18,0
0.2,SARSA + PS,2024,33,-459,138,38,1
0.2,SARSA + PS,2024,34,-677,200,53,0
0.2,SARSA + PS,2024,35,-299,200,11,0
0.2,SARSA + PS,2024,36,-605,200,45,0
0.2,SARSA + PS,2024,37,-560,200,40,0
0.2,SARSA + PS,2024,38,-317,200,13,0
0.2,SARSA + PS,2024,39,-189,147,7,1
0.2,SARSA + PS,2024,40,-461,200,29,0
0.2,SARSA + PS,2024,41,-354,87,32,1
0.2,SARSA + PS,2024,42,-263,200,7,0
0.2,SARSA + PS,2024,43,-326,200,14,0
0.2,SARSA + PS,2024,44,-551,200,39,0
0.2,SARSA + PS,2024,45,-326,200,14,0
0.2,SARSA + PS,2024,46,-353,200,17,0
0.2,SARSA + PS,2024,47,-84,60,5,1
0.2,SARSA + PS,2024,48,-272,200,8,0
0.2,SARSA + PS,2024,49,-89,74,4,1
0.2,SARSA + PS,2024,50,-371,200,19,0
0.2,SARSA + PS,2024,51,-93,60,6,1
0.2,SARSA + PS,2024,52,-335,200,15,0
0.2,SARSA + PS,2024,53,-225,138,12,1
0.2,SARSA + PS,2024,54,-326,200,14,0
0.2,SARSA + PS,2024,55,-52,46,3,1
0.2,SARSA + PS,2024,56,-344,200,16,0
0.2,SARSA + PS,2024,57,-335,200,15,0
0.2,SARSA + PS,2024,58,-407,200,23,0
0.2,SARSA + PS,2024,59,-103,79,5,1
0.2,SARSA + PS,2024,60,-389,200,21,0
0.2,SARSA + PS,2024,61,-114,81,6,1
0.2,SARSA + PS,2024,62,-569,200,41,0
0.2,SARSA + PS,2024,63,-380,200,20,0
0.2,SARSA + PS,2024,64,-308,200,12,0
0.2,SARSA + PS,2024,65,-371,200,19,0
0.2,SARSA + PS,2024,66,-66,51,4,1
0.2,SARSA + PS,2024,67,-243,183,9,1
0.2,SARSA + PS,2024,68,-248,188,9,1
0.2,SARSA + PS,2024,69,-305,200,14,1
0.2,SARSA + PS,2024,70,12,9,0,1
0.2,SARSA + PS,2024,71,-335,200,15,0
0.2,SARSA + PS,2024,72,-254,200,6,0
0.2,SARSA + PS,2024,73,-121,106,4,1
0.2,SARSA + PS,2024,74,-344,200,16,0
0.2,SARSA + PS,2024,75,-8,20,1,1
0.2,SARSA + PS,2024,76,-65,50,4,1
0.2,SARSA + PS,2024,77,-202,124,11,1
0.2,SARSA + PS,2024,78,-326,200,14,0
0.2,SARSA + PS,2024,79,-223,163,9,1
0.2,SARSA + PS,2024,80,-80,74,3,1
0.2,SARSA + PS,2024,81,-263,200,7,0
0.2,SARSA + PS,2024,82,-281,200,9,0
0.2,SARSA + PS,2024,83,-38,32,3,1
0.2,SARSA + PS,2024,84,-17,29,1,1
0.2,SARSA + PS,2024,85,-117,102,4,1
0.2,SARSA + PS,2024,86,-308,200,12,0
0.2,SARSA + PS,2024,87,-326,200,14,0
0.2,SARSA + PS,2024,88,-163,121,7,1
0.2,SARSA + PS,2024,89,-14,26,1,1
0.2,SARSA + PS,2024,90,-13,16,2,1
0.2,SARSA + PS,2024,91,-109,85,5,1
0.2,SARSA + PS,2024,92,-335,200,15,0
0.2,SARSA + PS,2024,93,12,9,0,1
0.2,SARSA + PS,2024,94,-56,41,4,1
0.2,SARSA + PS,2024,95,-8,20,1,1
0.2,SARSA + PS,2024,96,-76,70,3,1
0.2,SARSA + PS,2024,97,-181,139,7,1
0.2,SARSA + PS,2024,98,-17,20,2,1
0.2,SARSA + PS,2024,99,-290,200,10,0
0.2,SARSA + PS,2024,100,10,11,0,1
0.2,SARSA + PS,2024,101,-83,68,4,1
0.2,SARSA + PS,2024,102,-290,200,10,0
0.2,SARSA + PS,2024,103,-308,200,12,0
0.2,SARSA + PS,2024,104,-32,35,2,1
0.2,SARSA + PS,2024,105,12,9,0,1
0.2,SARSA + PS,2024,106,-28,40,1,1
0.2,SARSA + PS,2024,107,2,10,1,1
0.2,SARSA + PS,2024,108,-35,38,2,1
0.2,SARSA + PS,2024,109,-28,40,1,1
0.2,SARSA + PS,2024,110,-77,71,3,1
0.2,SARSA + PS,2024,111,-171,138,6,1
0.2,SARSA + PS,2024,112,-88,55,6,1
0.2,SARSA + PS,2024,113,-192,132,9,1
0.2,SARSA + PS,2024,114,-34,28,3,1
0.2,SARSA + PS,2024,115,-43,46,2,1
0.2,SARSA + PS,2024,116,-299,200,11,0
0.2,SARSA + PS,2024,117,-344,200,16,0
0.2,SARSA + PS,2024,118,7,14,0,1
0.2,SARSA + PS,2024,119,-398,200,22,0
0.2,SARSA + PS,2024,120,-64,58,3,1
0.2,SARSA + PS,2024,121,-47,41,3,1
0.2,SARSA + PS,2024,122,-21,24,2,1
0.2,SARSA + PS,2024,123,11,10,0,1
0.2,SARSA + PS,2024,124,-51,72,0,1
0.2,SARSA + PS,2024,125,12,9,0,1
0.2,SARSA + PS,2024,126,-326,200,14,0
0.2,SARSA + PS,2024,127,-15,27,1,1
0.2,SARSA + PS,2024,128,-216,147,10,1
0.2,SARSA + PS,2024,129,-362,200,18,0
0.2,SARSA + PS,2024,130,-28,22,3,1
0.2,SARSA + PS,2024,131,-184,115,10,1
0.2,SARSA + PS,2024,132,13,8,0,1
0.2,SARSA + PS,2024,133,12,9,0,1
0.2,SARSA + PS,2024,134,-86,80,3,1
0.2,SARSA + PS,2024,135,-182,113,10,1
0.2,SARSA + PS,2024,136,-303,198,14,1
0.2,SARSA + PS,2024,137,-290,200,10,0
0.2,SARSA + PS,2024,138,-219,123,13,1
0.2,SARSA + PS,2024,139,-48,42,3,1
0.2,SARSA + PS,2024,140,-136,94,7,1
0.2,SARSA + PS,2024,141,-308,200,12,0
0.2,SARSA + PS,2024,142,-77,71,3,1
0.2,SARSA + PS,2024,143,-281,200,9,0
0.2,SARSA + PS,2024,144,11,10,0,1
0.2,SARSA + PS,2024,145,6,15,0,1
0.2,SARSA + PS,2024,146,-72,48,5,1
0.2,SARSA + PS,2024,147,-42,36,3,1
0.2,SARSA + PS,2024,148,-344,200,16,0
0.2,SARSA + PS,2024,149,-113,71,7,1
0.2,SARSA + PS,2024,150,-190,157,6,1
0.2,SARSA + PS,2024,151,-263,200,7,0
0.2,SARSA + PS,2024,152,2,10,1,1
0.2,SARSA + PS,2024,153,-9,12,2,1
0.2,SARSA + PS,2024,154,-1,13,1,1
0.2,SARSA + PS,2024,155,-3,15,1,1
0.2,SARSA + PS,2024,156,-4,25,0,1
0.2,SARSA + PS,2024,157,-156,123,6,1
0.2,SARSA + PS,2024,158,2,19,0,1
0.2,SARSA + PS,2024,159,-16,37,0,1
0.2,SARSA + PS,2024,160,-98,74,5,1
0.2,SARSA + PS,2024,161,-48,33,4,1
0.2,SARSA + PS,2024,162,-344,200,16,0
0.2,SARSA + PS,2024,163,-134,92,7,1
0.2,SARSA + PS,2024,164,12,9,0,1
0.2,SARSA + PS,2024,165,-27,39,1,1
0.2,SARSA + PS,2024,166,-141,108,6,1
0.2,SARSA + PS,2024,167,-25,28,2,1
0.2,SARSA + PS,2024,168,-353,200,17,0
0.2,SARSA + PS,2024,169,-56,41,4,1
0.2,SARSA + PS,2024,170,-144,111,6,1
0.2,SARSA + PS,2024,171,-1,13,1,1
0.2,SARSA + PS,2024,172,-308,200,12,0
0.2,SARSA + PS,2024,173,-344,200,16,0
0.2,SARSA + PS,2024,174,-273,159,15,1
0.2,SARSA + PS,2024,175,-326,200,14,0
0.2,SARSA + PS,2024,176,-49,43,3,1
0.2,SARSA + PS,2024,177,-19,40,0,1
0.2,SARSA + PS,2024,178,-81,75,3,1
0.2,SARSA + PS,2024,179,-263,176,12,1
0.2,SARSA + PS,2024,180,-299,200,11,0
0.2,SARSA + PS,2024,181,-40,34,3,1
0.2,SARSA + PS,2024,182,-3,15,1,1
0.2,SARSA + PS,2024,183,-62,56,3,1
0.2,SARSA + PS,2024,184,4,8,1,1
0.2,SARSA + PS,2024,185,-308,200,12,0
0.2,SARSA + PS,2024,186,-52,46,3,1
0.2,SARSA + PS,2024,187,-2,23,0,1
0.2,SARSA + PS,2024,188,-66,51,4,1
0.2,SARSA + PS,2024,189,-84,60,5,1
0.2,SARSA + PS,2024,190,-74,50,5,1
0.2,SARSA + PS,2024,191,-353,200,17,0
0.2,SARSA + PS,2024,192,-24,27,2,1
0.2,SARSA + PS,2024,193,12,9,0,1
0.2,SARSA + PS,2024,194,-4,16,1,1
0.2,SARSA + PS,2024,195,-139,97,7,1
0.2,SARSA + PS,2024,196,-174,123,8,1
0.2,SARSA + PS,2024,197,-84,60,5,1
0.2,SARSA + PS,2024,198,-290,200,10,0
0.2,SARSA + PS,2024,199,-4,16,1,1
0.2,SARSA + PS,2024,200,-13,25,1,1
0.2,SARSA + PS,2024,201,-4,16,1,1
0.2,SARSA + PS,2024,202,-92,104,1,1
0.2,SARSA + PS,2024,203,13,8,0,1
0.2,SARSA + PS,2024,204,-104,62,7,1
0.2,SARSA + PS,2024,205,-245,194,8,1
0.2,SARSA + PS,2024,206,11,10,0,1
0.2,SARSA + PS,2024,207,-58,43,4,1
0.2,SARSA + PS,2024,208,-24,36,1,1
0.2,SARSA + PS,2024,209,-40,43,2,1
0.2,SARSA + PS,2024,210,-335,200,15,0
0.2,SARSA + PS,2024,211,-231,144,12,1
0.2,SARSA + PS,2024,212,-3,15,1,1
0.2,SARSA + PS,2024,213,-299,200,11,0
0.2,SARSA + PS,2024,214,-25,19,3,1
0.2,SARSA + PS,2024,215,-11,23,1,1
0.2,SARSA + PS,2024,216,-7,28,0,1
0.2,SARSA + PS,2024,217,-17,20,2,1
0.2,SARSA + PS,2024,218,-33,54,0,1
0.2,SARSA + PS,2024,219,3,18,0,1
0.2,SARSA + PS,2024,220,-335,200,15,0
0.2,SARSA + PS,2024,221,-299,200,11,0
0.2,SARSA + PS,2024,222,-353,200,17,0
0.2,SARSA + PS,2024,223,-201,141,9,1
0.2,SARSA + PS,2024,224,-67,61,3,1
0.2,SARSA + PS,2024,225,1,20,0,1
0.2,SARSA + PS,2024,226,-210,141,10,1
0.2,SARSA + PS,2024,227,8,13,0,1
0.2,SARSA + PS,2024,228,-59,44,4,1
0.2,SARSA + PS,2024,229,5,16,0,1
0.2,SARSA + PS,2024,230,-259,190,10,1
0.2,SARSA + PS,2024,231,-203,125,11,1
0.2,SARSA + PS,2024,232,-213,144,10,1
0.2,SARSA + PS,2024,233,9,12,0,1
0.2,SARSA + PS,2024,234,1,20,0,1
0.2,SARSA + PS,2024,235,-68,71,2,1
0.2,SARSA + PS,2024,236,-2,14,1,1
0.2,SARSA + PS,2024,237,-6,18,1,1
0.2,SARSA + PS,2024,238,-193,151,7,1
0.2,SARSA + PS,2024,239,-252,183,10,1
0.2,SARSA + PS,2024,240,-1,22,0,1
0.2,SARSA + PS,2024,241,-3,15,1,1
0.2,SARSA + PS,2024,242,3,9,1,1
0.2,SARSA + PS,2024,243,-58,61,2,1
0.2,SARSA + PS,2024,244,2,19,0,1
0.2,SARSA + PS,2024,245,-221,152,10,1
0.2,SARSA + PS,2024,246,-88,64,5,1
0.2,SARSA + PS,2024,247,-16,28,1,1
0.2,SARSA + PS,2024,248,-1,13,1,1
0.2,SARSA + PS,2024,249,-209,131,11,1
0.2,SARSA + PS,2024,250,-276,198,11,1
0.2,SARSA + PS,2024,251,-24,27,2,1
0.2,SARSA + PS,2024,252,-4,16,1,1
0.2,SARSA + PS,2024,253,-362,200,18,0
0.2,SARSA + PS,2024,254,-74,50,5,1
0.2,SARSA + PS,2024,255,-1,13,1,1
0.2,SARSA + PS,2024,256,10,11,0,1
0.2,SARSA + PS,2024,257,-27,21,3,1
0.2,SARSA + PS,2024,258,-5,26,0,1
0.2,SARSA + PS,2024,259,-40,25,4,1
0.2,SARSA + PS,2024,260,6,15,0,1
0.2,SARSA + PS,2024,261,-11,14,2,1
0.2,SARSA + PS,2024,262,-2,14,1,1
0.2,SARSA + PS,2024,263,-216,102,15,1
0.2,SARSA + PS,2024,264,-92,77,4,1
0.2,SARSA + PS,2024,265,-43,55,1,1
0.2,SARSA + PS,2024,266,-63,57,3,1
0.2,SARSA + PS,2024,267,-33,45,1,1
0.2,SARSA + PS,2024,268,-353,200,17,0
0.2,SARSA + PS,2024,269,14,7,0,1
0.2,SARSA + PS,2024,270,-107,74,6,1
0.2,SARSA + PS,2024,271,1,11,1,1
0.2,SARSA + PS,2024,272,-67,52,4,1
0.2,SARSA + PS,2024,273,-28,22,3,1
0.2,SARSA + PS,2024,274,9,12,0,1
0.2,SARSA + PS,2024,275,-14,26,1,1
0.2,SARSA + PS,2024,276,-7,19,1,1
0.2,SARSA + PS,2024,277,-11,14,2,1
0.2,SARSA + PS,2024,278,11,10,0,1
0.2,SARSA + PS,2024,279,-38,50,1,1
0.2,SARSA + PS,2024,280,-10,22,1,1
0.2,SARSA + PS,2024,281,-227,149,11,1
0.2,SARSA + PS,2024,282,-238,169,10,1
0.2,SARSA + PS,2024,283,-344,200,16,0
0.2,SARSA + PS,2024,284,-35,20,4,1
0.2,SARSA + PS,2024,285,-82,49,6,1
0.2,SARSA + PS,2024,286,8,13,0,1
0.2,SARSA + PS,2024,287,-91,76,4,1
0.2,SARSA + PS,2024,288,3,18,0,1
0.2,SARSA + PS,2024,289,-24,27,2,1
0.2,SARSA + PS,2024,290,-41,35,3,1
0.2,SARSA + PS,2024,291,-24,27,2,1
0.2,SARSA + PS,2024,292,-4,16,1,1
0.2,SARSA + PS,2024,293,-57,51,3,1
0.2,SARSA + PS,2024,294,-1,13,1,1
0.2,SARSA + PS,2024,295,-85,79,3,1
0.2,SARSA + PS,2024,296,-335,200,15,0
0.2,SARSA + PS,2024,297,-20,23,2,1
0.2,SARSA + PS,2024,298,-24,36,1,1
0.2,SARSA + PS,2024,299,6,15,0,1
0.2,SARSA + PS,2024,300,-58,43,4,1
0.2,SARSA + PS,2024,301,-9,21,1,1
0.2,SARSA + PS,2024,302,-28,22,3,1
0.2,SARSA + PS,2024,303,6,15,0,1
0.2,SARSA + PS,2024,304,1,20,0,1
0.2,SARSA + PS,2024,305,10,11,0,1
0.2,SARSA + PS,2024,306,-3,15,1,1
0.2,SARSA + PS,2024,307,-1,22,0,1
0.2,SARSA + PS,2024,308,5,16,0,1
0.2,SARSA + PS,2024,309,-87,54,6,1
0.2,SARSA + PS,2024,310,-21,24,2,1
0.2,SARSA + PS,2024,311,-29,32,2,1
0.2,SARSA + PS,2024,312,-5,26,0,1
0.2,SARSA + PS,2024,313,-37,31,3,1
0.2,SARSA + PS,2024,314,-23,35,1,1
0.2,SARSA + PS,2024,315,-92,77,4,1
0.2,SARSA + PS,2024,316,-24,36,1,1
0.2,SARSA + PS,2024,317,-42,45,2,1
0.2,SARSA + PS,2024,318,-43,55,1,1
0.2,SARSA + PS,2024,319,-83,59,5,1
0.2,SARSA + PS,2024,320,-143,92,8,1
0.2,SARSA + PS,2024,321,-20,32,1,1
0.2,SARSA + PS,2024,322,8,13,0,1
0.2,SARSA + PS,2024,323,-308,200,12,0
0.2,SARSA + PS,2024,324,6,15,0,1
0.2,SARSA + PS,2024,325,8,13,0,1
0.2,SARSA + PS,2024,326,-32,26,3,1
0.2,SARSA + PS,2024,327,-8,20,1,1
0.2,SARSA + PS,2024,328,-308,200,12,0
0.2,SARSA + PS,2024,329,0,12,1,1
0.2,SARSA + PS,2024,330,-3,15,1,1
0.2,SARSA + PS,2024,331,-165,123,7,1
0.2,SARSA + PS,2024,332,-37,22,4,1
0.2,SARSA + PS,2024,333,-37,22,4,1
0.2,SARSA + PS,2024,334,-10,22,1,1
0.2,SARSA + PS,2024,335,3,18,0,1
0.2,SARSA + PS,2024,336,-3,15,1,1
0.2,SARSA + PS,2024,337,0,12,1,1
0.2,SARSA + PS,2024,338,13,8,0,1
0.2,SARSA + PS,2024,339,-125,74,8,1
0.2,SARSA + PS,2024,340,-6,18,1,1
0.2,SARSA + PS,2024,341,-14,17,2,1
0.2,SARSA + PS,2024,342,-76,61,4,1
0.2,SARSA + PS,2024,343,-15,18,2,1
0.2,SARSA + PS,2024,344,-41,35,3,1
0.2,SARSA + PS,2024,345,-7,19,1,1
0.2,SARSA + PS,2024,346,5,16,0,1
0.2,SARSA + PS,2024,347,-3,15,1,1
0.2,SARSA + PS,2024,348,-211,133,11,1
0.2,SARSA + PS,2024,349,-6,18,1,1
0.2,SARSA + PS,2024,350,-71,65,3,1
0.2,SARSA + PS,2024,351,8,13,0,1
0.2,SARSA + PS,2024,352,-12,24,1,1
0.2,SARSA + PS,2024,353,-65,41,5,1
0.2,SARSA + PS,2024,354,10,11,0,1
0.2,SARSA + PS,2024,355,6,15,0,1
0.2,SARSA + PS,2024,356,-91,76,4,1
0.2,SARSA + PS,2024,357,12,9,0,1
0.2,SARSA + PS,2024,358,-151,91,9,1
0.2,SARSA + PS,2024,359,7,14,0,1
0.2,SARSA + PS,2024,360,7,14,0,1
0.2,SARSA + PS,2024,361,-119,77,7,1
0.2,SARSA + PS,2024,362,9,12,0,1
0.2,SARSA + PS,2024,363,-16,19,2,1
0.2,SARSA + PS,2024,364,-5,26,0,1
0.2,SARSA + PS,2024,365,-1,13,1,1
0.2,SARSA + PS,2024,366,2,19,0,1
0.2,SARSA + PS,2024,367,-47,50,2,1
0.2,SARSA + PS,2024,368,2,19,0,1
0.2,SARSA + PS,2024,369,-14,17,2,1
0.2,SARSA + PS,2024,370,-8,20,1,1
0.2,SARSA + PS,2024,371,-326,200,14,0
0.2,SARSA + PS,2024,372,-19,40,0,1
0.2,SARSA + PS,2024,373,10,11,0,1
0.2,SARSA + PS,2024,374,-2,23,0,1
0.2,SARSA + PS,2024,375,6,15,0,1
0.2,SARSA + PS,2024,376,-196,136,9,1
0.2,SARSA + PS,2024,377,-36,39,2,1
0.2,SARSA + PS,2024,378,-245,200,5,0
0.2,SARSA + PS,2024,379,-19,22,2,1
0.2,SARSA + PS,2024,380,11,10,0,1
0.2,SARSA + PS,2024,381,-44,29,4,1
0.2,SARSA + PS,2024,382,11,10,0,1
0.2,SARSA + PS,2024,383,-290,200,10,0
0.2,SARSA + PS,2024,384,-4,16,1,1
0.2,SARSA + PS,2024,385,-19,31,1,1
0.2,SARSA + PS,2024,386,-42,45,2,1
0.2,SARSA + PS,2024,387,-7,19,1,1
0.2,SARSA + PS,2024,388,-87,72,4,1
0.2,SARSA + PS,2024,389,0,21,0,1
0.2,SARSA + PS,2024,390,-35,38,2,1
0.2,SARSA + PS,2024,391,-4,25,0,1
0.2,SARSA + PS,2024,392,-16,19,2,1
0.2,SARSA + PS,2024,393,-6,18,1,1
0.2,SARSA + PS,2024,394,10,11,0,1
0.2,SARSA + PS,2024,395,2,19,0,1
0.2,SARSA + PS,2024,396,11,10,0,1
0.2,SARSA + PS,2024,397,-66,42,5,1
0.2,SARSA + PS,2024,398,-90,84,3,1
0.2,SARSA + PS,2024,399,-88,73,4,1
0.2,SARSA + PS,2024,400,3,18,0,1
0.2,SARSA + PS,2024,401,10,11,0,1
0.2,SARSA + PS,2024,402,-5,17,1,1
0.2,SARSA + PS,2024,403,0,12,1,1
0.2,SARSA + PS,2024,404,-57,42,4,1
0.2,SARSA + PS,2024,405,13,8,0,1
0.2,SARSA + PS,2024,406,11,10,0,1
0.2,SARSA + PS,2024,407,3,9,1,1
0.2,SARSA + PS,2024,408,-134,119,4,1
0.2,SARSA + PS,2024,409,-6,27,0,1
0.2,SARSA + PS,2024,410,-3,15,1,1
0.2,SARSA + PS,2024,411,6,15,0,1
0.2,SARSA + PS,2024,412,8,13,0,1
0.2,SARSA + PS,2024,413,-2,14,1,1
0.2,SARSA + PS,2024,414,-129,78,8,1
0.2,SARSA + PS,2024,415,-79,82,2,1
0.2,SARSA + PS,2024,416,-46,40,3,1
0.2,SARSA + PS,2024,417,-29,32,2,1
0.2,SARSA + PS,2024,418,-1,13,1,1
0.2,SARSA + PS,2024,419,-10,22,1,1
0.2,SARSA + PS,2024,420,11,10,0,1
0.2,SARSA + PS,2024,421,-12,24,1,1
0.2,SARSA + PS,2024,422,-84,60,5,1
0.2,SARSA + PS,2024,423,11,10,0,1
0.2,SARSA + PS,2024,424,-2,14,1,1
0.2,SARSA + PS,2024,425,1,11,1,1
0.2,SARSA + PS,2024,426,-23,17,3,1
0.2,SARSA + PS,2024,427,8,13,0,1
0.2,SARSA + PS,2024,428,-158,107,8,1
0.2,SARSA + PS,2024,429,3,9,1,1
0.2,SARSA + PS,2024,430,-16,19,2,1
0.2,SARSA + PS,2024,431,-75,87,1,1
0.2,SARSA + PS,2024,432,7,14,0,1
0.2,SARSA + PS,2024,433,-52,55,2,1
0.2,SARSA + PS,2024,434,-18,39,0,1
0.2,SARSA + PS,2024,435,-17,29,1,1
0.2,SARSA + PS,2024,436,-5,17,1,1
0.2,SARSA + PS,2024,437,-112,70,7,1
0.2,SARSA + PS,2024,438,-16,28,1,1
0.2,SARSA + PS,2024,439,6,15,0,1
0.2,SARSA + PS,2024,440,8,13,0,1
0.2,SARSA + PS,2024,441,-3,15,1,1
0.2,SARSA + PS,2024,442,-25,46,0,1
0.2,SARSA + PS,2024,443,-19,31,1,1
0.2,SARSA + PS,2024,444,-18,30,1,1
0.2,SARSA + PS,2024,445,-20,23,2,1
0.2,SARSA + PS,2024,446,-35,29,3,1
0.2,SARSA + PS,2024,447,-113,80,6,1
0.2,SARSA + PS,2024,448,-1,13,1,1
0.2,SARSA + PS,2024,449,-22,25,2,1
0.2,SARSA + PS,2024,450,-12,24,1,1
0.2,SARSA + PS,2024,451,1,20,0,1
0.2,SARSA + PS,2024,452,-2,14,1,1
0.2,SARSA + PS,2024,453,-84,60,5,1
0.2,SARSA + PS,2024,454,9,12,0,1
0.2,SARSA + PS,2024,455,-16,19,2,1
0.2,SARSA + PS,2024,456,-81,66,4,1
0.2,SARSA + PS,2024,457,10,11,0,1
0.2,SARSA + PS,2024,458,-15,27,1,1
0.2,SARSA + PS,2024,459,-18,21,2,1
0.2,SARSA + PS,2024,460,4,17,0,1
0.2,SARSA + PS,2024,461,-21,33,1,1
0.2,SARSA + PS,2024,462,-25,37,1,1
0.2,SARSA + PS,2024,463,-15,18,2,1
0.2,SARSA + PS,2024,464,-77,80,2,1
0.2,SARSA + PS,2024,465,-13,16,2,1
0.2,SARSA + PS,2024,466,5,16,0,1
0.2,SARSA + PS,2024,467,3,18,0,1
0.2,SARSA + PS,2024,468,1,11,1,1
0.2,SARSA + PS,2024,469,-371,200,19,0
0.2,SARSA + PS,2024,470,-1,13,1,1
0.2,SARSA + PS,2024,471,1,20,0,1
0.2,SARSA + PS,2024,472,-11,23,1,1
0.2,SARSA + PS,2024,473,1,11,1,1
0.2,SARSA + PS,2024,474,-69,63,3,1
0.2,SARSA + PS,2024,475,7,14,0,1
0.2,SARSA + PS,2024,476,-36,30,3,1
0.2,SARSA + PS,2024,477,-47,41,3,1
0.2,SARSA + PS,2024,478,11,10,0,1
0.2,SARSA + PS,2024,479,-2,23,0,1
0.2,SARSA + PS,2024,480,4,17,0,1
0.2,SARSA + PS,2024,481,-1,13,1,1
0.2,SARSA + PS,2024,482,-189,129,9,1
0.2,SARSA + PS,2024,483,-10,22,1,1
0.2,SARSA + PS,2024,484,12,9,0,1
0.2,SARSA + PS,2024,485,2,19,0,1
0.2,SARSA + PS,2024,486,-2,14,1,1
0.2,SARSA + PS,2024,487,11,10,0,1
0.2,SARSA + PS,2024,488,10,11,0,1
0.2,SARSA + PS,2024,489,-23,35,1,1
0.2,SARSA + PS,2024,490,12,9,0,1
0.2,SARSA + PS,2024,491,-40,43,2,1
0.2,SARSA + PS,2024,492,-5,17,1,1
0.2,SARSA + PS,2024,493,-3,24,0,1
0.2,SARSA + PS,2024,494,-7,19,1,1
0.2,SARSA + PS,2024,495,-2,14,1,1
0.2,SARSA + PS,2024,496,-40,34,3,1
0.2,SARSA + PS,2024,497,5,16,0,1
0.2,SARSA + PS,2024,498,-36,30,3,1
0.2,SARSA + PS,2024,499,-1,13,1,1
0.4,SARSA,42,0,-533,200,37,0
0.4,SARSA,42,1,-533,200,37,0
0.4,SARSA,42,2,-668,200,52,0
0.4,SARSA,42,3,-659,200,51,0
0.4,SARSA,42,4,-659,200,51,0
0.4,SARSA,42,5,-596,200,44,0
0.4,SARSA,42,6,-650,200,50,0
0.4,SARSA,42,7,-587,200,43,0
0.4,SARSA,42,8,-668,200,52,0
0.4,SARSA,42,9,-650,200,50,0
0.4,SARSA,42,10,-569,200,41,0
0.4,SARSA,42,11,-614,200,46,0
0.4,SARSA,42,12,-425,140,34,1
0.4,SARSA,42,13,-569,200,41,0
0.4,SARSA,42,14,-704,200,56,0
0.4,SARSA,42,15,-632,200,48,0
0.4,SARSA,42,16,-425,200,25,0
0.4,SARSA,42,17,-506,200,34,0
0.4,SARSA,42,18,-443,200,27,0
0.4,SARSA,42,19,-605,200,45,0
0.4,SARSA,42,20,-731,200,59,0
0.4,SARSA,42,21,-515,200,35,0
0.4,SARSA,42,22,-659,200,51,0
0.4,SARSA,42,23,-587,200,43,0
0.4,SARSA,42,24,-488,200,32,0
0.4,SARSA,42,25,-470,200,30,0
0.4,SARSA,42,26,-533,200,37,0
0.4,SARSA,42,27,-488,200,32,0
0.4,SARSA,42,28,-371,194,22,1
0.4,SARSA,42,29,-569,200,41,0
0.4,SARSA,42,30,-749,200,61,0
0.4,SARSA,42,31,-524,200,36,0
0.4,SARSA,42,32,-470,200,30,0
0.4,SARSA,42,33,-443,200,27,0
0.4,SARSA,42,34,-587,200,43,0
0.4,SARSA,42,35,-452,200,28,0
0.4,SARSA,42,36,-524,200,36,0
0.4,SARSA,42,37,-452,200,28,0
0.4,SARSA,42,38,-301,133,21,1
0.4,SARSA,42,39,-605,200,45,0
0.4,SARSA,42,40,-515,200,35,0
0.4,SARSA,42,41,-686,200,54,0
0.4,SARSA,42,42,-357,189,21,1
0.4,SARSA,42,43,-479,200,31,0
0.4,SARSA,42,44,-479,200,31,0
0.4,SARSA,42,45,-452,200,28,0
0.4,SARSA,42,46,-74,50,5,1
0.4,SARSA,42,47,-569,200,41,0
0.4,SARSA,42,48,-288,129,20,1
0.4,SARSA,42,49,-515,200,35,0
0.4,SARSA,42,50,-497,200,33,0
0.4,SARSA,42,51,-470,200,30,0
0.4,SARSA,42,52,-344,200,16,0
0.4,SARSA,42,53,-434,200,26,0
0.4,SARSA,42,54,-533,200,37,0
0.4,SARSA,42,55,-578,200,42,0
0.4,SARSA,42,56,-542,200,38,0
0.4,SARSA,42,57,-434,200,26,0
0.4,SARSA,42,58,-344,200,16,0
0.4,SARSA,42,59,-497,200,33,0
0.4,SARSA,42,60,-452,200,28,0
0.4,SARSA,42,61,-677,200,53,0
0.4,SARSA,42,62,-407,200,23,0
0.4,SARSA,42,63,-461,200,29,0
0.4,SARSA,42,64,-461,200,29,0
0.4,SARSA,42,65,-632,200,48,0
0.4,SARSA,42,66,-461,200,29,0
0.4,SARSA,42,67,-479,200,31,0
0.4,SARSA,42,68,-488,200,32,0
0.4,SARSA,42,69,-107,65,7,1
0.4,SARSA,42,70,-416,200,24,0
0.4,SARSA,42,71,-542,200,38,0
0.4,SARSA,42,72,-407,200,23,0
0.4,SARSA,42,73,-430,190,29,1
0.4,SARSA,42,74,-362,200,18,0
0.4,SARSA,42,75,-416,200,24,0
0.4,SARSA,42,76,-341,191,19,1
0.4,SARSA,42,77,-389,200,21,0
0.4,SARSA,42,78,-434,200,26,0
0.4,SARSA,42,79,-443,200,27,0
0.4,SARSA,42,80,-443,200,27,0
0.4,SARSA,42,81,-165,69,13,1
0.4,SARSA,42,82,-461,200,29,0
0.4,SARSA,42,83,-398,200,22,0
0.4,SARSA,42,84,-411,180,28,1
0.4,SARSA,42,85,-443,200,27,0
0.4,SARSA,42,86,-731,200,59,0
0.4,SARSA,42,87,-452,200,28,0
0.4,SARSA,42,88,-407,200,23,0
0.4,SARSA,42,89,-263,140,16,1
0.4,SARSA,42,90,-479,200,31,0
0.4,SARSA,42,91,-479,200,31,0
0.4,SARSA,42,92,-398,200,22,0
0.4,SARSA,42,93,-367,154,26,1
0.4,SARSA,42,94,-425,200,25,0
0.4,SARSA,42,95,-497,200,33,0
0.4,SARSA,42,96,-398,200,22,0
0.4,SARSA,42,97,-231,108,16,1
0.4,SARSA,42,98,-389,200,21,0
0.4,SARSA,42,99,-443,200,27,0
0.4,SARSA,42,100,-461,200,29,0
0.4,SARSA,42,101,-443,200,27,0
0.4,SARSA,42,102,-497,200,33,0
0.4,SARSA,42,103,-479,200,31,0
0.4,SARSA,42,104,-479,200,31,0
0.4,SARSA,42,105,-497,200,33,0
0.4,SARSA,42,106,-425,200,25,0
0.4,SARSA,42,107,-452,200,28,0
0.4,SARSA,42,108,-425,200,25,0
0.4,SARSA,42,109,-470,200,30,0
0.4,SARSA,42,110,-425,200,25,0
0.4,SARSA,42,111,-416,200,24,0
0.4,SARSA,42,112,-443,200,27,0
0.4,SARSA,42,113,-407,200,23,0
0.4,SARSA,42,114,-425,200,25,0
0.4,SARSA,42,115,-361,148,26,1
0.4,SARSA,42,116,-425,200,25,0
0.4,SARSA,42,117,-425,200,25,0
0.4,SARSA,42,118,-331,181,19,1
0.4,SARSA,42,119,-259,127,17,1
0.4,SARSA,42,120,-270,111,20,1
0.4,SARSA,42,121,-416,200,24,0
0.4,SARSA,42,122,-358,199,20,1
0.4,SARSA,42,123,-181,67,15,1
0.4,SARSA,42,124,-470,200,30,0
0.4,SARSA,42,125,-470,200,30,0
0.4,SARSA,42,126,-434,200,26,0
0.4,SARSA,42,127,-434,200,26,0
0.4,SARSA,42,128,-416,200,24,0
0.4,SARSA,42,129,-389,200,21,0
0.4,SARSA,42,130,-200,86,15,1
0.4,SARSA,42,131,-479,200,31,0
0.4,SARSA,42,132,-174,96,11,1
0.4,SARSA,42,133,-443,200,27,0
0.4,SARSA,42,134,-470,200,30,0
0.4,SARSA,42,135,-283,133,19,1
0.4,SARSA,42,136,-142,73,10,1
0.4,SARSA,42,137,-443,200,27,0
0.4,SARSA,42,138,-416,200,24,0
0.4,SARSA,42,139,-330,153,22,1
0.4,SARSA,42,140,-479,200,31,0
0.4,SARSA,42,141,-222,135,12,1
0.4,SARSA,42,142,-515,200,35,0
0.4,SARSA,42,143,-497,200,33,0
0.4,SARSA,42,144,-443,200,27,0
0.4,SARSA,42,145,-398,200,22,0
0.4,SARSA,42,146,-162,84,11,1
0.4,SARSA,42,147,-479,200,31,0
0.4,SARSA,42,148,-301,142,20,1
0.4,SARSA,42,149,-407,200,23,0
0.4,SARSA,42,150,-398,200,22,0
0.4,SARSA,42,151,-470,200,30,0
0.4,SARSA,42,152,-443,200,27,0
0.4,SARSA,42,153,-299,149,19,1
0.4,SARSA,42,154,-380,200,20,0
0.4,SARSA,42,155,-434,200,26,0
0.4,SARSA,42,156,-488,200,32,0
0.4,SARSA,42,157,-425,200,25,0
0.4,SARSA,42,158,-104,53,8,1
0.4,SARSA,42,159,-461,200,29,0
0.4,SARSA,42,160,-407,200,23,0
0.4,SARSA,42,161,-217,121,13,1
0.4,SARSA,42,162,-434,200,26,0
0.4,SARSA,42,163,-398,200,22,0
0.4,SARSA,42,164,-425,200,25,0
0.4,SARSA,42,165,-285,162,16,1
0.4,SARSA,42,166,-39,42,2,1
0.4,SARSA,42,167,-356,188,21,1
0.4,SARSA,42,168,-416,200,24,0
0.4,SARSA,42,169,-407,200,23,0
0.4,SARSA,42,170,-416,200,24,0
0.4,SARSA,42,171,-470,200,30,0
0.4,SARSA,42,172,-157,88,10,1
0.4,SARSA,42,173,-452,200,28,0
0.4,SARSA,42,174,-452,200,28,0
0.4,SARSA,42,175,-425,200,25,0
0.4,SARSA,42,176,-115,82,6,1
0.4,SARSA,42,177,-252,138,15,1
0.4,SARSA,42,178,-355,160,24,1
0.4,SARSA,42,179,-497,200,33,0
0.4,SARSA,42,180,-262,157,14,1
0.4,SARSA,42,181,-452,200,28,0
0.4,SARSA,42,182,-389,200,21,0
0.4,SARSA,42,183,-452,200,28,0
0.4,SARSA,42,184,-497,200,33,0
0.4,SARSA,42,185,-470,200,30,0
0.4,SARSA,42,186,-181,67,15,1
0.4,SARSA,42,187,-398,200,22,0
0.4,SARSA,42,188,-298,148,19,1
0.4,SARSA,42,189,-407,200,23,0
0.4,SARSA,42,190,-69,45,5,1
0.4,SARSA,42,191,-488,200,32,0
0.4,SARSA,42,192,-389,200,21,0
0.4,SARSA,42,193,-116,74,7,1
0.4,SARSA,42,194,-220,124,13,1
0.4,SARSA,42,195,-371,200,19,0
0.4,SARSA,42,196,-382,178,25,1
0.4,SARSA,42,197,-443,200,27,0
0.4,SARSA,42,198,-419,188,28,1
0.4,SARSA,42,199,-416,200,24,0
0.4,SARSA,42,200,-434,200,26,0
0.4,SARSA,42,201,-380,200,20,0
0.4,SARSA,42,202,-239,125,15,1
0.4,SARSA,42,203,-362,200,18,0
0.4,SARSA,42,204,-461,200,29,0
0.4,SARSA,42,205,-416,200,24,0
0.4,SARSA,42,206,-407,200,23,0
0.4,SARSA,42,207,-479,200,31,0
0.4,SARSA,42,208,-29,32,2,1
0.4,SARSA,42,209,-452,200,28,0
0.4,SARSA,42,210,-416,200,24,0
0.4,SARSA,42,211,-434,200,26,0
0.4,SARSA,42,212,-54,30,5,1
0.4,SARSA,42,213,-407,200,23,0
0.4,SARSA,42,214,-452,200,28,0
0.4,SARSA,42,215,-241,109,17,1
0.4,SARSA,42,216,-479,200,31,0
0.4,SARSA,42,217,-389,200,21,0
0.4,SARSA,42,218,-229,124,14,1
0.4,SARSA,42,219,-443,200,27,0
0.4,SARSA,42,220,-300,168,17,1
0.4,SARSA,42,221,-173,77,13,1
0.4,SARSA,42,222,-42,27,4,1
0.4,SARSA,42,223,-82,40,7,1
0.4,SARSA,42,224,-59,35,5,1
0.4,SARSA,42,225,-294,171,16,1
0.4,SARSA,42,226,-506,200,34,0
0.4,SARSA,42,227,-389,194,24,1
0.4,SARSA,42,228,-443,200,27,0
0.4,SARSA,42,229,-363,186,22,1
0.4,SARSA,42,230,-380,200,20,0
0.4,SARSA,42,231,-344,158,23,1
0.4,SARSA,42,232,-416,200,24,0
0.4,SARSA,42,233,-236,122,15,1
0.4,SARSA,42,234,-20,23,2,1
0.4,SARSA,42,235,-137,68,10,1
0.4,SARSA,42,236,-461,200,29,0
0.4,SARSA,42,237,-155,104,8,1
0.4,SARSA,42,238,-389,200,21,0
0.4,SARSA,42,239,-425,200,25,0
0.4,SARSA,42,240,-129,69,9,1
0.4,SARSA,42,241,-380,200,20,0
0.4,SARSA,42,242,-425,200,25,0
0.4,SARSA,42,243,-120,69,8,1
0.4,SARSA,42,244,-287,164,16,1
0.4,SARSA,42,245,-110,68,7,1
0.4,SARSA,42,246,-314,146,21,1
0.4,SARSA,42,247,-434,200,26,0
0.4,SARSA,42,248,-195,126,10,1
0.4,SARSA,42,249,-470,200,30,0
0.4,SARSA,42,250,-228,132,13,1
0.4,SARSA,42,251,-461,200,29,0
0.4,SARSA,42,252,-371,200,19,0
0.4,SARSA,42,253,-224,119,14,1
0.4,SARSA,42,254,-346,160,23,1
0.4,SARSA,42,255,-542,200,38,0
0.4,SARSA,42,256,-479,200,31,0
0.4,SARSA,42,257,-407,200,23,0
0.4,SARSA,42,258,-407,200,23,0
0.4,SARSA,42,259,-201,96,14,1
0.4,SARSA,42,260,-452,200,28,0
0.4,SARSA,42,261,-197,83,15,1
0.4,SARSA,42,262,-254,113,18,1
0.4,SARSA,42,263,-79,55,5,1
0.4,SARSA,42,264,-381,195,23,1
0.4,SARSA,42,265,-103,70,6,1
0.4,SARSA,42,266,-116,56,9,1
0.4,SARSA,42,267,-269,119,19,1
0.4,SARSA,42,268,-257,143,15,1
0.4,SARSA,42,269,-308,131,22,1
0.4,SARSA,42,270,-407,200,23,0
0.4,SARSA,42,271,-443,200,27,0
0.4,SARSA,42,272,-313,181,17,1
0.4,SARSA,42,273,-416,200,24,0
0.4,SARSA,42,274,-12,24,1,1
0.4,SARSA,42,275,-146,77,10,1
0.4,SARSA,42,276,-470,200,30,0
0.4,SARSA,42,277,-294,135,20,1
0.4,SARSA,42,278,-239,134,14,1
0.4,SARSA,42,279,-152,83,10,1
0.4,SARSA,42,280,-279,129,19,1
0.4,SARSA,42,281,-389,200,21,0
0.4,SARSA,42,282,-88,46,7,1
0.4,SARSA,42,283,-380,200,20,0
0.4,SARSA,42,284,-167,89,11,1
0.4,SARSA,42,285,-488,200,32,0
0.4,SARSA,42,286,-407,200,23,0
0.4,SARSA,42,287,-479,200,31,0
0.4,SARSA,42,288,-99,66,6,1
0.4,SARSA,42,289,-84,78,3,1
0.4,SARSA,42,290,-405,156,30,1
0.4,SARSA,42,291,-506,200,34,0
0.4,SARSA,42,292,-344,167,22,1
0.4,SARSA,42,293,-154,94,9,1
0.4,SARSA,42,294,-461,200,29,0
0.4,SARSA,42,295,-479,200,31,0
0.4,SARSA,42,296,-326,200,14,0
0.4,SARSA,42,297,-281,176,14,1
0.4,SARSA,42,298,-443,200,27,0
0.4,SARSA,42,299,-268,145,16,1
0.4,SARSA,42,300,-59,44,4,1
0.4,SARSA,42,301,-470,200,30,0
0.4,SARSA,42,302,-354,186,21,1
0.4,SARSA,42,303,-338,179,20,1
0.4,SARSA,42,304,-425,200,25,0
0.4,SARSA,42,305,-371,200,19,0
0.4,SARSA,42,306,-425,200,25,0
0.4,SARSA,42,307,-292,124,21,1
0.4,SARSA,42,308,-398,200,22,0
0.4,SARSA,42,309,-425,200,25,0
0.4,SARSA,42,310,-488,200,32,0
0.4,SARSA,42,311,-443,200,27,0
0.4,SARSA,42,312,-425,200,25,0
0.4,SARSA,42,313,-41,35,3,1
0.4,SARSA,42,314,-416,200,24,0
0.4,SARSA,42,315,-407,200,23,0
0.4,SARSA,42,316,-398,200,22,0
0.4,SARSA,42,317,-12,15,2,1
0.4,SARSA,42,318,-488,200,32,0
0.4,SARSA,42,319,-461,200,29,0
0.4,SARSA,42,320,-221,107,15,1
0.4,SARSA,42,321,-407,200,23,0
0.4,SARSA,42,322,-352,166,23,1
0.4,SARSA,42,323,-220,133,12,1
0.4,SARSA,42,324,-470,200,30,0
0.4,SARSA,42,325,-48,33,4,1
0.4,SARSA,42,326,-389,200,21,0
0.4,SARSA,42,327,-398,200,22,0
0.4,SARSA,42,328,-257,143,15,1
0.4,SARSA,42,329,-434,200,26,0
0.4,SARSA,42,330,-263,122,18,1
0.4,SARSA,42,331,-359,164,24,1
0.4,SARSA,42,332,-240,108,17,1
0.4,SARSA,42,333,-169,73,13,1
0.4,SARSA,42,334,-89,56,6,1
0.4,SARSA,42,335,-348,162,23,1
0.4,SARSA,42,336,-347,188,20,1
0.4,SARSA,42,337,-301,160,18,1
0.4,SARSA,42,338,-407,200,23,0
0.4,SARSA,42,339,-193,106,12,1
0.4,SARSA,42,340,-398,200,22,0
0.4,SARSA,42,341,-390,186,25,1
0.4,SARSA,42,342,-389,200,21,0
0.4,SARSA,42,343,-497,200,33,0
0.4,SARSA,42,344,-506,200,34,0
0.4,SARSA,42,345,-67,52,4,1
0.4,SARSA,42,346,-380,200,20,0
0.4,SARSA,42,347,-60,36,5,1
0.4,SARSA,42,348,-335,158,22,1
0.4,SARSA,42,349,13,8,0,1
0.4,SARSA,42,350,-52,46,3,1
0.4,SARSA,42,351,-380,200,20,0
0.4,SARSA,42,352,0,21,0,1
0.4,SARSA,42,353,-68,53,4,1
0.4,SARSA,42,354,-488,200,32,0
0.4,SARSA,42,355,-407,200,23,0
0.4,SARSA,42,356,-73,49,5,1
0.4,SARSA,42,357,-191,104,12,1
0.4,SARSA,42,358,-443,200,27,0
0.4,SARSA,42,359,-224,137,12,1
0.4,SARSA,42,360,-488,200,32,0
0.4,SARSA,42,361,-52,37,4,1
0.4,SARSA,42,362,-108,66,7,1
0.4,SARSA,42,363,-416,200,24,0
0.4,SARSA,42,364,-403,181,27,1
0.4,SARSA,42,365,-389,200,21,0
0.4,SARSA,42,366,-165,105,9,1
0.4,SARSA,42,367,-497,200,33,0
0.4,SARSA,42,368,-407,200,23,0
0.4,SARSA,42,369,-113,71,7,1
0.4,SARSA,42,370,-389,200,21,0
0.4,SARSA,42,371,-10,13,2,1
0.4,SARSA,42,372,-4,16,1,1
0.4,SARSA,42,373,-76,79,2,1
0.4,SARSA,42,374,-41,44,2,1
0.4,SARSA,42,375,-22,25,2,1
0.4,SARSA,42,376,-506,200,34,0
0.4,SARSA,42,377,-102,69,6,1
0.4,SARSA,42,378,-425,200,25,0
0.4,SARSA,42,379,-443,200,27,0
0.4,SARSA,42,380,-144,93,8,1
0.4,SARSA,42,381,-371,200,19,0
0.4,SARSA,42,382,-371,200,19,0
0.4,SARSA,42,383,-407,200,23,0
0.4,SARSA,42,384,-221,116,14,1
0.4,SARSA,42,385,-443,200,27,0
0.4,SARSA,42,386,-391,196,24,1
0.4,SARSA,42,387,-257,107,19,1
0.4,SARSA,42,388,-434,200,26,0
0.4,SARSA,42,389,-434,200,26,0
0.4,SARSA,42,390,-140,80,9,1
0.4,SARSA,42,391,-380,200,20,0
0.4,SARSA,42,392,-172,85,12,1
0.4,SARSA,42,393,-120,51,10,1
0.4,SARSA,42,394,-425,200,25,0
0.4,SARSA,42,395,-125,65,9,1
0.4,SARSA,42,396,-398,200,22,0
0.4,SARSA,42,397,-189,111,11,1
0.4,SARSA,42,398,-407,200,23,0
0.4,SARSA,42,399,-13,16,2,1
0.4,SARSA,42,400,-72,48,5,1
0.4,SARSA,42,401,-85,52,6,1
0.4,SARSA,42,402,-17,20,2,1
0.4,SARSA,42,403,-347,170,22,1
0.4,SARSA,42,404,-389,200,21,0
0.4,SARSA,42,405,-203,107,13,1
0.4,SARSA,42,406,-150,81,10,1
0.4,SARSA,42,407,-388,175,26,1
0.4,SARSA,42,408,-131,71,9,1
0.4,SARSA,42,409,-154,76,11,1
0.4,SARSA,42,410,-17,29,1,1
0.4,SARSA,42,411,-321,153,21,1
0.4,SARSA,42,412,-69,54,4,1
0.4,SARSA,42,413,-81,48,6,1
0.4,SARSA,42,414,-219,114,14,1
0.4,SARSA,42,415,-212,116,13,1
0.4,SARSA,42,416,-344,200,16,0
0.4,SARSA,42,417,-506,200,34,0
0.4,SARSA,42,418,-221,116,14,1
0.4,SARSA,42,419,-151,82,10,1
0.4,SARSA,42,420,-317,149,21,1
0.4,SARSA,42,421,-101,50,8,1
0.4,SARSA,42,422,-416,185,28,1
0.4,SARSA,42,423,-380,200,20,0
0.4,SARSA,42,424,-488,200,32,0
0.4,SARSA,42,425,-402,171,28,1
0.4,SARSA,42,426,-18,21,2,1
0.4,SARSA,42,427,-416,200,24,0
0.4,SARSA,42,428,-259,118,18,1
0.4,SARSA,42,429,-470,200,30,0
0.4,SARSA,42,430,-16,28,1,1
0.4,SARSA,42,431,-172,103,10,1
0.4,SARSA,42,432,-389,200,21,0
0.4,SARSA,42,433,-208,112,13,1
0.4,SARSA,42,434,-332,164,21,1
0.4,SARSA,42,435,-234,111,16,1
0.4,SARSA,42,436,-273,159,15,1
0.4,SARSA,42,437,-328,151,22,1
0.4,SARSA,42,438,-113,71,7,1
0.4,SARSA,42,439,-461,200,29,0
0.4,SARSA,42,440,-186,90,13,1
0.4,SARSA,42,441,-497,200,33,0
0.4,SARSA,42,442,-336,168,21,1
0.4,SARSA,42,443,-227,122,14,1
0.4,SARSA,42,444,-416,200,24,0
0.4,SARSA,42,445,-128,59,10,1
0.4,SARSA,42,446,-471,186,34,1
0.4,SARSA,42,447,-425,200,25,0
0.4,SARSA,42,448,-443,200,27,0
0.4,SARSA,42,449,-172,103,10,1
0.4,SARSA,42,450,-353,200,17,0
0.4,SARSA,42,451,-434,200,26,0
0.4,SARSA,42,452,-267,135,17,1
0.4,SARSA,42,453,-360,174,23,1
0.4,SARSA,42,454,-264,150,15,1
0.4,SARSA,42,455,-298,175,16,1
0.4,SARSA,42,456,-58,43,4,1
0.4,SARSA,42,457,-497,200,33,0
0.4,SARSA,42,458,-398,200,22,0
0.4,SARSA,42,459,-14,17,2,1
0.4,SARSA,42,460,-405,174,28,1
0.4,SARSA,42,461,-411,198,26,1
0.4,SARSA,42,462,-193,97,13,1
0.4,SARSA,42,463,-210,96,15,1
0.4,SARSA,42,464,-416,200,24,0
0.4,SARSA,42,465,-515,200,35,0
0.4,SARSA,42,466,-59,26,6,1
0.4,SARSA,42,467,-126,66,9,1
0.4,SARSA,42,468,-18,21,2,1
0.4,SARSA,42,469,-488,200,32,0
0.4,SARSA,42,470,-72,39,6,1
0.4,SARSA,42,471,-150,99,8,1
0.4,SARSA,42,472,-125,74,8,1
0.4,SARSA,42,473,-74,41,6,1
0.4,SARSA,42,474,-262,121,18,1
0.4,SARSA,42,475,-58,43,4,1
0.4,SARSA,42,476,-479,200,31,0
0.4,SARSA,42,477,-165,78,12,1
0.4,SARSA,42,478,-434,200,26,0
0.4,SARSA,42,479,-39,33,3,1
0.4,SARSA,42,480,-280,157,16,1
0.4,SARSA,42,481,-93,69,5,1
0.4,SARSA,42,482,-102,51,8,1
0.4,SARSA,42,483,-117,75,7,1
0.4,SARSA,42,484,-15,18,2,1
0.4,SARSA,42,485,-327,159,21,1
0.4,SARSA,42,486,-434,200,26,0
0.4,SARSA,42,487,-461,200,29,0
0.4,SARSA,42,488,-479,200,31,0
0.4,SARSA,42,489,-301,142,20,1
0.4,SARSA,42,490,-5,26,0,1
0.4,SARSA,42,491,-461,200,29,0
0.4,SARSA,42,492,-497,200,33,0
0.4,SARSA,42,493,-425,200,25,0
0.4,SARSA,42,494,12,9,0,1
0.4,SARSA,42,495,-416,200,24,0
0.4,SARSA,42,496,-386,155,28,1
0.4,SARSA,42,497,-304,154,19,1
0.4,SARSA,42,498,-359,182,22,1
0.4,SARSA,42,499,-193,70,16,1
0.4,SARSA,123,0,-686,200,54,0
0.4,SARSA,123,1,-614,200,46,0
0.4,SARSA,123,2,-659,200,51,0
0.4,SARSA,123,3,-704,200,56,0
0.4,SARSA,123,4,-659,200,51,0
0.4,SARSA,123,5,-659,200,51,0
0.4,SARSA,123,6,-677,200,53,0
0.4,SARSA,123,7,-605,200,45,0
0.4,SARSA,123,8,-578,200,42,0
0.4,SARSA,123,9,-623,200,47,0
0.4,SARSA,123,10,-650,200,50,0
0.4,SARSA,123,11,-695,200,55,0
0.4,SARSA,123,12,-704,200,56,0
0.4,SARSA,123,13,-587,200,43,0
0.4,SARSA,123,14,-632,200,48,0
0.4,SARSA,123,15,-578,200,42,0
0.4,SARSA,123,16,-479,200,31,0
0.4,SARSA,123,17,-677,200,53,0
0.4,SARSA,123,18,-713,200,57,0
0.4,SARSA,123,19,-478,184,35,1
0.4,SARSA,123,20,-371,200,19,0
0.4,SARSA,123,21,-668,200,52,0
0.4,SARSA,123,22,-668,200,52,0
0.4,SARSA,123,23,-515,200,35,0
0.4,SARSA,123,24,-488,200,32,0
0.4,SARSA,123,25,-605,200,45,0
0.4,SARSA,123,26,-488,200,32,0
0.4,SARSA,123,27,-244,94,19,1
0.4,SARSA,123,28,-443,200,27,0
0.4,SARSA,123,29,-353,200,17,0
0.4,SARSA,123,30,-542,200,38,0
0.4,SARSA,123,31,-470,200,30,0
0.4,SARSA,123,32,-434,200,26,0
0.4,SARSA,123,33,-176,71,14,1
0.4,SARSA,123,34,-524,200,36,0
0.4,SARSA,123,35,-434,200,26,0
0.4,SARSA,123,36,-623,200,47,0
0.4,SARSA,123,37,-430,136,35,1
0.4,SARSA,123,38,-371,200,19,0
0.4,SARSA,123,39,-443,200,27,0
0.4,SARSA,123,40,-533,200,37,0
0.4,SARSA,123,41,-488,200,32,0
0.4,SARSA,123,42,-533,200,37,0
0.4,SARSA,123,43,-686,200,54,0
0.4,SARSA,123,44,-551,200,39,0
0.4,SARSA,123,45,-434,200,26,0
0.4,SARSA,123,46,-524,200,36,0
0.4,SARSA,123,47,-353,200,17,0
0.4,SARSA,123,48,-425,200,25,0
0.4,SARSA,123,49,-353,200,17,0
0.4,SARSA,123,50,-461,200,29,0
0.4,SARSA,123,51,-443,200,27,0
0.4,SARSA,123,52,-407,200,23,0
0.4,SARSA,123,53,-452,200,28,0
0.4,SARSA,123,54,-389,200,21,0
0.4,SARSA,123,55,-434,200,26,0
0.4,SARSA,123,56,-650,200,50,0
0.4,SARSA,123,57,-452,200,28,0
0.4,SARSA,123,58,-434,200,26,0
0.4,SARSA,123,59,-515,200,35,0
0.4,SARSA,123,60,-443,200,27,0
0.4,SARSA,123,61,-461,200,29,0
0.4,SARSA,123,62,-194,107,12,1
0.4,SARSA,123,63,-425,200,25,0
0.4,SARSA,123,64,-362,200,18,0
0.4,SARSA,123,65,-353,200,17,0
0.4,SARSA,123,66,-497,200,33,0
0.4,SARSA,123,67,-398,200,22,0
0.4,SARSA,123,68,-515,200,35,0
0.4,SARSA,123,69,-362,200,18,0
0.4,SARSA,123,70,-488,200,32,0
0.4,SARSA,123,71,-542,200,38,0
0.4,SARSA,123,72,-578,200,42,0
0.4,SARSA,123,73,-452,200,28,0
0.4,SARSA,123,74,-425,200,25,0
0.4,SARSA,123,75,-413,200,26,1
0.4,SARSA,123,76,-344,200,16,0
0.4,SARSA,123,77,-470,200,30,0
0.4,SARSA,123,78,-362,200,18,0
0.4,SARSA,123,79,-416,200,24,0
0.4,SARSA,123,80,-488,200,32,0
0.4,SARSA,123,81,-533,200,37,0
0.4,SARSA,123,82,-452,200,28,0
0.4,SARSA,123,83,-338,170,21,1
0.4,SARSA,123,84,-297,138,20,1
0.4,SARSA,123,85,-443,200,27,0
0.4,SARSA,123,86,-349,190,20,1
0.4,SARSA,123,87,-416,200,24,0
0.4,SARSA,123,88,-470,200,30,0
0.4,SARSA,123,89,-443,200,27,0
0.4,SARSA,123,90,-452,200,28,0
0.4,SARSA,123,91,-389,200,21,0
0.4,SARSA,123,92,-434,200,26,0
0.4,SARSA,123,93,-416,200,24,0
0.4,SARSA,123,94,-114,63,8,1
0.4,SARSA,123,95,-497,200,33,0
0.4,SARSA,123,96,-158,116,7,1
0.4,SARSA,123,97,-434,200,26,0
0.4,SARSA,123,98,-416,200,24,0
0.4,SARSA,123,99,-398,200,22,0
0.4,SARSA,123,100,-380,200,20,0
0.4,SARSA,123,101,-416,200,24,0
0.4,SARSA,123,102,-73,58,4,1
0.4,SARSA,123,103,-362,200,18,0
0.4,SARSA,123,104,-416,200,24,0
0.4,SARSA,123,105,-425,200,25,0
0.4,SARSA,123,106,-236,131,14,1
0.4,SARSA,123,107,-315,156,20,1
0.4,SARSA,123,108,-452,200,28,0
0.4,SARSA,123,109,-479,200,31,0
0.4,SARSA,123,110,-497,200,33,0
0.4,SARSA,123,111,-560,200,40,0
0.4,SARSA,123,112,-91,58,6,1
0.4,SARSA,123,113,-470,200,30,0
0.4,SARSA,123,114,-407,200,23,0
0.4,SARSA,123,115,-362,200,18,0
0.4,SARSA,123,116,-461,200,29,0
0.4,SARSA,123,117,-434,200,26,0
0.4,SARSA,123,118,-416,200,24,0
0.4,SARSA,123,119,-479,200,31,0
0.4,SARSA,123,120,-470,200,30,0
0.4,SARSA,123,121,-271,184,12,1
0.4,SARSA,123,122,-506,200,34,0
0.4,SARSA,123,123,-497,200,33,0
0.4,SARSA,123,124,-497,200,33,0
0.4,SARSA,123,125,-425,200,25,0
0.4,SARSA,123,126,-524,200,36,0
0.4,SARSA,123,127,-380,200,20,0
0.4,SARSA,123,128,-470,200,30,0
0.4,SARSA,123,129,-425,200,25,0
0.4,SARSA,123,130,-461,200,29,0
0.4,SARSA,123,131,-117,48,10,1
0.4,SARSA,123,132,-371,200,19,0
0.4,SARSA,123,133,-497,200,33,0
0.4,SARSA,123,134,-461,200,29,0
0.4,SARSA,123,135,-452,200,28,0
0.4,SARSA,123,136,-479,200,31,0
0.4,SARSA,123,137,-371,200,19,0
0.4,SARSA,123,138,-452,200,28,0
0.4,SARSA,123,139,-488,200,32,0
0.4,SARSA,123,140,-267,135,17,1
0.4,SARSA,123,141,-416,200,24,0
0.4,SARSA,123,142,-256,106,19,1
0.4,SARSA,123,143,-551,200,39,0
0.4,SARSA,123,144,-81,57,5,1
0.4,SARSA,123,145,-452,200,28,0
0.4,SARSA,123,146,-407,200,23,0
0.4,SARSA,123,147,-425,200,25,0
0.4,SARSA,123,148,-524,200,36,0
0.4,SARSA,123,149,-428,197,28,1
0.4,SARSA,123,150,-314,155,20,1
0.4,SARSA,123,151,-416,200,24,0
0.4,SARSA,123,152,-299,140,20,1
0.4,SARSA,123,153,-452,200,28,0
0.4,SARSA,123,154,-323,173,19,1
0.4,SARSA,123,155,-443,200,27,0
0.4,SARSA,123,156,-263,131,17,1
0.4,SARSA,123,157,-461,200,29,0
0.4,SARSA,123,158,-234,129,14,1
0.4,SARSA,123,159,-416,200,24,0
0.4,SARSA,123,160,-434,200,26,0
0.4,SARSA,123,161,-506,200,34,0
0.4,SARSA,123,162,-407,200,23,0
0.4,SARSA,123,163,-434,200,26,0
0.4,SARSA,123,164,-434,200,26,0
0.4,SARSA,123,165,-425,200,25,0
0.4,SARSA,123,166,-470,200,30,0
0.4,SARSA,123,167,-479,200,31,0
0.4,SARSA,123,168,-377,173,25,1
0.4,SARSA,123,169,-357,171,23,1
0.4,SARSA,123,170,-443,200,27,0
0.4,SARSA,123,171,-103,52,8,1
0.4,SARSA,123,172,-434,200,26,0
0.4,SARSA,123,173,-452,200,28,0
0.4,SARSA,123,174,-524,200,36,0
0.4,SARSA,123,175,-443,200,27,0
0.4,SARSA,123,176,-389,200,21,0
0.4,SARSA,123,177,-515,200,35,0
0.4,SARSA,123,178,-186,63,16,1
0.4,SARSA,123,179,-180,111,10,1
0.4,SARSA,123,180,-416,200,24,0
0.4,SARSA,123,181,-382,187,24,1
0.4,SARSA,123,182,-198,129,10,1
0.4,SARSA,123,183,-308,131,22,1
0.4,SARSA,123,184,-384,189,24,1
0.4,SARSA,123,185,-349,172,22,1
0.4,SARSA,123,186,-430,172,31,1
0.4,SARSA,123,187,-425,200,25,0
0.4,SARSA,123,188,-289,130,20,1
0.4,SARSA,123,189,-443,200,27,0
0.4,SARSA,123,190,-416,200,24,0
0.4,SARSA,123,191,-407,200,23,0
0.4,SARSA,123,192,-411,162,30,1
0.4,SARSA,123,193,-125,74,8,1
0.4,SARSA,123,194,-407,200,23,0
0.4,SARSA,123,195,-461,200,29,0
0.4,SARSA,123,196,-443,200,27,0
0.4,SARSA,123,197,-407,200,23,0
0.4,SARSA,123,198,-398,200,22,0
0.4,SARSA,123,199,-371,200,19,0
0.4,SARSA,123,200,-360,192,21,1
0.4,SARSA,123,201,-416,200,24,0
0.4,SARSA,123,202,-416,200,24,0
0.4,SARSA,123,203,-398,200,22,0
0.4,SARSA,123,204,-380,200,20,0
0.4,SARSA,123,205,-389,200,21,0
0.4,SARSA,123,206,-383,188,24,1
0.4,SARSA,123,207,-407,200,23,0
0.4,SARSA,123,208,-434,200,26,0
0.4,SARSA,123,209,-217,139,11,1
0.4,SARSA,123,210,-398,200,22,0
0.4,SARSA,123,211,-367,181,23,1
0.4,SARSA,123,212,-243,102,18,1
0.4,SARSA,123,213,-389,200,21,0
0.4,SARSA,123,214,-192,123,10,1
0.4,SARSA,123,215,-372,150,27,1
0.4,SARSA,123,216,-371,176,24,1
0.4,SARSA,123,217,-105,81,5,1
0.4,SARSA,123,218,-425,200,25,0
0.4,SARSA,123,219,-461,200,29,0
0.4,SARSA,123,220,-389,200,21,0
0.4,SARSA,123,221,-416,200,24,0
0.4,SARSA,123,222,-461,200,29,0
0.4,SARSA,123,223,-236,113,16,1
0.4,SARSA,123,224,-488,200,32,0
0.4,SARSA,123,225,-341,182,20,1
0.4,SARSA,123,226,-179,92,12,1
0.4,SARSA,123,227,-425,200,25,0
0.4,SARSA,123,228,-46,40,3,1
0.4,SARSA,123,229,-513,192,38,1
0.4,SARSA,123,230,-533,200,37,0
0.4,SARSA,123,231,-416,200,24,0
0.4,SARSA,123,232,-506,200,34,0
0.4,SARSA,123,233,-311,179,17,1
0.4,SARSA,123,234,-208,94,15,1
0.4,SARSA,123,235,-82,67,4,1
0.4,SARSA,123,236,-28,31,2,1
0.4,SARSA,123,237,-91,58,6,1
0.4,SARSA,123,238,-250,100,19,1
0.4,SARSA,123,239,-524,200,36,0
0.4,SARSA,123,240,-488,200,32,0
0.4,SARSA,123,241,-294,153,18,1
0.4,SARSA,123,242,-135,75,9,1
0.4,SARSA,123,243,-497,200,33,0
0.4,SARSA,123,244,-425,200,25,0
0.4,SARSA,123,245,-353,200,17,0
0.4,SARSA,123,246,-208,130,11,1
0.4,SARSA,123,247,-434,200,26,0
0.4,SARSA,123,248,-103,52,8,1
0.4,SARSA,123,249,-67,34,6,1
0.4,SARSA,123,250,-497,200,33,0
0.4,SARSA,123,251,-155,86,10,1
0.4,SARSA,123,252,-470,200,30,0
0.4,SARSA,123,253,-380,200,20,0
0.4,SARSA,123,254,-488,200,32,0
0.4,SARSA,123,255,-497,200,33,0
0.4,SARSA,123,256,-359,155,25,1
0.4,SARSA,123,257,-78,45,6,1
0.4,SARSA,123,258,-452,200,28,0
0.4,SARSA,123,259,-461,200,29,0
0.4,SARSA,123,260,-291,150,18,1
0.4,SARSA,123,261,-202,97,14,1
0.4,SARSA,123,262,-434,200,26,0
0.4,SARSA,123,263,-243,120,16,1
0.4,SARSA,123,264,-29,41,1,1
0.4,SARSA,123,265,-452,200,28,0
0.4,SARSA,123,266,-389,200,21,0
0.4,SARSA,123,267,-398,200,22,0
0.4,SARSA,123,268,-19,13,3,1
0.4,SARSA,123,269,-328,151,22,1
0.4,SARSA,123,270,-353,200,17,0
0.4,SARSA,123,271,-13,16,2,1
0.4,SARSA,123,272,-334,184,19,1
0.4,SARSA,123,273,-55,49,3,1
0.4,SARSA,123,274,-108,84,5,1
0.4,SARSA,123,275,-389,200,21,0
0.4,SARSA,123,276,-380,200,20,0
0.4,SARSA,123,277,-389,200,21,0
0.4,SARSA,123,278,-398,200,22,0
0.4,SARSA,123,279,-320,197,16,1
0.4,SARSA,123,280,-197,101,13,1
0.4,SARSA,123,281,-407,200,23,0
0.4,SARSA,123,282,-58,34,5,1
0.4,SARSA,123,283,-443,200,27,0
0.4,SARSA,123,284,-416,200,24,0
0.4,SARSA,123,285,-149,98,8,1
0.4,SARSA,123,286,-353,158,24,1
0.4,SARSA,123,287,-416,200,24,0
0.4,SARSA,123,288,-470,200,30,0
0.4,SARSA,123,289,-185,80,14,1
0.4,SARSA,123,290,-425,200,25,0
0.4,SARSA,123,291,-137,59,11,1
0.4,SARSA,123,292,-337,169,21,1
0.4,SARSA,123,293,-136,85,8,1
0.4,SARSA,123,294,-181,112,10,1
0.4,SARSA,123,295,-488,200,32,0
0.4,SARSA,123,296,-407,200,23,0
0.4,SARSA,123,297,-193,97,13,1
0.4,SARSA,123,298,-488,200,32,0
0.4,SARSA,123,299,-351,156,24,1
0.4,SARSA,123,300,-551,200,39,0
0.4,SARSA,123,301,-380,200,20,0
0.4,SARSA,123,302,-434,200,26,0
0.4,SARSA,123,303,-23,26,2,1
0.4,SARSA,123,304,-425,200,25,0
0.4,SARSA,123,305,-181,112,10,1
0.4,SARSA,123,306,-50,26,5,1
0.4,SARSA,123,307,-218,140,11,1
0.4,SARSA,123,308,-37,31,3,1
0.4,SARSA,123,309,-291,141,19,1
0.4,SARSA,123,310,-443,200,27,0
0.4,SARSA,123,311,-240,126,15,1
0.4,SARSA,123,312,-416,200,24,0
0.4,SARSA,123,313,-254,113,18,1
0.4,SARSA,123,314,-284,179,14,1
0.4,SARSA,123,315,-69,45,5,1
0.4,SARSA,123,316,-398,200,22,0
0.4,SARSA,123,317,-157,79,11,1
0.4,SARSA,123,318,-287,137,19,1
0.4,SARSA,123,319,-365,179,23,1
0.4,SARSA,123,320,-295,154,18,1
0.4,SARSA,123,321,-92,50,7,1
0.4,SARSA,123,322,-353,200,17,0
0.4,SARSA,123,323,-249,108,18,1
0.4,SARSA,123,324,-461,200,29,0
0.4,SARSA,123,325,-416,200,24,0
0.4,SARSA,123,326,-452,200,28,0
0.4,SARSA,123,327,-95,80,4,1
0.4,SARSA,123,328,-434,200,26,0
0.4,SARSA,123,329,-80,74,3,1
0.4,SARSA,123,330,-479,200,31,0
0.4,SARSA,123,331,-452,200,28,0
0.4,SARSA,123,332,-300,159,18,1
0.4,SARSA,123,333,-155,68,12,1
0.4,SARSA,123,334,-159,81,11,1
0.4,SARSA,123,335,-461,200,29,0
0.4,SARSA,123,336,-407,200,23,0
0.4,SARSA,123,337,-136,76,9,1
0.4,SARSA,123,338,-87,54,6,1
0.4,SARSA,123,339,-389,200,21,0
0.4,SARSA,123,340,-371,200,19,0
0.4,SARSA,123,341,-139,70,10,1
0.4,SARSA,123,342,-488,200,32,0
0.4,SARSA,123,343,-416,200,24,0
0.4,SARSA,123,344,-225,120,14,1
0.4,SARSA,123,345,-44,29,4,1
0.4,SARSA,123,346,-398,200,22,0
0.4,SARSA,123,347,-139,88,8,1
0.4,SARSA,123,348,-161,110,8,1
0.4,SARSA,123,349,-272,140,17,1
0.4,SARSA,123,350,-346,160,23,1
0.4,SARSA,123,351,-104,71,6,1
0.4,SARSA,123,352,-96,54,7,1
0.4,SARSA,123,353,-447,189,31,1
0.4,SARSA,123,354,-415,184,28,1
0.4,SARSA,123,355,-17,29,1,1
0.4,SARSA,123,356,-295,136,20,1
0.4,SARSA,123,357,-506,200,34,0
0.4,SARSA,123,358,-416,200,24,0
0.4,SARSA,123,359,-159,81,11,1
0.4,SARSA,123,360,-374,188,23,1
0.4,SARSA,123,361,-144,57,12,1
0.4,SARSA,123,362,-222,90,17,1
0.4,SARSA,123,363,-365,179,23,1
0.4,SARSA,123,364,-353,200,17,0
0.4,SARSA,123,365,-542,200,38,0
0.4,SARSA,123,366,-185,125,9,1
0.4,SARSA,123,367,-125,74,8,1
0.4,SARSA,123,368,-90,66,5,1
0.4,SARSA,123,369,-461,200,29,0
0.4,SARSA,123,370,-62,56,3,1
0.4,SARSA,123,371,-416,200,24,0
0.4,SARSA,123,372,-470,200,30,0
0.4,SARSA,123,373,-116,83,6,1
0.4,SARSA,123,374,-389,200,21,0
0.4,SARSA,123,375,-187,100,12,1
0.4,SARSA,123,376,-133,73,9,1
0.4,SARSA,123,377,-158,98,9,1
0.4,SARSA,123,378,-11,14,2,1
0.4,SARSA,123,379,-72,48,5,1
0.4,SARSA,123,380,-443,200,27,0
0.4,SARSA,123,381,-75,69,3,1
0.4,SARSA,123,382,-276,135,18,1
0.4,SARSA,123,383,-184,97,12,1
0.4,SARSA,123,384,-307,157,19,1
0.4,SARSA,123,385,-233,119,15,1
0.4,SARSA,123,386,-32,17,4,1
0.4,SARSA,123,387,-77,62,4,1
0.4,SARSA,123,388,-398,200,22,0
0.4,SARSA,123,389,-31,16,4,1
0.4,SARSA,123,390,-208,94,15,1
0.4,SARSA,123,391,-380,200,20,0
0.4,SARSA,123,392,-335,200,15,0
0.4,SARSA,123,393,-371,200,19,0
0.4,SARSA,123,394,-485,173,37,1
0.4,SARSA,123,395,-325,175,19,1
0.4,SARSA,123,396,-345,186,20,1
0.4,SARSA,123,397,-83,50,6,1
0.4,SARSA,123,398,-78,54,5,1
0.4,SARSA,123,399,-125,65,9,1
0.4,SARSA,123,400,-425,200,25,0
0.4,SARSA,123,401,-5,26,0,1
0.4,SARSA,123,402,-165,87,11,1
0.4,SARSA,123,403,-293,125,21,1
0.4,SARSA,123,404,-488,200,32,0
0.4,SARSA,123,405,-131,89,7,1
0.4,SARSA,123,406,-258,108,19,1
0.4,SARSA,123,407,-461,200,29,0
0.4,SARSA,123,408,-181,112,10,1
0.4,SARSA,123,409,-356,161,24,1
0.4,SARSA,123,410,-7,19,1,1
0.4,SARSA,123,411,-137,77,9,1
0.4,SARSA,123,412,-407,200,23,0
0.4,SARSA,123,413,-443,200,27,0
0.4,SARSA,123,414,-340,172,21,1
0.4,SARSA,123,415,-470,200,30,0
0.4,SARSA,123,416,-443,200,27,0
0.4,SARSA,123,417,-411,180,28,1
0.4,SARSA,123,418,-217,112,14,1
0.4,SARSA,123,419,-98,65,6,1
0.4,SARSA,123,420,-63,39,5,1
0.4,SARSA,123,421,-302,143,20,1
0.4,SARSA,123,422,-124,73,8,1
0.4,SARSA,123,423,-308,167,18,1
0.4,SARSA,123,424,-251,119,17,1
0.4,SARSA,123,425,-224,83,18,1
0.4,SARSA,123,426,-443,200,27,0
0.4,SARSA,123,427,-260,146,15,1
0.4,SARSA,123,428,-461,200,29,0
0.4,SARSA,123,429,-479,200,31,0
0.4,SARSA,123,430,-398,200,22,0
0.4,SARSA,123,431,-150,72,11,1
0.4,SARSA,123,432,-425,200,25,0
0.4,SARSA,123,433,-96,54,7,1
0.4,SARSA,123,434,-197,101,13,1
0.4,SARSA,123,435,-434,200,26,0
0.4,SARSA,123,436,-425,200,25,0
0.4,SARSA,123,437,-497,200,33,0
0.4,SARSA,123,438,-107,56,8,1
0.4,SARSA,123,439,-182,86,13,1
0.4,SARSA,123,440,-83,41,7,1
0.4,SARSA,123,441,-160,82,11,1
0.4,SARSA,123,442,-250,118,17,1
0.4,SARSA,123,443,-65,50,4,1
0.4,SARSA,123,444,-461,200,29,0
0.4,SARSA,123,445,-398,200,22,0
0.4,SARSA,123,446,-129,69,9,1
0.4,SARSA,123,447,-407,200,23,0
0.4,SARSA,123,448,-250,118,17,1
0.4,SARSA,123,449,-77,35,7,1
0.4,SARSA,123,450,-145,85,9,1
0.4,SARSA,123,451,-188,128,9,1
0.4,SARSA,123,452,-212,98,15,1
0.4,SARSA,123,453,-234,129,14,1
0.4,SARSA,123,454,-362,200,18,0
0.4,SARSA,123,455,-425,200,25,0
0.4,SARSA,123,456,-94,61,6,1
0.4,SARSA,123,457,-49,34,4,1
0.4,SARSA,123,458,-259,136,16,1
0.4,SARSA,123,459,-237,132,14,1
0.4,SARSA,123,460,-51,36,4,1
0.4,SARSA,123,461,-234,93,18,1
0.4,SARSA,123,462,-236,113,16,1
0.4,SARSA,123,463,2,19,0,1
0.4,SARSA,123,464,-414,183,28,1
0.4,SARSA,123,465,-72,39,6,1
0.4,SARSA,123,466,-264,132,17,1
0.4,SARSA,123,467,-380,200,20,0
0.4,SARSA,123,468,-398,200,22,0
0.4,SARSA,123,469,-443,200,27,0
0.4,SARSA,123,470,-461,200,29,0
0.4,SARSA,123,471,-479,200,31,0
0.4,SARSA,123,472,-515,200,35,0
0.4,SARSA,123,473,-371,200,19,0
0.4,SARSA,123,474,-27,12,4,1
0.4,SARSA,123,475,-43,37,3,1
0.4,SARSA,123,476,-362,200,18,0
0.4,SARSA,123,477,-386,164,27,1
0.4,SARSA,123,478,-237,132,14,1
0.4,SARSA,123,479,-216,111,14,1
0.4,SARSA,123,480,-276,126,19,1
0.4,SARSA,123,481,-497,200,33,0
0.4,SARSA,123,482,-398,200,22,0
0.4,SARSA,123,483,-398,200,22,0
0.4,SARSA,123,484,-284,134,19,1
0.4,SARSA,123,485,-301,187,15,1
0.4,SARSA,123,486,-25,46,0,1
0.4,SARSA,123,487,-61,55,3,1
0.4,SARSA,123,488,-212,98,15,1
0.4,SARSA,123,489,-434,200,26,0
0.4,SARSA,123,490,-351,147,25,1
0.4,SARSA,123,491,-80,47,6,1
0.4,SARSA,123,492,-119,68,8,1
0.4,SARSA,123,493,-114,72,7,1
0.4,SARSA,123,494,-216,102,15,1
0.4,SARSA,123,495,-434,200,26,0
0.4,SARSA,123,496,-371,200,19,0
0.4,SARSA,123,497,-137,77,9,1
0.4,SARSA,123,498,-236,113,16,1
0.4,SARSA,123,499,-470,200,30,0
0.4,SARSA,777,0,-587,200,43,0
0.4,SARSA,777,1,-578,200,42,0
0.4,SARSA,777,2,-641,200,49,0
0.4,SARSA,777,3,-641,200,49,0
0.4,SARSA,777,4,-587,200,43,0
0.4,SARSA,777,5,-623,200,47,0
0.4,SARSA,777,6,-596,200,44,0
0.4,SARSA,777,7,-605,200,45,0
0.4,SARSA,777,8,-560,200,40,0
0.4,SARSA,777,9,-677,200,53,0
0.4,SARSA,777,10,-614,200,46,0
0.4,SARSA,777,11,-614,200,46,0
0.4,SARSA,777,12,-713,200,57,0
0.4,SARSA,777,13,-596,200,44,0
0.4,SARSA,777,14,-578,200,42,0
0.4,SARSA,777,15,-614,200,46,0
0.4,SARSA,777,16,-659,200,51,0
0.4,SARSA,777,17,-722,200,58,0
0.4,SARSA,777,18,-472,151,38,1
0.4,SARSA,777,19,-650,200,50,0
0.4,SARSA,777,20,-668,200,52,0
0.4,SARSA,777,21,-488,200,32,0
0.4,SARSA,777,22,-542,200,38,0
0.4,SARSA,777,23,-443,200,27,0
0.4,SARSA,777,24,-614,200,46,0
0.4,SARSA,777,25,-650,200,50,0
0.4,SARSA,777,26,-524,200,36,0
0.4,SARSA,777,27,-323,110,26,1
0.4,SARSA,777,28,-551,200,39,0
0.4,SARSA,777,29,-659,200,51,0
0.4,SARSA,777,30,-569,200,41,0
0.4,SARSA,777,31,-650,200,50,0
0.4,SARSA,777,32,-461,200,29,0
0.4,SARSA,777,33,-551,200,39,0
0.4,SARSA,777,34,-659,200,51,0
0.4,SARSA,777,35,-434,200,26,0
0.4,SARSA,777,36,-313,172,18,1
0.4,SARSA,777,37,-461,200,29,0
0.4,SARSA,777,38,-470,200,30,0
0.4,SARSA,777,39,-605,200,45,0
0.4,SARSA,777,40,-398,200,22,0
0.4,SARSA,777,41,-524,200,36,0
0.4,SARSA,777,42,-407,200,23,0
0.4,SARSA,777,43,-659,200,51,0
0.4,SARSA,777,44,-434,200,26,0
0.4,SARSA,777,45,-479,200,31,0
0.4,SARSA,777,46,-398,200,22,0
0.4,SARSA,777,47,-524,200,36,0
0.4,SARSA,777,48,-289,157,17,1
0.4,SARSA,777,49,-434,200,26,0
0.4,SARSA,777,50,-443,200,27,0
0.4,SARSA,777,51,-371,200,19,0
0.4,SARSA,777,52,-461,200,29,0
0.4,SARSA,777,53,-194,98,13,1
0.4,SARSA,777,54,-434,200,26,0
0.4,SARSA,777,55,-389,200,21,0
0.4,SARSA,777,56,-443,200,27,0
0.4,SARSA,777,57,-497,200,33,0
0.4,SARSA,777,58,-452,200,28,0
0.4,SARSA,777,59,-497,200,33,0
0.4,SARSA,777,60,-346,160,23,1
0.4,SARSA,777,61,-443,200,27,0
0.4,SARSA,777,62,-443,200,27,0
0.4,SARSA,777,63,-434,200,26,0
0.4,SARSA,777,64,-434,200,26,0
0.4,SARSA,777,65,-158,53,14,1
0.4,SARSA,777,66,-470,200,30,0
0.4,SARSA,777,67,-398,200,22,0
0.4,SARSA,777,68,-407,200,23,0
0.4,SARSA,777,69,-434,200,26,0
0.4,SARSA,777,70,-371,200,19,0
0.4,SARSA,777,71,-407,200,23,0
0.4,SARSA,777,72,-308,185,16,1
0.4,SARSA,777,73,-407,200,23,0
0.4,SARSA,777,74,-418,187,28,1
0.4,SARSA,777,75,-479,200,31,0
0.4,SARSA,777,76,-533,200,37,0
0.4,SARSA,777,77,-461,200,29,0
0.4,SARSA,777,78,-398,200,22,0
0.4,SARSA,777,79,-434,200,26,0
0.4,SARSA,777,80,-506,200,34,0
0.4,SARSA,777,81,-434,200,26,0
0.4,SARSA,777,82,-479,200,31,0
0.4,SARSA,777,83,-443,200,27,0
0.4,SARSA,777,84,-276,144,17,1
0.4,SARSA,777,85,-226,103,16,1
0.4,SARSA,777,86,-443,200,27,0
0.4,SARSA,777,87,-488,200,32,0
0.4,SARSA,777,88,-389,200,21,0
0.4,SARSA,777,89,-425,200,25,0
0.4,SARSA,777,90,-497,200,33,0
0.4,SARSA,777,91,-434,200,26,0
0.4,SARSA,777,92,-380,194,23,1
0.4,SARSA,777,93,-461,200,29,0
0.4,SARSA,777,94,-416,200,24,0
0.4,SARSA,777,95,-398,200,22,0
0.4,SARSA,777,96,-425,200,25,0
0.4,SARSA,777,97,-470,200,30,0
0.4,SARSA,777,98,-434,200,26,0
0.4,SARSA,777,99,-398,200,22,0
0.4,SARSA,777,100,-443,200,27,0
0.4,SARSA,777,101,-294,126,21,1
0.4,SARSA,777,102,-353,200,17,0
0.4,SARSA,777,103,-344,200,16,0
0.4,SARSA,777,104,-398,200,22,0
0.4,SARSA,777,105,-317,200,13,0
0.4,SARSA,777,106,-452,200,28,0
0.4,SARSA,777,107,-389,200,21,0
0.4,SARSA,777,108,-255,132,16,1
0.4,SARSA,777,109,-407,200,23,0
0.4,SARSA,777,110,-488,200,32,0
0.4,SARSA,777,111,-443,200,27,0
0.4,SARSA,777,112,-389,200,21,0
0.4,SARSA,777,113,-443,200,27,0
0.4,SARSA,777,114,-407,200,23,0
0.4,SARSA,777,115,-120,60,9,1
0.4,SARSA,777,116,-434,200,26,0
0.4,SARSA,777,117,-326,149,22,1
0.4,SARSA,777,118,-95,44,8,1
0.4,SARSA,777,119,-443,200,27,0
0.4,SARSA,777,120,-461,200,29,0
0.4,SARSA,777,121,-166,97,10,1
0.4,SARSA,777,122,-342,138,25,1
0.4,SARSA,777,123,-389,200,21,0
0.4,SARSA,777,124,-506,200,34,0
0.4,SARSA,777,125,-281,122,20,1
0.4,SARSA,777,126,-452,200,28,0
0.4,SARSA,777,127,-425,200,25,0
0.4,SARSA,777,128,-479,200,31,0
0.4,SARSA,777,129,-452,200,28,0
0.4,SARSA,777,130,-290,158,17,1
0.4,SARSA,777,131,-163,103,9,1
0.4,SARSA,777,132,-461,200,29,0
0.4,SARSA,777,133,-470,200,30,0
0.4,SARSA,777,134,-371,200,19,0
0.4,SARSA,777,135,-425,200,25,0
0.4,SARSA,777,136,-407,200,23,0
0.4,SARSA,777,137,-425,200,25,0
0.4,SARSA,777,138,-240,126,15,1
0.4,SARSA,777,139,-416,200,24,0
0.4,SARSA,777,140,-443,200,27,0
0.4,SARSA,777,141,-461,200,29,0
0.4,SARSA,777,142,-123,90,6,1
0.4,SARSA,777,143,-453,195,31,1
0.4,SARSA,777,144,-542,200,38,0
0.4,SARSA,777,145,-515,200,35,0
0.4,SARSA,777,146,-389,200,21,0
0.4,SARSA,777,147,-389,200,21,0
0.4,SARSA,777,148,-327,150,22,1
0.4,SARSA,777,149,-124,73,8,1
0.4,SARSA,777,150,-542,200,38,0
0.4,SARSA,777,151,-443,200,27,0
0.4,SARSA,777,152,-407,200,23,0
0.4,SARSA,777,153,-244,148,13,1
0.4,SARSA,777,154,-425,200,25,0
0.4,SARSA,777,155,-443,200,27,0
0.4,SARSA,777,156,-452,200,28,0
0.4,SARSA,777,157,-488,200,32,0
0.4,SARSA,777,158,-361,193,21,1
0.4,SARSA,777,159,-407,200,23,0
0.4,SARSA,777,160,-345,177,21,1
0.4,SARSA,777,161,-452,200,28,0
0.4,SARSA,777,162,-29,32,2,1
0.4,SARSA,777,163,-416,200,24,0
0.4,SARSA,777,164,-434,200,26,0
0.4,SARSA,777,165,-389,200,21,0
0.4,SARSA,777,166,-434,200,26,0
0.4,SARSA,777,167,-488,200,32,0
0.4,SARSA,777,168,-389,200,21,0
0.4,SARSA,777,169,-293,143,19,1
0.4,SARSA,777,170,-34,28,3,1
0.4,SARSA,777,171,-425,200,25,0
0.4,SARSA,777,172,-184,97,12,1
0.4,SARSA,777,173,-371,200,19,0
0.4,SARSA,777,174,-212,116,13,1
0.4,SARSA,777,175,-416,200,24,0
0.4,SARSA,777,176,-425,200,25,0
0.4,SARSA,777,177,-25,37,1,1
0.4,SARSA,777,178,-434,200,26,0
0.4,SARSA,777,179,-569,200,41,0
0.4,SARSA,777,180,-398,200,22,0
0.4,SARSA,777,181,-452,200,28,0
0.4,SARSA,777,182,-443,200,27,0
0.4,SARSA,777,183,-434,200,26,0
0.4,SARSA,777,184,-227,131,13,1
0.4,SARSA,777,185,-407,200,23,0
0.4,SARSA,777,186,-425,200,25,0
0.4,SARSA,777,187,-218,122,13,1
0.4,SARSA,777,188,-443,200,27,0
0.4,SARSA,777,189,-452,200,28,0
0.4,SARSA,777,190,-407,200,23,0
0.4,SARSA,777,191,-63,39,5,1
0.4,SARSA,777,192,-407,200,23,0
0.4,SARSA,777,193,-325,184,18,1
0.4,SARSA,777,194,-325,157,21,1
0.4,SARSA,777,195,-488,200,32,0
0.4,SARSA,777,196,-70,55,4,1
0.4,SARSA,777,197,-515,200,35,0
0.4,SARSA,777,198,-479,200,31,0
0.4,SARSA,777,199,-497,200,33,0
0.4,SARSA,777,200,-452,200,28,0
0.4,SARSA,777,201,-18,12,3,1
0.4,SARSA,777,202,-380,200,20,0
0.4,SARSA,777,203,-443,200,27,0
0.4,SARSA,777,204,-452,200,28,0
0.4,SARSA,777,205,-380,200,20,0
0.4,SARSA,777,206,-506,200,34,0
0.4,SARSA,777,207,-506,200,34,0
0.4,SARSA,777,208,-414,174,29,1
0.4,SARSA,777,209,-90,57,6,1
0.4,SARSA,777,210,-124,64,9,1
0.4,SARSA,777,211,-434,200,26,0
0.4,SARSA,777,212,-151,82,10,1
0.4,SARSA,777,213,-443,200,27,0
0.4,SARSA,777,214,-434,200,26,0
0.4,SARSA,777,215,-351,192,20,1
0.4,SARSA,777,216,-470,200,30,0
0.4,SARSA,777,217,-497,200,33,0
0.4,SARSA,777,218,-376,190,23,1
0.4,SARSA,777,219,-215,119,13,1
0.4,SARSA,777,220,-542,200,38,0
0.4,SARSA,777,221,-357,189,21,1
0.4,SARSA,777,222,-98,47,8,1
0.4,SARSA,777,223,-407,200,23,0
0.4,SARSA,777,224,-497,200,33,0
0.4,SARSA,777,225,-461,200,29,0
0.4,SARSA,777,226,-335,158,22,1
0.4,SARSA,777,227,-171,84,12,1
0.4,SARSA,777,228,-452,200,28,0
0.4,SARSA,777,229,-337,133,25,1
0.4,SARSA,777,230,-416,200,24,0
0.4,SARSA,777,231,-452,200,28,0
0.4,SARSA,777,232,-407,200,23,0
0.4,SARSA,777,233,-434,200,26,0
0.4,SARSA,777,234,-162,84,11,1
0.4,SARSA,777,235,-389,200,21,0
0.4,SARSA,777,236,-231,99,17,1
0.4,SARSA,777,237,-443,200,27,0
0.4,SARSA,777,238,-461,200,29,0
0.4,SARSA,777,239,-416,200,24,0
0.4,SARSA,777,240,-271,157,15,1
0.4,SARSA,777,241,-470,200,30,0
0.4,SARSA,777,242,-425,194,28,1
0.4,SARSA,777,243,-34,28,3,1
0.4,SARSA,777,244,-382,169,26,1
0.4,SARSA,777,245,-246,150,13,1
0.4,SARSA,777,246,-137,77,9,1
0.4,SARSA,777,247,-434,200,26,0
0.4,SARSA,777,248,-8,20,1,1
0.4,SARSA,777,249,6,15,0,1
0.4,SARSA,777,250,-134,92,7,1
0.4,SARSA,777,251,-362,200,18,0
0.4,SARSA,777,252,-479,200,31,0
0.4,SARSA,777,253,-407,200,23,0
0.4,SARSA,777,254,-182,104,11,1
0.4,SARSA,777,255,-416,200,24,0
0.4,SARSA,777,256,-217,130,12,1
0.4,SARSA,777,257,-416,200,24,0
0.4,SARSA,777,258,-443,200,27,0
0.4,SARSA,777,259,-221,116,14,1
0.4,SARSA,777,260,-193,124,10,1
0.4,SARSA,777,261,-237,141,13,1
0.4,SARSA,777,262,-497,200,33,0
0.4,SARSA,777,263,-479,200,31,0
0.4,SARSA,777,264,-229,106,16,1
0.4,SARSA,777,265,-152,92,9,1
0.4,SARSA,777,266,-443,200,27,0
0.4,SARSA,777,267,-389,200,21,0
0.4,SARSA,777,268,-80,56,5,1
0.4,SARSA,777,269,-416,200,24,0
0.4,SARSA,777,270,-102,42,9,1
0.4,SARSA,777,271,-221,143,11,1
0.4,SARSA,777,272,-398,200,22,0
0.4,SARSA,777,273,-55,31,5,1
0.4,SARSA,777,274,-227,113,15,1
0.4,SARSA,777,275,-167,80,12,1
0.4,SARSA,777,276,-452,200,28,0
0.4,SARSA,777,277,-425,200,25,0
0.4,SARSA,777,278,-380,200,20,0
0.4,SARSA,777,279,-452,200,28,0
0.4,SARSA,777,280,-99,57,7,1
0.4,SARSA,777,281,-9,12,2,1
0.4,SARSA,777,282,-269,137,17,1
0.4,SARSA,777,283,-452,200,28,0
0.4,SARSA,777,284,-407,200,23,0
0.4,SARSA,777,285,-196,100,13,1
0.4,SARSA,777,286,-434,200,26,0
0.4,SARSA,777,287,-164,86,11,1
0.4,SARSA,777,288,-506,200,34,0
0.4,SARSA,777,289,-407,200,23,0
0.4,SARSA,777,290,-342,165,22,1
0.4,SARSA,777,291,-425,200,25,0
0.4,SARSA,777,292,-46,31,4,1
0.4,SARSA,777,293,-416,200,24,0
0.4,SARSA,777,294,-94,52,7,1
0.4,SARSA,777,295,-362,200,18,0
0.4,SARSA,777,296,-431,191,29,1
0.4,SARSA,777,297,-461,200,29,0
0.4,SARSA,777,298,-434,200,26,0
0.4,SARSA,777,299,-398,200,22,0
0.4,SARSA,777,300,-127,76,8,1
0.4,SARSA,777,301,-142,100,7,1
0.4,SARSA,777,302,-434,200,26,0
0.4,SARSA,777,303,-121,61,9,1
0.4,SARSA,777,304,-416,200,24,0
0.4,SARSA,777,305,-524,200,36,0
0.4,SARSA,777,306,6,15,0,1
0.4,SARSA,777,307,-245,122,16,1
0.4,SARSA,777,308,-272,140,17,1
0.4,SARSA,777,309,-319,133,23,1
0.4,SARSA,777,310,-54,39,4,1
0.4,SARSA,777,311,-340,163,22,1
0.4,SARSA,777,312,-1,13,1,1
0.4,SARSA,777,313,-86,71,4,1
0.4,SARSA,777,314,-328,169,20,1
0.4,SARSA,777,315,-425,200,25,0
0.4,SARSA,777,316,-398,200,22,0
0.4,SARSA,777,317,-279,138,18,1
0.4,SARSA,777,318,-61,37,5,1
0.4,SARSA,777,319,-443,200,27,0
0.4,SARSA,777,320,-371,200,19,0
0.4,SARSA,777,321,-348,189,20,1
0.4,SARSA,777,322,-53,47,3,1
0.4,SARSA,777,323,-152,92,9,1
0.4,SARSA,777,324,-206,119,12,1
0.4,SARSA,777,325,-425,200,25,0
0.4,SARSA,777,326,-515,200,35,0
0.4,SARSA,777,327,-307,166,18,1
0.4,SARSA,777,328,-411,189,27,1
0.4,SARSA,777,329,-407,200,23,0
0.4,SARSA,777,330,-407,200,23,0
0.4,SARSA,777,331,-218,131,12,1
0.4,SARSA,777,332,-392,197,24,1
0.4,SARSA,777,333,-249,117,17,1
0.4,SARSA,777,334,-398,200,22,0
0.4,SARSA,777,335,-470,200,30,0
0.4,SARSA,777,336,-380,200,20,0
0.4,SARSA,777,337,-267,108,20,1
0.4,SARSA,777,338,-184,79,14,1
0.4,SARSA,777,339,-470,200,30,0
0.4,SARSA,777,340,-333,174,20,1
0.4,SARSA,777,341,-8,11,2,1
0.4,SARSA,777,342,-416,200,24,0
0.4,SARSA,777,343,-443,200,27,0
0.4,SARSA,777,344,-236,140,13,1
0.4,SARSA,777,345,-72,66,3,1
0.4,SARSA,777,346,-479,200,31,0
0.4,SARSA,777,347,-452,200,28,0
0.4,SARSA,777,348,-85,52,6,1
0.4,SARSA,777,349,5,16,0,1
0.4,SARSA,777,350,-136,76,9,1
0.4,SARSA,777,351,-470,200,30,0
0.4,SARSA,777,352,-129,60,10,1
0.4,SARSA,777,353,-316,193,16,1
0.4,SARSA,777,354,-135,66,10,1
0.4,SARSA,777,355,-319,124,24,1
0.4,SARSA,777,356,-380,200,20,0
0.4,SARSA,777,357,-241,127,15,1
0.4,SARSA,777,358,-188,128,9,1
0.4,SARSA,777,359,-326,200,14,0
0.4,SARSA,777,360,-443,200,27,0
0.4,SARSA,777,361,-407,200,23,0
0.4,SARSA,777,362,-50,35,4,1
0.4,SARSA,777,363,-173,122,8,1
0.4,SARSA,777,364,-63,39,5,1
0.4,SARSA,777,365,-110,59,8,1
0.4,SARSA,777,366,-425,200,25,0
0.4,SARSA,777,367,-479,200,31,0
0.4,SARSA,777,368,-349,199,19,1
0.4,SARSA,777,369,-389,200,21,0
0.4,SARSA,777,370,-127,58,10,1
0.4,SARSA,777,371,11,10,0,1
0.4,SARSA,777,372,-156,96,9,1
0.4,SARSA,777,373,-326,200,14,0
0.4,SARSA,777,374,-123,63,9,1
0.4,SARSA,777,375,-206,101,14,1
0.4,SARSA,777,376,-380,167,26,1
0.4,SARSA,777,377,-73,49,5,1
0.4,SARSA,777,378,-47,32,4,1
0.4,SARSA,777,379,-298,157,18,1
0.4,SARSA,777,380,-378,174,25,1
0.4,SARSA,777,381,-79,73,3,1
0.4,SARSA,777,382,-238,124,15,1
0.4,SARSA,777,383,-443,200,27,0
0.4,SARSA,777,384,-299,185,15,1
0.4,SARSA,777,385,-109,67,7,1
0.4,SARSA,777,386,-189,93,13,1
0.4,SARSA,777,387,-362,200,18,0
0.4,SARSA,777,388,-461,200,29,0
0.4,SARSA,777,389,-156,87,10,1
0.4,SARSA,777,390,-157,79,11,1
0.4,SARSA,777,391,-142,82,9,1
0.4,SARSA,777,392,-398,200,22,0
0.4,SARSA,777,393,-384,198,23,1
0.4,SARSA,777,394,-116,56,9,1
0.4,SARSA,777,395,-170,92,11,1
0.4,SARSA,777,396,-18,30,1,1
0.4,SARSA,777,397,-425,200,25,0
0.4,SARSA,777,398,-405,183,27,1
0.4,SARSA,777,399,-98,47,8,1
0.4,SARSA,777,400,-479,200,31,0
0.4,SARSA,777,401,-298,139,20,1
0.4,SARSA,777,402,-41,26,4,1
0.4,SARSA,777,403,-77,44,6,1
0.4,SARSA,777,404,-18,21,2,1
0.4,SARSA,777,405,-128,77,8,1
0.4,SARSA,777,406,-497,200,33,0
0.4,SARSA,777,407,-524,200,36,0
0.4,SARSA,777,408,-443,200,27,0
0.4,SARSA,777,409,-273,132,18,1
0.4,SARSA,777,410,-181,85,13,1
0.4,SARSA,777,411,-51,36,4,1
0.4,SARSA,777,412,-533,200,37,0
0.4,SARSA,777,413,-238,142,13,1
0.4,SARSA,777,414,-323,164,20,1
0.4,SARSA,777,415,-77,62,4,1
0.4,SARSA,777,416,-134,92,7,1
0.4,SARSA,777,417,-50,62,1,1
0.4,SARSA,777,418,-116,56,9,1
0.4,SARSA,777,419,-425,200,25,0
0.4,SARSA,777,420,-120,69,8,1
0.4,SARSA,777,421,-91,58,6,1
0.4,SARSA,777,422,-380,200,20,0
0.4,SARSA,777,423,-19,22,2,1
0.4,SARSA,777,424,-422,200,27,1
0.4,SARSA,777,425,-14,17,2,1
0.4,SARSA,777,426,-269,119,19,1
0.4,SARSA,777,427,-70,64,3,1
0.4,SARSA,777,428,-222,108,15,1
0.4,SARSA,777,429,-285,126,20,1
0.4,SARSA,777,430,-61,28,6,1
0.4,SARSA,777,431,-193,124,10,1
0.4,SARSA,777,432,-270,183,12,1
0.4,SARSA,777,433,-122,53,10,1
0.4,SARSA,777,434,-217,112,14,1
0.4,SARSA,777,435,-215,65,19,1
0.4,SARSA,777,436,-142,82,9,1
0.4,SARSA,777,437,-524,200,36,0
0.4,SARSA,777,438,-425,200,25,0
0.4,SARSA,777,439,-107,47,9,1
0.4,SARSA,777,440,-452,200,28,0
0.4,SARSA,777,441,-164,104,9,1
0.4,SARSA,777,442,-416,200,24,0
0.4,SARSA,777,443,-98,74,5,1
0.4,SARSA,777,444,-265,133,17,1
0.4,SARSA,777,445,-143,83,9,1
0.4,SARSA,777,446,-416,200,24,0
0.4,SARSA,777,447,-73,49,5,1
0.4,SARSA,777,448,-221,89,17,1
0.4,SARSA,777,449,-434,200,26,0
0.4,SARSA,777,450,-142,55,12,1
0.4,SARSA,777,451,-407,200,23,0
0.4,SARSA,777,452,-416,200,24,0
0.4,SARSA,777,453,-353,200,17,0
0.4,SARSA,777,454,-416,200,24,0
0.4,SARSA,777,455,-421,172,30,1
0.4,SARSA,777,456,-85,34,8,1
0.4,SARSA,777,457,-397,166,28,1
0.4,SARSA,777,458,-30,15,4,1
0.4,SARSA,777,459,-378,192,23,1
0.4,SARSA,777,460,-248,125,16,1
0.4,SARSA,777,461,-89,56,6,1
0.4,SARSA,777,462,-461,200,29,0
0.4,SARSA,777,463,-354,195,20,1
0.4,SARSA,777,464,-137,86,8,1
0.4,SARSA,777,465,4,8,1,1
0.4,SARSA,777,466,-76,43,6,1
0.4,SARSA,777,467,-66,51,4,1
0.4,SARSA,777,468,-230,107,16,1
0.4,SARSA,777,469,-45,21,5,1
0.4,SARSA,777,470,-174,69,14,1
0.4,SARSA,777,471,-363,186,22,1
0.4,SARSA,777,472,-198,102,13,1
0.4,SARSA,777,473,-452,200,28,0
0.4,SARSA,777,474,-434,200,26,0
0.4,SARSA,777,475,-434,200,26,0
0.4,SARSA,777,476,-470,200,30,0
0.4,SARSA,777,477,-488,200,32,0
0.4,SARSA,777,478,0,12,1,1
0.4,SARSA,777,479,-113,62,8,1
0.4,SARSA,777,480,-146,95,8,1
0.4,SARSA,777,481,-216,93,16,1
0.4,SARSA,777,482,-21,15,3,1
0.4,SARSA,777,483,-398,200,22,0
0.4,SARSA,777,484,-542,200,38,0
0.4,SARSA,777,485,-263,140,16,1
0.4,SARSA,777,486,-59,44,4,1
0.4,SARSA,777,487,-23,26,2,1
0.4,SARSA,777,488,-151,91,9,1
0.4,SARSA,777,489,-250,118,17,1
0.4,SARSA,777,490,-407,200,23,0
0.4,SARSA,777,491,-369,174,24,1
0.4,SARSA,777,492,-187,91,13,1
0.4,SARSA,777,493,-39,24,4,1
0.4,SARSA,777,494,-391,187,25,1
0.4,SARSA,777,495,-209,104,14,1
0.4,SARSA,777,496,-168,81,12,1
0.4,SARSA,777,497,-249,144,14,1
0.4,SARSA,777,498,-443,200,27,0
0.4,SARSA,777,499,-48,33,4,1
0.4,SARSA,999,0,-668,200,52,0
0.4,SARSA,999,1,-641,200,49,0
0.4,SARSA,999,2,-686,200,54,0
0.4,SARSA,999,3,-623,200,47,0
0.4,SARSA,999,4,-686,200,54,0
0.4,SARSA,999,5,-569,200,41,0
0.4,SARSA,999,6,-605,200,45,0
0.4,SARSA,999,7,-533,200,37,0
0.4,SARSA,999,8,-641,200,49,0
0.4,SARSA,999,9,-506,200,34,0
0.4,SARSA,999,10,-614,200,46,0
0.4,SARSA,999,11,-623,200,47,0
0.4,SARSA,999,12,-695,200,55,0
0.4,SARSA,999,13,-659,200,51,0
0.4,SARSA,999,14,-749,200,61,0
0.4,SARSA,999,15,-444,177,32,1
0.4,SARSA,999,16,-596,200,44,0
0.4,SARSA,999,17,-506,200,34,0
0.4,SARSA,999,18,-569,200,41,0
0.4,SARSA,999,19,-569,200,41,0
0.4,SARSA,999,20,-470,200,30,0
0.4,SARSA,999,21,-678,186,57,1
0.4,SARSA,999,22,-614,200,46,0
0.4,SARSA,999,23,-614,200,46,0
0.4,SARSA,999,24,-434,200,26,0
0.4,SARSA,999,25,-461,200,29,0
0.4,SARSA,999,26,-154,67,12,1
0.4,SARSA,999,27,-569,200,41,0
0.4,SARSA,999,28,-578,200,42,0
0.4,SARSA,999,29,-488,200,32,0
0.4,SARSA,999,30,-569,200,41,0
0.4,SARSA,999,31,-452,200,28,0
0.4,SARSA,999,32,-542,200,38,0
0.4,SARSA,999,33,-443,200,27,0
0.4,SARSA,999,34,-443,200,27,0
0.4,SARSA,999,35,-560,200,40,0
0.4,SARSA,999,36,-542,200,38,0
0.4,SARSA,999,37,-443,200,27,0
0.4,SARSA,999,38,-452,200,28,0
0.4,SARSA,999,39,-686,200,54,0
0.4,SARSA,999,40,-425,200,25,0
0.4,SARSA,999,41,-650,200,50,0
0.4,SARSA,999,42,-497,200,33,0
0.4,SARSA,999,43,-398,200,22,0
0.4,SARSA,999,44,-497,200,33,0
0.4,SARSA,999,45,-425,200,25,0
0.4,SARSA,999,46,-353,200,17,0
0.4,SARSA,999,47,-461,200,29,0
0.4,SARSA,999,48,-479,200,31,0
0.4,SARSA,999,49,-479,200,31,0
0.4,SARSA,999,50,-425,200,25,0
0.4,SARSA,999,51,-242,128,15,1
0.4,SARSA,999,52,-434,200,26,0
0.4,SARSA,999,53,-380,200,20,0
0.4,SARSA,999,54,-605,200,45,0
0.4,SARSA,999,55,-569,200,41,0
0.4,SARSA,999,56,-488,200,32,0
0.4,SARSA,999,57,-461,200,29,0
0.4,SARSA,999,58,-371,200,19,0
0.4,SARSA,999,59,-305,128,22,1
0.4,SARSA,999,60,-560,200,40,0
0.4,SARSA,999,61,-376,163,26,1
0.4,SARSA,999,62,-438,189,30,1
0.4,SARSA,999,63,-452,200,28,0
0.4,SARSA,999,64,-434,200,26,0
0.4,SARSA,999,65,-425,200,25,0
0.4,SARSA,999,66,-488,200,32,0
0.4,SARSA,999,67,-425,200,25,0
0.4,SARSA,999,68,-288,138,19,1
0.4,SARSA,999,69,-362,200,18,0
0.4,SARSA,999,70,-67,43,5,1
0.4,SARSA,999,71,-425,200,25,0
0.4,SARSA,999,72,-125,65,9,1
0.4,SARSA,999,73,-452,200,28,0
0.4,SARSA,999,74,-416,200,24,0
0.4,SARSA,999,75,-371,200,19,0
0.4,SARSA,999,76,-416,200,24,0
0.4,SARSA,999,77,-434,200,26,0
0.4,SARSA,999,78,-479,200,31,0
0.4,SARSA,999,79,-470,200,30,0
0.4,SARSA,999,80,-407,200,23,0
0.4,SARSA,999,81,-578,200,42,0
0.4,SARSA,999,82,-434,200,26,0
0.4,SARSA,999,83,-389,200,21,0
0.4,SARSA,999,84,-103,61,7,1
0.4,SARSA,999,85,-416,200,24,0
0.4,SARSA,999,86,-324,156,21,1
0.4,SARSA,999,87,-461,200,29,0
0.4,SARSA,999,88,-198,93,14,1
0.4,SARSA,999,89,-470,200,30,0
0.4,SARSA,999,90,-48,33,4,1
0.4,SARSA,999,91,-398,200,22,0
0.4,SARSA,999,92,-524,200,36,0
0.4,SARSA,999,93,-253,103,19,1
0.4,SARSA,999,94,-389,200,21,0
0.4,SARSA,999,95,-357,171,23,1
0.4,SARSA,999,96,-371,200,19,0
0.4,SARSA,999,97,-398,200,22,0
0.4,SARSA,999,98,-479,200,31,0
0.4,SARSA,999,99,-425,200,25,0
0.4,SARSA,999,100,-425,200,25,0
0.4,SARSA,999,101,-443,200,27,0
0.4,SARSA,999,102,-416,200,24,0
0.4,SARSA,999,103,-551,200,39,0
0.4,SARSA,999,104,-416,200,24,0
0.4,SARSA,999,105,-497,200,33,0
0.4,SARSA,999,106,-434,200,26,0
0.4,SARSA,999,107,-497,200,33,0
0.4,SARSA,999,108,-273,141,17,1
0.4,SARSA,999,109,-246,114,17,1
0.4,SARSA,999,110,-362,200,18,0
0.4,SARSA,999,111,-425,200,25,0
0.4,SARSA,999,112,-524,200,36,0
0.4,SARSA,999,113,-461,200,29,0
0.4,SARSA,999,114,-389,200,21,0
0.4,SARSA,999,115,-443,200,27,0
0.4,SARSA,999,116,-497,200,33,0
0.4,SARSA,999,117,-357,162,24,1
0.4,SARSA,999,118,-66,60,3,1
0.4,SARSA,999,119,-452,200,28,0
0.4,SARSA,999,120,-380,200,20,0
0.4,SARSA,999,121,-387,192,24,1
0.4,SARSA,999,122,-434,200,26,0
0.4,SARSA,999,123,-452,200,28,0
0.4,SARSA,999,124,-488,200,32,0
0.4,SARSA,999,125,-461,200,29,0
0.4,SARSA,999,126,-398,200,22,0
0.4,SARSA,999,127,-452,200,28,0
0.4,SARSA,999,128,-292,169,16,1
0.4,SARSA,999,129,-407,200,23,0
0.4,SARSA,999,130,-479,200,31,0
0.4,SARSA,999,131,-461,200,29,0
0.4,SARSA,999,132,-434,200,26,0
0.4,SARSA,999,133,-452,200,28,0
0.4,SARSA,999,134,-407,200,23,0
0.4,SARSA,999,135,-443,200,27,0
0.4,SARSA,999,136,-388,184,25,1
0.4,SARSA,999,137,-389,200,21,0
0.4,SARSA,999,138,-380,200,20,0
0.4,SARSA,999,139,-389,200,21,0
0.4,SARSA,999,140,-332,164,21,1
0.4,SARSA,999,141,-452,200,28,0
0.4,SARSA,999,142,-151,73,11,1
0.4,SARSA,999,143,-311,170,18,1
0.4,SARSA,999,144,-278,137,18,1
0.4,SARSA,999,145,-380,200,20,0
0.4,SARSA,999,146,-218,140,11,1
0.4,SARSA,999,147,-434,200,26,0
0.4,SARSA,999,148,-407,200,23,0
0.4,SARSA,999,149,-470,200,30,0
0.4,SARSA,999,150,-533,200,37,0
0.4,SARSA,999,151,-387,165,27,1
0.4,SARSA,999,152,-425,200,25,0
0.4,SARSA,999,153,-407,200,23,0
0.4,SARSA,999,154,-53,38,4,1
0.4,SARSA,999,155,-400,187,26,1
0.4,SARSA,999,156,-48,42,3,1
0.4,SARSA,999,157,-506,200,34,0
0.4,SARSA,999,158,-398,200,22,0
0.4,SARSA,999,159,-380,200,20,0
0.4,SARSA,999,160,-416,200,24,0
0.4,SARSA,999,161,-54,48,3,1
0.4,SARSA,999,162,-398,200,22,0
0.4,SARSA,999,163,-524,200,36,0
0.4,SARSA,999,164,-127,76,8,1
0.4,SARSA,999,165,-416,200,24,0
0.4,SARSA,999,166,-434,200,26,0
0.4,SARSA,999,167,-97,55,7,1
0.4,SARSA,999,168,-443,200,27,0
0.4,SARSA,999,169,-461,200,29,0
0.4,SARSA,999,170,-109,49,9,1
0.4,SARSA,999,171,-213,108,14,1
0.4,SARSA,999,172,-204,117,12,1
0.4,SARSA,999,173,-434,200,26,0
0.4,SARSA,999,174,-69,54,4,1
0.4,SARSA,999,175,-416,200,24,0
0.4,SARSA,999,176,-425,200,25,0
0.4,SARSA,999,177,-461,200,29,0
0.4,SARSA,999,178,-407,200,23,0
0.4,SARSA,999,179,-470,200,30,0
0.4,SARSA,999,180,-391,187,25,1
0.4,SARSA,999,181,-72,48,5,1
0.4,SARSA,999,182,-337,151,23,1
0.4,SARSA,999,183,-398,200,22,0
0.4,SARSA,999,184,-276,135,18,1
0.4,SARSA,999,185,-173,95,11,1
0.4,SARSA,999,186,-467,173,35,1
0.4,SARSA,999,187,-488,200,32,0
0.4,SARSA,999,188,-136,85,8,1
0.4,SARSA,999,189,-425,200,25,0
0.4,SARSA,999,190,-389,200,21,0
0.4,SARSA,999,191,-434,200,26,0
0.4,SARSA,999,192,-488,200,32,0
0.4,SARSA,999,193,-389,200,21,0
0.4,SARSA,999,194,-61,37,5,1
0.4,SARSA,999,195,-198,111,12,1
0.4,SARSA,999,196,-479,200,31,0
0.4,SARSA,999,197,-443,200,27,0
0.4,SARSA,999,198,-443,200,27,0
0.4,SARSA,999,199,-407,200,23,0
0.4,SARSA,999,200,-362,200,18,0
0.4,SARSA,999,201,-128,95,6,1
0.4,SARSA,999,202,-470,200,30,0
0.4,SARSA,999,203,-226,103,16,1
0.4,SARSA,999,204,-425,200,25,0
0.4,SARSA,999,205,-72,39,6,1
0.4,SARSA,999,206,-365,170,24,1
0.4,SARSA,999,207,-470,200,30,0
0.4,SARSA,999,208,-40,34,3,1
0.4,SARSA,999,209,-506,200,34,0
0.4,SARSA,999,210,-461,200,29,0
0.4,SARSA,999,211,-443,200,27,0
0.4,SARSA,999,212,-434,200,26,0
0.4,SARSA,999,213,-365,197,21,1
0.4,SARSA,999,214,-506,200,34,0
0.4,SARSA,999,215,-206,128,11,1
0.4,SARSA,999,216,-425,200,25,0
0.4,SARSA,999,217,-219,114,14,1
0.4,SARSA,999,218,-398,200,22,0
0.4,SARSA,999,219,-51,54,2,1
0.4,SARSA,999,220,-147,87,9,1
0.4,SARSA,999,221,-86,62,5,1
0.4,SARSA,999,222,-425,200,25,0
0.4,SARSA,999,223,-443,200,27,0
0.4,SARSA,999,224,-443,200,27,0
0.4,SARSA,999,225,-163,94,10,1
0.4,SARSA,999,226,-443,200,27,0
0.4,SARSA,999,227,-407,200,23,0
0.4,SARSA,999,228,-113,62,8,1
0.4,SARSA,999,229,-159,81,11,1
0.4,SARSA,999,230,-111,51,9,1
0.4,SARSA,999,231,-104,53,8,1
0.4,SARSA,999,232,-407,200,23,0
0.4,SARSA,999,233,-416,200,24,0
0.4,SARSA,999,234,-461,200,29,0
0.4,SARSA,999,235,-192,96,13,1
0.4,SARSA,999,236,-68,44,5,1
0.4,SARSA,999,237,-21,33,1,1
0.4,SARSA,999,238,-25,28,2,1
0.4,SARSA,999,239,-212,107,14,1
0.4,SARSA,999,240,-389,200,21,0
0.4,SARSA,999,241,-443,200,27,0
0.4,SARSA,999,242,-279,138,18,1
0.4,SARSA,999,243,-54,30,5,1
0.4,SARSA,999,244,-123,63,9,1
0.4,SARSA,999,245,-470,200,30,0
0.4,SARSA,999,246,-201,132,10,1
0.4,SARSA,999,247,-177,126,8,1
0.4,SARSA,999,248,-172,76,13,1
0.4,SARSA,999,249,-340,172,21,1
0.4,SARSA,999,250,-254,131,16,1
0.4,SARSA,999,251,-262,130,17,1
0.4,SARSA,999,252,-434,200,26,0
0.4,SARSA,999,253,-434,200,26,0
0.4,SARSA,999,254,-461,200,29,0
0.4,SARSA,999,255,-298,157,18,1
0.4,SARSA,999,256,-14,26,1,1
0.4,SARSA,999,257,-434,200,26,0
0.4,SARSA,999,258,-425,200,25,0
0.4,SARSA,999,259,-461,200,29,0
0.4,SARSA,999,260,-41,17,5,1
0.4,SARSA,999,261,-407,200,23,0
0.4,SARSA,999,262,-497,200,33,0
0.4,SARSA,999,263,-425,200,25,0
0.4,SARSA,999,264,-479,200,31,0
0.4,SARSA,999,265,-33,36,2,1
0.4,SARSA,999,266,-227,131,13,1
0.4,SARSA,999,267,-143,74,10,1
0.4,SARSA,999,268,-488,200,32,0
0.4,SARSA,999,269,-226,112,15,1
0.4,SARSA,999,270,-340,145,24,1
0.4,SARSA,999,271,0,12,1,1
0.4,SARSA,999,272,-470,200,30,0
0.4,SARSA,999,273,-245,104,18,1
0.4,SARSA,999,274,-372,168,25,1
0.4,SARSA,999,275,-25,28,2,1
0.4,SARSA,999,276,-306,147,20,1
0.4,SARSA,999,277,-488,200,32,0
0.4,SARSA,999,278,-216,102,15,1
0.4,SARSA,999,279,-249,117,17,1
0.4,SARSA,999,280,-379,175,25,1
0.4,SARSA,999,281,-9,21,1,1
0.4,SARSA,999,282,-470,200,30,0
0.4,SARSA,999,283,-36,30,3,1
0.4,SARSA,999,284,-62,47,4,1
0.4,SARSA,999,285,-425,200,25,0
0.4,SARSA,999,286,-194,98,13,1
0.4,SARSA,999,287,-114,63,8,1
0.4,SARSA,999,288,-257,143,15,1
0.4,SARSA,999,289,-347,170,22,1
0.4,SARSA,999,290,-452,200,28,0
0.4,SARSA,999,291,-425,200,25,0
0.4,SARSA,999,292,-302,152,19,1
0.4,SARSA,999,293,-41,35,3,1
0.4,SARSA,999,294,-206,110,13,1
0.4,SARSA,999,295,-12,15,2,1
0.4,SARSA,999,296,-335,149,23,1
0.4,SARSA,999,297,-426,195,28,1
0.4,SARSA,999,298,-403,190,26,1
0.4,SARSA,999,299,-32,35,2,1
0.4,SARSA,999,300,-443,200,27,0
0.4,SARSA,999,301,-479,200,31,0
0.4,SARSA,999,302,-479,200,31,0
0.4,SARSA,999,303,-380,200,20,0
0.4,SARSA,999,304,-261,138,16,1
0.4,SARSA,999,305,-452,200,28,0
0.4,SARSA,999,306,-103,70,6,1
0.4,SARSA,999,307,-447,189,31,1
0.4,SARSA,999,308,-267,171,13,1
0.4,SARSA,999,309,-290,176,15,1
0.4,SARSA,999,310,-479,200,31,0
0.4,SARSA,999,311,-80,47,6,1
0.4,SARSA,999,312,-299,140,20,1
0.4,SARSA,999,313,-380,200,20,0
0.4,SARSA,999,314,-142,82,9,1
0.4,SARSA,999,315,-143,83,9,1
0.4,SARSA,999,316,-407,200,23,0
0.4,SARSA,999,317,-389,200,21,0
0.4,SARSA,999,318,-488,200,32,0
0.4,SARSA,999,319,-87,54,6,1
0.4,SARSA,999,320,-311,143,21,1
0.4,SARSA,999,321,-131,71,9,1
0.4,SARSA,999,322,-461,200,29,0
0.4,SARSA,999,323,-171,93,11,1
0.4,SARSA,999,324,-452,200,28,0
0.4,SARSA,999,325,-32,35,2,1
0.4,SARSA,999,326,-37,22,4,1
0.4,SARSA,999,327,-425,200,25,0
0.4,SARSA,999,328,-329,134,24,1
0.4,SARSA,999,329,13,8,0,1
0.4,SARSA,999,330,-25,28,2,1
0.4,SARSA,999,331,-286,172,15,1
0.4,SARSA,999,332,-145,76,10,1
0.4,SARSA,999,333,-416,200,24,0
0.4,SARSA,999,334,-154,94,9,1
0.4,SARSA,999,335,-123,63,9,1
0.4,SARSA,999,336,-353,194,20,1
0.4,SARSA,999,337,-157,52,14,1
0.4,SARSA,999,338,-281,149,17,1
0.4,SARSA,999,339,-172,76,13,1
0.4,SARSA,999,340,-497,200,33,0
0.4,SARSA,999,341,-362,158,25,1
0.4,SARSA,999,342,-394,190,25,1
0.4,SARSA,999,343,-81,48,6,1
0.4,SARSA,999,344,-425,200,25,0
0.4,SARSA,999,345,-462,195,32,1
0.4,SARSA,999,346,-226,130,13,1
0.4,SARSA,999,347,-276,135,18,1
0.4,SARSA,999,348,-42,36,3,1
0.4,SARSA,999,349,-207,102,14,1
0.4,SARSA,999,350,-172,94,11,1
0.4,SARSA,999,351,-470,200,30,0
0.4,SARSA,999,352,-162,84,11,1
0.4,SARSA,999,353,-222,99,16,1
0.4,SARSA,999,354,-443,200,27,0
0.4,SARSA,999,355,-116,74,7,1
0.4,SARSA,999,356,-461,200,29,0
0.4,SARSA,999,357,-82,58,5,1
0.4,SARSA,999,358,-443,200,27,0
0.4,SARSA,999,359,-497,200,33,0
0.4,SARSA,999,360,-95,53,7,1
0.4,SARSA,999,361,-91,49,7,1
0.4,SARSA,999,362,-226,121,14,1
0.4,SARSA,999,363,-497,200,33,0
0.4,SARSA,999,364,-152,83,10,1
0.4,SARSA,999,365,-186,81,14,1
0.4,SARSA,999,366,-143,74,10,1
0.4,SARSA,999,367,-434,200,26,0
0.4,SARSA,999,368,-41,26,4,1
0.4,SARSA,999,369,-452,200,28,0
0.4,SARSA,999,370,-310,169,18,1
0.4,SARSA,999,371,-38,32,3,1
0.4,SARSA,999,372,-201,105,13,1
0.4,SARSA,999,373,-434,200,26,0
0.4,SARSA,999,374,-81,48,6,1
0.4,SARSA,999,375,-407,200,23,0
0.4,SARSA,999,376,-37,22,4,1
0.4,SARSA,999,377,-41,35,3,1
0.4,SARSA,999,378,-310,151,20,1
0.4,SARSA,999,379,-380,200,20,0
0.4,SARSA,999,380,-380,200,20,0
0.4,SARSA,999,381,-236,113,16,1
0.4,SARSA,999,382,-187,118,10,1
0.4,SARSA,999,383,-185,98,12,1
0.4,SARSA,999,384,-470,200,30,0
0.4,SARSA,999,385,-28,22,3,1
0.4,SARSA,999,386,-398,200,22,0
0.4,SARSA,999,387,-62,38,5,1
0.4,SARSA,999,388,-398,200,22,0
0.4,SARSA,999,389,-108,84,5,1
0.4,SARSA,999,390,-231,90,18,1
0.4,SARSA,999,391,-461,200,29,0
0.4,SARSA,999,392,-98,65,6,1
0.4,SARSA,999,393,-123,54,10,1
0.4,SARSA,999,394,-127,94,6,1
0.4,SARSA,999,395,-249,135,15,1
0.4,SARSA,999,396,-407,200,23,0
0.4,SARSA,999,397,-30,24,3,1
0.4,SARSA,999,398,-425,200,25,0
0.4,SARSA,999,399,-165,96,10,1
0.4,SARSA,999,400,-434,200,26,0
0.4,SARSA,999,401,-479,200,31,0
0.4,SARSA,999,402,-42,36,3,1
0.4,SARSA,999,403,-365,179,23,1
0.4,SARSA,999,404,-416,200,24,0
0.4,SARSA,999,405,-470,200,30,0
0.4,SARSA,999,406,-200,113,12,1
0.4,SARSA,999,407,-497,200,33,0
0.4,SARSA,999,408,-148,79,10,1
0.4,SARSA,999,409,-68,62,3,1
0.4,SARSA,999,410,-416,200,24,0
0.4,SARSA,999,411,-284,125,20,1
0.4,SARSA,999,412,-199,85,15,1
0.4,SARSA,999,413,-98,56,7,1
0.4,SARSA,999,414,-488,200,32,0
0.4,SARSA,999,415,-35,20,4,1
0.4,SARSA,999,416,-434,200,26,0
0.4,SARSA,999,417,-17,29,1,1
0.4,SARSA,999,418,-172,85,12,1
0.4,SARSA,999,419,-14,26,1,1
0.4,SARSA,999,420,-533,200,37,0
0.4,SARSA,999,421,-11,14,2,1
0.4,SARSA,999,422,-497,200,33,0
0.4,SARSA,999,423,-267,135,17,1
0.4,SARSA,999,424,-380,200,20,0
0.4,SARSA,999,425,-515,200,35,0
0.4,SARSA,999,426,-259,136,16,1
0.4,SARSA,999,427,-470,200,30,0
0.4,SARSA,999,428,-332,137,24,1
0.4,SARSA,999,429,-479,200,31,0
0.4,SARSA,999,430,-265,124,18,1
0.4,SARSA,999,431,-169,109,9,1
0.4,SARSA,999,432,-91,58,6,1
0.4,SARSA,999,433,-20,32,1,1
0.4,SARSA,999,434,-285,153,17,1
0.4,SARSA,999,435,-45,30,4,1
0.4,SARSA,999,436,-251,119,17,1
0.4,SARSA,999,437,-413,191,27,1
0.4,SARSA,999,438,-430,172,31,1
0.4,SARSA,999,439,-43,28,4,1
0.4,SARSA,999,440,-7,19,1,1
0.4,SARSA,999,441,-33,27,3,1
0.4,SARSA,999,442,-67,52,4,1
0.4,SARSA,999,443,-8,11,2,1
0.4,SARSA,999,444,-353,200,17,0
0.4,SARSA,999,445,-54,30,5,1
0.4,SARSA,999,446,-55,40,4,1
0.4,SARSA,999,447,-434,200,26,0
0.4,SARSA,999,448,-312,162,19,1
0.4,SARSA,999,449,-479,200,31,0
0.4,SARSA,999,450,-497,200,33,0
0.4,SARSA,999,451,-388,148,29,1
0.4,SARSA,999,452,12,9,0,1
0.4,SARSA,999,453,-25,37,1,1
0.4,SARSA,999,454,-124,91,6,1
0.4,SARSA,999,455,-206,110,13,1
0.4,SARSA,999,456,-452,200,28,0
0.4,SARSA,999,457,-407,200,23,0
0.4,SARSA,999,458,-214,91,16,1
0.4,SARSA,999,459,-45,39,3,1
0.4,SARSA,999,460,-389,200,21,0
0.4,SARSA,999,461,-65,41,5,1
0.4,SARSA,999,462,-138,60,11,1
0.4,SARSA,999,463,-452,200,28,0
0.4,SARSA,999,464,-114,72,7,1
0.4,SARSA,999,465,-92,95,2,1
0.4,SARSA,999,466,-389,200,21,0
0.4,SARSA,999,467,-83,59,5,1
0.4,SARSA,999,468,-239,134,14,1
0.4,SARSA,999,469,-515,200,35,0
0.4,SARSA,999,470,-470,200,30,0
0.4,SARSA,999,471,-269,164,14,1
0.4,SARSA,999,472,-488,200,32,0
0.4,SARSA,999,473,-237,123,15,1
0.4,SARSA,999,474,-488,200,32,0
0.4,SARSA,999,475,-14,17,2,1
0.4,SARSA,999,476,-497,200,33,0
0.4,SARSA,999,477,-183,87,13,1
0.4,SARSA,999,478,-69,36,6,1
0.4,SARSA,999,479,-70,64,3,1
0.4,SARSA,999,480,-73,58,4,1
0.4,SARSA,999,481,-232,127,14,1
0.4,SARSA,999,482,-2,14,1,1
0.4,SARSA,999,483,-184,97,12,1
0.4,SARSA,999,484,-72,48,5,1
0.4,SARSA,999,485,-221,116,14,1
0.4,SARSA,999,486,-76,43,6,1
0.4,SARSA,999,487,-192,96,13,1
0.4,SARSA,999,488,-30,24,3,1
0.4,SARSA,999,489,-246,105,18,1
0.4,SARSA,999,490,2,19,0,1
0.4,SARSA,999,491,-49,34,4,1
0.4,SARSA,999,492,9,12,0,1
0.4,SARSA,999,493,-246,114,17,1
0.4,SARSA,999,494,-185,62,16,1
0.4,SARSA,999,495,-81,48,6,1
0.4,SARSA,999,496,-24,18,3,1
0.4,SARSA,999,497,-407,200,23,0
0.4,SARSA,999,498,-62,56,3,1
0.4,SARSA,999,499,-60,54,3,1
0.4,SARSA,2024,0,-605,200,45,0
0.4,SARSA,2024,1,-731,200,59,0
0.4,SARSA,2024,2,-68,44,5,1
0.4,SARSA,2024,3,-578,200,42,0
0.4,SARSA,2024,4,-704,200,56,0
0.4,SARSA,2024,5,-695,200,55,0
0.4,SARSA,2024,6,-542,200,38,0
0.4,SARSA,2024,7,-704,200,56,0
0.4,SARSA,2024,8,-623,200,47,0
0.4,SARSA,2024,9,-677,200,53,0
0.4,SARSA,2024,10,-641,200,49,0
0.4,SARSA,2024,11,-533,200,37,0
0.4,SARSA,2024,12,-650,200,50,0
0.4,SARSA,2024,13,-659,200,51,0
0.4,SARSA,2024,14,-668,200,52,0
0.4,SARSA,2024,15,-461,200,29,0
0.4,SARSA,2024,16,-677,200,53,0
0.4,SARSA,2024,17,-470,200,30,0
0.4,SARSA,2024,18,-479,200,31,0
0.4,SARSA,2024,19,-452,200,28,0
0.4,SARSA,2024,20,-479,200,31,0
0.4,SARSA,2024,21,-398,200,22,0
0.4,SARSA,2024,22,-668,200,52,0
0.4,SARSA,2024,23,-542,200,38,0
0.4,SARSA,2024,24,-407,200,23,0
0.4,SARSA,2024,25,-632,200,48,0
0.4,SARSA,2024,26,-560,200,40,0
0.4,SARSA,2024,27,-470,185,34,1
0.4,SARSA,2024,28,-587,200,43,0
0.4,SARSA,2024,29,-443,200,27,0
0.4,SARSA,2024,30,-623,200,47,0
0.4,SARSA,2024,31,-605,200,45,0
0.4,SARSA,2024,32,-371,200,19,0
0.4,SARSA,2024,33,-58,34,5,1
0.4,SARSA,2024,34,-659,200,51,0
0.4,SARSA,2024,35,-371,200,19,0
0.4,SARSA,2024,36,-713,200,57,0
0.4,SARSA,2024,37,-632,200,48,0
0.4,SARSA,2024,38,-341,164,22,1
0.4,SARSA,2024,39,-479,200,31,0
0.4,SARSA,2024,40,-551,200,39,0
0.4,SARSA,2024,41,-461,200,29,0
0.4,SARSA,2024,42,-569,200,41,0
0.4,SARSA,2024,43,-407,200,23,0
0.4,SARSA,2024,44,-452,200,28,0
0.4,SARSA,2024,45,-320,152,21,1
0.4,SARSA,2024,46,-416,200,24,0
0.4,SARSA,2024,47,-380,200,20,0
0.4,SARSA,2024,48,-533,200,37,0
0.4,SARSA,2024,49,-587,200,43,0
0.4,SARSA,2024,50,-515,200,35,0
0.4,SARSA,2024,51,-452,200,28,0
0.4,SARSA,2024,52,-461,200,29,0
0.4,SARSA,2024,53,-506,200,34,0
0.4,SARSA,2024,54,-479,200,31,0
0.4,SARSA,2024,55,-239,125,15,1
0.4,SARSA,2024,56,-461,200,29,0
0.4,SARSA,2024,57,-479,200,31,0
0.4,SARSA,2024,58,-225,129,13,1
0.4,SARSA,2024,59,-237,123,15,1
0.4,SARSA,2024,60,-497,200,33,0
0.4,SARSA,2024,61,-488,200,32,0
0.4,SARSA,2024,62,-677,200,53,0
0.4,SARSA,2024,63,-353,200,17,0
0.4,SARSA,2024,64,-461,200,29,0
0.4,SARSA,2024,65,-470,200,30,0
0.4,SARSA,2024,66,-506,200,34,0
0.4,SARSA,2024,67,-136,85,8,1
0.4,SARSA,2024,68,-416,200,24,0
0.4,SARSA,2024,69,-416,200,24,0
0.4,SARSA,2024,70,-461,200,29,0
0.4,SARSA,2024,71,-268,127,18,1
0.4,SARSA,2024,72,-398,200,22,0
0.4,SARSA,2024,73,-434,200,26,0
0.4,SARSA,2024,74,-407,200,23,0
0.4,SARSA,2024,75,-217,103,15,1
0.4,SARSA,2024,76,-461,200,29,0
0.4,SARSA,2024,77,-398,200,22,0
0.4,SARSA,2024,78,-479,200,31,0
0.4,SARSA,2024,79,-398,200,22,0
0.4,SARSA,2024,80,-434,200,26,0
0.4,SARSA,2024,81,-389,200,21,0
0.4,SARSA,2024,82,-234,138,13,1
0.4,SARSA,2024,83,-506,200,34,0
0.4,SARSA,2024,84,-406,193,26,1
0.4,SARSA,2024,85,-407,200,23,0
0.4,SARSA,2024,86,-416,200,24,0
0.4,SARSA,2024,87,-497,200,33,0
0.4,SARSA,2024,88,-479,200,31,0
0.4,SARSA,2024,89,-407,200,23,0
0.4,SARSA,2024,90,-398,200,22,0
0.4,SARSA,2024,91,-425,200,25,0
0.4,SARSA,2024,92,-416,200,24,0
0.4,SARSA,2024,93,-497,200,33,0
0.4,SARSA,2024,94,-452,200,28,0
0.4,SARSA,2024,95,-38,41,2,1
0.4,SARSA,2024,96,-416,200,24,0
0.4,SARSA,2024,97,-497,200,33,0
0.4,SARSA,2024,98,-470,200,30,0
0.4,SARSA,2024,99,-407,200,23,0
0.4,SARSA,2024,100,-85,61,5,1
0.4,SARSA,2024,101,-416,200,24,0
0.4,SARSA,2024,102,-443,200,27,0
0.4,SARSA,2024,103,-371,200,19,0
0.4,SARSA,2024,104,-89,38,8,1
0.4,SARSA,2024,105,-298,184,15,1
0.4,SARSA,2024,106,-515,200,35,0
0.4,SARSA,2024,107,-279,147,17,1
0.4,SARSA,2024,108,-389,200,21,0
0.4,SARSA,2024,109,-506,200,34,0
0.4,SARSA,2024,110,-425,200,25,0
0.4,SARSA,2024,111,-365,188,22,1
0.4,SARSA,2024,112,-461,200,29,0
0.4,SARSA,2024,113,-515,200,35,0
0.4,SARSA,2024,114,-407,200,23,0
0.4,SARSA,2024,115,-434,200,26,0
0.4,SARSA,2024,116,-434,200,26,0
0.4,SARSA,2024,117,-461,200,29,0
0.4,SARSA,2024,118,-374,179,24,1
0.4,SARSA,2024,119,-677,200,53,0
0.4,SARSA,2024,120,-389,200,21,0
0.4,SARSA,2024,121,-524,200,36,0
0.4,SARSA,2024,122,-398,200,22,0
0.4,SARSA,2024,123,-389,200,21,0
0.4,SARSA,2024,124,-353,200,17,0
0.4,SARSA,2024,125,-407,200,23,0
0.4,SARSA,2024,126,-249,126,16,1
0.4,SARSA,2024,127,-434,200,26,0
0.4,SARSA,2024,128,-470,200,30,0
0.4,SARSA,2024,129,-407,200,23,0
0.4,SARSA,2024,130,-205,127,11,1
0.4,SARSA,2024,131,-244,139,14,1
0.4,SARSA,2024,132,-188,92,13,1
0.4,SARSA,2024,133,-94,61,6,1
0.4,SARSA,2024,134,-461,200,29,0
0.4,SARSA,2024,135,-416,200,24,0
0.4,SARSA,2024,136,-372,186,23,1
0.4,SARSA,2024,137,-407,200,23,0
0.4,SARSA,2024,138,-389,200,21,0
0.4,SARSA,2024,139,-497,200,33,0
0.4,SARSA,2024,140,-335,176,20,1
0.4,SARSA,2024,141,-389,200,21,0
0.4,SARSA,2024,142,-506,200,34,0
0.4,SARSA,2024,143,-470,200,30,0
0.4,SARSA,2024,144,-425,200,25,0
0.4,SARSA,2024,145,-270,147,16,1
0.4,SARSA,2024,146,-43,37,3,1
0.4,SARSA,2024,147,-452,200,28,0
0.4,SARSA,2024,148,-335,200,15,0
0.4,SARSA,2024,149,-425,200,25,0
0.4,SARSA,2024,150,-214,109,14,1
0.4,SARSA,2024,151,-331,199,17,1
0.4,SARSA,2024,152,-50,53,2,1
0.4,SARSA,2024,153,-74,59,4,1
0.4,SARSA,2024,154,-452,200,28,0
0.4,SARSA,2024,155,-425,200,25,0
0.4,SARSA,2024,156,-461,200,29,0
0.4,SARSA,2024,157,-462,186,33,1
0.4,SARSA,2024,158,-479,200,31,0
0.4,SARSA,2024,159,-488,200,32,0
0.4,SARSA,2024,160,-524,200,36,0
0.4,SARSA,2024,161,-407,200,23,0
0.4,SARSA,2024,162,-359,173,23,1
0.4,SARSA,2024,163,-185,98,12,1
0.4,SARSA,2024,164,6,15,0,1
0.4,SARSA,2024,165,-159,81,11,1
0.4,SARSA,2024,166,-357,180,22,1
0.4,SARSA,2024,167,-129,60,10,1
0.4,SARSA,2024,168,-316,157,20,1
0.4,SARSA,2024,169,-416,200,24,0
0.4,SARSA,2024,170,-407,200,23,0
0.4,SARSA,2024,171,-362,200,18,0
0.4,SARSA,2024,172,-461,200,29,0
0.4,SARSA,2024,173,-425,200,25,0
0.4,SARSA,2024,174,-434,200,26,0
0.4,SARSA,2024,175,-479,200,31,0
0.4,SARSA,2024,176,-374,197,22,1
0.4,SARSA,2024,177,-416,200,24,0
0.4,SARSA,2024,178,-389,200,21,0
0.4,SARSA,2024,179,-407,200,23,0
0.4,SARSA,2024,180,-461,200,29,0
0.4,SARSA,2024,181,-193,106,12,1
0.4,SARSA,2024,182,-181,103,11,1
0.4,SARSA,2024,183,-452,200,28,0
0.4,SARSA,2024,184,-109,58,8,1
0.4,SARSA,2024,185,-77,53,5,1
0.4,SARSA,2024,186,-240,135,14,1
0.4,SARSA,2024,187,-211,115,13,1
0.4,SARSA,2024,188,-443,200,27,0
0.4,SARSA,2024,189,-389,200,21,0
0.4,SARSA,2024,190,-425,200,25,0
0.4,SARSA,2024,191,-380,200,20,0
0.4,SARSA,2024,192,-335,158,22,1
0.4,SARSA,2024,193,-407,200,23,0
0.4,SARSA,2024,194,-195,81,15,1
0.4,SARSA,2024,195,-425,200,25,0
0.4,SARSA,2024,196,-322,145,22,1
0.4,SARSA,2024,197,-443,200,27,0
0.4,SARSA,2024,198,-533,200,37,0
0.4,SARSA,2024,199,-286,154,17,1
0.4,SARSA,2024,200,-310,151,20,1
0.4,SARSA,2024,201,-152,92,9,1
0.4,SARSA,2024,202,-260,128,17,1
0.4,SARSA,2024,203,-226,130,13,1
0.4,SARSA,2024,204,-479,200,31,0
0.4,SARSA,2024,205,-91,67,5,1
0.4,SARSA,2024,206,-258,126,17,1
0.4,SARSA,2024,207,-488,200,32,0
0.4,SARSA,2024,208,-461,200,29,0
0.4,SARSA,2024,209,-470,200,30,0
0.4,SARSA,2024,210,-380,200,20,0
0.4,SARSA,2024,211,-473,197,33,1
0.4,SARSA,2024,212,-73,49,5,1
0.4,SARSA,2024,213,-362,200,18,0
0.4,SARSA,2024,214,-377,200,22,1
0.4,SARSA,2024,215,-362,176,23,1
0.4,SARSA,2024,216,-461,200,29,0
0.4,SARSA,2024,217,-79,55,5,1
0.4,SARSA,2024,218,-425,200,25,0
0.4,SARSA,2024,219,-434,200,26,0
0.4,SARSA,2024,220,-416,200,24,0
0.4,SARSA,2024,221,-389,200,21,0
0.4,SARSA,2024,222,-434,200,26,0
0.4,SARSA,2024,223,-479,200,31,0
0.4,SARSA,2024,224,-352,166,23,1
0.4,SARSA,2024,225,-407,200,23,0
0.4,SARSA,2024,226,-479,200,31,0
0.4,SARSA,2024,227,-87,36,8,1
0.4,SARSA,2024,228,-407,200,23,0
0.4,SARSA,2024,229,-275,143,17,1
0.4,SARSA,2024,230,-144,66,11,1
0.4,SARSA,2024,231,-30,42,1,1
0.4,SARSA,2024,232,-470,200,30,0
0.4,SARSA,2024,233,-470,200,30,0
0.4,SARSA,2024,234,-334,166,21,1
0.4,SARSA,2024,235,-398,200,22,0
0.4,SARSA,2024,236,-461,200,29,0
0.4,SARSA,2024,237,-124,46,11,1
0.4,SARSA,2024,238,-380,200,20,0
0.4,SARSA,2024,239,-28,22,3,1
0.4,SARSA,2024,240,-54,39,4,1
0.4,SARSA,2024,241,-290,131,20,1
0.4,SARSA,2024,242,-13,25,1,1
0.4,SARSA,2024,243,-425,200,25,0
0.4,SARSA,2024,244,-198,138,9,1
0.4,SARSA,2024,245,-479,200,31,0
0.4,SARSA,2024,246,-434,200,26,0
0.4,SARSA,2024,247,-150,72,11,1
0.4,SARSA,2024,248,-274,160,15,1
0.4,SARSA,2024,249,-542,200,38,0
0.4,SARSA,2024,250,-132,72,9,1
0.4,SARSA,2024,251,-380,200,20,0
0.4,SARSA,2024,252,-187,109,11,1
0.4,SARSA,2024,253,-388,193,24,1
0.4,SARSA,2024,254,-425,200,25,0
0.4,SARSA,2024,255,-90,57,6,1
0.4,SARSA,2024,256,-497,200,33,0
0.4,SARSA,2024,257,-425,200,25,0
0.4,SARSA,2024,258,-242,128,15,1
0.4,SARSA,2024,259,-452,200,28,0
0.4,SARSA,2024,260,-438,189,30,1
0.4,SARSA,2024,261,-64,40,5,1
0.4,SARSA,2024,262,-234,120,15,1
0.4,SARSA,2024,263,-452,200,28,0
0.4,SARSA,2024,264,-407,200,23,0
0.4,SARSA,2024,265,-328,196,17,1
0.4,SARSA,2024,266,-452,200,28,0
0.4,SARSA,2024,267,-461,200,29,0
0.4,SARSA,2024,268,-461,200,29,0
0.4,SARSA,2024,269,2,10,1,1
0.4,SARSA,2024,270,-124,55,10,1
0.4,SARSA,2024,271,-71,29,7,1
0.4,SARSA,2024,272,-416,200,24,0
0.4,SARSA,2024,273,-398,200,22,0
0.4,SARSA,2024,274,-137,86,8,1
0.4,SARSA,2024,275,-421,163,31,1
0.4,SARSA,2024,276,-147,78,10,1
0.4,SARSA,2024,277,-202,115,12,1
0.4,SARSA,2024,278,-63,48,4,1
0.4,SARSA,2024,279,-434,200,26,0
0.4,SARSA,2024,280,-398,200,22,0
0.4,SARSA,2024,281,-291,150,18,1
0.4,SARSA,2024,282,-488,200,32,0
0.4,SARSA,2024,283,-461,200,29,0
0.4,SARSA,2024,284,-308,176,17,1
0.4,SARSA,2024,285,-470,200,30,0
0.4,SARSA,2024,286,-398,200,22,0
0.4,SARSA,2024,287,-425,200,25,0
0.4,SARSA,2024,288,-219,123,13,1
0.4,SARSA,2024,289,-398,200,22,0
0.4,SARSA,2024,290,-336,159,22,1
0.4,SARSA,2024,291,-368,200,21,1
0.4,SARSA,2024,292,-66,42,5,1
0.4,SARSA,2024,293,-223,136,12,1
0.4,SARSA,2024,294,-425,200,25,0
0.4,SARSA,2024,295,-497,200,33,0
0.4,SARSA,2024,296,-357,162,24,1
0.4,SARSA,2024,297,-497,200,33,0
0.4,SARSA,2024,298,-336,168,21,1
0.4,SARSA,2024,299,-506,200,34,0
0.4,SARSA,2024,300,-76,61,4,1
0.4,SARSA,2024,301,-434,200,26,0
0.4,SARSA,2024,302,-129,60,10,1
0.4,SARSA,2024,303,-197,128,10,1
0.4,SARSA,2024,304,-148,97,8,1
0.4,SARSA,2024,305,-438,189,30,1
0.4,SARSA,2024,306,-461,200,29,0
0.4,SARSA,2024,307,-300,168,17,1
0.4,SARSA,2024,308,-407,200,23,0
0.4,SARSA,2024,309,-551,200,39,0
0.4,SARSA,2024,310,-506,200,34,0
0.4,SARSA,2024,311,-488,200,32,0
0.4,SARSA,2024,312,-64,49,4,1
0.4,SARSA,2024,313,-506,200,34,0
0.4,SARSA,2024,314,-101,59,7,1
0.4,SARSA,2024,315,-398,200,22,0
0.4,SARSA,2024,316,-380,200,20,0
0.4,SARSA,2024,317,-221,80,18,1
0.4,SARSA,2024,318,-227,131,13,1
0.4,SARSA,2024,319,-371,200,19,0
0.4,SARSA,2024,320,-425,200,25,0
0.4,SARSA,2024,321,-317,200,13,0
0.4,SARSA,2024,322,-223,127,13,1
0.4,SARSA,2024,323,-434,176,31,1
0.4,SARSA,2024,324,-461,200,29,0
0.4,SARSA,2024,325,-416,200,24,0
0.4,SARSA,2024,326,-307,166,18,1
0.4,SARSA,2024,327,-506,200,34,0
0.4,SARSA,2024,328,-214,100,15,1
0.4,SARSA,2024,329,-13,25,1,1
0.4,SARSA,2024,330,-407,200,23,0
0.4,SARSA,2024,331,-240,144,13,1
0.4,SARSA,2024,332,-407,194,26,1
0.4,SARSA,2024,333,-371,200,19,0
0.4,SARSA,2024,334,-203,125,11,1
0.4,SARSA,2024,335,-479,200,31,0
0.4,SARSA,2024,336,-55,40,4,1
0.4,SARSA,2024,337,-416,200,24,0
0.4,SARSA,2024,338,-60,45,4,1
0.4,SARSA,2024,339,-416,200,24,0
0.4,SARSA,2024,340,-51,36,4,1
0.4,SARSA,2024,341,-434,200,26,0
0.4,SARSA,2024,342,-389,200,21,0
0.4,SARSA,2024,343,-140,62,11,1
0.4,SARSA,2024,344,-155,77,11,1
0.4,SARSA,2024,345,-140,71,10,1
0.4,SARSA,2024,346,-461,200,29,0
0.4,SARSA,2024,347,-111,87,5,1
0.4,SARSA,2024,348,-291,177,15,1
0.4,SARSA,2024,349,-2,23,0,1
0.4,SARSA,2024,350,-443,200,27,0
0.4,SARSA,2024,351,-470,200,30,0
0.4,SARSA,2024,352,-92,59,6,1
0.4,SARSA,2024,353,-389,200,21,0
0.4,SARSA,2024,354,-202,106,13,1
0.4,SARSA,2024,355,-31,25,3,1
0.4,SARSA,2024,356,-106,64,7,1
0.4,SARSA,2024,357,-22,16,3,1
0.4,SARSA,2024,358,-223,82,18,1
0.4,SARSA,2024,359,-434,200,26,0
0.4,SARSA,2024,360,-191,77,15,1
0.4,SARSA,2024,361,-358,163,24,1
0.4,SARSA,2024,362,-109,67,7,1
0.4,SARSA,2024,363,-50,35,4,1
0.4,SARSA,2024,364,-51,36,4,1
0.4,SARSA,2024,365,-488,200,32,0
0.4,SARSA,2024,366,-155,86,10,1
0.4,SARSA,2024,367,-452,200,28,0
0.4,SARSA,2024,368,-40,34,3,1
0.4,SARSA,2024,369,-433,166,32,1
0.4,SARSA,2024,370,-252,102,19,1
0.4,SARSA,2024,371,-323,128,24,1
0.4,SARSA,2024,372,-389,200,21,0
0.4,SARSA,2024,373,-19,22,2,1
0.4,SARSA,2024,374,-434,200,26,0
0.4,SARSA,2024,375,-70,46,5,1
0.4,SARSA,2024,376,-307,139,21,1
0.4,SARSA,2024,377,-220,97,16,1
0.4,SARSA,2024,378,-461,200,29,0
0.4,SARSA,2024,379,-470,200,30,0
0.4,SARSA,2024,380,-61,46,4,1
0.4,SARSA,2024,381,-353,176,22,1
0.4,SARSA,2024,382,-130,70,9,1
0.4,SARSA,2024,383,-443,200,27,0
0.4,SARSA,2024,384,-202,115,12,1
0.4,SARSA,2024,385,-347,197,19,1
0.4,SARSA,2024,386,-338,152,23,1
0.4,SARSA,2024,387,-215,119,13,1
0.4,SARSA,2024,388,-452,200,28,0
0.4,SARSA,2024,389,-282,159,16,1
0.4,SARSA,2024,390,-57,51,3,1
0.4,SARSA,2024,391,-416,200,24,0
0.4,SARSA,2024,392,-11,23,1,1
0.4,SARSA,2024,393,-179,101,11,1
0.4,SARSA,2024,394,-42,36,3,1
0.4,SARSA,2024,395,-190,103,12,1
0.4,SARSA,2024,396,-74,50,5,1
0.4,SARSA,2024,397,-175,97,11,1
0.4,SARSA,2024,398,-443,200,27,0
0.4,SARSA,2024,399,-470,200,30,0
0.4,SARSA,2024,400,-54,39,4,1
0.4,SARSA,2024,401,-461,200,29,0
0.4,SARSA,2024,402,-273,132,18,1
0.4,SARSA,2024,403,-51,27,5,1
0.4,SARSA,2024,404,-101,68,6,1
0.4,SARSA,2024,405,-58,34,5,1
0.4,SARSA,2024,406,-248,107,18,1
0.4,SARSA,2024,407,-330,135,24,1
0.4,SARSA,2024,408,-443,200,27,0
0.4,SARSA,2024,409,-461,200,29,0
0.4,SARSA,2024,410,-125,74,8,1
0.4,SARSA,2024,411,-37,40,2,1
0.4,SARSA,2024,412,-140,62,11,1
0.4,SARSA,2024,413,-59,35,5,1
0.4,SARSA,2024,414,-407,200,23,0
0.4,SARSA,2024,415,-109,67,7,1
0.4,SARSA,2024,416,-196,118,11,1
0.4,SARSA,2024,417,-434,200,26,0
0.4,SARSA,2024,418,-389,200,21,0
0.4,SARSA,2024,419,-111,60,8,1
0.4,SARSA,2024,420,-479,200,31,0
0.4,SARSA,2024,421,-78,63,4,1
0.4,SARSA,2024,422,-497,200,33,0
0.4,SARSA,2024,423,-211,97,15,1
0.4,SARSA,2024,424,-398,200,22,0
0.4,SARSA,2024,425,-41,35,3,1
0.4,SARSA,2024,426,-72,66,3,1
0.4,SARSA,2024,427,-51,54,2,1
0.4,SARSA,2024,428,-37,40,2,1
0.4,SARSA,2024,429,10,11,0,1
0.4,SARSA,2024,430,-443,200,27,0
0.4,SARSA,2024,431,-345,159,23,1
0.4,SARSA,2024,432,-338,161,22,1
0.4,SARSA,2024,433,-524,200,36,0
0.4,SARSA,2024,434,-113,62,8,1
0.4,SARSA,2024,435,-336,150,23,1
0.4,SARSA,2024,436,-443,200,27,0
0.4,SARSA,2024,437,-398,200,22,0
0.4,SARSA,2024,438,-119,86,6,1
0.4,SARSA,2024,439,-425,200,25,0
0.4,SARSA,2024,440,-407,200,23,0
0.4,SARSA,2024,441,-151,82,10,1
0.4,SARSA,2024,442,-339,135,25,1
0.4,SARSA,2024,443,-161,92,10,1
0.4,SARSA,2024,444,-434,200,26,0
0.4,SARSA,2024,445,-236,113,16,1
0.4,SARSA,2024,446,-159,72,12,1
0.4,SARSA,2024,447,-288,147,18,1
0.4,SARSA,2024,448,-48,33,4,1
0.4,SARSA,2024,449,-257,134,16,1
0.4,SARSA,2024,450,-98,83,4,1
0.4,SARSA,2024,451,-90,66,5,1
0.4,SARSA,2024,452,-72,30,7,1
0.4,SARSA,2024,453,-398,200,22,0
0.4,SARSA,2024,454,-479,200,31,0
0.4,SARSA,2024,455,-378,174,25,1
0.4,SARSA,2024,456,-393,189,25,1
0.4,SARSA,2024,457,-421,190,28,1
0.4,SARSA,2024,458,-389,200,21,0
0.4,SARSA,2024,459,-148,97,8,1
0.4,SARSA,2024,460,-35,47,1,1
0.4,SARSA,2024,461,-355,178,22,1
0.4,SARSA,2024,462,-107,74,6,1
0.4,SARSA,2024,463,-229,79,19,1
0.4,SARSA,2024,464,-127,76,8,1
0.4,SARSA,2024,465,-407,200,23,0
0.4,SARSA,2024,466,-138,78,9,1
0.4,SARSA,2024,467,-497,200,33,0
0.4,SARSA,2024,468,-350,173,22,1
0.4,SARSA,2024,469,-310,142,21,1
0.4,SARSA,2024,470,-76,43,6,1
0.4,SARSA,2024,471,-416,200,24,0
0.4,SARSA,2024,472,-407,200,23,0
0.4,SARSA,2024,473,-50,35,4,1
0.4,SARSA,2024,474,-339,171,21,1
0.4,SARSA,2024,475,-307,175,17,1
0.4,SARSA,2024,476,-488,200,32,0
0.4,SARSA,2024,477,-441,192,30,1
0.4,SARSA,2024,478,-37,31,3,1
0.4,SARSA,2024,479,-337,178,20,1
0.4,SARSA,2024,480,-237,150,12,1
0.4,SARSA,2024,481,-4,16,1,1
0.4,SARSA,2024,482,-443,200,27,0
0.4,SARSA,2024,483,-153,93,9,1
0.4,SARSA,2024,484,-370,157,26,1
0.4,SARSA,2024,485,-70,55,4,1
0.4,SARSA,2024,486,-68,44,5,1
0.4,SARSA,2024,487,-191,86,14,1
0.4,SARSA,2024,488,-57,42,4,1
0.4,SARSA,2024,489,-173,95,11,1
0.4,SARSA,2024,490,-21,15,3,1
0.4,SARSA,2024,491,-479,200,31,0
0.4,SARSA,2024,492,-32,35,2,1
0.4,SARSA,2024,493,-103,61,7,1
0.4,SARSA,2024,494,-15,27,1,1
0.4,SARSA,2024,495,-50,35,4,1
0.4,SARSA,2024,496,-189,84,14,1
0.4,SARSA,2024,497,-69,45,5,1
0.4,SARSA,2024,498,-113,62,8,1
0.4,SARSA,2024,499,-1,22,0,1
0.4,SARSA + PS,42,0,-614,200,46,0
0.4,SARSA + PS,42,1,-677,200,53,0
0.4,SARSA + PS,42,2,-659,200,51,0
0.4,SARSA + PS,42,3,-650,200,50,0
0.4,SARSA + PS,42,4,-551,200,39,0
0.4,SARSA + PS,42,5,-659,200,51,0
0.4,SARSA + PS,42,6,-677,200,53,0
0.4,SARSA + PS,42,7,-650,200,50,0
0.4,SARSA + PS,42,8,-587,200,43,0
0.4,SARSA + PS,42,9,-605,200,45,0
0.4,SARSA + PS,42,10,-650,200,50,0
0.4,SARSA + PS,42,11,-434,200,26,0
0.4,SARSA + PS,42,12,-266,98,21,1
0.4,SARSA + PS,42,13,-614,200,46,0
0.4,SARSA + PS,42,14,-731,200,59,0
0.4,SARSA + PS,42,15,-325,112,26,1
0.4,SARSA + PS,42,16,-497,200,33,0
0.4,SARSA + PS,42,17,-416,200,24,0
0.4,SARSA + PS,42,18,-587,200,43,0
0.4,SARSA + PS,42,19,-560,200,40,0
0.4,SARSA + PS,42,20,-531,183,41,1
0.4,SARSA + PS,42,21,-587,200,43,0
0.4,SARSA + PS,42,22,-569,200,41,0
0.4,SARSA + PS,42,23,-659,200,51,0
0.4,SARSA + PS,42,24,-497,200,33,0
0.4,SARSA + PS,42,25,-524,200,36,0
0.4,SARSA + PS,42,26,-491,188,36,1
0.4,SARSA + PS,42,27,-470,200,30,0
0.4,SARSA + PS,42,28,-416,200,24,0
0.4,SARSA + PS,42,29,-479,200,31,0
0.4,SARSA + PS,42,30,-632,200,48,0
0.4,SARSA + PS,42,31,-434,200,26,0
0.4,SARSA + PS,42,32,-380,200,20,0
0.4,SARSA + PS,42,33,-533,200,37,0
0.4,SARSA + PS,42,34,-425,200,25,0
0.4,SARSA + PS,42,35,-416,200,24,0
0.4,SARSA + PS,42,36,-614,200,46,0
0.4,SARSA + PS,42,37,-650,200,50,0
0.4,SARSA + PS,42,38,-398,200,22,0
0.4,SARSA + PS,42,39,-632,200,48,0
0.4,SARSA + PS,42,40,-398,200,22,0
0.4,SARSA + PS,42,41,-713,200,57,0
0.4,SARSA + PS,42,42,-335,200,15,0
0.4,SARSA + PS,42,43,-83,50,6,1
0.4,SARSA + PS,42,44,-452,200,28,0
0.4,SARSA + PS,42,45,-470,200,30,0
0.4,SARSA + PS,42,46,-452,200,28,0
0.4,SARSA + PS,42,47,-389,200,21,0
0.4,SARSA + PS,42,48,-605,200,45,0
0.4,SARSA + PS,42,49,-461,200,29,0
0.4,SARSA + PS,42,50,-605,200,45,0
0.4,SARSA + PS,42,51,-470,200,30,0
0.4,SARSA + PS,42,52,-488,200,32,0
0.4,SARSA + PS,42,53,-217,175,7,1
0.4,SARSA + PS,42,54,-560,200,40,0
0.4,SARSA + PS,42,55,-416,200,24,0
0.4,SARSA + PS,42,56,-425,200,25,0
0.4,SARSA + PS,42,57,-479,200,31,0
0.4,SARSA + PS,42,58,-443,200,27,0
0.4,SARSA + PS,42,59,-452,200,28,0
0.4,SARSA + PS,42,60,-443,200,27,0
0.4,SARSA + PS,42,61,-623,200,47,0
0.4,SARSA + PS,42,62,-416,200,24,0
0.4,SARSA + PS,42,63,-416,200,24,0
0.4,SARSA + PS,42,64,-143,101,7,1
0.4,SARSA + PS,42,65,-461,200,29,0
0.4,SARSA + PS,42,66,-106,64,7,1
0.4,SARSA + PS,42,67,-416,200,24,0
0.4,SARSA + PS,42,68,-461,200,29,0
0.4,SARSA + PS,42,69,-238,70,21,1
0.4,SARSA + PS,42,70,-187,109,11,1
0.4,SARSA + PS,42,71,-407,200,23,0
0.4,SARSA + PS,42,72,-443,200,27,0
0.4,SARSA + PS,42,73,-15,27,1,1
0.4,SARSA + PS,42,74,-407,200,23,0
0.4,SARSA + PS,42,75,-297,192,14,1
0.4,SARSA + PS,42,76,-434,200,26,0
0.4,SARSA + PS,42,77,-452,200,28,0
0.4,SARSA + PS,42,78,-497,200,33,0
0.4,SARSA + PS,42,79,-389,200,21,0
0.4,SARSA + PS,42,80,-470,200,30,0
0.4,SARSA + PS,42,81,-346,178,21,1
0.4,SARSA + PS,42,82,-470,200,30,0
0.4,SARSA + PS,42,83,-434,200,26,0
0.4,SARSA + PS,42,84,-211,133,11,1
0.4,SARSA + PS,42,85,-240,126,15,1
0.4,SARSA + PS,42,86,-587,200,43,0
0.4,SARSA + PS,42,87,-335,200,15,0
0.4,SARSA + PS,42,88,-362,200,18,0
0.4,SARSA + PS,42,89,-101,77,5,1
0.4,SARSA + PS,42,90,-32,35,2,1
0.4,SARSA + PS,42,91,-407,200,23,0
0.4,SARSA + PS,42,92,-407,200,23,0
0.4,SARSA + PS,42,93,-425,200,25,0
0.4,SARSA + PS,42,94,-269,110,20,1
0.4,SARSA + PS,42,95,-659,200,51,0
0.4,SARSA + PS,42,96,-443,200,27,0
0.4,SARSA + PS,42,97,-479,200,31,0
0.4,SARSA + PS,42,98,-353,200,17,0
0.4,SARSA + PS,42,99,-452,200,28,0
0.4,SARSA + PS,42,100,-114,54,9,1
0.4,SARSA + PS,42,101,-407,200,23,0
0.4,SARSA + PS,42,102,-461,200,29,0
0.4,SARSA + PS,42,103,-452,200,28,0
0.4,SARSA + PS,42,104,-278,173,14,1
0.4,SARSA + PS,42,105,-461,200,29,0
0.4,SARSA + PS,42,106,-479,200,31,0
0.4,SARSA + PS,42,107,-434,200,26,0
0.4,SARSA + PS,42,108,-58,34,5,1
0.4,SARSA + PS,42,109,-284,161,16,1
0.4,SARSA + PS,42,110,-102,69,6,1
0.4,SARSA + PS,42,111,-362,200,18,0
0.4,SARSA + PS,42,112,-479,200,31,0
0.4,SARSA + PS,42,113,-371,200,19,0
0.4,SARSA + PS,42,114,-317,200,13,0
0.4,SARSA + PS,42,115,-269,146,16,1
0.4,SARSA + PS,42,116,-282,150,17,1
0.4,SARSA + PS,42,117,-147,69,11,1
0.4,SARSA + PS,42,118,-150,90,9,1
0.4,SARSA + PS,42,119,-87,45,7,1
0.4,SARSA + PS,42,120,-344,149,24,1
0.4,SARSA + PS,42,121,-55,49,3,1
0.4,SARSA + PS,42,122,-380,200,20,0
0.4,SARSA + PS,42,123,-353,185,21,1
0.4,SARSA + PS,42,124,-302,143,20,1
0.4,SARSA + PS,42,125,-391,196,24,1
0.4,SARSA + PS,42,126,-470,200,30,0
0.4,SARSA + PS,42,127,-515,200,35,0
0.4,SARSA + PS,42,128,-497,200,33,0
0.4,SARSA + PS,42,129,-142,73,10,1
0.4,SARSA + PS,42,130,-45,30,4,1
0.4,SARSA + PS,42,131,-353,200,17,0
0.4,SARSA + PS,42,132,-264,159,14,1
0.4,SARSA + PS,42,133,-425,200,25,0
0.4,SARSA + PS,42,134,-425,200,25,0
0.4,SARSA + PS,42,135,11,10,0,1
0.4,SARSA + PS,42,136,-353,200,17,0
0.4,SARSA + PS,42,137,-479,200,31,0
0.4,SARSA + PS,42,138,-242,137,14,1
0.4,SARSA + PS,42,139,-80,56,5,1
0.4,SARSA + PS,42,140,-398,200,22,0
0.4,SARSA + PS,42,141,-452,200,28,0
0.4,SARSA + PS,42,142,-270,120,19,1
0.4,SARSA + PS,42,143,-380,200,20,0
0.4,SARSA + PS,42,144,-425,200,25,0
0.4,SARSA + PS,42,145,-452,200,28,0
0.4,SARSA + PS,42,146,-416,200,24,0
0.4,SARSA + PS,42,147,-124,82,7,1
0.4,SARSA + PS,42,148,-398,200,22,0
0.4,SARSA + PS,42,149,-357,189,21,1
0.4,SARSA + PS,42,150,-434,200,26,0
0.4,SARSA + PS,42,151,-341,164,22,1
0.4,SARSA + PS,42,152,-66,51,4,1
0.4,SARSA + PS,42,153,-515,200,35,0
0.4,SARSA + PS,42,154,-479,200,31,0
0.4,SARSA + PS,42,155,-380,200,20,0
0.4,SARSA + PS,42,156,-362,200,18,0
0.4,SARSA + PS,42,157,-77,44,6,1
0.4,SARSA + PS,42,158,-49,34,4,1
0.4,SARSA + PS,42,159,-479,200,31,0
0.4,SARSA + PS,42,160,-488,200,32,0
0.4,SARSA + PS,42,161,-231,117,15,1
0.4,SARSA + PS,42,162,-67,52,4,1
0.4,SARSA + PS,42,163,-425,200,25,0
0.4,SARSA + PS,42,164,-44,29,4,1
0.4,SARSA + PS,42,165,-380,194,23,1
0.4,SARSA + PS,42,166,3,9,1,1
0.4,SARSA + PS,42,167,-398,200,22,0
0.4,SARSA + PS,42,168,-385,163,27,1
0.4,SARSA + PS,42,169,-311,170,18,1
0.4,SARSA + PS,42,170,-36,30,3,1
0.4,SARSA + PS,42,171,-70,46,5,1
0.4,SARSA + PS,42,172,-148,79,10,1
0.4,SARSA + PS,42,173,-287,146,18,1
0.4,SARSA + PS,42,174,-425,200,25,0
0.4,SARSA + PS,42,175,-173,122,8,1
0.4,SARSA + PS,42,176,-63,48,4,1
0.4,SARSA + PS,42,177,-273,141,17,1
0.4,SARSA + PS,42,178,-306,147,20,1
0.4,SARSA + PS,42,179,-425,200,25,0
0.4,SARSA + PS,42,180,-380,200,20,0
0.4,SARSA + PS,42,181,-380,200,20,0
0.4,SARSA + PS,42,182,-162,66,13,1
0.4,SARSA + PS,42,183,-279,129,19,1
0.4,SARSA + PS,42,184,-108,66,7,1
0.4,SARSA + PS,42,185,-175,88,12,1
0.4,SARSA + PS,42,186,-34,19,4,1
0.4,SARSA + PS,42,187,-321,171,19,1
0.4,SARSA + PS,42,188,-173,77,13,1
0.4,SARSA + PS,42,189,-461,200,29,0
0.4,SARSA + PS,42,190,-105,63,7,1
0.4,SARSA + PS,42,191,-470,200,30,0
0.4,SARSA + PS,42,192,-397,193,25,1
0.4,SARSA + PS,42,193,-68,44,5,1
0.4,SARSA + PS,42,194,-407,200,23,0
0.4,SARSA + PS,42,195,-452,200,28,0
0.4,SARSA + PS,42,196,-50,53,2,1
0.4,SARSA + PS,42,197,-425,200,25,0
0.4,SARSA + PS,42,198,-293,152,18,1
0.4,SARSA + PS,42,199,-25,19,3,1
0.4,SARSA + PS,42,200,-121,70,8,1
0.4,SARSA + PS,42,201,-140,62,11,1
0.4,SARSA + PS,42,202,-145,76,10,1
0.4,SARSA + PS,42,203,-470,200,30,0
0.4,SARSA + PS,42,204,-138,60,11,1
0.4,SARSA + PS,42,205,-533,200,37,0
0.4,SARSA + PS,42,206,-289,175,15,1
0.4,SARSA + PS,42,207,-398,200,22,0
0.4,SARSA + PS,42,208,-15,18,2,1
0.4,SARSA + PS,42,209,-380,185,24,1
0.4,SARSA + PS,42,210,-186,108,11,1
0.4,SARSA + PS,42,211,-146,68,11,1
0.4,SARSA + PS,42,212,-33,18,4,1
0.4,SARSA + PS,42,213,-238,106,17,1
0.4,SARSA + PS,42,214,-272,140,17,1
0.4,SARSA + PS,42,215,-407,200,23,0
0.4,SARSA + PS,42,216,-248,143,14,1
0.4,SARSA + PS,42,217,-425,200,25,0
0.4,SARSA + PS,42,218,-49,34,4,1
0.4,SARSA + PS,42,219,-389,200,21,0
0.4,SARSA + PS,42,220,-247,106,18,1
0.4,SARSA + PS,42,221,-48,24,5,1
0.4,SARSA + PS,42,222,-3,15,1,1
0.4,SARSA + PS,42,223,-33,27,3,1
0.4,SARSA + PS,42,224,11,10,0,1
0.4,SARSA + PS,42,225,-314,146,21,1
0.4,SARSA + PS,42,226,-123,63,9,1
0.4,SARSA + PS,42,227,-50,35,4,1
0.4,SARSA + PS,42,228,-186,99,12,1
0.4,SARSA + PS,42,229,-488,200,32,0
0.4,SARSA + PS,42,230,-222,99,16,1
0.4,SARSA + PS,42,231,-81,48,6,1
0.4,SARSA + PS,42,232,-233,128,14,1
0.4,SARSA + PS,42,233,-488,200,32,0
0.4,SARSA + PS,42,234,15,6,0,1
0.4,SARSA + PS,42,235,-131,71,9,1
0.4,SARSA + PS,42,236,-398,200,22,0
0.4,SARSA + PS,42,237,-383,161,27,1
0.4,SARSA + PS,42,238,-10,22,1,1
0.4,SARSA + PS,42,239,-111,69,7,1
0.4,SARSA + PS,42,240,-146,95,8,1
0.4,SARSA + PS,42,241,-315,156,20,1
0.4,SARSA + PS,42,242,-380,200,20,0
0.4,SARSA + PS,42,243,-38,23,4,1
0.4,SARSA + PS,42,244,-134,83,8,1
0.4,SARSA + PS,42,245,-68,35,6,1
0.4,SARSA + PS,42,246,-125,65,9,1
0.4,SARSA + PS,42,247,-335,200,15,0
0.4,SARSA + PS,42,248,-425,200,25,0
0.4,SARSA + PS,42,249,-452,200,28,0
0.4,SARSA + PS,42,250,-368,164,25,1
0.4,SARSA + PS,42,251,-79,46,6,1
0.4,SARSA + PS,42,252,-479,200,31,0
0.4,SARSA + PS,42,253,-434,200,26,0
0.4,SARSA + PS,42,254,-32,35,2,1
0.4,SARSA + PS,42,255,-184,106,11,1
0.4,SARSA + PS,42,256,-389,200,21,0
0.4,SARSA + PS,42,257,-109,85,5,1
0.4,SARSA + PS,42,258,-119,77,7,1
0.4,SARSA + PS,42,259,-151,109,7,1
0.4,SARSA + PS,42,260,-443,200,27,0
0.4,SARSA + PS,42,261,-425,200,25,0
0.4,SARSA + PS,42,262,-452,200,28,0
0.4,SARSA + PS,42,263,-42,36,3,1
0.4,SARSA + PS,42,264,-398,200,22,0
0.4,SARSA + PS,42,265,-311,179,17,1
0.4,SARSA + PS,42,266,-75,51,5,1
0.4,SARSA + PS,42,267,-103,52,8,1
0.4,SARSA + PS,42,268,-353,185,21,1
0.4,SARSA + PS,42,269,-72,48,5,1
0.4,SARSA + PS,42,270,-416,200,24,0
0.4,SARSA + PS,42,271,-108,66,7,1
0.4,SARSA + PS,42,272,-363,195,21,1
0.4,SARSA + PS,42,273,-488,200,32,0
0.4,SARSA + PS,42,274,-48,24,5,1
0.4,SARSA + PS,42,275,-137,77,9,1
0.4,SARSA + PS,42,276,-398,200,22,0
0.4,SARSA + PS,42,277,-137,68,10,1
0.4,SARSA + PS,42,278,-488,200,32,0
0.4,SARSA + PS,42,279,-293,107,23,1
0.4,SARSA + PS,42,280,-53,47,3,1
0.4,SARSA + PS,42,281,-461,200,29,0
0.4,SARSA + PS,42,282,-2,14,1,1
0.4,SARSA + PS,42,283,-76,43,6,1
0.4,SARSA + PS,42,284,-50,35,4,1
0.4,SARSA + PS,42,285,-295,163,17,1
0.4,SARSA + PS,42,286,-139,79,9,1
0.4,SARSA + PS,42,287,-371,200,19,0
0.4,SARSA + PS,42,288,-233,119,15,1
0.4,SARSA + PS,42,289,-407,200,23,0
0.4,SARSA + PS,42,290,-90,48,7,1
0.4,SARSA + PS,42,291,-316,175,18,1
0.4,SARSA + PS,42,292,10,11,0,1
0.4,SARSA + PS,42,293,-177,81,13,1
0.4,SARSA + PS,42,294,-217,94,16,1
0.4,SARSA + PS,42,295,-160,73,12,1
0.4,SARSA + PS,42,296,-25,19,3,1
0.4,SARSA + PS,42,297,-8,20,1,1
0.4,SARSA + PS,42,298,-20,23,2,1
0.4,SARSA + PS,42,299,-228,105,16,1
0.4,SARSA + PS,42,300,-76,34,7,1
0.4,SARSA + PS,42,301,-376,199,22,1
0.4,SARSA + PS,42,302,-285,144,18,1
0.4,SARSA + PS,42,303,-63,39,5,1
0.4,SARSA + PS,42,304,-305,173,17,1
0.4,SARSA + PS,42,305,-434,200,26,0
0.4,SARSA + PS,42,306,-355,178,22,1
0.4,SARSA + PS,42,307,-371,200,19,0
0.4,SARSA + PS,42,308,-198,93,14,1
0.4,SARSA + PS,42,309,-87,45,7,1
0.4,SARSA + PS,42,310,-407,200,23,0
0.4,SARSA + PS,42,311,-239,107,17,1
0.4,SARSA + PS,42,312,-390,177,26,1
0.4,SARSA + PS,42,313,-39,24,4,1
0.4,SARSA + PS,42,314,-119,68,8,1
0.4,SARSA + PS,42,315,-371,200,19,0
0.4,SARSA + PS,42,316,-105,63,7,1
0.4,SARSA + PS,42,317,-43,37,3,1
0.4,SARSA + PS,42,318,-380,200,20,0
0.4,SARSA + PS,42,319,-283,124,20,1
0.4,SARSA + PS,42,320,-239,134,14,1
0.4,SARSA + PS,42,321,-12,15,2,1
0.4,SARSA + PS,42,322,-60,45,4,1
0.4,SARSA + PS,42,323,-62,29,6,1
0.4,SARSA + PS,42,324,-380,200,20,0
0.4,SARSA + PS,42,325,-34,19,4,1
0.4,SARSA + PS,42,326,-160,100,9,1
0.4,SARSA + PS,42,327,-51,27,5,1
0.4,SARSA + PS,42,328,-128,95,6,1
0.4,SARSA + PS,42,329,-96,45,8,1
0.4,SARSA + PS,42,330,-335,176,20,1
0.4,SARSA + PS,42,331,-285,108,22,1
0.4,SARSA + PS,42,332,-181,112,10,1
0.4,SARSA + PS,42,333,-122,71,8,1
0.4,SARSA + PS,42,334,-4,16,1,1
0.4,SARSA + PS,42,335,-11,14,2,1
0.4,SARSA + PS,42,336,-56,41,4,1
0.4,SARSA + PS,42,337,-227,140,12,1
0.4,SARSA + PS,42,338,-29,23,3,1
0.4,SARSA + PS,42,339,-95,62,6,1
0.4,SARSA + PS,42,340,-1,22,0,1
0.4,SARSA + PS,42,341,-326,167,20,1
0.4,SARSA + PS,42,342,-59,35,5,1
0.4,SARSA + PS,42,343,-127,49,11,1
0.4,SARSA + PS,42,344,-225,120,14,1
0.4,SARSA + PS,42,345,-3,15,1,1
0.4,SARSA + PS,42,346,-128,59,10,1
0.4,SARSA + PS,42,347,-19,22,2,1
0.4,SARSA + PS,42,348,-340,181,20,1
0.4,SARSA + PS,42,349,-27,12,4,1
0.4,SARSA + PS,42,350,-32,35,2,1
0.4,SARSA + PS,42,351,-380,149,28,1
0.4,SARSA + PS,42,352,-49,25,5,1
0.4,SARSA + PS,42,353,-258,180,11,1
0.4,SARSA + PS,42,354,-342,165,22,1
0.4,SARSA + PS,42,355,-316,148,21,1
0.4,SARSA + PS,42,356,-14,17,2,1
0.4,SARSA + PS,42,357,-238,133,14,1
0.4,SARSA + PS,42,358,-83,41,7,1
0.4,SARSA + PS,42,359,-49,34,4,1
0.4,SARSA + PS,42,360,-84,51,6,1
0.4,SARSA + PS,42,361,6,15,0,1
0.4,SARSA + PS,42,362,-267,153,15,1
0.4,SARSA + PS,42,363,-497,200,33,0
0.4,SARSA + PS,42,364,-245,113,17,1
0.4,SARSA + PS,42,365,-70,37,6,1
0.4,SARSA + PS,42,366,-20,32,1,1
0.4,SARSA + PS,42,367,-374,170,25,1
0.4,SARSA + PS,42,368,-272,140,17,1
0.4,SARSA + PS,42,369,-21,24,2,1
0.4,SARSA + PS,42,370,-27,30,2,1
0.4,SARSA + PS,42,371,4,8,1,1
0.4,SARSA + PS,42,372,0,12,1,1
0.4,SARSA + PS,42,373,-443,200,27,0
0.4,SARSA + PS,42,374,-19,22,2,1
0.4,SARSA + PS,42,375,7,14,0,1
0.4,SARSA + PS,42,376,-40,25,4,1
0.4,SARSA + PS,42,377,-104,71,6,1
0.4,SARSA + PS,42,378,-23,17,3,1
0.4,SARSA + PS,42,379,-49,25,5,1
0.4,SARSA + PS,42,380,-65,50,4,1
0.4,SARSA + PS,42,381,-407,200,23,0
0.4,SARSA + PS,42,382,-27,39,1,1
0.4,SARSA + PS,42,383,-434,200,26,0
0.4,SARSA + PS,42,384,-179,110,10,1
0.4,SARSA + PS,42,385,-25,28,2,1
0.4,SARSA + PS,42,386,-220,142,11,1
0.4,SARSA + PS,42,387,-2,14,1,1
0.4,SARSA + PS,42,388,-479,200,31,0
0.4,SARSA + PS,42,389,-31,25,3,1
0.4,SARSA + PS,42,390,-162,102,9,1
0.4,SARSA + PS,42,391,-275,134,18,1
0.4,SARSA + PS,42,392,-109,67,7,1
0.4,SARSA + PS,42,393,-62,38,5,1
0.4,SARSA + PS,42,394,-78,45,6,1
0.4,SARSA + PS,42,395,0,12,1,1
0.4,SARSA + PS,42,396,-55,40,4,1
0.4,SARSA + PS,42,397,-112,52,9,1
0.4,SARSA + PS,42,398,-35,29,3,1
0.4,SARSA + PS,42,399,-1,13,1,1
0.4,SARSA + PS,42,400,-31,25,3,1
0.4,SARSA + PS,42,401,-58,34,5,1
0.4,SARSA + PS,42,402,-61,28,6,1
0.4,SARSA + PS,42,403,-336,150,23,1
0.4,SARSA + PS,42,404,-479,200,31,0
0.4,SARSA + PS,42,405,-43,37,3,1
0.4,SARSA + PS,42,406,-264,123,18,1
0.4,SARSA + PS,42,407,-452,200,28,0
0.4,SARSA + PS,42,408,-244,121,16,1
0.4,SARSA + PS,42,409,-4,25,0,1
0.4,SARSA + PS,42,410,2,10,1,1
0.4,SARSA + PS,42,411,-57,33,5,1
0.4,SARSA + PS,42,412,-25,19,3,1
0.4,SARSA + PS,42,413,-68,35,6,1
0.4,SARSA + PS,42,414,-153,75,11,1
0.4,SARSA + PS,42,415,-48,33,4,1
0.4,SARSA + PS,42,416,-208,103,14,1
0.4,SARSA + PS,42,417,-190,112,11,1
0.4,SARSA + PS,42,418,-76,52,5,1
0.4,SARSA + PS,42,419,-190,121,10,1
0.4,SARSA + PS,42,420,-51,36,4,1
0.4,SARSA + PS,42,421,-110,41,10,1
0.4,SARSA + PS,42,422,0,12,1,1
0.4,SARSA + PS,42,423,-96,54,7,1
0.4,SARSA + PS,42,424,-16,28,1,1
0.4,SARSA + PS,42,425,-434,200,26,0
0.4,SARSA + PS,42,426,-479,200,31,0
0.4,SARSA + PS,42,427,-28,22,3,1
0.4,SARSA + PS,42,428,-78,45,6,1
0.4,SARSA + PS,42,429,-9,21,1,1
0.4,SARSA + PS,42,430,9,12,0,1
0.4,SARSA + PS,42,431,-11,23,1,1
0.4,SARSA + PS,42,432,-11,14,2,1
0.4,SARSA + PS,42,433,-162,93,10,1
0.4,SARSA + PS,42,434,-64,40,5,1
0.4,SARSA + PS,42,435,-80,47,6,1
0.4,SARSA + PS,42,436,-85,52,6,1
0.4,SARSA + PS,42,437,-103,61,7,1
0.4,SARSA + PS,42,438,-170,83,12,1
0.4,SARSA + PS,42,439,-55,31,5,1
0.4,SARSA + PS,42,440,-132,81,8,1
0.4,SARSA + PS,42,441,-275,134,18,1
0.4,SARSA + PS,42,442,-452,200,28,0
0.4,SARSA + PS,42,443,-62,38,5,1
0.4,SARSA + PS,42,444,-46,31,4,1
0.4,SARSA + PS,42,445,-14,17,2,1
0.4,SARSA + PS,42,446,-71,56,4,1
0.4,SARSA + PS,42,447,-114,81,6,1
0.4,SARSA + PS,42,448,-51,27,5,1
0.4,SARSA + PS,42,449,-198,102,13,1
0.4,SARSA + PS,42,450,-76,43,6,1
0.4,SARSA + PS,42,451,-75,33,7,1
0.4,SARSA + PS,42,452,-84,42,7,1
0.4,SARSA + PS,42,453,-170,74,13,1
0.4,SARSA + PS,42,454,-126,57,10,1
0.4,SARSA + PS,42,455,-48,24,5,1
0.4,SARSA + PS,42,456,-56,50,3,1
0.4,SARSA + PS,42,457,-78,54,5,1
0.4,SARSA + PS,42,458,-416,200,24,0
0.4,SARSA + PS,42,459,-12,15,2,1
0.4,SARSA + PS,42,460,-20,14,3,1
0.4,SARSA + PS,42,461,-95,53,7,1
0.4,SARSA + PS,42,462,-165,96,10,1
0.4,SARSA + PS,42,463,-39,33,3,1
0.4,SARSA + PS,42,464,-136,76,9,1
0.4,SARSA + PS,42,465,-3,24,0,1
0.4,SARSA + PS,42,466,-69,36,6,1
0.4,SARSA + PS,42,467,-8,11,2,1
0.4,SARSA + PS,42,468,-38,23,4,1
0.4,SARSA + PS,42,469,-142,55,12,1
0.4,SARSA + PS,42,470,12,9,0,1
0.4,SARSA + PS,42,471,-167,71,13,1
0.4,SARSA + PS,42,472,-32,35,2,1
0.4,SARSA + PS,42,473,-18,21,2,1
0.4,SARSA + PS,42,474,-64,40,5,1
0.4,SARSA + PS,42,475,-407,200,23,0
0.4,SARSA + PS,42,476,-17,20,2,1
0.4,SARSA + PS,42,477,-222,117,14,1
0.4,SARSA + PS,42,478,-13,16,2,1
0.4,SARSA + PS,42,479,-33,27,3,1
0.4,SARSA + PS,42,480,-228,123,14,1
0.4,SARSA + PS,42,481,-34,28,3,1
0.4,SARSA + PS,42,482,-8,20,1,1
0.4,SARSA + PS,42,483,-152,74,11,1
0.4,SARSA + PS,42,484,-40,34,3,1
0.4,SARSA + PS,42,485,-60,27,6,1
0.4,SARSA + PS,42,486,-63,39,5,1
0.4,SARSA + PS,42,487,-94,43,8,1
0.4,SARSA + PS,42,488,11,10,0,1
0.4,SARSA + PS,42,489,-48,33,4,1
0.4,SARSA + PS,42,490,-148,61,12,1
0.4,SARSA + PS,42,491,-18,21,2,1
0.4,SARSA + PS,42,492,-2,14,1,1
0.4,SARSA + PS,42,493,-156,69,12,1
0.4,SARSA + PS,42,494,-9,12,2,1
0.4,SARSA + PS,42,495,-43,28,4,1
0.4,SARSA + PS,42,496,-5,26,0,1
0.4,SARSA + PS,42,497,-100,58,7,1
0.4,SARSA + PS,42,498,-59,26,6,1
0.4,SARSA + PS,42,499,-101,50,8,1
0.4,SARSA + PS,123,0,-686,200,54,0
0.4,SARSA + PS,123,1,-641,200,49,0
0.4,SARSA + PS,123,2,-623,200,47,0
0.4,SARSA + PS,123,3,-650,200,50,0
0.4,SARSA + PS,123,4,-497,200,33,0
0.4,SARSA + PS,123,5,-411,144,32,1
0.4,SARSA + PS,123,6,-695,200,55,0
0.4,SARSA + PS,123,7,-587,200,43,0
0.4,SARSA + PS,123,8,-659,200,51,0
0.4,SARSA + PS,123,9,-722,200,58,0
0.4,SARSA + PS,123,10,-587,200,43,0
0.4,SARSA + PS,123,11,-740,200,60,0
0.4,SARSA + PS,123,12,-569,200,41,0
0.4,SARSA + PS,123,13,-659,200,51,0
0.4,SARSA + PS,123,14,-722,200,58,0
0.4,SARSA + PS,123,15,-623,200,47,0
0.4,SARSA + PS,123,16,-524,200,36,0
0.4,SARSA + PS,123,17,-587,200,43,0
0.4,SARSA + PS,123,18,-659,200,51,0
0.4,SARSA + PS,123,19,-353,200,17,0
0.4,SARSA + PS,123,20,-407,200,23,0
0.4,SARSA + PS,123,21,-740,200,60,0
0.4,SARSA + PS,123,22,-614,200,46,0
0.4,SARSA + PS,123,23,-453,150,36,1
0.4,SARSA + PS,123,24,-497,200,33,0
0.4,SARSA + PS,123,25,-659,200,51,0
0.4,SARSA + PS,123,26,-452,200,28,0
0.4,SARSA + PS,123,27,-142,55,12,1
0.4,SARSA + PS,123,28,-587,200,43,0
0.4,SARSA + PS,123,29,-452,200,28,0
0.4,SARSA + PS,123,30,-632,200,48,0
0.4,SARSA + PS,123,31,-389,200,21,0
0.4,SARSA + PS,123,32,-632,200,48,0
0.4,SARSA + PS,123,33,-230,107,16,1
0.4,SARSA + PS,123,34,-344,200,16,0
0.4,SARSA + PS,123,35,-533,200,37,0
0.4,SARSA + PS,123,36,-452,200,28,0
0.4,SARSA + PS,123,37,-486,165,38,1
0.4,SARSA + PS,123,38,-524,200,36,0
0.4,SARSA + PS,123,39,-461,200,29,0
0.4,SARSA + PS,123,40,-452,200,28,0
0.4,SARSA + PS,123,41,-163,85,11,1
0.4,SARSA + PS,123,42,-443,200,27,0
0.4,SARSA + PS,123,43,-758,200,62,0
0.4,SARSA + PS,123,44,-542,200,38,0
0.4,SARSA + PS,123,45,-371,200,19,0
0.4,SARSA + PS,123,46,-488,200,32,0
0.4,SARSA + PS,123,47,-326,200,14,0
0.4,SARSA + PS,123,48,-452,200,28,0
0.4,SARSA + PS,123,49,-380,200,20,0
0.4,SARSA + PS,123,50,-398,200,22,0
0.4,SARSA + PS,123,51,-380,200,20,0
0.4,SARSA + PS,123,52,-398,200,22,0
0.4,SARSA + PS,123,53,-443,200,27,0
0.4,SARSA + PS,123,54,-452,200,28,0
0.4,SARSA + PS,123,55,-371,200,19,0
0.4,SARSA + PS,123,56,-641,200,49,0
0.4,SARSA + PS,123,57,-533,200,37,0
0.4,SARSA + PS,123,58,-371,200,19,0
0.4,SARSA + PS,123,59,-389,200,21,0
0.4,SARSA + PS,123,60,-132,72,9,1
0.4,SARSA + PS,123,61,-452,200,28,0
0.4,SARSA + PS,123,62,-278,110,21,1
0.4,SARSA + PS,123,63,-380,200,20,0
0.4,SARSA + PS,123,64,-371,200,19,0
0.4,SARSA + PS,123,65,-398,200,22,0
0.4,SARSA + PS,123,66,-362,200,18,0
0.4,SARSA + PS,123,67,-470,200,30,0
0.4,SARSA + PS,123,68,-407,200,23,0
0.4,SARSA + PS,123,69,-245,131,15,1
0.4,SARSA + PS,123,70,-362,200,18,0
0.4,SARSA + PS,123,71,-425,200,25,0
0.4,SARSA + PS,123,72,-380,200,20,0
0.4,SARSA + PS,123,73,-443,200,27,0
0.4,SARSA + PS,123,74,-407,200,23,0
0.4,SARSA + PS,123,75,-470,200,30,0
0.4,SARSA + PS,123,76,-479,200,31,0
0.4,SARSA + PS,123,77,-407,200,23,0
0.4,SARSA + PS,123,78,-151,91,9,1
0.4,SARSA + PS,123,79,-362,200,18,0
0.4,SARSA + PS,123,80,-353,167,23,1
0.4,SARSA + PS,123,81,-369,183,23,1
0.4,SARSA + PS,123,82,-443,200,27,0
0.4,SARSA + PS,123,83,-515,200,35,0
0.4,SARSA + PS,123,84,-470,200,30,0
0.4,SARSA + PS,123,85,-416,200,24,0
0.4,SARSA + PS,123,86,-452,200,28,0
0.4,SARSA + PS,123,87,-389,200,21,0
0.4,SARSA + PS,123,88,-470,200,30,0
0.4,SARSA + PS,123,89,-380,200,20,0
0.4,SARSA + PS,123,90,-93,69,5,1
0.4,SARSA + PS,123,91,-443,200,27,0
0.4,SARSA + PS,123,92,-352,175,22,1
0.4,SARSA + PS,123,93,-407,200,23,0
0.4,SARSA + PS,123,94,-92,41,8,1
0.4,SARSA + PS,123,95,-258,153,14,1
0.4,SARSA + PS,123,96,-380,200,20,0
0.4,SARSA + PS,123,97,-398,200,22,0
0.4,SARSA + PS,123,98,-461,200,29,0
0.4,SARSA + PS,123,99,-172,76,13,1
0.4,SARSA + PS,123,100,-362,200,18,0
0.4,SARSA + PS,123,101,-360,165,24,1
0.4,SARSA + PS,123,102,-443,200,27,0
0.4,SARSA + PS,123,103,-461,200,29,0
0.4,SARSA + PS,123,104,-50,26,5,1
0.4,SARSA + PS,123,105,-25,19,3,1
0.4,SARSA + PS,123,106,-344,200,16,0
0.4,SARSA + PS,123,107,-297,165,17,1
0.4,SARSA + PS,123,108,-380,200,20,0
0.4,SARSA + PS,123,109,-84,42,7,1
0.4,SARSA + PS,123,110,-407,200,23,0
0.4,SARSA + PS,123,111,-389,200,21,0
0.4,SARSA + PS,123,112,-207,102,14,1
0.4,SARSA + PS,123,113,-416,200,24,0
0.4,SARSA + PS,123,114,-497,200,33,0
0.4,SARSA + PS,123,115,-461,200,29,0
0.4,SARSA + PS,123,116,-335,200,15,0
0.4,SARSA + PS,123,117,-299,176,16,1
0.4,SARSA + PS,123,118,-26,20,3,1
0.4,SARSA + PS,123,119,-461,200,29,0
0.4,SARSA + PS,123,120,-267,117,19,1
0.4,SARSA + PS,123,121,-452,200,28,0
0.4,SARSA + PS,123,122,-434,200,26,0
0.4,SARSA + PS,123,123,-506,200,34,0
0.4,SARSA + PS,123,124,-380,200,20,0
0.4,SARSA + PS,123,125,-326,200,14,0
0.4,SARSA + PS,123,126,-578,200,42,0
0.4,SARSA + PS,123,127,-425,200,25,0
0.4,SARSA + PS,123,128,-389,200,21,0
0.4,SARSA + PS,123,129,-533,200,37,0
0.4,SARSA + PS,123,130,-398,200,22,0
0.4,SARSA + PS,123,131,-407,200,23,0
0.4,SARSA + PS,123,132,-57,51,3,1
0.4,SARSA + PS,123,133,-452,200,28,0
0.4,SARSA + PS,123,134,-461,200,29,0
0.4,SARSA + PS,123,135,-167,80,12,1
0.4,SARSA + PS,123,136,-443,200,27,0
0.4,SARSA + PS,123,137,-234,138,13,1
0.4,SARSA + PS,123,138,-398,200,22,0
0.4,SARSA + PS,123,139,-443,200,27,0
0.4,SARSA + PS,123,140,-57,42,4,1
0.4,SARSA + PS,123,141,-434,200,26,0
0.4,SARSA + PS,123,142,-398,200,22,0
0.4,SARSA + PS,123,143,-130,79,8,1
0.4,SARSA + PS,123,144,-34,19,4,1
0.4,SARSA + PS,123,145,-425,200,25,0
0.4,SARSA + PS,123,146,-53,38,4,1
0.4,SARSA + PS,123,147,-362,200,18,0
0.4,SARSA + PS,123,148,-452,200,28,0
0.4,SARSA + PS,123,149,-425,200,25,0
0.4,SARSA + PS,123,150,-122,80,7,1
0.4,SARSA + PS,123,151,-425,200,25,0
0.4,SARSA + PS,123,152,-380,200,20,0
0.4,SARSA + PS,123,153,-83,41,7,1
0.4,SARSA + PS,123,154,-461,200,29,0
0.4,SARSA + PS,123,155,-56,41,4,1
0.4,SARSA + PS,123,156,-62,47,4,1
0.4,SARSA + PS,123,157,-380,200,20,0
0.4,SARSA + PS,123,158,-335,200,15,0
0.4,SARSA + PS,123,159,-425,200,25,0
0.4,SARSA + PS,123,160,-362,200,18,0
0.4,SARSA + PS,123,161,-425,200,25,0
0.4,SARSA + PS,123,162,-167,89,11,1
0.4,SARSA + PS,123,163,-425,200,25,0
0.4,SARSA + PS,123,164,-486,192,35,1
0.4,SARSA + PS,123,165,-461,200,29,0
0.4,SARSA + PS,123,166,-443,200,27,0
0.4,SARSA + PS,123,167,-90,48,7,1
0.4,SARSA + PS,123,168,-96,72,5,1
0.4,SARSA + PS,123,169,-461,200,29,0
0.4,SARSA + PS,123,170,-434,200,26,0
0.4,SARSA + PS,123,171,-416,200,24,0
0.4,SARSA + PS,123,172,-216,111,14,1
0.4,SARSA + PS,123,173,-371,200,19,0
0.4,SARSA + PS,123,174,-371,200,19,0
0.4,SARSA + PS,123,175,-452,200,28,0
0.4,SARSA + PS,123,176,-68,53,4,1
0.4,SARSA + PS,123,177,-326,200,14,0
0.4,SARSA + PS,123,178,-434,200,26,0
0.4,SARSA + PS,123,179,-488,200,32,0
0.4,SARSA + PS,123,180,-470,200,30,0
0.4,SARSA + PS,123,181,-353,200,17,0
0.4,SARSA + PS,123,182,-416,200,24,0
0.4,SARSA + PS,123,183,-40,25,4,1
0.4,SARSA + PS,123,184,-428,188,29,1
0.4,SARSA + PS,123,185,-443,200,27,0
0.4,SARSA + PS,123,186,-416,200,24,0
0.4,SARSA + PS,123,187,-452,200,28,0
0.4,SARSA + PS,123,188,-488,200,32,0
0.4,SARSA + PS,123,189,-461,200,29,0
0.4,SARSA + PS,123,190,-66,60,3,1
0.4,SARSA + PS,123,191,-470,200,30,0
0.4,SARSA + PS,123,192,-398,200,22,0
0.4,SARSA + PS,123,193,-479,200,31,0
0.4,SARSA + PS,123,194,-67,52,4,1
0.4,SARSA + PS,123,195,-58,43,4,1
0.4,SARSA + PS,123,196,-398,200,22,0
0.4,SARSA + PS,123,197,-312,135,22,1
0.4,SARSA + PS,123,198,-84,69,4,1
0.4,SARSA + PS,123,199,-142,73,10,1
0.4,SARSA + PS,123,200,-384,198,23,1
0.4,SARSA + PS,123,201,-14,26,1,1
0.4,SARSA + PS,123,202,-45,48,2,1
0.4,SARSA + PS,123,203,-354,195,20,1
0.4,SARSA + PS,123,204,-344,200,16,0
0.4,SARSA + PS,123,205,-461,200,29,0
0.4,SARSA + PS,123,206,-407,200,23,0
0.4,SARSA + PS,123,207,-353,200,17,0
0.4,SARSA + PS,123,208,-90,48,7,1
0.4,SARSA + PS,123,209,-5,17,1,1
0.4,SARSA + PS,123,210,-443,200,27,0
0.4,SARSA + PS,123,211,-435,195,29,1
0.4,SARSA + PS,123,212,-407,200,23,0
0.4,SARSA + PS,123,213,-416,200,24,0
0.4,SARSA + PS,123,214,-288,165,16,1
0.4,SARSA + PS,123,215,-47,41,3,1
0.4,SARSA + PS,123,216,-19,31,1,1
0.4,SARSA + PS,123,217,-461,200,29,0
0.4,SARSA + PS,123,218,-241,109,17,1
0.4,SARSA + PS,123,219,-488,200,32,0
0.4,SARSA + PS,123,220,-452,200,28,0
0.4,SARSA + PS,123,221,-37,31,3,1
0.4,SARSA + PS,123,222,-344,185,20,1
0.4,SARSA + PS,123,223,-323,137,23,1
0.4,SARSA + PS,123,224,-425,200,25,0
0.4,SARSA + PS,123,225,-182,104,11,1
0.4,SARSA + PS,123,226,-389,200,21,0
0.4,SARSA + PS,123,227,-55,40,4,1
0.4,SARSA + PS,123,228,-2,14,1,1
0.4,SARSA + PS,123,229,-461,200,29,0
0.4,SARSA + PS,123,230,-353,200,17,0
0.4,SARSA + PS,123,231,-41,26,4,1
0.4,SARSA + PS,123,232,-260,137,16,1
0.4,SARSA + PS,123,233,-132,72,9,1
0.4,SARSA + PS,123,234,-389,200,21,0
0.4,SARSA + PS,123,235,-44,38,3,1
0.4,SARSA + PS,123,236,12,9,0,1
0.4,SARSA + PS,123,237,-506,200,34,0
0.4,SARSA + PS,123,238,-205,100,14,1
0.4,SARSA + PS,123,239,-285,126,20,1
0.4,SARSA + PS,123,240,-51,27,5,1
0.4,SARSA + PS,123,241,-488,200,32,0
0.4,SARSA + PS,123,242,-389,200,21,0
0.4,SARSA + PS,123,243,-488,200,32,0
0.4,SARSA + PS,123,244,-389,200,21,0
0.4,SARSA + PS,123,245,-42,27,4,1
0.4,SARSA + PS,123,246,-425,200,25,0
0.4,SARSA + PS,123,247,-107,65,7,1
0.4,SARSA + PS,123,248,-87,45,7,1
0.4,SARSA + PS,123,249,-69,36,6,1
0.4,SARSA + PS,123,250,-151,91,9,1
0.4,SARSA + PS,123,251,-407,200,23,0
0.4,SARSA + PS,123,252,-153,75,11,1
0.4,SARSA + PS,123,253,-65,32,6,1
0.4,SARSA + PS,123,254,-212,107,14,1
0.4,SARSA + PS,123,255,-96,54,7,1
0.4,SARSA + PS,123,256,-370,175,24,1
0.4,SARSA + PS,123,257,-27,30,2,1
0.4,SARSA + PS,123,258,-22,25,2,1
0.4,SARSA + PS,123,259,-407,200,23,0
0.4,SARSA + PS,123,260,-524,200,36,0
0.4,SARSA + PS,123,261,-43,28,4,1
0.4,SARSA + PS,123,262,-362,200,18,0
0.4,SARSA + PS,123,263,-452,200,28,0
0.4,SARSA + PS,123,264,-452,200,28,0
0.4,SARSA + PS,123,265,-87,45,7,1
0.4,SARSA + PS,123,266,-51,27,5,1
0.4,SARSA + PS,123,267,-367,190,22,1
0.4,SARSA + PS,123,268,11,10,0,1
0.4,SARSA + PS,123,269,-213,99,15,1
0.4,SARSA + PS,123,270,-524,200,36,0
0.4,SARSA + PS,123,271,-395,164,28,1
0.4,SARSA + PS,123,272,-173,113,9,1
0.4,SARSA + PS,123,273,-497,200,33,0
0.4,SARSA + PS,123,274,-62,29,6,1
0.4,SARSA + PS,123,275,-147,87,9,1
0.4,SARSA + PS,123,276,-461,200,29,0
0.4,SARSA + PS,123,277,-336,168,21,1
0.4,SARSA + PS,123,278,-434,200,26,0
0.4,SARSA + PS,123,279,-344,200,16,0
0.4,SARSA + PS,123,280,-10,13,2,1
0.4,SARSA + PS,123,281,-12,15,2,1
0.4,SARSA + PS,123,282,-515,200,35,0
0.4,SARSA + PS,123,283,-179,83,13,1
0.4,SARSA + PS,123,284,-82,40,7,1
0.4,SARSA + PS,123,285,-53,38,4,1
0.4,SARSA + PS,123,286,-123,63,9,1
0.4,SARSA + PS,123,287,-192,123,10,1
0.4,SARSA + PS,123,288,-179,101,11,1
0.4,SARSA + PS,123,289,-333,147,23,1
0.4,SARSA + PS,123,290,6,15,0,1
0.4,SARSA + PS,123,291,3,18,0,1
0.4,SARSA + PS,123,292,-91,58,6,1
0.4,SARSA + PS,123,293,-434,200,26,0
0.4,SARSA + PS,123,294,-37,31,3,1
0.4,SARSA + PS,123,295,-425,200,25,0
0.4,SARSA + PS,123,296,-138,78,9,1
0.4,SARSA + PS,123,297,-70,28,7,1
0.4,SARSA + PS,123,298,-44,29,4,1
0.4,SARSA + PS,123,299,-280,157,16,1
0.4,SARSA + PS,123,300,-428,161,32,1
0.4,SARSA + PS,123,301,-506,200,34,0
0.4,SARSA + PS,123,302,-398,200,22,0
0.4,SARSA + PS,123,303,-331,145,23,1
0.4,SARSA + PS,123,304,-407,200,23,0
0.4,SARSA + PS,123,305,-452,200,28,0
0.4,SARSA + PS,123,306,-424,193,28,1
0.4,SARSA + PS,123,307,-461,200,29,0
0.4,SARSA + PS,123,308,-169,100,10,1
0.4,SARSA + PS,123,309,-17,29,1,1
0.4,SARSA + PS,123,310,-343,175,21,1
0.4,SARSA + PS,123,311,-395,191,25,1
0.4,SARSA + PS,123,312,-125,65,9,1
0.4,SARSA + PS,123,313,-177,108,10,1
0.4,SARSA + PS,123,314,-22,16,3,1
0.4,SARSA + PS,123,315,-111,51,9,1
0.4,SARSA + PS,123,316,-69,36,6,1
0.4,SARSA + PS,123,317,-380,200,20,0
0.4,SARSA + PS,123,318,0,21,0,1
0.4,SARSA + PS,123,319,-470,200,30,0
0.4,SARSA + PS,123,320,-479,200,31,0
0.4,SARSA + PS,123,321,-101,59,7,1
0.4,SARSA + PS,123,322,-434,200,26,0
0.4,SARSA + PS,123,323,-75,42,6,1
0.4,SARSA + PS,123,324,-389,200,21,0
0.4,SARSA + PS,123,325,-54,30,5,1
0.4,SARSA + PS,123,326,-219,96,16,1
0.4,SARSA + PS,123,327,-443,200,27,0
0.4,SARSA + PS,123,328,-131,80,8,1
0.4,SARSA + PS,123,329,-362,200,18,0
0.4,SARSA + PS,123,330,-227,113,15,1
0.4,SARSA + PS,123,331,-23,26,2,1
0.4,SARSA + PS,123,332,-25,19,3,1
0.4,SARSA + PS,123,333,-371,200,19,0
0.4,SARSA + PS,123,334,-443,200,27,0
0.4,SARSA + PS,123,335,-144,84,9,1
0.4,SARSA + PS,123,336,-24,27,2,1
0.4,SARSA + PS,123,337,-109,67,7,1
0.4,SARSA + PS,123,338,-515,200,35,0
0.4,SARSA + PS,123,339,-120,69,8,1
0.4,SARSA + PS,123,340,-47,41,3,1
0.4,SARSA + PS,123,341,-26,20,3,1
0.4,SARSA + PS,123,342,-434,200,26,0
0.4,SARSA + PS,123,343,-452,200,28,0
0.4,SARSA + PS,123,344,-407,200,23,0
0.4,SARSA + PS,123,345,-30,24,3,1
0.4,SARSA + PS,123,346,-434,200,26,0
0.4,SARSA + PS,123,347,-13,16,2,1
0.4,SARSA + PS,123,348,-68,62,3,1
0.4,SARSA + PS,123,349,-1,13,1,1
0.4,SARSA + PS,123,350,-169,73,13,1
0.4,SARSA + PS,123,351,-42,27,4,1
0.4,SARSA + PS,123,352,-359,191,21,1
0.4,SARSA + PS,123,353,-434,200,26,0
0.4,SARSA + PS,123,354,-68,35,6,1
0.4,SARSA + PS,123,355,-434,200,26,0
0.4,SARSA + PS,123,356,-174,96,11,1
0.4,SARSA + PS,123,357,-5,17,1,1
0.4,SARSA + PS,123,358,-452,200,28,0
0.4,SARSA + PS,123,359,-36,21,4,1
0.4,SARSA + PS,123,360,-443,200,27,0
0.4,SARSA + PS,123,361,-139,88,8,1
0.4,SARSA + PS,123,362,-2,14,1,1
0.4,SARSA + PS,123,363,-312,153,20,1
0.4,SARSA + PS,123,364,-146,77,10,1
0.4,SARSA + PS,123,365,-416,200,24,0
0.4,SARSA + PS,123,366,-102,60,7,1
0.4,SARSA + PS,123,367,-181,103,11,1
0.4,SARSA + PS,123,368,-175,115,9,1
0.4,SARSA + PS,123,369,-206,128,11,1
0.4,SARSA + PS,123,370,-351,174,22,1
0.4,SARSA + PS,123,371,-56,41,4,1
0.4,SARSA + PS,123,372,-169,100,10,1
0.4,SARSA + PS,123,373,-63,48,4,1
0.4,SARSA + PS,123,374,-207,120,12,1
0.4,SARSA + PS,123,375,-34,37,2,1
0.4,SARSA + PS,123,376,-59,35,5,1
0.4,SARSA + PS,123,377,-98,65,6,1
0.4,SARSA + PS,123,378,3,9,1,1
0.4,SARSA + PS,123,379,2,10,1,1
0.4,SARSA + PS,123,380,-283,124,20,1
0.4,SARSA + PS,123,381,-247,115,17,1
0.4,SARSA + PS,123,382,-306,147,20,1
0.4,SARSA + PS,123,383,-48,33,4,1
0.4,SARSA + PS,123,384,-443,200,27,0
0.4,SARSA + PS,123,385,3,18,0,1
0.4,SARSA + PS,123,386,-50,26,5,1
0.4,SARSA + PS,123,387,-32,35,2,1
0.4,SARSA + PS,123,388,-479,200,31,0
0.4,SARSA + PS,123,389,-35,20,4,1
0.4,SARSA + PS,123,390,-22,25,2,1
0.4,SARSA + PS,123,391,-29,32,2,1
0.4,SARSA + PS,123,392,-182,86,13,1
0.4,SARSA + PS,123,393,-90,57,6,1
0.4,SARSA + PS,123,394,-56,32,5,1
0.4,SARSA + PS,123,395,-153,84,10,1
0.4,SARSA + PS,123,396,-434,200,26,0
0.4,SARSA + PS,123,397,-113,62,8,1
0.4,SARSA + PS,123,398,-39,24,4,1
0.4,SARSA + PS,123,399,-80,65,4,1
0.4,SARSA + PS,123,400,-25,19,3,1
0.4,SARSA + PS,123,401,-79,46,6,1
0.4,SARSA + PS,123,402,-40,25,4,1
0.4,SARSA + PS,123,403,-9,12,2,1
0.4,SARSA + PS,123,404,-136,67,10,1
0.4,SARSA + PS,123,405,-416,200,24,0
0.4,SARSA + PS,123,406,-488,200,32,0
0.4,SARSA + PS,123,407,-61,37,5,1
0.4,SARSA + PS,123,408,-123,72,8,1
0.4,SARSA + PS,123,409,-61,46,4,1
0.4,SARSA + PS,123,410,-110,59,8,1
0.4,SARSA + PS,123,411,-6,18,1,1
0.4,SARSA + PS,123,412,-242,119,16,1
0.4,SARSA + PS,123,413,-8,11,2,1
0.4,SARSA + PS,123,414,-59,35,5,1
0.4,SARSA + PS,123,415,6,15,0,1
0.4,SARSA + PS,123,416,-37,31,3,1
0.4,SARSA + PS,123,417,-142,73,10,1
0.4,SARSA + PS,123,418,-104,44,9,1
0.4,SARSA + PS,123,419,-65,41,5,1
0.4,SARSA + PS,123,420,-47,41,3,1
0.4,SARSA + PS,123,421,-75,42,6,1
0.4,SARSA + PS,123,422,-85,61,5,1
0.4,SARSA + PS,123,423,-110,50,9,1
0.4,SARSA + PS,123,424,-347,161,23,1
0.4,SARSA + PS,123,425,-95,53,7,1
0.4,SARSA + PS,123,426,-174,96,11,1
0.4,SARSA + PS,123,427,-20,23,2,1
0.4,SARSA + PS,123,428,-21,33,1,1
0.4,SARSA + PS,123,429,-53,47,3,1
0.4,SARSA + PS,123,430,-461,200,29,0
0.4,SARSA + PS,123,431,-2,23,0,1
0.4,SARSA + PS,123,432,-239,134,14,1
0.4,SARSA + PS,123,433,-130,70,9,1
0.4,SARSA + PS,123,434,-142,73,10,1
0.4,SARSA + PS,123,435,-43,28,4,1
0.4,SARSA + PS,123,436,-81,48,6,1
0.4,SARSA + PS,123,437,-2,14,1,1
0.4,SARSA + PS,123,438,-277,136,18,1
0.4,SARSA + PS,123,439,-359,182,22,1
0.4,SARSA + PS,123,440,-15,27,1,1
0.4,SARSA + PS,123,441,-92,32,9,1
0.4,SARSA + PS,123,442,-11,23,1,1
0.4,SARSA + PS,123,443,-49,34,4,1
0.4,SARSA + PS,123,444,-109,49,9,1
0.4,SARSA + PS,123,445,-16,19,2,1
0.4,SARSA + PS,123,446,-2,23,0,1
0.4,SARSA + PS,123,447,-103,61,7,1
0.4,SARSA + PS,123,448,-74,41,6,1
0.4,SARSA + PS,123,449,11,10,0,1
0.4,SARSA + PS,123,450,-83,59,5,1
0.4,SARSA + PS,123,451,-291,150,18,1
0.4,SARSA + PS,123,452,-78,36,7,1
0.4,SARSA + PS,123,453,-133,55,11,1
0.4,SARSA + PS,123,454,-293,116,22,1
0.4,SARSA + PS,123,455,-229,124,14,1
0.4,SARSA + PS,123,456,-166,97,10,1
0.4,SARSA + PS,123,457,12,9,0,1
0.4,SARSA + PS,123,458,-452,200,28,0
0.4,SARSA + PS,123,459,-166,97,10,1
0.4,SARSA + PS,123,460,-75,51,5,1
0.4,SARSA + PS,123,461,-154,94,9,1
0.4,SARSA + PS,123,462,-325,166,20,1
0.4,SARSA + PS,123,463,-10,22,1,1
0.4,SARSA + PS,123,464,-39,33,3,1
0.4,SARSA + PS,123,465,10,11,0,1
0.4,SARSA + PS,123,466,-157,88,10,1
0.4,SARSA + PS,123,467,-251,110,18,1
0.4,SARSA + PS,123,468,-130,79,8,1
0.4,SARSA + PS,123,469,-293,134,20,1
0.4,SARSA + PS,123,470,-100,49,8,1
0.4,SARSA + PS,123,471,-181,103,11,1
0.4,SARSA + PS,123,472,-264,132,17,1
0.4,SARSA + PS,123,473,-312,162,19,1
0.4,SARSA + PS,123,474,-389,200,21,0
0.4,SARSA + PS,123,475,-20,32,1,1
0.4,SARSA + PS,123,476,-2,23,0,1
0.4,SARSA + PS,123,477,-115,73,7,1
0.4,SARSA + PS,123,478,0,12,1,1
0.4,SARSA + PS,123,479,-228,105,16,1
0.4,SARSA + PS,123,480,-38,32,3,1
0.4,SARSA + PS,123,481,-443,200,27,0
0.4,SARSA + PS,123,482,-164,95,10,1
0.4,SARSA + PS,123,483,-380,200,20,0
0.4,SARSA + PS,123,484,-271,112,20,1
0.4,SARSA + PS,123,485,-114,63,8,1
0.4,SARSA + PS,123,486,-398,200,22,0
0.4,SARSA + PS,123,487,-221,107,15,1
0.4,SARSA + PS,123,488,-152,65,12,1
0.4,SARSA + PS,123,489,-55,40,4,1
0.4,SARSA + PS,123,490,-144,57,12,1
0.4,SARSA + PS,123,491,-250,127,16,1
0.4,SARSA + PS,123,492,-22,25,2,1
0.4,SARSA + PS,123,493,-116,65,8,1
0.4,SARSA + PS,123,494,-160,100,9,1
0.4,SARSA + PS,123,495,-34,28,3,1
0.4,SARSA + PS,123,496,-21,33,1,1
0.4,SARSA + PS,123,497,-37,31,3,1
0.4,SARSA + PS,123,498,-28,22,3,1
0.4,SARSA + PS,123,499,-398,200,22,0
0.4,SARSA + PS,777,0,-587,200,43,0
0.4,SARSA + PS,777,1,-686,200,54,0
0.4,SARSA + PS,777,2,-623,200,47,0
0.4,SARSA + PS,777,3,-704,200,56,0
0.4,SARSA + PS,777,4,-668,200,52,0
0.4,SARSA + PS,777,5,-632,200,48,0
0.4,SARSA + PS,777,6,-605,200,45,0
0.4,SARSA + PS,777,7,-650,200,50,0
0.4,SARSA + PS,777,8,-614,200,46,0
0.4,SARSA + PS,777,9,-623,200,47,0
0.4,SARSA + PS,777,10,-605,200,45,0
0.4,SARSA + PS,777,11,-623,200,47,0
0.4,SARSA + PS,777,12,-488,200,32,0
0.4,SARSA + PS,777,13,-650,200,50,0
0.4,SARSA + PS,777,14,-686,200,54,0
0.4,SARSA + PS,777,15,-569,200,41,0
0.4,SARSA + PS,777,16,-605,200,45,0
0.4,SARSA + PS,777,17,-632,200,48,0
0.4,SARSA + PS,777,18,-560,200,40,0
0.4,SARSA + PS,777,19,-542,200,38,0
0.4,SARSA + PS,777,20,-641,200,49,0
0.4,SARSA + PS,777,21,-353,149,25,1
0.4,SARSA + PS,777,22,-285,90,24,1
0.4,SARSA + PS,777,23,-569,200,41,0
0.4,SARSA + PS,777,24,-538,199,40,1
0.4,SARSA + PS,777,25,-578,200,42,0
0.4,SARSA + PS,777,26,-434,200,26,0
0.4,SARSA + PS,777,27,-596,200,44,0
0.4,SARSA + PS,777,28,-623,200,47,0
0.4,SARSA + PS,777,29,-515,200,35,0
0.4,SARSA + PS,777,30,-344,131,26,1
0.4,SARSA + PS,777,31,-686,200,54,0
0.4,SARSA + PS,777,32,-479,200,31,0
0.4,SARSA + PS,777,33,-425,200,25,0
0.4,SARSA + PS,777,34,-578,200,42,0
0.4,SARSA + PS,777,35,-479,200,31,0
0.4,SARSA + PS,777,36,-515,200,35,0
0.4,SARSA + PS,777,37,-398,200,22,0
0.4,SARSA + PS,777,38,-398,200,22,0
0.4,SARSA + PS,777,39,-578,200,42,0
0.4,SARSA + PS,777,40,-443,200,27,0
0.4,SARSA + PS,777,41,-581,188,46,1
0.4,SARSA + PS,777,42,-398,200,22,0
0.4,SARSA + PS,777,43,-488,200,32,0
0.4,SARSA + PS,777,44,-470,200,30,0
0.4,SARSA + PS,777,45,-434,200,26,0
0.4,SARSA + PS,777,46,-704,200,56,0
0.4,SARSA + PS,777,47,-461,167,35,1
0.4,SARSA + PS,777,48,-443,200,27,0
0.4,SARSA + PS,777,49,-452,200,28,0
0.4,SARSA + PS,777,50,-181,112,10,1
0.4,SARSA + PS,777,51,-389,200,21,0
0.4,SARSA + PS,777,52,-298,130,21,1
0.4,SARSA + PS,777,53,-243,138,14,1
0.4,SARSA + PS,777,54,-146,86,9,1
0.4,SARSA + PS,777,55,-134,74,9,1
0.4,SARSA + PS,777,56,-305,155,19,1
0.4,SARSA + PS,777,57,-326,200,14,0
0.4,SARSA + PS,777,58,-452,200,28,0
0.4,SARSA + PS,777,59,-392,152,29,1
0.4,SARSA + PS,777,60,-231,108,16,1
0.4,SARSA + PS,777,61,-443,200,27,0
0.4,SARSA + PS,777,62,-371,200,19,0
0.4,SARSA + PS,777,63,-416,200,24,0
0.4,SARSA + PS,777,64,-170,101,10,1
0.4,SARSA + PS,777,65,-296,164,17,1
0.4,SARSA + PS,777,66,-425,200,25,0
0.4,SARSA + PS,777,67,-260,137,16,1
0.4,SARSA + PS,777,68,-434,200,26,0
0.4,SARSA + PS,777,69,-398,200,22,0
0.4,SARSA + PS,777,70,-470,200,30,0
0.4,SARSA + PS,777,71,-488,200,32,0
0.4,SARSA + PS,777,72,-272,140,17,1
0.4,SARSA + PS,777,73,-452,200,28,0
0.4,SARSA + PS,777,74,-234,120,15,1
0.4,SARSA + PS,777,75,-452,200,28,0
0.4,SARSA + PS,777,76,-479,200,31,0
0.4,SARSA + PS,777,77,-416,200,24,0
0.4,SARSA + PS,777,78,-443,200,27,0
0.4,SARSA + PS,777,79,-416,200,24,0
0.4,SARSA + PS,777,80,-380,200,20,0
0.4,SARSA + PS,777,81,-380,200,20,0
0.4,SARSA + PS,777,82,-425,200,25,0
0.4,SARSA + PS,777,83,-398,200,22,0
0.4,SARSA + PS,777,84,-356,170,23,1
0.4,SARSA + PS,777,85,-425,200,25,0
0.4,SARSA + PS,777,86,-479,200,31,0
0.4,SARSA + PS,777,87,-470,200,30,0
0.4,SARSA + PS,777,88,-64,49,4,1
0.4,SARSA + PS,777,89,-425,200,25,0
0.4,SARSA + PS,777,90,-380,200,20,0
0.4,SARSA + PS,777,91,-76,43,6,1
0.4,SARSA + PS,777,92,-248,161,12,1
0.4,SARSA + PS,777,93,-375,198,22,1
0.4,SARSA + PS,777,94,-389,200,21,0
0.4,SARSA + PS,777,95,-7,19,1,1
0.4,SARSA + PS,777,96,-205,109,13,1
0.4,SARSA + PS,777,97,-425,200,25,0
0.4,SARSA + PS,777,98,-48,42,3,1
0.4,SARSA + PS,777,99,-434,200,26,0
0.4,SARSA + PS,777,100,-389,200,21,0
0.4,SARSA + PS,777,101,-51,36,4,1
0.4,SARSA + PS,777,102,-389,200,21,0
0.4,SARSA + PS,777,103,-159,90,10,1
0.4,SARSA + PS,777,104,-117,66,8,1
0.4,SARSA + PS,777,105,-425,200,25,0
0.4,SARSA + PS,777,106,-452,200,28,0
0.4,SARSA + PS,777,107,-209,95,15,1
0.4,SARSA + PS,777,108,-371,200,19,0
0.4,SARSA + PS,777,109,-157,124,6,1
0.4,SARSA + PS,777,110,-416,200,24,0
0.4,SARSA + PS,777,111,-452,200,28,0
0.4,SARSA + PS,777,112,-317,149,21,1
0.4,SARSA + PS,777,113,-212,98,15,1
0.4,SARSA + PS,777,114,-130,70,9,1
0.4,SARSA + PS,777,115,13,8,0,1
0.4,SARSA + PS,777,116,-35,29,3,1
0.4,SARSA + PS,777,117,-362,200,18,0
0.4,SARSA + PS,777,118,-461,200,29,0
0.4,SARSA + PS,777,119,-356,188,21,1
0.4,SARSA + PS,777,120,-416,200,24,0
0.4,SARSA + PS,777,121,-319,133,23,1
0.4,SARSA + PS,777,122,-272,200,8,0
0.4,SARSA + PS,777,123,-22,16,3,1
0.4,SARSA + PS,777,124,-470,200,30,0
0.4,SARSA + PS,777,125,-228,123,14,1
0.4,SARSA + PS,777,126,-380,200,20,0
0.4,SARSA + PS,777,127,-425,200,25,0
0.4,SARSA + PS,777,128,-380,200,20,0
0.4,SARSA + PS,777,129,-398,200,22,0
0.4,SARSA + PS,777,130,-479,200,31,0
0.4,SARSA + PS,777,131,-343,193,19,1
0.4,SARSA + PS,777,132,-364,178,23,1
0.4,SARSA + PS,777,133,-443,200,27,0
0.4,SARSA + PS,777,134,-434,200,26,0
0.4,SARSA + PS,777,135,-162,111,8,1
0.4,SARSA + PS,777,136,-443,200,27,0
0.4,SARSA + PS,777,137,-110,41,10,1
0.4,SARSA + PS,777,138,-380,200,20,0
0.4,SARSA + PS,777,139,-416,200,24,0
0.4,SARSA + PS,777,140,-364,169,24,1
0.4,SARSA + PS,777,141,-88,55,6,1
0.4,SARSA + PS,777,142,-58,34,5,1
0.4,SARSA + PS,777,143,-488,200,32,0
0.4,SARSA + PS,777,144,-416,200,24,0
0.4,SARSA + PS,777,145,-23,26,2,1
0.4,SARSA + PS,777,146,-488,200,32,0
0.4,SARSA + PS,777,147,-28,22,3,1
0.4,SARSA + PS,777,148,-112,52,9,1
0.4,SARSA + PS,777,149,-244,112,17,1
0.4,SARSA + PS,777,150,-216,102,15,1
0.4,SARSA + PS,777,151,-53,29,5,1
0.4,SARSA + PS,777,152,-407,200,23,0
0.4,SARSA + PS,777,153,-325,184,18,1
0.4,SARSA + PS,777,154,-371,200,19,0
0.4,SARSA + PS,777,155,-380,200,20,0
0.4,SARSA + PS,777,156,-452,200,28,0
0.4,SARSA + PS,777,157,-256,142,15,1
0.4,SARSA + PS,777,158,-389,200,21,0
0.4,SARSA + PS,777,159,-353,200,17,0
0.4,SARSA + PS,777,160,-57,51,3,1
0.4,SARSA + PS,777,161,-309,150,20,1
0.4,SARSA + PS,777,162,3,9,1,1
0.4,SARSA + PS,777,163,-88,64,5,1
0.4,SARSA + PS,777,164,-40,25,4,1
0.4,SARSA + PS,777,165,-353,200,17,0
0.4,SARSA + PS,777,166,-425,200,25,0
0.4,SARSA + PS,777,167,-128,77,8,1
0.4,SARSA + PS,777,168,-416,200,24,0
0.4,SARSA + PS,777,169,-70,46,5,1
0.4,SARSA + PS,777,170,-188,83,14,1
0.4,SARSA + PS,777,171,-443,200,27,0
0.4,SARSA + PS,777,172,-131,80,8,1
0.4,SARSA + PS,777,173,-353,200,17,0
0.4,SARSA + PS,777,174,-77,44,6,1
0.4,SARSA + PS,777,175,-479,200,31,0
0.4,SARSA + PS,777,176,-407,200,23,0
0.4,SARSA + PS,777,177,-84,51,6,1
0.4,SARSA + PS,777,178,-20,32,1,1
0.4,SARSA + PS,777,179,-425,200,25,0
0.4,SARSA + PS,777,180,-297,129,21,1
0.4,SARSA + PS,777,181,-443,200,27,0
0.4,SARSA + PS,777,182,-275,152,16,1
0.4,SARSA + PS,777,183,-371,200,19,0
0.4,SARSA + PS,777,184,-443,200,27,0
0.4,SARSA + PS,777,185,-72,39,6,1
0.4,SARSA + PS,777,186,-122,71,8,1
0.4,SARSA + PS,777,187,-119,59,9,1
0.4,SARSA + PS,777,188,-409,178,28,1
0.4,SARSA + PS,777,189,-353,200,17,0
0.4,SARSA + PS,777,190,-452,200,28,0
0.4,SARSA + PS,777,191,-61,37,5,1
0.4,SARSA + PS,777,192,-72,48,5,1
0.4,SARSA + PS,777,193,-239,116,16,1
0.4,SARSA + PS,777,194,-127,67,9,1
0.4,SARSA + PS,777,195,-398,200,22,0
0.4,SARSA + PS,777,196,-5,17,1,1
0.4,SARSA + PS,777,197,-259,127,17,1
0.4,SARSA + PS,777,198,-220,133,12,1
0.4,SARSA + PS,777,199,-448,181,32,1
0.4,SARSA + PS,777,200,-353,200,17,0
0.4,SARSA + PS,777,201,-28,31,2,1
0.4,SARSA + PS,777,202,-425,200,25,0
0.4,SARSA + PS,777,203,-434,200,26,0
0.4,SARSA + PS,777,204,-470,200,30,0
0.4,SARSA + PS,777,205,-349,172,22,1
0.4,SARSA + PS,777,206,-333,192,18,1
0.4,SARSA + PS,777,207,-198,93,14,1
0.4,SARSA + PS,777,208,-407,200,23,0
0.4,SARSA + PS,777,209,-54,39,4,1
0.4,SARSA + PS,777,210,-259,118,18,1
0.4,SARSA + PS,777,211,-21,15,3,1
0.4,SARSA + PS,777,212,-461,200,29,0
0.4,SARSA + PS,777,213,-416,200,24,0
0.4,SARSA + PS,777,214,-83,50,6,1
0.4,SARSA + PS,777,215,-434,200,26,0
0.4,SARSA + PS,777,216,-76,43,6,1
0.4,SARSA + PS,777,217,-427,169,31,1
0.4,SARSA + PS,777,218,-425,200,25,0
0.4,SARSA + PS,777,219,-443,200,27,0
0.4,SARSA + PS,777,220,-497,200,33,0
0.4,SARSA + PS,777,221,-248,98,19,1
0.4,SARSA + PS,777,222,-185,80,14,1
0.4,SARSA + PS,777,223,-443,200,27,0
0.4,SARSA + PS,777,224,-133,73,9,1
0.4,SARSA + PS,777,225,-57,33,5,1
0.4,SARSA + PS,777,226,-163,121,7,1
0.4,SARSA + PS,777,227,-497,200,33,0
0.4,SARSA + PS,777,228,-147,78,10,1
0.4,SARSA + PS,777,229,-115,64,8,1
0.4,SARSA + PS,777,230,-370,139,28,1
0.4,SARSA + PS,777,231,-371,200,19,0
0.4,SARSA + PS,777,232,-147,105,7,1
0.4,SARSA + PS,777,233,-59,35,5,1
0.4,SARSA + PS,777,234,-275,143,17,1
0.4,SARSA + PS,777,235,-443,200,27,0
0.4,SARSA + PS,777,236,-4,16,1,1
0.4,SARSA + PS,777,237,-81,57,5,1
0.4,SARSA + PS,777,238,-103,61,7,1
0.4,SARSA + PS,777,239,-120,87,6,1
0.4,SARSA + PS,777,240,-413,191,27,1
0.4,SARSA + PS,777,241,-27,21,3,1
0.4,SARSA + PS,777,242,-524,200,36,0
0.4,SARSA + PS,777,243,-12,15,2,1
0.4,SARSA + PS,777,244,-299,185,15,1
0.4,SARSA + PS,777,245,-65,41,5,1
0.4,SARSA + PS,777,246,-11,14,2,1
0.4,SARSA + PS,777,247,-407,200,23,0
0.4,SARSA + PS,777,248,15,6,0,1
0.4,SARSA + PS,777,249,-362,200,18,0
0.4,SARSA + PS,777,250,-434,200,26,0
0.4,SARSA + PS,777,251,-240,135,14,1
0.4,SARSA + PS,777,252,-430,199,28,1
0.4,SARSA + PS,777,253,-317,140,22,1
0.4,SARSA + PS,777,254,-409,187,27,1
0.4,SARSA + PS,777,255,-86,62,5,1
0.4,SARSA + PS,777,256,-267,135,17,1
0.4,SARSA + PS,777,257,-414,183,28,1
0.4,SARSA + PS,777,258,-319,169,19,1
0.4,SARSA + PS,777,259,-434,200,26,0
0.4,SARSA + PS,777,260,-197,92,14,1
0.4,SARSA + PS,777,261,-386,191,24,1
0.4,SARSA + PS,777,262,-416,200,24,0
0.4,SARSA + PS,777,263,-452,200,28,0
0.4,SARSA + PS,777,264,-75,33,7,1
0.4,SARSA + PS,777,265,-54,39,4,1
0.4,SARSA + PS,777,266,-488,200,32,0
0.4,SARSA + PS,777,267,-434,200,26,0
0.4,SARSA + PS,777,268,-271,148,16,1
0.4,SARSA + PS,777,269,-139,79,9,1
0.4,SARSA + PS,777,270,-13,16,2,1
0.4,SARSA + PS,777,271,-209,86,16,1
0.4,SARSA + PS,777,272,-443,200,27,0
0.4,SARSA + PS,777,273,-37,22,4,1
0.4,SARSA + PS,777,274,-85,52,6,1
0.4,SARSA + PS,777,275,-71,56,4,1
0.4,SARSA + PS,777,276,-281,113,21,1
0.4,SARSA + PS,777,277,-443,200,27,0
0.4,SARSA + PS,777,278,-102,60,7,1
0.4,SARSA + PS,777,279,-203,89,15,1
0.4,SARSA + PS,777,280,-107,47,9,1
0.4,SARSA + PS,777,281,9,12,0,1
0.4,SARSA + PS,777,282,-218,104,15,1
0.4,SARSA + PS,777,283,-425,200,25,0
0.4,SARSA + PS,777,284,-461,200,29,0
0.4,SARSA + PS,777,285,-139,79,9,1
0.4,SARSA + PS,777,286,-189,93,13,1
0.4,SARSA + PS,777,287,-23,26,2,1
0.4,SARSA + PS,777,288,-434,200,26,0
0.4,SARSA + PS,777,289,-389,200,21,0
0.4,SARSA + PS,777,290,-179,110,10,1
0.4,SARSA + PS,777,291,-443,200,27,0
0.4,SARSA + PS,777,292,1,11,1,1
0.4,SARSA + PS,777,293,-488,200,32,0
0.4,SARSA + PS,777,294,-416,200,24,0
0.4,SARSA + PS,777,295,-470,200,30,0
0.4,SARSA + PS,777,296,9,12,0,1
0.4,SARSA + PS,777,297,-142,73,10,1
0.4,SARSA + PS,777,298,-416,200,24,0
0.4,SARSA + PS,777,299,-227,95,17,1
0.4,SARSA + PS,777,300,-184,97,12,1
0.4,SARSA + PS,777,301,-218,95,16,1
0.4,SARSA + PS,777,302,-452,200,28,0
0.4,SARSA + PS,777,303,-122,89,6,1
0.4,SARSA + PS,777,304,-41,26,4,1
0.4,SARSA + PS,777,305,-68,44,5,1
0.4,SARSA + PS,777,306,8,13,0,1
0.4,SARSA + PS,777,307,-79,37,7,1
0.4,SARSA + PS,777,308,-407,200,23,0
0.4,SARSA + PS,777,309,-208,121,12,1
0.4,SARSA + PS,777,310,-266,107,20,1
0.4,SARSA + PS,777,311,-77,44,6,1
0.4,SARSA + PS,777,312,-8,11,2,1
0.4,SARSA + PS,777,313,-83,50,6,1
0.4,SARSA + PS,777,314,-207,102,14,1
0.4,SARSA + PS,777,315,-378,183,24,1
0.4,SARSA + PS,777,316,-497,200,33,0
0.4,SARSA + PS,777,317,-100,58,7,1
0.4,SARSA + PS,777,318,-65,50,4,1
0.4,SARSA + PS,777,319,-372,150,27,1
0.4,SARSA + PS,777,320,-240,153,12,1
0.4,SARSA + PS,777,321,-298,157,18,1
0.4,SARSA + PS,777,322,-94,70,5,1
0.4,SARSA + PS,777,323,-29,32,2,1
0.4,SARSA + PS,777,324,-407,200,23,0
0.4,SARSA + PS,777,325,-133,73,9,1
0.4,SARSA + PS,777,326,-132,81,8,1
0.4,SARSA + PS,777,327,-347,170,22,1
0.4,SARSA + PS,777,328,-434,200,26,0
0.4,SARSA + PS,777,329,-115,55,9,1
0.4,SARSA + PS,777,330,-51,36,4,1
0.4,SARSA + PS,777,331,-137,77,9,1
0.4,SARSA + PS,777,332,-366,180,23,1
0.4,SARSA + PS,777,333,-219,87,17,1
0.4,SARSA + PS,777,334,-31,25,3,1
0.4,SARSA + PS,777,335,-434,200,26,0
0.4,SARSA + PS,777,336,-86,44,7,1
0.4,SARSA + PS,777,337,-112,79,6,1
0.4,SARSA + PS,777,338,-367,136,28,1
0.4,SARSA + PS,777,339,-124,55,10,1
0.4,SARSA + PS,777,340,-106,64,7,1
0.4,SARSA + PS,777,341,11,10,0,1
0.4,SARSA + PS,777,342,-425,200,25,0
0.4,SARSA + PS,777,343,-69,54,4,1
0.4,SARSA + PS,777,344,-155,77,11,1
0.4,SARSA + PS,777,345,-43,19,5,1
0.4,SARSA + PS,777,346,-30,51,0,1
0.4,SARSA + PS,777,347,-82,49,6,1
0.4,SARSA + PS,777,348,-112,61,8,1
0.4,SARSA + PS,777,349,-15,27,1,1
0.4,SARSA + PS,777,350,-27,21,3,1
0.4,SARSA + PS,777,351,-149,89,9,1
0.4,SARSA + PS,777,352,-400,169,28,1
0.4,SARSA + PS,777,353,-129,96,6,1
0.4,SARSA + PS,777,354,-22,25,2,1
0.4,SARSA + PS,777,355,-333,174,20,1
0.4,SARSA + PS,777,356,-34,37,2,1
0.4,SARSA + PS,777,357,-278,182,13,1
0.4,SARSA + PS,777,358,-41,44,2,1
0.4,SARSA + PS,777,359,-158,71,12,1
0.4,SARSA + PS,777,360,-224,128,13,1
0.4,SARSA + PS,777,361,-165,60,14,1
0.4,SARSA + PS,777,362,-43,46,2,1
0.4,SARSA + PS,777,363,-117,75,7,1
0.4,SARSA + PS,777,364,9,12,0,1
0.4,SARSA + PS,777,365,-44,29,4,1
0.4,SARSA + PS,777,366,-292,133,20,1
0.4,SARSA + PS,777,367,-434,200,26,0
0.4,SARSA + PS,777,368,-61,46,4,1
0.4,SARSA + PS,777,369,-198,102,13,1
0.4,SARSA + PS,777,370,-174,96,11,1
0.4,SARSA + PS,777,371,12,9,0,1
0.4,SARSA + PS,777,372,-94,43,8,1
0.4,SARSA + PS,777,373,-65,50,4,1
0.4,SARSA + PS,777,374,-48,42,3,1
0.4,SARSA + PS,777,375,-470,200,30,0
0.4,SARSA + PS,777,376,1,11,1,1
0.4,SARSA + PS,777,377,-95,62,6,1
0.4,SARSA + PS,777,378,-35,20,4,1
0.4,SARSA + PS,777,379,-263,131,17,1
0.4,SARSA + PS,777,380,-328,187,18,1
0.4,SARSA + PS,777,381,-203,116,12,1
0.4,SARSA + PS,777,382,-425,200,25,0
0.4,SARSA + PS,777,383,-103,61,7,1
0.4,SARSA + PS,777,384,-85,61,5,1
0.4,SARSA + PS,777,385,-479,200,31,0
0.4,SARSA + PS,777,386,-205,100,14,1
0.4,SARSA + PS,777,387,-222,144,11,1
0.4,SARSA + PS,777,388,-148,70,11,1
0.4,SARSA + PS,777,389,-177,81,13,1
0.4,SARSA + PS,777,390,-146,86,9,1
0.4,SARSA + PS,777,391,-74,50,5,1
0.4,SARSA + PS,777,392,-58,34,5,1
0.4,SARSA + PS,777,393,-116,65,8,1
0.4,SARSA + PS,777,394,-90,57,6,1
0.4,SARSA + PS,777,395,-128,77,8,1
0.4,SARSA + PS,777,396,10,11,0,1
0.4,SARSA + PS,777,397,-95,62,6,1
0.4,SARSA + PS,777,398,-126,48,11,1
0.4,SARSA + PS,777,399,-46,22,5,1
0.4,SARSA + PS,777,400,-53,47,3,1
0.4,SARSA + PS,777,401,-66,42,5,1
0.4,SARSA + PS,777,402,-470,200,30,0
0.4,SARSA + PS,777,403,-39,33,3,1
0.4,SARSA + PS,777,404,-452,200,28,0
0.4,SARSA + PS,777,405,-126,66,9,1
0.4,SARSA + PS,777,406,-148,88,9,1
0.4,SARSA + PS,777,407,-15,18,2,1
0.4,SARSA + PS,777,408,-130,61,10,1
0.4,SARSA + PS,777,409,-54,30,5,1
0.4,SARSA + PS,777,410,-29,23,3,1
0.4,SARSA + PS,777,411,-11,23,1,1
0.4,SARSA + PS,777,412,-416,200,24,0
0.4,SARSA + PS,777,413,-200,104,13,1
0.4,SARSA + PS,777,414,-53,38,4,1
0.4,SARSA + PS,777,415,-57,33,5,1
0.4,SARSA + PS,777,416,-470,200,30,0
0.4,SARSA + PS,777,417,-70,28,7,1
0.4,SARSA + PS,777,418,-241,127,15,1
0.4,SARSA + PS,777,419,-72,48,5,1
0.4,SARSA + PS,777,420,-236,122,15,1
0.4,SARSA + PS,777,421,-277,127,19,1
0.4,SARSA + PS,777,422,-72,39,6,1
0.4,SARSA + PS,777,423,-16,19,2,1
0.4,SARSA + PS,777,424,-7,19,1,1
0.4,SARSA + PS,777,425,9,12,0,1
0.4,SARSA + PS,777,426,-176,89,12,1
0.4,SARSA + PS,777,427,-54,48,3,1
0.4,SARSA + PS,777,428,-59,35,5,1
0.4,SARSA + PS,777,429,5,16,0,1
0.4,SARSA + PS,777,430,-15,18,2,1
0.4,SARSA + PS,777,431,-135,57,11,1
0.4,SARSA + PS,777,432,-55,58,2,1
0.4,SARSA + PS,777,433,-154,85,10,1
0.4,SARSA + PS,777,434,6,15,0,1
0.4,SARSA + PS,777,435,-56,41,4,1
0.4,SARSA + PS,777,436,-382,187,24,1
0.4,SARSA + PS,777,437,-109,49,9,1
0.4,SARSA + PS,777,438,-479,200,31,0
0.4,SARSA + PS,777,439,-21,24,2,1
0.4,SARSA + PS,777,440,-61,46,4,1
0.4,SARSA + PS,777,441,-144,93,8,1
0.4,SARSA + PS,777,442,-32,35,2,1
0.4,SARSA + PS,777,443,-479,200,31,0
0.4,SARSA + PS,777,444,-45,30,4,1
0.4,SARSA + PS,777,445,-327,132,24,1
0.4,SARSA + PS,777,446,-43,19,5,1
0.4,SARSA + PS,777,447,-16,28,1,1
0.4,SARSA + PS,777,448,3,18,0,1
0.4,SARSA + PS,777,449,-14,35,0,1
0.4,SARSA + PS,777,450,-31,25,3,1
0.4,SARSA + PS,777,451,-139,70,10,1
0.4,SARSA + PS,777,452,-47,32,4,1
0.4,SARSA + PS,777,453,-53,29,5,1
0.4,SARSA + PS,777,454,-19,13,3,1
0.4,SARSA + PS,777,455,-221,116,14,1
0.4,SARSA + PS,777,456,-62,38,5,1
0.4,SARSA + PS,777,457,-55,40,4,1
0.4,SARSA + PS,777,458,-9,21,1,1
0.4,SARSA + PS,777,459,13,8,0,1
0.4,SARSA + PS,777,460,-86,44,7,1
0.4,SARSA + PS,777,461,-78,54,5,1
0.4,SARSA + PS,777,462,-8,20,1,1
0.4,SARSA + PS,777,463,-280,148,17,1
0.4,SARSA + PS,777,464,-121,61,9,1
0.4,SARSA + PS,777,465,4,8,1,1
0.4,SARSA + PS,777,466,-85,43,7,1
0.4,SARSA + PS,777,467,-27,21,3,1
0.4,SARSA + PS,777,468,-52,37,4,1
0.4,SARSA + PS,777,469,1,11,1,1
0.4,SARSA + PS,777,470,-107,38,10,1
0.4,SARSA + PS,777,471,-253,166,12,1
0.4,SARSA + PS,777,472,-10,13,2,1
0.4,SARSA + PS,777,473,-72,57,4,1
0.4,SARSA + PS,777,474,-66,42,5,1
0.4,SARSA + PS,777,475,-160,73,12,1
0.4,SARSA + PS,777,476,-75,33,7,1
0.4,SARSA + PS,777,477,-117,57,9,1
0.4,SARSA + PS,777,478,2,10,1,1
0.4,SARSA + PS,777,479,-128,59,10,1
0.4,SARSA + PS,777,480,-416,200,24,0
0.4,SARSA + PS,777,481,-78,54,5,1
0.4,SARSA + PS,777,482,13,8,0,1
0.4,SARSA + PS,777,483,-353,185,21,1
0.4,SARSA + PS,777,484,-425,200,25,0
0.4,SARSA + PS,777,485,-416,200,24,0
0.4,SARSA + PS,777,486,-260,128,17,1
0.4,SARSA + PS,777,487,-10,22,1,1
0.4,SARSA + PS,777,488,-126,66,9,1
0.4,SARSA + PS,777,489,-106,55,8,1
0.4,SARSA + PS,777,490,-246,123,16,1
0.4,SARSA + PS,777,491,-304,136,21,1
0.4,SARSA + PS,777,492,-41,35,3,1
0.4,SARSA + PS,777,493,-4,16,1,1
0.4,SARSA + PS,777,494,-443,200,27,0
0.4,SARSA + PS,777,495,-293,179,15,1
0.4,SARSA + PS,777,496,-109,67,7,1
0.4,SARSA + PS,777,497,-44,47,2,1
0.4,SARSA + PS,777,498,-139,79,9,1
0.4,SARSA + PS,777,499,-10,13,2,1
0.4,SARSA + PS,999,0,-473,152,38,1
0.4,SARSA + PS,999,1,-623,200,47,0
0.4,SARSA + PS,999,2,-569,200,41,0
0.4,SARSA + PS,999,3,-578,200,42,0
0.4,SARSA + PS,999,4,-632,200,48,0
0.4,SARSA + PS,999,5,-668,200,52,0
0.4,SARSA + PS,999,6,-587,200,43,0
0.4,SARSA + PS,999,7,-794,200,66,0
0.4,SARSA + PS,999,8,-560,200,40,0
0.4,SARSA + PS,999,9,-659,200,51,0
0.4,SARSA + PS,999,10,-722,200,58,0
0.4,SARSA + PS,999,11,-524,200,36,0
0.4,SARSA + PS,999,12,-650,200,50,0
0.4,SARSA + PS,999,13,-668,200,52,0
0.4,SARSA + PS,999,14,-225,75,19,1
0.4,SARSA + PS,999,15,-713,200,57,0
0.4,SARSA + PS,999,16,-677,200,53,0
0.4,SARSA + PS,999,17,-695,200,55,0
0.4,SARSA + PS,999,18,-704,200,56,0
0.4,SARSA + PS,999,19,-367,145,27,1
0.4,SARSA + PS,999,20,-297,93,25,1
0.4,SARSA + PS,999,21,-39,24,4,1
0.4,SARSA + PS,999,22,-253,103,19,1
0.4,SARSA + PS,999,23,-578,200,42,0
0.4,SARSA + PS,999,24,-416,200,24,0
0.4,SARSA + PS,999,25,-461,200,29,0
0.4,SARSA + PS,999,26,-283,97,23,1
0.4,SARSA + PS,999,27,-695,200,55,0
0.4,SARSA + PS,999,28,-560,200,40,0
0.4,SARSA + PS,999,29,-560,200,40,0
0.4,SARSA + PS,999,30,-506,200,34,0
0.4,SARSA + PS,999,31,-389,200,21,0
0.4,SARSA + PS,999,32,-515,200,35,0
0.4,SARSA + PS,999,33,-407,200,23,0
0.4,SARSA + PS,999,34,-389,200,21,0
0.4,SARSA + PS,999,35,-605,200,45,0
0.4,SARSA + PS,999,36,-371,200,19,0
0.4,SARSA + PS,999,37,-317,200,13,0
0.4,SARSA + PS,999,38,-244,112,17,1
0.4,SARSA + PS,999,39,-506,200,34,0
0.4,SARSA + PS,999,40,-497,200,33,0
0.4,SARSA + PS,999,41,-713,200,57,0
0.4,SARSA + PS,999,42,-407,200,23,0
0.4,SARSA + PS,999,43,-515,200,35,0
0.4,SARSA + PS,999,44,-461,200,29,0
0.4,SARSA + PS,999,45,-151,73,11,1
0.4,SARSA + PS,999,46,-488,200,32,0
0.4,SARSA + PS,999,47,-279,174,14,1
0.4,SARSA + PS,999,48,-425,200,25,0
0.4,SARSA + PS,999,49,-155,86,10,1
0.4,SARSA + PS,999,50,-195,90,14,1
0.4,SARSA + PS,999,51,-124,46,11,1
0.4,SARSA + PS,999,52,-398,200,22,0
0.4,SARSA + PS,999,53,-461,200,29,0
0.4,SARSA + PS,999,54,-560,200,40,0
0.4,SARSA + PS,999,55,-425,200,25,0
0.4,SARSA + PS,999,56,-425,200,25,0
0.4,SARSA + PS,999,57,-470,200,30,0
0.4,SARSA + PS,999,58,-389,200,21,0
0.4,SARSA + PS,999,59,-416,200,24,0
0.4,SARSA + PS,999,60,-407,200,23,0
0.4,SARSA + PS,999,61,-425,200,25,0
0.4,SARSA + PS,999,62,-470,200,30,0
0.4,SARSA + PS,999,63,-398,200,22,0
0.4,SARSA + PS,999,64,-407,200,23,0
0.4,SARSA + PS,999,65,-123,81,7,1
0.4,SARSA + PS,999,66,-398,200,22,0
0.4,SARSA + PS,999,67,-479,200,31,0
0.4,SARSA + PS,999,68,-389,200,21,0
0.4,SARSA + PS,999,69,-389,200,21,0
0.4,SARSA + PS,999,70,-33,18,4,1
0.4,SARSA + PS,999,71,-360,183,22,1
0.4,SARSA + PS,999,72,-344,200,16,0
0.4,SARSA + PS,999,73,-371,200,19,0
0.4,SARSA + PS,999,74,-533,200,37,0
0.4,SARSA + PS,999,75,-397,193,25,1
0.4,SARSA + PS,999,76,-443,200,27,0
0.4,SARSA + PS,999,77,-488,200,32,0
0.4,SARSA + PS,999,78,-515,200,35,0
0.4,SARSA + PS,999,79,-470,200,30,0
0.4,SARSA + PS,999,80,-443,200,27,0
0.4,SARSA + PS,999,81,-515,200,35,0
0.4,SARSA + PS,999,82,-104,62,7,1
0.4,SARSA + PS,999,83,-191,104,12,1
0.4,SARSA + PS,999,84,-524,200,36,0
0.4,SARSA + PS,999,85,-434,200,26,0
0.4,SARSA + PS,999,86,-380,200,20,0
0.4,SARSA + PS,999,87,-461,200,29,0
0.4,SARSA + PS,999,88,-425,200,25,0
0.4,SARSA + PS,999,89,-452,200,28,0
0.4,SARSA + PS,999,90,-18,21,2,1
0.4,SARSA + PS,999,91,-488,200,32,0
0.4,SARSA + PS,999,92,-380,200,20,0
0.4,SARSA + PS,999,93,-198,93,14,1
0.4,SARSA + PS,999,94,-479,200,31,0
0.4,SARSA + PS,999,95,-156,69,12,1
0.4,SARSA + PS,999,96,-416,200,24,0
0.4,SARSA + PS,999,97,-407,200,23,0
0.4,SARSA + PS,999,98,-371,200,19,0
0.4,SARSA + PS,999,99,-425,200,25,0
0.4,SARSA + PS,999,100,-19,22,2,1
0.4,SARSA + PS,999,101,-223,91,17,1
0.4,SARSA + PS,999,102,-398,200,22,0
0.4,SARSA + PS,999,103,-479,200,31,0
0.4,SARSA + PS,999,104,-362,200,18,0
0.4,SARSA + PS,999,105,-569,200,41,0
0.4,SARSA + PS,999,106,-389,200,21,0
0.4,SARSA + PS,999,107,-452,200,28,0
0.4,SARSA + PS,999,108,-425,200,25,0
0.4,SARSA + PS,999,109,-479,200,31,0
0.4,SARSA + PS,999,110,-416,200,24,0
0.4,SARSA + PS,999,111,-398,200,22,0
0.4,SARSA + PS,999,112,-148,52,13,1
0.4,SARSA + PS,999,113,-425,200,25,0
0.4,SARSA + PS,999,114,-389,200,21,0
0.4,SARSA + PS,999,115,-407,200,23,0
0.4,SARSA + PS,999,116,-470,200,30,0
0.4,SARSA + PS,999,117,-183,96,12,1
0.4,SARSA + PS,999,118,-78,54,5,1
0.4,SARSA + PS,999,119,3,9,1,1
0.4,SARSA + PS,999,120,-398,200,22,0
0.4,SARSA + PS,999,121,-434,200,26,0
0.4,SARSA + PS,999,122,-111,78,6,1
0.4,SARSA + PS,999,123,-67,61,3,1
0.4,SARSA + PS,999,124,-334,175,20,1
0.4,SARSA + PS,999,125,-479,200,31,0
0.4,SARSA + PS,999,126,-124,64,9,1
0.4,SARSA + PS,999,127,-82,31,8,1
0.4,SARSA + PS,999,128,-293,170,16,1
0.4,SARSA + PS,999,129,-223,136,12,1
0.4,SARSA + PS,999,130,-77,44,6,1
0.4,SARSA + PS,999,131,-364,142,27,1
0.4,SARSA + PS,999,132,-152,83,10,1
0.4,SARSA + PS,999,133,-421,181,29,1
0.4,SARSA + PS,999,134,-461,200,29,0
0.4,SARSA + PS,999,135,-425,200,25,0
0.4,SARSA + PS,999,136,-185,116,10,1
0.4,SARSA + PS,999,137,-479,200,31,0
0.4,SARSA + PS,999,138,-443,200,27,0
0.4,SARSA + PS,999,139,-143,83,9,1
0.4,SARSA + PS,999,140,-228,123,14,1
0.4,SARSA + PS,999,141,-225,156,10,1
0.4,SARSA + PS,999,142,-19,13,3,1
0.4,SARSA + PS,999,143,-416,200,24,0
0.4,SARSA + PS,999,144,-515,200,35,0
0.4,SARSA + PS,999,145,-434,200,26,0
0.4,SARSA + PS,999,146,-198,120,11,1
0.4,SARSA + PS,999,147,-344,200,16,0
0.4,SARSA + PS,999,148,-344,200,16,0
0.4,SARSA + PS,999,149,-434,200,26,0
0.4,SARSA + PS,999,150,-524,200,36,0
0.4,SARSA + PS,999,151,-488,200,32,0
0.4,SARSA + PS,999,152,-147,96,8,1
0.4,SARSA + PS,999,153,-515,200,35,0
0.4,SARSA + PS,999,154,14,7,0,1
0.4,SARSA + PS,999,155,-185,80,14,1
0.4,SARSA + PS,999,156,-5,26,0,1
0.4,SARSA + PS,999,157,-434,200,26,0
0.4,SARSA + PS,999,158,-174,105,10,1
0.4,SARSA + PS,999,159,-542,200,38,0
0.4,SARSA + PS,999,160,-380,200,20,0
0.4,SARSA + PS,999,161,-256,115,18,1
0.4,SARSA + PS,999,162,-113,62,8,1
0.4,SARSA + PS,999,163,-96,81,4,1
0.4,SARSA + PS,999,164,-464,179,34,1
0.4,SARSA + PS,999,165,-407,200,23,0
0.4,SARSA + PS,999,166,-371,200,19,0
0.4,SARSA + PS,999,167,-443,200,27,0
0.4,SARSA + PS,999,168,-506,200,34,0
0.4,SARSA + PS,999,169,-434,200,26,0
0.4,SARSA + PS,999,170,-452,200,28,0
0.4,SARSA + PS,999,171,-461,200,29,0
0.4,SARSA + PS,999,172,-353,200,17,0
0.4,SARSA + PS,999,173,-434,200,26,0
0.4,SARSA + PS,999,174,4,8,1,1
0.4,SARSA + PS,999,175,-232,118,15,1
0.4,SARSA + PS,999,176,-479,200,31,0
0.4,SARSA + PS,999,177,-407,200,23,0
0.4,SARSA + PS,999,178,-443,200,27,0
0.4,SARSA + PS,999,179,-488,200,32,0
0.4,SARSA + PS,999,180,-80,47,6,1
0.4,SARSA + PS,999,181,-31,16,4,1
0.4,SARSA + PS,999,182,-433,193,29,1
0.4,SARSA + PS,999,183,-66,51,4,1
0.4,SARSA + PS,999,184,-371,200,19,0
0.4,SARSA + PS,999,185,-270,120,19,1
0.4,SARSA + PS,999,186,-533,200,37,0
0.4,SARSA + PS,999,187,-73,58,4,1
0.4,SARSA + PS,999,188,-398,194,25,1
0.4,SARSA + PS,999,189,-470,200,30,0
0.4,SARSA + PS,999,190,-398,200,22,0
0.4,SARSA + PS,999,191,-269,128,18,1
0.4,SARSA + PS,999,192,-101,77,5,1
0.4,SARSA + PS,999,193,-497,200,33,0
0.4,SARSA + PS,999,194,-106,64,7,1
0.4,SARSA + PS,999,195,-67,34,6,1
0.4,SARSA + PS,999,196,-33,36,2,1
0.4,SARSA + PS,999,197,-91,49,7,1
0.4,SARSA + PS,999,198,-470,200,30,0
0.4,SARSA + PS,999,199,-416,200,24,0
0.4,SARSA + PS,999,200,-371,200,19,0
0.4,SARSA + PS,999,201,-3,15,1,1
0.4,SARSA + PS,999,202,-7,19,1,1
0.4,SARSA + PS,999,203,-61,28,6,1
0.4,SARSA + PS,999,204,-55,31,5,1
0.4,SARSA + PS,999,205,-416,200,24,0
0.4,SARSA + PS,999,206,-434,200,26,0
0.4,SARSA + PS,999,207,-106,73,6,1
0.4,SARSA + PS,999,208,-6,9,2,1
0.4,SARSA + PS,999,209,-398,200,22,0
0.4,SARSA + PS,999,210,-214,109,14,1
0.4,SARSA + PS,999,211,-178,100,11,1
0.4,SARSA + PS,999,212,-127,76,8,1
0.4,SARSA + PS,999,213,-136,76,9,1
0.4,SARSA + PS,999,214,-191,122,10,1
0.4,SARSA + PS,999,215,-407,200,23,0
0.4,SARSA + PS,999,216,-202,106,13,1
0.4,SARSA + PS,999,217,-216,84,17,1
0.4,SARSA + PS,999,218,-443,200,27,0
0.4,SARSA + PS,999,219,-105,72,6,1
0.4,SARSA + PS,999,220,-398,200,22,0
0.4,SARSA + PS,999,221,-66,60,3,1
0.4,SARSA + PS,999,222,-186,72,15,1
0.4,SARSA + PS,999,223,-77,35,7,1
0.4,SARSA + PS,999,224,-479,200,31,0
0.4,SARSA + PS,999,225,-416,200,24,0
0.4,SARSA + PS,999,226,-416,200,24,0
0.4,SARSA + PS,999,227,-217,112,14,1
0.4,SARSA + PS,999,228,-371,200,19,0
0.4,SARSA + PS,999,229,-452,200,28,0
0.4,SARSA + PS,999,230,-497,200,33,0
0.4,SARSA + PS,999,231,-389,185,25,1
0.4,SARSA + PS,999,232,-36,21,4,1
0.4,SARSA + PS,999,233,-32,35,2,1
0.4,SARSA + PS,999,234,-45,21,5,1
0.4,SARSA + PS,999,235,-32,35,2,1
0.4,SARSA + PS,999,236,-7,10,2,1
0.4,SARSA + PS,999,237,-30,15,4,1
0.4,SARSA + PS,999,238,-61,37,5,1
0.4,SARSA + PS,999,239,-195,90,14,1
0.4,SARSA + PS,999,240,-120,87,6,1
0.4,SARSA + PS,999,241,-38,32,3,1
0.4,SARSA + PS,999,242,-452,200,28,0
0.4,SARSA + PS,999,243,7,14,0,1
0.4,SARSA + PS,999,244,-434,200,26,0
0.4,SARSA + PS,999,245,-48,33,4,1
0.4,SARSA + PS,999,246,-122,80,7,1
0.4,SARSA + PS,999,247,13,8,0,1
0.4,SARSA + PS,999,248,-132,54,11,1
0.4,SARSA + PS,999,249,-389,200,21,0
0.4,SARSA + PS,999,250,-28,22,3,1
0.4,SARSA + PS,999,251,-327,114,26,1
0.4,SARSA + PS,999,252,-533,200,37,0
0.4,SARSA + PS,999,253,-310,178,17,1
0.4,SARSA + PS,999,254,-83,41,7,1
0.4,SARSA + PS,999,255,-398,200,22,0
0.4,SARSA + PS,999,256,-12,15,2,1
0.4,SARSA + PS,999,257,-77,62,4,1
0.4,SARSA + PS,999,258,-369,183,23,1
0.4,SARSA + PS,999,259,-58,43,4,1
0.4,SARSA + PS,999,260,4,8,1,1
0.4,SARSA + PS,999,261,-515,200,35,0
0.4,SARSA + PS,999,262,-300,150,19,1
0.4,SARSA + PS,999,263,-180,111,10,1
0.4,SARSA + PS,999,264,-23,35,1,1
0.4,SARSA + PS,999,265,1,20,0,1
0.4,SARSA + PS,999,266,-193,106,12,1
0.4,SARSA + PS,999,267,-86,35,8,1
0.4,SARSA + PS,999,268,-380,200,20,0
0.4,SARSA + PS,999,269,-283,115,21,1
0.4,SARSA + PS,999,270,-216,102,15,1
0.4,SARSA + PS,999,271,1,11,1,1
0.4,SARSA + PS,999,272,-292,133,20,1
0.4,SARSA + PS,999,273,-192,114,11,1
0.4,SARSA + PS,999,274,-158,80,11,1
0.4,SARSA + PS,999,275,-107,56,8,1
0.4,SARSA + PS,999,276,-31,25,3,1
0.4,SARSA + PS,999,277,-166,88,11,1
0.4,SARSA + PS,999,278,-21,15,3,1
0.4,SARSA + PS,999,279,-50,44,3,1
0.4,SARSA + PS,999,280,-147,87,9,1
0.4,SARSA + PS,999,281,12,9,0,1
0.4,SARSA + PS,999,282,-506,200,34,0
0.4,SARSA + PS,999,283,-44,29,4,1
0.4,SARSA + PS,999,284,-191,104,12,1
0.4,SARSA + PS,999,285,-461,200,29,0
0.4,SARSA + PS,999,286,-353,200,17,0
0.4,SARSA + PS,999,287,-34,37,2,1
0.4,SARSA + PS,999,288,-322,154,21,1
0.4,SARSA + PS,999,289,-254,131,16,1
0.4,SARSA + PS,999,290,-325,193,17,1
0.4,SARSA + PS,999,291,-196,82,15,1
0.4,SARSA + PS,999,292,-139,97,7,1
0.4,SARSA + PS,999,293,-128,50,11,1
0.4,SARSA + PS,999,294,-46,31,4,1
0.4,SARSA + PS,999,295,-42,18,5,1
0.4,SARSA + PS,999,296,-50,35,4,1
0.4,SARSA + PS,999,297,-103,43,9,1
0.4,SARSA + PS,999,298,-29,23,3,1
0.4,SARSA + PS,999,299,-533,200,37,0
0.4,SARSA + PS,999,300,-58,34,5,1
0.4,SARSA + PS,999,301,-81,39,7,1
0.4,SARSA + PS,999,302,-137,77,9,1
0.4,SARSA + PS,999,303,-25,37,1,1
0.4,SARSA + PS,999,304,-161,92,10,1
0.4,SARSA + PS,999,305,-488,200,32,0
0.4,SARSA + PS,999,306,-83,59,5,1
0.4,SARSA + PS,999,307,-146,59,12,1
0.4,SARSA + PS,999,308,-44,29,4,1
0.4,SARSA + PS,999,309,-86,35,8,1
0.4,SARSA + PS,999,310,-506,200,34,0
0.4,SARSA + PS,999,311,-17,20,2,1
0.4,SARSA + PS,999,312,-162,93,10,1
0.4,SARSA + PS,999,313,-506,200,34,0
0.4,SARSA + PS,999,314,-7,19,1,1
0.4,SARSA + PS,999,315,-405,183,27,1
0.4,SARSA + PS,999,316,-159,108,8,1
0.4,SARSA + PS,999,317,-43,37,3,1
0.4,SARSA + PS,999,318,-434,200,26,0
0.4,SARSA + PS,999,319,-65,50,4,1
0.4,SARSA + PS,999,320,-533,200,37,0
0.4,SARSA + PS,999,321,-19,31,1,1
0.4,SARSA + PS,999,322,-470,200,30,0
0.4,SARSA + PS,999,323,-46,40,3,1
0.4,SARSA + PS,999,324,-20,23,2,1
0.4,SARSA + PS,999,325,-434,200,26,0
0.4,SARSA + PS,999,326,-4,16,1,1
0.4,SARSA + PS,999,327,-116,83,6,1
0.4,SARSA + PS,999,328,-366,144,27,1
0.4,SARSA + PS,999,329,-45,21,5,1
0.4,SARSA + PS,999,330,-44,29,4,1
0.4,SARSA + PS,999,331,-497,200,33,0
0.4,SARSA + PS,999,332,-323,155,21,1
0.4,SARSA + PS,999,333,-95,53,7,1
0.4,SARSA + PS,999,334,-10,22,1,1
0.4,SARSA + PS,999,335,-283,115,21,1
0.4,SARSA + PS,999,336,-139,70,10,1
0.4,SARSA + PS,999,337,-115,37,11,1
0.4,SARSA + PS,999,338,-416,200,24,0
0.4,SARSA + PS,999,339,-206,119,12,1
0.4,SARSA + PS,999,340,-477,192,34,1
0.4,SARSA + PS,999,341,-120,51,10,1
0.4,SARSA + PS,999,342,-65,23,7,1
0.4,SARSA + PS,999,343,-398,200,22,0
0.4,SARSA + PS,999,344,-107,65,7,1
0.4,SARSA + PS,999,345,-266,116,19,1
0.4,SARSA + PS,999,346,-322,136,23,1
0.4,SARSA + PS,999,347,-425,200,25,0
0.4,SARSA + PS,999,348,-104,53,8,1
0.4,SARSA + PS,999,349,-25,37,1,1
0.4,SARSA + PS,999,350,-27,21,3,1
0.4,SARSA + PS,999,351,-452,200,28,0
0.4,SARSA + PS,999,352,-60,45,4,1
0.4,SARSA + PS,999,353,-149,98,8,1
0.4,SARSA + PS,999,354,-18,21,2,1
0.4,SARSA + PS,999,355,-297,165,17,1
0.4,SARSA + PS,999,356,-339,162,22,1
0.4,SARSA + PS,999,357,-28,22,3,1
0.4,SARSA + PS,999,358,-176,107,10,1
0.4,SARSA + PS,999,359,-18,21,2,1
0.4,SARSA + PS,999,360,-74,50,5,1
0.4,SARSA + PS,999,361,-66,33,6,1
0.4,SARSA + PS,999,362,-63,39,5,1
0.4,SARSA + PS,999,363,-47,32,4,1
0.4,SARSA + PS,999,364,-156,78,11,1
0.4,SARSA + PS,999,365,-461,200,29,0
0.4,SARSA + PS,999,366,3,9,1,1
0.4,SARSA + PS,999,367,-382,169,26,1
0.4,SARSA + PS,999,368,-18,21,2,1
0.4,SARSA + PS,999,369,-434,200,26,0
0.4,SARSA + PS,999,370,-57,33,5,1
0.4,SARSA + PS,999,371,2,19,0,1
0.4,SARSA + PS,999,372,-12,24,1,1
0.4,SARSA + PS,999,373,-425,200,25,0
0.4,SARSA + PS,999,374,-8,11,2,1
0.4,SARSA + PS,999,375,-156,78,11,1
0.4,SARSA + PS,999,376,-29,23,3,1
0.4,SARSA + PS,999,377,-330,162,21,1
0.4,SARSA + PS,999,378,-443,200,27,0
0.4,SARSA + PS,999,379,4,17,0,1
0.4,SARSA + PS,999,380,-9,12,2,1
0.4,SARSA + PS,999,381,-470,200,30,0
0.4,SARSA + PS,999,382,-452,200,28,0
0.4,SARSA + PS,999,383,-64,49,4,1
0.4,SARSA + PS,999,384,-23,26,2,1
0.4,SARSA + PS,999,385,-16,19,2,1
0.4,SARSA + PS,999,386,-34,28,3,1
0.4,SARSA + PS,999,387,-122,62,9,1
0.4,SARSA + PS,999,388,-91,67,5,1
0.4,SARSA + PS,999,389,-305,164,18,1
0.4,SARSA + PS,999,390,-168,90,11,1
0.4,SARSA + PS,999,391,-37,31,3,1
0.4,SARSA + PS,999,392,-179,92,12,1
0.4,SARSA + PS,999,393,-14,26,1,1
0.4,SARSA + PS,999,394,-1,22,0,1
0.4,SARSA + PS,999,395,-222,99,16,1
0.4,SARSA + PS,999,396,-497,200,33,0
0.4,SARSA + PS,999,397,-18,21,2,1
0.4,SARSA + PS,999,398,-317,131,23,1
0.4,SARSA + PS,999,399,-497,200,33,0
0.4,SARSA + PS,999,400,-33,27,3,1
0.4,SARSA + PS,999,401,-37,31,3,1
0.4,SARSA + PS,999,402,-5,17,1,1
0.4,SARSA + PS,999,403,-121,79,7,1
0.4,SARSA + PS,999,404,-162,66,13,1
0.4,SARSA + PS,999,405,-321,153,21,1
0.4,SARSA + PS,999,406,-137,59,11,1
0.4,SARSA + PS,999,407,6,15,0,1
0.4,SARSA + PS,999,408,-24,18,3,1
0.4,SARSA + PS,999,409,-13,25,1,1
0.4,SARSA + PS,999,410,-139,70,10,1
0.4,SARSA + PS,999,411,-344,200,16,0
0.4,SARSA + PS,999,412,-95,53,7,1
0.4,SARSA + PS,999,413,-10,22,1,1
0.4,SARSA + PS,999,414,-374,170,25,1
0.4,SARSA + PS,999,415,-29,23,3,1
0.4,SARSA + PS,999,416,-68,35,6,1
0.4,SARSA + PS,999,417,-145,67,11,1
0.4,SARSA + PS,999,418,-119,50,10,1
0.4,SARSA + PS,999,419,1,11,1,1
0.4,SARSA + PS,999,420,-443,200,27,0
0.4,SARSA + PS,999,421,-13,16,2,1
0.4,SARSA + PS,999,422,-330,135,24,1
0.4,SARSA + PS,999,423,-85,34,8,1
0.4,SARSA + PS,999,424,1,11,1,1
0.4,SARSA + PS,999,425,-86,44,7,1
0.4,SARSA + PS,999,426,-96,63,6,1
0.4,SARSA + PS,999,427,-16,19,2,1
0.4,SARSA + PS,999,428,-24,18,3,1
0.4,SARSA + PS,999,429,-104,53,8,1
0.4,SARSA + PS,999,430,-46,31,4,1
0.4,SARSA + PS,999,431,-80,47,6,1
0.4,SARSA + PS,999,432,-17,20,2,1
0.4,SARSA + PS,999,433,-54,30,5,1
0.4,SARSA + PS,999,434,-36,30,3,1
0.4,SARSA + PS,999,435,0,12,1,1
0.4,SARSA + PS,999,436,-35,38,2,1
0.4,SARSA + PS,999,437,-87,45,7,1
0.4,SARSA + PS,999,438,-10,22,1,1
0.4,SARSA + PS,999,439,-139,52,12,1
0.4,SARSA + PS,999,440,-8,11,2,1
0.4,SARSA + PS,999,441,-64,49,4,1
0.4,SARSA + PS,999,442,-22,25,2,1
0.4,SARSA + PS,999,443,12,9,0,1
0.4,SARSA + PS,999,444,-85,61,5,1
0.4,SARSA + PS,999,445,5,16,0,1
0.4,SARSA + PS,999,446,-35,29,3,1
0.4,SARSA + PS,999,447,11,10,0,1
0.4,SARSA + PS,999,448,-182,77,14,1
0.4,SARSA + PS,999,449,-105,54,8,1
0.4,SARSA + PS,999,450,-42,27,4,1
0.4,SARSA + PS,999,451,-30,24,3,1
0.4,SARSA + PS,999,452,-2,14,1,1
0.4,SARSA + PS,999,453,-187,100,12,1
0.4,SARSA + PS,999,454,-398,200,22,0
0.4,SARSA + PS,999,455,-86,71,4,1
0.4,SARSA + PS,999,456,-17,20,2,1
0.4,SARSA + PS,999,457,-443,200,27,0
0.4,SARSA + PS,999,458,-169,82,12,1
0.4,SARSA + PS,999,459,-57,33,5,1
0.4,SARSA + PS,999,460,-102,69,6,1
0.4,SARSA + PS,999,461,-398,200,22,0
0.4,SARSA + PS,999,462,-407,200,23,0
0.4,SARSA + PS,999,463,-172,76,13,1
0.4,SARSA + PS,999,464,-71,56,4,1
0.4,SARSA + PS,999,465,-14,26,1,1
0.4,SARSA + PS,999,466,-92,50,7,1
0.4,SARSA + PS,999,467,-15,36,0,1
0.4,SARSA + PS,999,468,-141,72,10,1
0.4,SARSA + PS,999,469,-363,159,25,1
0.4,SARSA + PS,999,470,-239,107,17,1
0.4,SARSA + PS,999,471,-108,66,7,1
0.4,SARSA + PS,999,472,-425,200,25,0
0.4,SARSA + PS,999,473,-179,92,12,1
0.4,SARSA + PS,999,474,-197,92,14,1
0.4,SARSA + PS,999,475,2,19,0,1
0.4,SARSA + PS,999,476,-263,131,17,1
0.4,SARSA + PS,999,477,-133,55,11,1
0.4,SARSA + PS,999,478,-66,33,6,1
0.4,SARSA + PS,999,479,-107,29,11,1
0.4,SARSA + PS,999,480,-33,36,2,1
0.4,SARSA + PS,999,481,-128,50,11,1
0.4,SARSA + PS,999,482,10,11,0,1
0.4,SARSA + PS,999,483,-335,149,23,1
0.4,SARSA + PS,999,484,-162,93,10,1
0.4,SARSA + PS,999,485,-199,85,15,1
0.4,SARSA + PS,999,486,-84,51,6,1
0.4,SARSA + PS,999,487,-340,172,21,1
0.4,SARSA + PS,999,488,-27,21,3,1
0.4,SARSA + PS,999,489,-141,126,4,1
0.4,SARSA + PS,999,490,-13,16,2,1
0.4,SARSA + PS,999,491,-50,35,4,1
0.4,SARSA + PS,999,492,-4,25,0,1
0.4,SARSA + PS,999,493,-53,38,4,1
0.4,SARSA + PS,999,494,-385,172,26,1
0.4,SARSA + PS,999,495,-52,37,4,1
0.4,SARSA + PS,999,496,-6,18,1,1
0.4,SARSA + PS,999,497,-239,152,12,1
0.4,SARSA + PS,999,498,-35,29,3,1
0.4,SARSA + PS,999,499,-71,47,5,1
0.4,SARSA + PS,2024,0,-695,200,55,0
0.4,SARSA + PS,2024,1,-131,44,12,1
0.4,SARSA + PS,2024,2,-515,200,35,0
0.4,SARSA + PS,2024,3,-659,200,51,0
0.4,SARSA + PS,2024,4,-740,200,60,0
0.4,SARSA + PS,2024,5,-569,200,41,0
0.4,SARSA + PS,2024,6,-569,200,41,0
0.4,SARSA + PS,2024,7,-560,200,40,0
0.4,SARSA + PS,2024,8,-641,200,49,0
0.4,SARSA + PS,2024,9,-623,200,47,0
0.4,SARSA + PS,2024,10,-677,200,53,0
0.4,SARSA + PS,2024,11,-623,200,47,0
0.4,SARSA + PS,2024,12,-731,200,59,0
0.4,SARSA + PS,2024,13,-758,200,62,0
0.4,SARSA + PS,2024,14,-659,200,51,0
0.4,SARSA + PS,2024,15,-351,174,22,1
0.4,SARSA + PS,2024,16,-677,200,53,0
0.4,SARSA + PS,2024,17,-50,35,4,1
0.4,SARSA + PS,2024,18,-407,200,23,0
0.4,SARSA + PS,2024,19,-605,200,45,0
0.4,SARSA + PS,2024,20,-407,200,23,0
0.4,SARSA + PS,2024,21,-389,200,21,0
0.4,SARSA + PS,2024,22,-551,200,39,0
0.4,SARSA + PS,2024,23,-560,200,40,0
0.4,SARSA + PS,2024,24,-443,200,27,0
0.4,SARSA + PS,2024,25,-460,175,34,1
0.4,SARSA + PS,2024,26,-650,200,50,0
0.4,SARSA + PS,2024,27,-524,200,36,0
0.4,SARSA + PS,2024,28,-416,200,24,0
0.4,SARSA + PS,2024,29,-479,200,31,0
0.4,SARSA + PS,2024,30,-596,200,44,0
0.4,SARSA + PS,2024,31,-506,200,34,0
0.4,SARSA + PS,2024,32,-80,38,7,1
0.4,SARSA + PS,2024,33,-353,149,25,1
0.4,SARSA + PS,2024,34,-704,200,56,0
0.4,SARSA + PS,2024,35,-416,200,24,0
0.4,SARSA + PS,2024,36,-731,200,59,0
0.4,SARSA + PS,2024,37,-560,200,40,0
0.4,SARSA + PS,2024,38,-85,61,5,1
0.4,SARSA + PS,2024,39,-362,200,18,0
0.4,SARSA + PS,2024,40,-560,200,40,0
0.4,SARSA + PS,2024,41,-443,200,27,0
0.4,SARSA + PS,2024,42,-362,200,18,0
0.4,SARSA + PS,2024,43,-650,200,50,0
0.4,SARSA + PS,2024,44,-596,200,44,0
0.4,SARSA + PS,2024,45,-407,200,23,0
0.4,SARSA + PS,2024,46,-373,178,24,1
0.4,SARSA + PS,2024,47,-452,200,28,0
0.4,SARSA + PS,2024,48,-533,200,37,0
0.4,SARSA + PS,2024,49,-416,200,24,0
0.4,SARSA + PS,2024,50,-398,200,22,0
0.4,SARSA + PS,2024,51,-155,86,10,1
0.4,SARSA + PS,2024,52,-371,200,19,0
0.4,SARSA + PS,2024,53,-93,60,6,1
0.4,SARSA + PS,2024,54,-479,200,31,0
0.4,SARSA + PS,2024,55,-144,75,10,1
0.4,SARSA + PS,2024,56,-389,200,21,0
0.4,SARSA + PS,2024,57,-100,49,8,1
0.4,SARSA + PS,2024,58,-389,200,21,0
0.4,SARSA + PS,2024,59,-488,200,32,0
0.4,SARSA + PS,2024,60,-497,200,33,0
0.4,SARSA + PS,2024,61,-238,133,14,1
0.4,SARSA + PS,2024,62,-758,200,62,0
0.4,SARSA + PS,2024,63,-362,200,18,0
0.4,SARSA + PS,2024,64,-443,200,27,0
0.4,SARSA + PS,2024,65,-330,171,20,1
0.4,SARSA + PS,2024,66,-307,139,21,1
0.4,SARSA + PS,2024,67,-524,200,36,0
0.4,SARSA + PS,2024,68,-533,200,37,0
0.4,SARSA + PS,2024,69,-425,200,25,0
0.4,SARSA + PS,2024,70,-403,163,29,1
0.4,SARSA + PS,2024,71,-170,110,9,1
0.4,SARSA + PS,2024,72,-398,200,22,0
0.4,SARSA + PS,2024,73,-470,200,30,0
0.4,SARSA + PS,2024,74,-470,200,30,0
0.4,SARSA + PS,2024,75,-70,46,5,1
0.4,SARSA + PS,2024,76,-470,200,30,0
0.4,SARSA + PS,2024,77,-353,200,17,0
0.4,SARSA + PS,2024,78,-158,80,11,1
0.4,SARSA + PS,2024,79,-443,200,27,0
0.4,SARSA + PS,2024,80,-416,200,24,0
0.4,SARSA + PS,2024,81,-371,200,19,0
0.4,SARSA + PS,2024,82,-533,200,37,0
0.4,SARSA + PS,2024,83,-434,200,26,0
0.4,SARSA + PS,2024,84,-270,111,20,1
0.4,SARSA + PS,2024,85,-479,200,31,0
0.4,SARSA + PS,2024,86,-162,84,11,1
0.4,SARSA + PS,2024,87,-434,200,26,0
0.4,SARSA + PS,2024,88,-380,200,20,0
0.4,SARSA + PS,2024,89,-533,200,37,0
0.4,SARSA + PS,2024,90,-41,53,1,1
0.4,SARSA + PS,2024,91,-398,200,22,0
0.4,SARSA + PS,2024,92,-432,192,29,1
0.4,SARSA + PS,2024,93,-362,194,21,1
0.4,SARSA + PS,2024,94,-434,200,26,0
0.4,SARSA + PS,2024,95,-425,200,25,0
0.4,SARSA + PS,2024,96,-434,200,26,0
0.4,SARSA + PS,2024,97,-434,200,26,0
0.4,SARSA + PS,2024,98,-316,157,20,1
0.4,SARSA + PS,2024,99,-380,200,20,0
0.4,SARSA + PS,2024,100,-62,29,6,1
0.4,SARSA + PS,2024,101,-407,200,23,0
0.4,SARSA + PS,2024,102,-380,200,20,0
0.4,SARSA + PS,2024,103,-388,166,27,1
0.4,SARSA + PS,2024,104,-434,200,26,0
0.4,SARSA + PS,2024,105,-380,200,20,0
0.4,SARSA + PS,2024,106,-353,200,17,0
0.4,SARSA + PS,2024,107,-11,23,1,1
0.4,SARSA + PS,2024,108,-64,49,4,1
0.4,SARSA + PS,2024,109,-452,200,28,0
0.4,SARSA + PS,2024,110,-398,200,22,0
0.4,SARSA + PS,2024,111,-72,39,6,1
0.4,SARSA + PS,2024,112,-524,200,36,0
0.4,SARSA + PS,2024,113,-488,200,32,0
0.4,SARSA + PS,2024,114,-280,148,17,1
0.4,SARSA + PS,2024,115,-106,73,6,1
0.4,SARSA + PS,2024,116,-371,200,19,0
0.4,SARSA + PS,2024,117,-398,200,22,0
0.4,SARSA + PS,2024,118,-434,200,26,0
0.4,SARSA + PS,2024,119,-61,37,5,1
0.4,SARSA + PS,2024,120,-425,200,25,0
0.4,SARSA + PS,2024,121,-407,200,23,0
0.4,SARSA + PS,2024,122,-407,200,23,0
0.4,SARSA + PS,2024,123,-62,20,7,1
0.4,SARSA + PS,2024,124,-461,200,29,0
0.4,SARSA + PS,2024,125,0,12,1,1
0.4,SARSA + PS,2024,126,-428,170,31,1
0.4,SARSA + PS,2024,127,-152,83,10,1
0.4,SARSA + PS,2024,128,-434,200,26,0
0.4,SARSA + PS,2024,129,-425,200,25,0
0.4,SARSA + PS,2024,130,-79,46,6,1
0.4,SARSA + PS,2024,131,-407,200,23,0
0.4,SARSA + PS,2024,132,-10,22,1,1
0.4,SARSA + PS,2024,133,-3,15,1,1
0.4,SARSA + PS,2024,134,-72,48,5,1
0.4,SARSA + PS,2024,135,-243,138,14,1
0.4,SARSA + PS,2024,136,-443,200,27,0
0.4,SARSA + PS,2024,137,-107,47,9,1
0.4,SARSA + PS,2024,138,-67,52,4,1
0.4,SARSA + PS,2024,139,-313,154,20,1
0.4,SARSA + PS,2024,140,-470,200,30,0
0.4,SARSA + PS,2024,141,-434,200,26,0
0.4,SARSA + PS,2024,142,-407,200,23,0
0.4,SARSA + PS,2024,143,-452,200,28,0
0.4,SARSA + PS,2024,144,-84,60,5,1
0.4,SARSA + PS,2024,145,-335,200,15,0
0.4,SARSA + PS,2024,146,-470,200,30,0
0.4,SARSA + PS,2024,147,-31,34,2,1
0.4,SARSA + PS,2024,148,-266,143,16,1
0.4,SARSA + PS,2024,149,-181,94,12,1
0.4,SARSA + PS,2024,150,-57,42,4,1
0.4,SARSA + PS,2024,151,-470,200,30,0
0.4,SARSA + PS,2024,152,-114,72,7,1
0.4,SARSA + PS,2024,153,-358,172,23,1
0.4,SARSA + PS,2024,154,8,13,0,1
0.4,SARSA + PS,2024,155,-443,200,27,0
0.4,SARSA + PS,2024,156,-47,32,4,1
0.4,SARSA + PS,2024,157,-434,200,26,0
0.4,SARSA + PS,2024,158,-84,60,5,1
0.4,SARSA + PS,2024,159,-156,105,8,1
0.4,SARSA + PS,2024,160,-452,200,28,0
0.4,SARSA + PS,2024,161,-394,190,25,1
0.4,SARSA + PS,2024,162,-64,40,5,1
0.4,SARSA + PS,2024,163,-479,200,31,0
0.4,SARSA + PS,2024,164,-12,15,2,1
0.4,SARSA + PS,2024,165,-389,200,21,0
0.4,SARSA + PS,2024,166,-193,97,13,1
0.4,SARSA + PS,2024,167,-416,200,24,0
0.4,SARSA + PS,2024,168,-129,60,10,1
0.4,SARSA + PS,2024,169,-380,200,20,0
0.4,SARSA + PS,2024,170,-43,37,3,1
0.4,SARSA + PS,2024,171,-371,200,19,0
0.4,SARSA + PS,2024,172,-488,200,32,0
0.4,SARSA + PS,2024,173,-337,169,21,1
0.4,SARSA + PS,2024,174,-398,200,22,0
0.4,SARSA + PS,2024,175,-380,200,20,0
0.4,SARSA + PS,2024,176,-169,109,9,1
0.4,SARSA + PS,2024,177,-524,200,36,0
0.4,SARSA + PS,2024,178,-497,200,33,0
0.4,SARSA + PS,2024,179,-208,103,14,1
0.4,SARSA + PS,2024,180,-98,47,8,1
0.4,SARSA + PS,2024,181,-39,33,3,1
0.4,SARSA + PS,2024,182,-443,200,27,0
0.4,SARSA + PS,2024,183,-223,136,12,1
0.4,SARSA + PS,2024,184,5,7,1,1
0.4,SARSA + PS,2024,185,-398,200,22,0
0.4,SARSA + PS,2024,186,-422,191,28,1
0.4,SARSA + PS,2024,187,-66,33,6,1
0.4,SARSA + PS,2024,188,-488,200,32,0
0.4,SARSA + PS,2024,189,-407,200,23,0
0.4,SARSA + PS,2024,190,-249,117,17,1
0.4,SARSA + PS,2024,191,-443,200,27,0
0.4,SARSA + PS,2024,192,-380,200,20,0
0.4,SARSA + PS,2024,193,-434,200,26,0
0.4,SARSA + PS,2024,194,-129,78,8,1
0.4,SARSA + PS,2024,195,-221,116,14,1
0.4,SARSA + PS,2024,196,-209,131,11,1
0.4,SARSA + PS,2024,197,-443,200,27,0
0.4,SARSA + PS,2024,198,-434,200,26,0
0.4,SARSA + PS,2024,199,-398,200,22,0
0.4,SARSA + PS,2024,200,-27,30,2,1
0.4,SARSA + PS,2024,201,-102,42,9,1
0.4,SARSA + PS,2024,202,-398,200,22,0
0.4,SARSA + PS,2024,203,-13,16,2,1
0.4,SARSA + PS,2024,204,-425,200,25,0
0.4,SARSA + PS,2024,205,-181,85,13,1
0.4,SARSA + PS,2024,206,-303,144,20,1
0.4,SARSA + PS,2024,207,-479,200,31,0
0.4,SARSA + PS,2024,208,-353,200,17,0
0.4,SARSA + PS,2024,209,-461,200,29,0
0.4,SARSA + PS,2024,210,-461,200,29,0
0.4,SARSA + PS,2024,211,-443,200,27,0
0.4,SARSA + PS,2024,212,-60,45,4,1
0.4,SARSA + PS,2024,213,-425,200,25,0
0.4,SARSA + PS,2024,214,-443,200,27,0
0.4,SARSA + PS,2024,215,-303,126,22,1
0.4,SARSA + PS,2024,216,-488,200,32,0
0.4,SARSA + PS,2024,217,-407,200,23,0
0.4,SARSA + PS,2024,218,-369,183,23,1
0.4,SARSA + PS,2024,219,-205,118,12,1
0.4,SARSA + PS,2024,220,-398,200,22,0
0.4,SARSA + PS,2024,221,-416,200,24,0
0.4,SARSA + PS,2024,222,-407,200,23,0
0.4,SARSA + PS,2024,223,-214,118,13,1
0.4,SARSA + PS,2024,224,-479,200,31,0
0.4,SARSA + PS,2024,225,-110,68,7,1
0.4,SARSA + PS,2024,226,-389,200,21,0
0.4,SARSA + PS,2024,227,-100,49,8,1
0.4,SARSA + PS,2024,228,-436,196,29,1
0.4,SARSA + PS,2024,229,-488,200,32,0
0.4,SARSA + PS,2024,230,-87,54,6,1
0.4,SARSA + PS,2024,231,-155,59,13,1
0.4,SARSA + PS,2024,232,-452,200,28,0
0.4,SARSA + PS,2024,233,-73,40,6,1
0.4,SARSA + PS,2024,234,-479,200,31,0
0.4,SARSA + PS,2024,235,-233,110,16,1
0.4,SARSA + PS,2024,236,-470,200,30,0
0.4,SARSA + PS,2024,237,-220,106,15,1
0.4,SARSA + PS,2024,238,-452,200,28,0
0.4,SARSA + PS,2024,239,-398,200,22,0
0.4,SARSA + PS,2024,240,-37,31,3,1
0.4,SARSA + PS,2024,241,-185,98,12,1
0.4,SARSA + PS,2024,242,-7,19,1,1
0.4,SARSA + PS,2024,243,-479,200,31,0
0.4,SARSA + PS,2024,244,-30,42,1,1
0.4,SARSA + PS,2024,245,-356,179,22,1
0.4,SARSA + PS,2024,246,-398,200,22,0
0.4,SARSA + PS,2024,247,-155,68,12,1
0.4,SARSA + PS,2024,248,-85,43,7,1
0.4,SARSA + PS,2024,249,-416,200,24,0
0.4,SARSA + PS,2024,250,-443,200,27,0
0.4,SARSA + PS,2024,251,-425,200,25,0
0.4,SARSA + PS,2024,252,-126,75,8,1
0.4,SARSA + PS,2024,253,-211,106,14,1
0.4,SARSA + PS,2024,254,-452,200,28,0
0.4,SARSA + PS,2024,255,-12,15,2,1
0.4,SARSA + PS,2024,256,-57,33,5,1
0.4,SARSA + PS,2024,257,-416,200,24,0
0.4,SARSA + PS,2024,258,-97,73,5,1
0.4,SARSA + PS,2024,259,-371,200,19,0
0.4,SARSA + PS,2024,260,-315,138,22,1
0.4,SARSA + PS,2024,261,-27,30,2,1
0.4,SARSA + PS,2024,262,-127,58,10,1
0.4,SARSA + PS,2024,263,-341,155,23,1
0.4,SARSA + PS,2024,264,-399,168,28,1
0.4,SARSA + PS,2024,265,-228,132,13,1
0.4,SARSA + PS,2024,266,-398,200,22,0
0.4,SARSA + PS,2024,267,-104,53,8,1
0.4,SARSA + PS,2024,268,-470,200,30,0
0.4,SARSA + PS,2024,269,-97,73,5,1
0.4,SARSA + PS,2024,270,-129,69,9,1
0.4,SARSA + PS,2024,271,-434,200,26,0
0.4,SARSA + PS,2024,272,-39,33,3,1
0.4,SARSA + PS,2024,273,-282,168,15,1
0.4,SARSA + PS,2024,274,-470,200,30,0
0.4,SARSA + PS,2024,275,-137,59,11,1
0.4,SARSA + PS,2024,276,-416,200,24,0
0.4,SARSA + PS,2024,277,-17,20,2,1
0.4,SARSA + PS,2024,278,-26,29,2,1
0.4,SARSA + PS,2024,279,-12,24,1,1
0.4,SARSA + PS,2024,280,-230,98,17,1
0.4,SARSA + PS,2024,281,-506,200,34,0
0.4,SARSA + PS,2024,282,-479,200,31,0
0.4,SARSA + PS,2024,283,-443,200,27,0
0.4,SARSA + PS,2024,284,-452,200,28,0
0.4,SARSA + PS,2024,285,-443,200,27,0
0.4,SARSA + PS,2024,286,-339,198,18,1
0.4,SARSA + PS,2024,287,-416,200,24,0
0.4,SARSA + PS,2024,288,-362,200,18,0
0.4,SARSA + PS,2024,289,-28,22,3,1
0.4,SARSA + PS,2024,290,-133,73,9,1
0.4,SARSA + PS,2024,291,-425,200,25,0
0.4,SARSA + PS,2024,292,-76,43,6,1
0.4,SARSA + PS,2024,293,-85,61,5,1
0.4,SARSA + PS,2024,294,-50,44,3,1
0.4,SARSA + PS,2024,295,-433,193,29,1
0.4,SARSA + PS,2024,296,-398,200,22,0
0.4,SARSA + PS,2024,297,-210,123,12,1
0.4,SARSA + PS,2024,298,-95,62,6,1
0.4,SARSA + PS,2024,299,-314,173,18,1
0.4,SARSA + PS,2024,300,-55,40,4,1
0.4,SARSA + PS,2024,301,-26,20,3,1
0.4,SARSA + PS,2024,302,-167,98,10,1
0.4,SARSA + PS,2024,303,-264,123,18,1
0.4,SARSA + PS,2024,304,-17,20,2,1
0.4,SARSA + PS,2024,305,-69,36,6,1
0.4,SARSA + PS,2024,306,-379,175,25,1
0.4,SARSA + PS,2024,307,-314,146,21,1
0.4,SARSA + PS,2024,308,-443,200,27,0
0.4,SARSA + PS,2024,309,-327,150,22,1
0.4,SARSA + PS,2024,310,-54,39,4,1
0.4,SARSA + PS,2024,311,-236,131,14,1
0.4,SARSA + PS,2024,312,-3,24,0,1
0.4,SARSA + PS,2024,313,-38,41,2,1
0.4,SARSA + PS,2024,314,-132,72,9,1
0.4,SARSA + PS,2024,315,-389,200,21,0
0.4,SARSA + PS,2024,316,-461,200,29,0
0.4,SARSA + PS,2024,317,-227,131,13,1
0.4,SARSA + PS,2024,318,-354,195,20,1
0.4,SARSA + PS,2024,319,-84,51,6,1
0.4,SARSA + PS,2024,320,-416,200,24,0
0.4,SARSA + PS,2024,321,-407,200,23,0
0.4,SARSA + PS,2024,322,-8,20,1,1
0.4,SARSA + PS,2024,323,-217,112,14,1
0.4,SARSA + PS,2024,324,-133,73,9,1
0.4,SARSA + PS,2024,325,-266,125,18,1
0.4,SARSA + PS,2024,326,-50,35,4,1
0.4,SARSA + PS,2024,327,-83,41,7,1
0.4,SARSA + PS,2024,328,-330,180,19,1
0.4,SARSA + PS,2024,329,1,11,1,1
0.4,SARSA + PS,2024,330,-55,31,5,1
0.4,SARSA + PS,2024,331,-30,33,2,1
0.4,SARSA + PS,2024,332,-52,37,4,1
0.4,SARSA + PS,2024,333,-461,200,29,0
0.4,SARSA + PS,2024,334,-55,40,4,1
0.4,SARSA + PS,2024,335,-16,37,0,1
0.4,SARSA + PS,2024,336,-364,187,22,1
0.4,SARSA + PS,2024,337,-17,20,2,1
0.4,SARSA + PS,2024,338,-43,28,4,1
0.4,SARSA + PS,2024,339,-488,200,32,0
0.4,SARSA + PS,2024,340,-49,34,4,1
0.4,SARSA + PS,2024,341,-12,15,2,1
0.4,SARSA + PS,2024,342,-371,140,28,1
0.4,SARSA + PS,2024,343,8,13,0,1
0.4,SARSA + PS,2024,344,-8,29,0,1
0.4,SARSA + PS,2024,345,-425,200,25,0
0.4,SARSA + PS,2024,346,-452,200,28,0
0.4,SARSA + PS,2024,347,-179,92,12,1
0.4,SARSA + PS,2024,348,-106,64,7,1
0.4,SARSA + PS,2024,349,-55,40,4,1
0.4,SARSA + PS,2024,350,-199,112,12,1
0.4,SARSA + PS,2024,351,-4,16,1,1
0.4,SARSA + PS,2024,352,-43,28,4,1
0.4,SARSA + PS,2024,353,-318,132,23,1
0.4,SARSA + PS,2024,354,-71,38,6,1
0.4,SARSA + PS,2024,355,-91,49,7,1
0.4,SARSA + PS,2024,356,-204,81,16,1
0.4,SARSA + PS,2024,357,14,7,0,1
0.4,SARSA + PS,2024,358,-98,56,7,1
0.4,SARSA + PS,2024,359,-10,13,2,1
0.4,SARSA + PS,2024,360,-82,31,8,1
0.4,SARSA + PS,2024,361,-470,200,30,0
0.4,SARSA + PS,2024,362,-41,35,3,1
0.4,SARSA + PS,2024,363,-130,52,11,1
0.4,SARSA + PS,2024,364,-289,130,20,1
0.4,SARSA + PS,2024,365,-89,56,6,1
0.4,SARSA + PS,2024,366,-82,49,6,1
0.4,SARSA + PS,2024,367,-210,105,14,1
0.4,SARSA + PS,2024,368,-101,68,6,1
0.4,SARSA + PS,2024,369,-20,23,2,1
0.4,SARSA + PS,2024,370,-578,200,42,0
0.4,SARSA + PS,2024,371,-443,200,27,0
0.4,SARSA + PS,2024,372,-163,112,8,1
0.4,SARSA + PS,2024,373,-2,14,1,1
0.4,SARSA + PS,2024,374,-294,171,16,1
0.4,SARSA + PS,2024,375,-10,22,1,1
0.4,SARSA + PS,2024,376,-398,200,22,0
0.4,SARSA + PS,2024,377,-416,194,27,1
0.4,SARSA + PS,2024,378,-107,47,9,1
0.4,SARSA + PS,2024,379,-303,135,21,1
0.4,SARSA + PS,2024,380,-29,23,3,1
0.4,SARSA + PS,2024,381,-315,147,21,1
0.4,SARSA + PS,2024,382,-28,31,2,1
0.4,SARSA + PS,2024,383,-90,57,6,1
0.4,SARSA + PS,2024,384,4,17,0,1
0.4,SARSA + PS,2024,385,-470,200,30,0
0.4,SARSA + PS,2024,386,-215,137,11,1
0.4,SARSA + PS,2024,387,-201,114,12,1
0.4,SARSA + PS,2024,388,-324,156,21,1
0.4,SARSA + PS,2024,389,6,15,0,1
0.4,SARSA + PS,2024,390,-241,127,15,1
0.4,SARSA + PS,2024,391,-84,51,6,1
0.4,SARSA + PS,2024,392,-67,43,5,1
0.4,SARSA + PS,2024,393,-229,106,16,1
0.4,SARSA + PS,2024,394,-37,22,4,1
0.4,SARSA + PS,2024,395,-33,27,3,1
0.4,SARSA + PS,2024,396,-6,18,1,1
0.4,SARSA + PS,2024,397,-49,43,3,1
0.4,SARSA + PS,2024,398,-211,106,14,1
0.4,SARSA + PS,2024,399,-177,90,12,1
0.4,SARSA + PS,2024,400,-91,49,7,1
0.4,SARSA + PS,2024,401,-21,33,1,1
0.4,SARSA + PS,2024,402,-9,21,1,1
0.4,SARSA + PS,2024,403,-31,34,2,1
0.4,SARSA + PS,2024,404,-578,200,42,0
0.4,SARSA + PS,2024,405,-17,11,3,1
0.4,SARSA + PS,2024,406,-55,31,5,1
0.4,SARSA + PS,2024,407,-19,13,3,1
0.4,SARSA + PS,2024,408,-416,200,24,0
0.4,SARSA + PS,2024,409,-371,200,19,0
0.4,SARSA + PS,2024,410,-2,14,1,1
0.4,SARSA + PS,2024,411,-86,53,6,1
0.4,SARSA + PS,2024,412,-111,87,5,1
0.4,SARSA + PS,2024,413,-40,25,4,1
0.4,SARSA + PS,2024,414,-348,153,24,1
0.4,SARSA + PS,2024,415,-164,77,12,1
0.4,SARSA + PS,2024,416,-254,104,19,1
0.4,SARSA + PS,2024,417,-28,40,1,1
0.4,SARSA + PS,2024,418,-36,30,3,1
0.4,SARSA + PS,2024,419,-386,191,24,1
0.4,SARSA + PS,2024,420,-24,18,3,1
0.4,SARSA + PS,2024,421,-258,108,19,1
0.4,SARSA + PS,2024,422,-216,93,16,1
0.4,SARSA + PS,2024,423,-1,13,1,1
0.4,SARSA + PS,2024,424,-329,152,22,1
0.4,SARSA + PS,2024,425,-25,19,3,1
0.4,SARSA + PS,2024,426,-170,74,13,1
0.4,SARSA + PS,2024,427,-28,22,3,1
0.4,SARSA + PS,2024,428,-28,22,3,1
0.4,SARSA + PS,2024,429,-10,13,2,1
0.4,SARSA + PS,2024,430,-40,25,4,1
0.4,SARSA + PS,2024,431,-328,133,24,1
0.4,SARSA + PS,2024,432,-64,49,4,1
0.4,SARSA + PS,2024,433,-497,200,33,0
0.4,SARSA + PS,2024,434,-197,110,12,1
0.4,SARSA + PS,2024,435,-113,53,9,1
0.4,SARSA + PS,2024,436,-188,92,13,1
0.4,SARSA + PS,2024,437,-335,200,15,0
0.4,SARSA + PS,2024,438,-353,149,25,1
0.4,SARSA + PS,2024,439,-145,67,11,1
0.4,SARSA + PS,2024,440,-41,26,4,1
0.4,SARSA + PS,2024,441,-8,20,1,1
0.4,SARSA + PS,2024,442,-245,113,17,1
0.4,SARSA + PS,2024,443,-461,200,29,0
0.4,SARSA + PS,2024,444,-93,51,7,1
0.4,SARSA + PS,2024,445,-470,200,30,0
0.4,SARSA + PS,2024,446,-28,22,3,1
0.4,SARSA + PS,2024,447,-180,66,15,1
0.4,SARSA + PS,2024,448,12,9,0,1
0.4,SARSA + PS,2024,449,-264,114,19,1
0.4,SARSA + PS,2024,450,-111,69,7,1
0.4,SARSA + PS,2024,451,-70,46,5,1
0.4,SARSA + PS,2024,452,-63,30,6,1
0.4,SARSA + PS,2024,453,-425,200,25,0
0.4,SARSA + PS,2024,454,-318,141,22,1
0.4,SARSA + PS,2024,455,-6,18,1,1
0.4,SARSA + PS,2024,456,-130,70,9,1
0.4,SARSA + PS,2024,457,-42,36,3,1
0.4,SARSA + PS,2024,458,-58,34,5,1
0.4,SARSA + PS,2024,459,-434,200,26,0
0.4,SARSA + PS,2024,460,-80,47,6,1
0.4,SARSA + PS,2024,461,-53,38,4,1
0.4,SARSA + PS,2024,462,-443,200,27,0
0.4,SARSA + PS,2024,463,-48,51,2,1
0.4,SARSA + PS,2024,464,-109,49,9,1
0.4,SARSA + PS,2024,465,-32,26,3,1
0.4,SARSA + PS,2024,466,-22,16,3,1
0.4,SARSA + PS,2024,467,-191,86,14,1
0.4,SARSA + PS,2024,468,-12,15,2,1
0.4,SARSA + PS,2024,469,-211,124,12,1
0.4,SARSA + PS,2024,470,-23,17,3,1
0.4,SARSA + PS,2024,471,-443,200,27,0
0.4,SARSA + PS,2024,472,-70,37,6,1
0.4,SARSA + PS,2024,473,-44,29,4,1
0.4,SARSA + PS,2024,474,-218,131,12,1
0.4,SARSA + PS,2024,475,-35,29,3,1
0.4,SARSA + PS,2024,476,-290,122,21,1
0.4,SARSA + PS,2024,477,-88,37,8,1
0.4,SARSA + PS,2024,478,10,11,0,1
0.4,SARSA + PS,2024,479,-22,25,2,1
0.4,SARSA + PS,2024,480,-289,121,21,1
0.4,SARSA + PS,2024,481,-61,28,6,1
0.4,SARSA + PS,2024,482,-328,169,20,1
0.4,SARSA + PS,2024,483,-162,93,10,1
0.4,SARSA + PS,2024,484,-11,23,1,1
0.4,SARSA + PS,2024,485,-39,24,4,1
0.4,SARSA + PS,2024,486,-6,18,1,1
0.4,SARSA + PS,2024,487,-53,29,5,1
0.4,SARSA + PS,2024,488,-1,13,1,1
0.4,SARSA + PS,2024,489,-180,102,11,1
0.4,SARSA + PS,2024,490,2,10,1,1
0.4,SARSA + PS,2024,491,-112,70,7,1
0.4,SARSA + PS,2024,492,-52,37,4,1
0.4,SARSA + PS,2024,493,-11,23,1,1
0.4,SARSA + PS,2024,494,6,15,0,1
0.4,SARSA + PS,2024,495,-168,81,12,1
0.4,SARSA + PS,2024,496,-194,107,12,1
0.4,SARSA + PS,2024,497,-4,16,1,1
0.4,SARSA + PS,2024,498,-210,114,13,1
0.4,SARSA + PS,2024,499,-42,27,4,1
