Seed,Episode,Steps
42,0,200
42,1,200
42,2,200
42,3,200
42,4,200
42,5,200
42,6,200
42,7,200
42,8,200
42,9,200
42,10,200
42,11,200
42,12,200
42,13,200
42,14,200
42,15,200
42,16,200
42,17,200
42,18,200
42,19,200
42,20,200
42,21,200
42,22,200
42,23,200
42,24,139
42,25,200
42,26,200
42,27,200
42,28,200
42,29,200
42,30,200
42,31,200
42,32,200
42,33,200
42,34,200
42,35,200
42,36,200
42,37,200
42,38,200
42,39,200
42,40,200
42,41,200
42,42,200
42,43,200
42,44,200
42,45,200
42,46,200
42,47,200
42,48,200
42,49,200
42,50,200
42,51,200
42,52,200
42,53,200
42,54,200
42,55,200
42,56,200
42,57,200
42,58,200
42,59,200
42,60,200
42,61,200
42,62,200
42,63,200
42,64,82
42,65,200
42,66,200
42,67,200
42,68,200
42,69,200
42,70,200
42,71,200
42,72,200
42,73,200
42,74,200
42,75,200
42,76,200
42,77,200
42,78,200
42,79,200
42,80,200
42,81,200
42,82,200
42,83,200
42,84,200
42,85,23
42,86,200
42,87,200
42,88,200
42,89,200
42,90,23
42,91,200
42,92,200
42,93,200
42,94,95
42,95,200
42,96,200
42,97,200
42,98,200
42,99,200
42,100,200
42,101,200
42,102,200
42,103,200
42,104,200
42,105,200
42,106,200
42,107,200
42,108,200
42,109,200
42,110,34
42,111,200
42,112,200
42,113,200
42,114,10
42,115,200
42,116,106
42,117,200
42,118,119
42,119,200
42,120,200
42,121,189
42,122,200
42,123,200
42,124,200
42,125,108
42,126,200
42,127,99
42,128,200
42,129,200
42,130,200
42,131,200
42,132,138
42,133,200
42,134,200
42,135,200
42,136,99
42,137,200
42,138,200
42,139,200
42,140,101
42,141,200
42,142,77
42,143,84
42,144,200
42,145,200
42,146,200
42,147,200
42,148,200
42,149,200
42,150,31
42,151,200
42,152,200
42,153,77
42,154,200
42,155,200
42,156,200
42,157,38
42,158,200
42,159,200
42,160,200
42,161,200
42,162,200
42,163,200
42,164,175
42,165,200
42,166,200
42,167,41
42,168,200
42,169,200
42,170,200
42,171,200
42,172,200
42,173,200
42,174,200
42,175,31
42,176,200
42,177,200
42,178,200
42,179,200
42,180,8
42,181,200
42,182,200
42,183,31
42,184,200
42,185,13
42,186,107
42,187,86
42,188,200
42,189,200
42,190,10
42,191,200
42,192,25
42,193,11
42,194,200
42,195,200
42,196,200
42,197,200
42,198,17
42,199,49
42,200,20
42,201,200
42,202,200
42,203,200
42,204,200
42,205,200
42,206,200
42,207,142
42,208,15
42,209,200
42,210,200
42,211,200
42,212,21
42,213,15
42,214,17
42,215,76
42,216,28
42,217,200
42,218,162
42,219,200
42,220,161
42,221,11
42,222,8
42,223,11
42,224,9
42,225,11
42,226,200
42,227,38
42,228,200
42,229,151
42,230,16
42,231,23
42,232,200
42,233,23
42,234,22
42,235,10
42,236,35
42,237,200
42,238,200
42,239,9
42,240,200
42,241,200
42,242,35
42,243,200
42,244,37
42,245,200
42,246,36
42,247,200
42,248,200
42,249,200
42,250,200
42,251,73
42,252,21
42,253,33
42,254,200
42,255,55
42,256,200
42,257,26
42,258,24
42,259,200
42,260,200
42,261,200
42,262,200
42,263,22
42,264,94
42,265,117
42,266,20
42,267,43
42,268,200
42,269,200
42,270,200
42,271,200
42,272,200
42,273,200
42,274,8
42,275,200
42,276,200
42,277,151
42,278,200
42,279,22
42,280,24
42,281,200
42,282,14
42,283,12
42,284,10
42,285,200
42,286,77
42,287,200
42,288,200
42,289,9
42,290,200
42,291,128
42,292,12
42,293,31
42,294,200
42,295,16
42,296,200
42,297,200
42,298,11
42,299,113
42,300,76
42,301,19
42,302,15
42,303,14
42,304,32
42,305,200
42,306,22
42,307,36
42,308,19
42,309,15
42,310,18
42,311,22
42,312,38
42,313,10
42,314,28
42,315,200
42,316,17
42,317,11
42,318,19
42,319,200
42,320,53
42,321,29
42,322,200
42,323,10
42,324,200
42,325,200
42,326,24
42,327,25
42,328,59
42,329,16
42,330,120
42,331,18
42,332,75
42,333,16
42,334,14
42,335,11
42,336,12
42,337,70
42,338,90
42,339,17
42,340,200
42,341,48
42,342,14
42,343,111
42,344,200
42,345,12
42,346,200
42,347,14
42,348,34
42,349,7
42,350,20
42,351,40
42,352,9
42,353,200
42,354,82
42,355,20
42,356,10
42,357,64
42,358,42
42,359,200
42,360,200
42,361,7
42,362,67
42,363,16
42,364,16
42,365,200
42,366,66
42,367,200
42,368,200
42,369,200
42,370,200
42,371,10
42,372,9
42,373,59
42,374,11
42,375,200
42,376,200
42,377,200
42,378,19
42,379,53
42,380,27
42,381,200
42,382,200
42,383,35
42,384,200
42,385,200
42,386,200
42,387,200
42,388,18
42,389,34
42,390,20
42,391,30
42,392,175
42,393,47
42,394,200
42,395,13
42,396,28
42,397,200
42,398,200
42,399,9
42,400,16
42,401,64
42,402,59
42,403,11
42,404,62
42,405,200
42,406,57
42,407,21
42,408,200
42,409,69
42,410,200
42,411,104
42,412,68
42,413,16
42,414,13
42,415,173
42,416,200
42,417,78
42,418,31
42,419,22
42,420,200
42,421,28
42,422,200
42,423,103
42,424,14
42,425,26
42,426,10
42,427,34
42,428,200
42,429,103
42,430,12
42,431,13
42,432,31
42,433,37
42,434,63
42,435,27
42,436,36
42,437,30
42,438,200
42,439,21
42,440,12
42,441,39
42,442,70
42,443,125
42,444,29
42,445,38
42,446,200
42,447,200
42,448,15
42,449,14
42,450,16
42,451,28
42,452,27
42,453,28
42,454,38
42,455,37
42,456,12
42,457,94
42,458,41
42,459,10
42,460,10
42,461,200
42,462,200
42,463,73
42,464,65
42,465,15
42,466,13
42,467,9
42,468,23
42,469,200
42,470,7
42,471,121
42,472,19
42,473,16
42,474,17
42,475,57
42,476,22
42,477,25
42,478,14
42,479,200
42,480,27
42,481,9
42,482,87
42,483,43
42,484,11
42,485,200
42,486,22
42,487,34
42,488,11
42,489,54
42,490,29
42,491,12
42,492,14
42,493,200
42,494,7
42,495,27
42,496,22
42,497,50
42,498,21
42,499,14
42,500,18
42,501,200
42,502,24
42,503,26
42,504,27
42,505,37
42,506,15
42,507,13
42,508,50
42,509,15
42,510,79
42,511,14
42,512,71
42,513,25
42,514,37
42,515,30
42,516,35
42,517,13
42,518,14
42,519,12
42,520,25
42,521,200
42,522,149
42,523,13
42,524,14
42,525,25
42,526,200
42,527,200
42,528,200
42,529,19
42,530,9
42,531,200
42,532,21
42,533,14
42,534,56
42,535,27
42,536,14
42,537,30
42,538,7
42,539,200
42,540,36
42,541,19
42,542,200
42,543,125
42,544,11
42,545,131
42,546,10
42,547,14
42,548,12
42,549,119
42,550,35
42,551,15
42,552,18
42,553,15
42,554,71
42,555,8
42,556,97
42,557,26
42,558,23
42,559,11
42,560,17
42,561,24
42,562,17
42,563,14
42,564,16
42,565,10
42,566,13
42,567,20
42,568,38
42,569,11
42,570,35
42,571,18
42,572,18
42,573,10
42,574,17
42,575,92
42,576,60
42,577,103
42,578,19
42,579,22
42,580,63
42,581,7
42,582,18
42,583,82
42,584,41
42,585,17
42,586,40
42,587,71
42,588,12
42,589,19
42,590,200
42,591,19
42,592,62
42,593,14
42,594,16
42,595,24
42,596,200
42,597,19
42,598,59
42,599,23
42,600,9
42,601,83
42,602,17
42,603,200
42,604,200
42,605,11
42,606,200
42,607,134
42,608,200
42,609,200
42,610,11
42,611,200
42,612,12
42,613,12
42,614,17
42,615,26
42,616,8
42,617,32
42,618,36
42,619,22
42,620,10
42,621,66
42,622,9
42,623,14
42,624,22
42,625,49
42,626,13
42,627,16
42,628,24
42,629,14
42,630,15
42,631,8
42,632,200
42,633,100
42,634,17
42,635,19
42,636,14
42,637,14
42,638,22
42,639,10
42,640,200
42,641,25
42,642,200
42,643,30
42,644,179
42,645,18
42,646,35
42,647,21
42,648,23
42,649,40
42,650,22
42,651,19
42,652,23
42,653,17
42,654,14
42,655,24
42,656,45
42,657,56
42,658,13
42,659,200
42,660,200
42,661,200
42,662,130
42,663,17
42,664,30
42,665,17
42,666,34
42,667,14
42,668,177
42,669,12
42,670,13
42,671,200
42,672,9
42,673,200
42,674,200
42,675,13
42,676,64
42,677,16
42,678,14
42,679,22
42,680,200
42,681,154
42,682,14
42,683,12
42,684,36
42,685,11
42,686,39
42,687,13
42,688,47
42,689,10
42,690,192
42,691,51
42,692,12
42,693,11
42,694,22
42,695,35
42,696,13
42,697,28
42,698,14
42,699,12
42,700,29
42,701,21
42,702,9
42,703,13
42,704,18
42,705,10
42,706,48
42,707,13
42,708,55
42,709,200
42,710,200
42,711,38
42,712,15
42,713,20
42,714,20
42,715,12
42,716,17
42,717,65
42,718,39
42,719,10
42,720,25
42,721,10
42,722,77
42,723,72
42,724,30
42,725,39
42,726,22
42,727,63
42,728,16
42,729,13
42,730,15
42,731,22
42,732,11
42,733,85
42,734,18
42,735,23
42,736,70
42,737,11
42,738,200
42,739,20
42,740,14
42,741,31
42,742,11
42,743,9
42,744,11
42,745,13
42,746,81
42,747,16
42,748,15
42,749,14
42,750,152
42,751,13
42,752,12
42,753,61
42,754,15
42,755,10
42,756,12
42,757,15
42,758,129
42,759,75
42,760,11
42,761,47
42,762,19
42,763,24
42,764,12
42,765,14
42,766,12
42,767,200
42,768,200
42,769,18
42,770,179
42,771,22
42,772,12
42,773,37
42,774,20
42,775,57
42,776,20
42,777,12
42,778,13
42,779,21
42,780,15
42,781,62
42,782,12
42,783,15
42,784,15
42,785,21
42,786,13
42,787,11
42,788,9
42,789,78
42,790,10
42,791,76
42,792,200
42,793,44
42,794,23
42,795,21
42,796,20
42,797,26
42,798,18
42,799,122
42,800,11
42,801,30
42,802,200
42,803,61
42,804,38
42,805,90
42,806,15
42,807,14
42,808,56
42,809,23
42,810,35
42,811,30
42,812,23
42,813,34
42,814,9
42,815,27
42,816,30
42,817,37
42,818,12
42,819,16
42,820,39
42,821,14
42,822,33
42,823,15
42,824,14
42,825,17
42,826,13
42,827,12
42,828,15
42,829,30
42,830,13
42,831,15
42,832,200
42,833,17
42,834,16
42,835,121
42,836,10
42,837,115
42,838,10
42,839,16
42,840,65
42,841,22
42,842,12
42,843,41
42,844,31
42,845,20
42,846,14
42,847,10
42,848,30
42,849,60
42,850,7
42,851,15
42,852,25
42,853,50
42,854,23
42,855,34
42,856,41
42,857,24
42,858,6
42,859,21
42,860,16
42,861,30
42,862,21
42,863,10
42,864,200
42,865,14
42,866,15
42,867,58
42,868,15
42,869,16
42,870,10
42,871,12
42,872,16
42,873,11
42,874,101
42,875,16
42,876,200
42,877,9
42,878,147
42,879,16
42,880,17
42,881,25
42,882,16
42,883,18
42,884,20
42,885,50
42,886,14
42,887,40
42,888,28
42,889,78
42,890,26
42,891,178
42,892,21
42,893,20
42,894,15
42,895,14
42,896,94
42,897,7
42,898,16
42,899,11
42,900,33
42,901,22
42,902,17
42,903,23
42,904,21
42,905,9
42,906,44
42,907,10
42,908,18
42,909,12
42,910,20
42,911,11
42,912,12
42,913,7
42,914,15
42,915,199
42,916,26
42,917,58
42,918,45
42,919,16
42,920,200
42,921,20
42,922,86
42,923,102
42,924,13
42,925,12
42,926,11
42,927,36
42,928,39
42,929,200
42,930,43
42,931,96
42,932,16
42,933,13
42,934,14
42,935,31
42,936,11
42,937,12
42,938,15
42,939,15
42,940,14
42,941,15
42,942,23
42,943,11
42,944,12
42,945,9
42,946,13
42,947,18
42,948,24
42,949,14
42,950,44
42,951,28
42,952,35
42,953,14
42,954,200
42,955,93
42,956,13
42,957,11
42,958,19
42,959,19
42,960,16
42,961,131
42,962,10
42,963,18
42,964,9
42,965,33
42,966,53
42,967,21
42,968,16
42,969,12
42,970,36
42,971,10
42,972,13
42,973,16
42,974,68
42,975,26
42,976,15
42,977,14
42,978,11
42,979,12
42,980,14
42,981,10
42,982,16
42,983,89
42,984,10
42,985,84
42,986,26
42,987,60
42,988,30
42,989,27
42,990,23
42,991,200
42,992,97
42,993,13
42,994,13
42,995,23
42,996,25
42,997,41
42,998,41
42,999,200
42,1000,17
42,1001,18
42,1002,47
42,1003,28
42,1004,38
42,1005,9
42,1006,79
42,1007,18
42,1008,13
42,1009,17
42,1010,31
42,1011,12
42,1012,200
42,1013,12
42,1014,31
42,1015,13
42,1016,7
42,1017,20
42,1018,98
42,1019,36
42,1020,18
42,1021,27
42,1022,13
42,1023,10
42,1024,18
42,1025,27
42,1026,38
42,1027,8
42,1028,200
42,1029,16
42,1030,12
42,1031,14
42,1032,12
42,1033,31
42,1034,18
42,1035,22
42,1036,19
42,1037,34
42,1038,17
42,1039,9
42,1040,17
42,1041,11
42,1042,22
42,1043,39
42,1044,30
42,1045,11
42,1046,39
42,1047,12
42,1048,15
42,1049,72
42,1050,88
42,1051,38
42,1052,27
42,1053,194
42,1054,21
42,1055,21
42,1056,12
42,1057,22
42,1058,18
42,1059,19
42,1060,200
42,1061,12
42,1062,24
42,1063,40
42,1064,200
42,1065,21
42,1066,29
42,1067,15
42,1068,32
42,1069,20
42,1070,19
42,1071,15
42,1072,146
42,1073,34
42,1074,16
42,1075,200
42,1076,11
42,1077,17
42,1078,18
42,1079,13
42,1080,10
42,1081,200
42,1082,34
42,1083,14
42,1084,9
42,1085,87
42,1086,200
42,1087,11
42,1088,200
42,1089,11
42,1090,56
42,1091,200
42,1092,33
42,1093,13
42,1094,14
42,1095,15
42,1096,18
42,1097,100
42,1098,11
42,1099,7
42,1100,14
42,1101,15
42,1102,24
42,1103,20
42,1104,16
42,1105,20
42,1106,7
42,1107,13
42,1108,14
42,1109,10
42,1110,38
42,1111,7
42,1112,16
42,1113,84
42,1114,37
42,1115,31
42,1116,19
42,1117,14
42,1118,17
42,1119,87
42,1120,15
42,1121,14
42,1122,40
42,1123,200
42,1124,200
42,1125,15
42,1126,15
42,1127,10
42,1128,18
42,1129,81
42,1130,24
42,1131,7
42,1132,14
42,1133,13
42,1134,200
42,1135,200
42,1136,15
42,1137,11
42,1138,15
42,1139,13
42,1140,11
42,1141,12
42,1142,30
42,1143,15
42,1144,34
42,1145,20
42,1146,13
42,1147,38
42,1148,16
42,1149,51
42,1150,32
42,1151,27
42,1152,12
42,1153,9
42,1154,17
42,1155,20
42,1156,13
42,1157,16
42,1158,9
42,1159,12
42,1160,9
42,1161,35
42,1162,11
42,1163,31
42,1164,13
42,1165,7
42,1166,58
42,1167,24
42,1168,13
42,1169,10
42,1170,11
42,1171,32
42,1172,36
42,1173,26
42,1174,16
42,1175,200
42,1176,13
42,1177,10
42,1178,10
42,1179,18
42,1180,13
42,1181,11
42,1182,14
42,1183,12
42,1184,13
42,1185,14
42,1186,16
42,1187,20
42,1188,14
42,1189,11
42,1190,14
42,1191,10
42,1192,14
42,1193,8
42,1194,7
42,1195,10
42,1196,16
42,1197,19
42,1198,16
42,1199,14
42,1200,11
42,1201,11
42,1202,19
42,1203,24
42,1204,10
42,1205,24
42,1206,142
42,1207,10
42,1208,23
42,1209,13
42,1210,16
42,1211,16
42,1212,12
42,1213,7
42,1214,13
42,1215,200
42,1216,40
42,1217,6
42,1218,127
42,1219,15
42,1220,54
42,1221,16
42,1222,12
42,1223,13
42,1224,16
42,1225,18
42,1226,46
42,1227,14
42,1228,9
42,1229,16
42,1230,15
42,1231,15
42,1232,15
42,1233,13
42,1234,10
42,1235,8
42,1236,20
42,1237,14
42,1238,8
42,1239,28
42,1240,14
42,1241,12
42,1242,20
42,1243,16
42,1244,11
42,1245,64
42,1246,12
42,1247,18
42,1248,19
42,1249,22
42,1250,13
42,1251,10
42,1252,6
42,1253,16
42,1254,13
42,1255,13
42,1256,17
42,1257,14
42,1258,20
42,1259,34
42,1260,18
42,1261,10
42,1262,200
42,1263,9
42,1264,25
42,1265,14
42,1266,18
42,1267,188
42,1268,10
42,1269,14
42,1270,37
42,1271,12
42,1272,53
42,1273,18
42,1274,16
42,1275,94
42,1276,16
42,1277,200
42,1278,18
42,1279,24
42,1280,17
42,1281,19
42,1282,68
42,1283,8
42,1284,200
42,1285,17
42,1286,9
42,1287,10
42,1288,200
42,1289,17
42,1290,26
42,1291,13
42,1292,19
42,1293,16
42,1294,13
42,1295,17
42,1296,19
42,1297,200
42,1298,12
42,1299,12
42,1300,200
42,1301,104
42,1302,14
42,1303,20
42,1304,200
42,1305,16
42,1306,29
42,1307,14
42,1308,46
42,1309,13
42,1310,31
42,1311,15
42,1312,34
42,1313,200
42,1314,200
42,1315,200
42,1316,17
42,1317,13
42,1318,11
42,1319,15
42,1320,25
42,1321,15
42,1322,10
42,1323,7
42,1324,34
42,1325,9
42,1326,15
42,1327,25
42,1328,12
42,1329,10
42,1330,61
42,1331,8
42,1332,200
42,1333,11
42,1334,10
42,1335,11
42,1336,14
42,1337,9
42,1338,16
42,1339,25
42,1340,21
42,1341,15
42,1342,10
42,1343,13
42,1344,13
42,1345,37
42,1346,31
42,1347,18
42,1348,15
42,1349,30
42,1350,200
42,1351,18
42,1352,12
42,1353,76
42,1354,12
42,1355,27
42,1356,20
42,1357,13
42,1358,14
42,1359,200
42,1360,16
42,1361,122
42,1362,48
42,1363,156
42,1364,12
42,1365,9
42,1366,18
42,1367,46
42,1368,15
42,1369,29
42,1370,10
42,1371,101
42,1372,9
42,1373,12
42,1374,21
42,1375,28
42,1376,12
42,1377,18
42,1378,10
42,1379,50
42,1380,13
42,1381,12
42,1382,33
42,1383,27
42,1384,32
42,1385,11
42,1386,20
42,1387,17
42,1388,47
42,1389,14
42,1390,18
42,1391,13
42,1392,8
42,1393,11
42,1394,18
42,1395,9
42,1396,15
42,1397,12
42,1398,11
42,1399,15
42,1400,7
42,1401,31
42,1402,11
42,1403,12
42,1404,13
42,1405,28
42,1406,14
42,1407,20
42,1408,11
42,1409,8
42,1410,19
42,1411,21
42,1412,14
42,1413,13
42,1414,20
42,1415,22
42,1416,15
42,1417,10
42,1418,23
42,1419,29
42,1420,24
42,1421,15
42,1422,14
42,1423,14
42,1424,13
42,1425,46
42,1426,17
42,1427,18
42,1428,14
42,1429,131
42,1430,16
42,1431,25
42,1432,14
42,1433,19
42,1434,18
42,1435,40
42,1436,13
42,1437,13
42,1438,25
42,1439,10
42,1440,93
42,1441,17
42,1442,20
42,1443,17
42,1444,14
42,1445,13
42,1446,14
42,1447,12
42,1448,19
42,1449,19
42,1450,19
42,1451,17
42,1452,11
42,1453,9
42,1454,18
42,1455,14
42,1456,35
42,1457,13
42,1458,16
42,1459,83
42,1460,15
42,1461,84
42,1462,94
42,1463,9
42,1464,25
42,1465,20
42,1466,13
42,1467,12
42,1468,15
42,1469,23
42,1470,22
42,1471,31
42,1472,12
42,1473,13
42,1474,8
42,1475,14
42,1476,12
42,1477,10
42,1478,12
42,1479,13
42,1480,19
42,1481,17
42,1482,18
42,1483,13
42,1484,13
42,1485,7
42,1486,17
42,1487,15
42,1488,14
42,1489,11
42,1490,15
42,1491,44
42,1492,143
42,1493,18
42,1494,15
42,1495,10
42,1496,21
42,1497,14
42,1498,16
42,1499,28
42,1500,13
42,1501,24
42,1502,16
42,1503,21
42,1504,14
42,1505,108
42,1506,7
42,1507,200
42,1508,41
42,1509,11
42,1510,17
42,1511,15
42,1512,29
42,1513,16
42,1514,46
42,1515,32
42,1516,36
42,1517,21
42,1518,38
42,1519,13
42,1520,12
42,1521,39
42,1522,29
42,1523,12
42,1524,23
42,1525,39
42,1526,167
42,1527,18
42,1528,17
42,1529,8
42,1530,14
42,1531,23
42,1532,9
42,1533,7
42,1534,18
42,1535,17
42,1536,33
42,1537,9
42,1538,12
42,1539,142
42,1540,10
42,1541,169
42,1542,15
42,1543,14
42,1544,13
42,1545,19
42,1546,36
42,1547,21
42,1548,59
42,1549,29
42,1550,13
42,1551,125
42,1552,78
42,1553,14
42,1554,19
42,1555,17
42,1556,23
42,1557,44
42,1558,28
42,1559,13
42,1560,47
42,1561,9
42,1562,32
42,1563,21
42,1564,8
42,1565,11
42,1566,14
42,1567,15
42,1568,15
42,1569,44
42,1570,6
42,1571,9
42,1572,10
42,1573,23
42,1574,22
42,1575,28
42,1576,20
42,1577,18
42,1578,14
42,1579,33
42,1580,36
42,1581,17
42,1582,44
42,1583,28
42,1584,153
42,1585,28
42,1586,12
42,1587,11
42,1588,7
42,1589,95
42,1590,15
42,1591,15
42,1592,26
42,1593,13
42,1594,28
42,1595,8
42,1596,9
42,1597,200
42,1598,47
42,1599,58
42,1600,23
42,1601,13
42,1602,13
42,1603,11
42,1604,14
42,1605,27
42,1606,18
42,1607,51
42,1608,151
42,1609,35
42,1610,26
42,1611,159
42,1612,20
42,1613,15
42,1614,29
42,1615,13
42,1616,24
42,1617,10
42,1618,15
42,1619,50
42,1620,15
42,1621,15
42,1622,12
42,1623,14
42,1624,11
42,1625,90
42,1626,26
42,1627,14
42,1628,11
42,1629,17
42,1630,26
42,1631,16
42,1632,200
42,1633,11
42,1634,14
42,1635,50
42,1636,13
42,1637,20
42,1638,12
42,1639,12
42,1640,11
42,1641,10
42,1642,37
42,1643,10
42,1644,34
42,1645,15
42,1646,17
42,1647,32
42,1648,200
42,1649,10
42,1650,28
42,1651,15
42,1652,200
42,1653,16
42,1654,55
42,1655,20
42,1656,167
42,1657,12
42,1658,20
42,1659,12
42,1660,200
42,1661,16
42,1662,14
42,1663,200
42,1664,11
42,1665,23
42,1666,125
42,1667,190
42,1668,35
42,1669,12
42,1670,13
42,1671,17
42,1672,28
42,1673,16
42,1674,20
42,1675,15
42,1676,10
42,1677,12
42,1678,42
42,1679,18
42,1680,40
42,1681,14
42,1682,23
42,1683,19
42,1684,32
42,1685,14
42,1686,14
42,1687,21
42,1688,11
42,1689,12
42,1690,14
42,1691,11
42,1692,12
42,1693,11
42,1694,15
42,1695,15
42,1696,40
42,1697,23
42,1698,11
42,1699,66
42,1700,27
42,1701,21
42,1702,99
42,1703,23
42,1704,15
42,1705,66
42,1706,14
42,1707,30
42,1708,14
42,1709,44
42,1710,14
42,1711,18
42,1712,39
42,1713,26
42,1714,8
42,1715,10
42,1716,9
42,1717,17
42,1718,42
42,1719,20
42,1720,18
42,1721,30
42,1722,16
42,1723,19
42,1724,10
42,1725,70
42,1726,16
42,1727,18
42,1728,41
42,1729,24
42,1730,18
42,1731,78
42,1732,14
42,1733,19
42,1734,13
42,1735,23
42,1736,23
42,1737,15
42,1738,14
42,1739,14
42,1740,12
42,1741,13
42,1742,20
42,1743,8
42,1744,13
42,1745,14
42,1746,18
42,1747,16
42,1748,13
42,1749,18
42,1750,75
42,1751,17
42,1752,17
42,1753,14
42,1754,31
42,1755,30
42,1756,36
42,1757,21
42,1758,14
42,1759,16
42,1760,14
42,1761,21
42,1762,15
42,1763,36
42,1764,14
42,1765,8
42,1766,13
42,1767,17
42,1768,19
42,1769,14
42,1770,25
42,1771,14
42,1772,15
42,1773,200
42,1774,23
42,1775,16
42,1776,14
42,1777,19
42,1778,14
42,1779,69
42,1780,16
42,1781,9
42,1782,29
42,1783,12
42,1784,17
42,1785,22
42,1786,12
42,1787,13
42,1788,12
42,1789,39
42,1790,11
42,1791,15
42,1792,12
42,1793,14
42,1794,23
42,1795,10
42,1796,10
42,1797,17
42,1798,13
42,1799,11
42,1800,12
42,1801,15
42,1802,12
42,1803,28
42,1804,15
42,1805,13
42,1806,20
42,1807,35
42,1808,21
42,1809,15
42,1810,15
42,1811,14
42,1812,12
42,1813,13
42,1814,22
42,1815,18
42,1816,17
42,1817,47
42,1818,20
42,1819,11
42,1820,8
42,1821,15
42,1822,15
42,1823,19
42,1824,10
42,1825,15
42,1826,20
42,1827,20
42,1828,11
42,1829,13
42,1830,14
42,1831,18
42,1832,14
42,1833,14
42,1834,11
42,1835,17
42,1836,22
42,1837,12
42,1838,14
42,1839,40
42,1840,14
42,1841,22
42,1842,7
42,1843,20
42,1844,21
42,1845,17
42,1846,14
42,1847,29
42,1848,14
42,1849,15
42,1850,12
42,1851,11
42,1852,22
42,1853,15
42,1854,14
42,1855,11
42,1856,14
42,1857,15
42,1858,20
42,1859,11
42,1860,13
42,1861,12
42,1862,13
42,1863,12
42,1864,22
42,1865,20
42,1866,13
42,1867,19
42,1868,16
42,1869,19
42,1870,16
42,1871,19
42,1872,19
42,1873,23
42,1874,10
42,1875,11
42,1876,28
42,1877,31
42,1878,11
42,1879,16
42,1880,15
42,1881,78
42,1882,16
42,1883,129
42,1884,17
42,1885,35
42,1886,14
42,1887,22
42,1888,15
42,1889,200
42,1890,9
42,1891,200
42,1892,20
42,1893,12
42,1894,12
42,1895,13
42,1896,12
42,1897,15
42,1898,14
42,1899,10
42,1900,11
42,1901,23
42,1902,11
42,1903,80
42,1904,24
42,1905,15
42,1906,16
42,1907,62
42,1908,28
42,1909,200
42,1910,33
42,1911,48
42,1912,15
42,1913,10
42,1914,58
42,1915,21
42,1916,22
42,1917,13
42,1918,14
42,1919,10
42,1920,17
42,1921,18
42,1922,16
42,1923,9
42,1924,19
42,1925,48
42,1926,17
42,1927,20
42,1928,13
42,1929,20
42,1930,51
42,1931,15
42,1932,14
42,1933,21
42,1934,10
42,1935,25
42,1936,15
42,1937,26
42,1938,18
42,1939,20
42,1940,21
42,1941,29
42,1942,200
42,1943,19
42,1944,15
42,1945,16
42,1946,27
42,1947,22
42,1948,15
42,1949,10
42,1950,12
42,1951,12
42,1952,10
42,1953,17
42,1954,18
42,1955,15
42,1956,19
42,1957,13
42,1958,15
42,1959,12
42,1960,17
42,1961,16
42,1962,16
42,1963,200
42,1964,18
42,1965,70
42,1966,22
42,1967,20
42,1968,10
42,1969,24
42,1970,200
42,1971,14
42,1972,200
42,1973,20
42,1974,24
42,1975,18
42,1976,13
42,1977,24
42,1978,13
42,1979,70
42,1980,14
42,1981,19
42,1982,12
42,1983,9
42,1984,8
42,1985,9
42,1986,19
42,1987,87
42,1988,14
42,1989,17
42,1990,200
42,1991,13
42,1992,22
42,1993,10
42,1994,17
42,1995,20
42,1996,13
42,1997,16
42,1998,14
42,1999,9
42,2000,14
42,2001,200
42,2002,15
42,2003,20
42,2004,9
42,2005,17
42,2006,10
42,2007,12
42,2008,13
42,2009,13
42,2010,11
42,2011,21
42,2012,14
42,2013,33
42,2014,17
42,2015,7
42,2016,16
42,2017,75
42,2018,22
42,2019,18
42,2020,14
42,2021,200
42,2022,16
42,2023,11
42,2024,10
42,2025,21
42,2026,11
42,2027,14
42,2028,21
42,2029,15
42,2030,14
42,2031,22
42,2032,30
42,2033,15
42,2034,13
42,2035,11
42,2036,20
42,2037,12
42,2038,32
42,2039,16
42,2040,14
42,2041,15
42,2042,29
42,2043,9
42,2044,18
42,2045,14
42,2046,17
42,2047,15
42,2048,13
42,2049,10
42,2050,20
42,2051,22
42,2052,7
42,2053,13
42,2054,18
42,2055,14
42,2056,47
42,2057,10
42,2058,10
42,2059,18
42,2060,35
42,2061,30
42,2062,14
42,2063,20
42,2064,9
42,2065,55
42,2066,12
42,2067,16
42,2068,12
42,2069,17
42,2070,12
42,2071,13
42,2072,156
42,2073,24
42,2074,23
42,2075,11
42,2076,44
42,2077,200
42,2078,20
42,2079,74
42,2080,14
42,2081,15
42,2082,12
42,2083,40
42,2084,200
42,2085,29
42,2086,51
42,2087,11
42,2088,22
42,2089,7
42,2090,16
42,2091,16
42,2092,27
42,2093,12
42,2094,18
42,2095,11
42,2096,16
42,2097,10
42,2098,24
42,2099,13
42,2100,10
42,2101,26
42,2102,38
42,2103,13
42,2104,16
42,2105,13
42,2106,21
42,2107,10
42,2108,94
42,2109,19
42,2110,30
42,2111,15
42,2112,12
42,2113,15
42,2114,38
42,2115,10
42,2116,21
42,2117,16
42,2118,12
42,2119,22
42,2120,20
42,2121,13
42,2122,19
42,2123,28
42,2124,15
42,2125,16
42,2126,27
42,2127,10
42,2128,200
42,2129,14
42,2130,12
42,2131,16
42,2132,18
42,2133,15
42,2134,8
42,2135,10
42,2136,45
42,2137,10
42,2138,13
42,2139,43
42,2140,14
42,2141,15
42,2142,18
42,2143,37
42,2144,18
42,2145,11
42,2146,8
42,2147,17
42,2148,14
42,2149,14
42,2150,200
42,2151,75
42,2152,23
42,2153,14
42,2154,17
42,2155,24
42,2156,21
42,2157,25
42,2158,20
42,2159,14
42,2160,20
42,2161,15
42,2162,17
42,2163,17
42,2164,12
42,2165,18
42,2166,6
42,2167,74
42,2168,200
42,2169,13
42,2170,15
42,2171,24
42,2172,16
42,2173,22
42,2174,16
42,2175,33
42,2176,12
42,2177,15
42,2178,16
42,2179,13
42,2180,200
42,2181,15
42,2182,15
42,2183,140
42,2184,14
42,2185,17
42,2186,14
42,2187,17
42,2188,9
42,2189,30
42,2190,13
42,2191,18
42,2192,24
42,2193,189
42,2194,16
42,2195,20
42,2196,61
42,2197,14
42,2198,22
42,2199,20
42,2200,43
42,2201,19
42,2202,16
42,2203,89
42,2204,21
42,2205,18
42,2206,200
42,2207,200
42,2208,28
42,2209,15
42,2210,24
42,2211,12
42,2212,20
42,2213,16
42,2214,48
42,2215,200
42,2216,200
42,2217,47
42,2218,13
42,2219,15
42,2220,200
42,2221,12
42,2222,10
42,2223,14
42,2224,6
42,2225,16
42,2226,14
42,2227,37
42,2228,64
42,2229,13
42,2230,15
42,2231,28
42,2232,16
42,2233,17
42,2234,75
42,2235,15
42,2236,23
42,2237,9
42,2238,63
42,2239,26
42,2240,76
42,2241,16
42,2242,200
42,2243,23
42,2244,11
42,2245,21
42,2246,27
42,2247,200
42,2248,184
42,2249,200
42,2250,20
42,2251,9
42,2252,17
42,2253,14
42,2254,13
42,2255,14
42,2256,200
42,2257,200
42,2258,28
42,2259,11
42,2260,12
42,2261,19
42,2262,17
42,2263,32
42,2264,135
42,2265,18
42,2266,11
42,2267,16
42,2268,16
42,2269,22
42,2270,37
42,2271,12
42,2272,37
42,2273,200
42,2274,12
42,2275,19
42,2276,90
42,2277,20
42,2278,20
42,2279,12
42,2280,200
42,2281,12
42,2282,25
42,2283,19
42,2284,14
42,2285,13
42,2286,11
42,2287,15
42,2288,13
42,2289,19
42,2290,13
42,2291,17
42,2292,200
42,2293,15
42,2294,131
42,2295,31
42,2296,59
42,2297,84
42,2298,20
42,2299,25
42,2300,44
42,2301,42
42,2302,18
42,2303,15
42,2304,14
42,2305,25
42,2306,28
42,2307,49
42,2308,18
42,2309,15
42,2310,19
42,2311,200
42,2312,32
42,2313,16
42,2314,14
42,2315,16
42,2316,68
42,2317,18
42,2318,16
42,2319,13
42,2320,8
42,2321,18
42,2322,10
42,2323,10
42,2324,21
42,2325,9
42,2326,33
42,2327,16
42,2328,13
42,2329,11
42,2330,19
42,2331,15
42,2332,22
42,2333,22
42,2334,18
42,2335,17
42,2336,11
42,2337,13
42,2338,15
42,2339,7
42,2340,23
42,2341,8
42,2342,16
42,2343,20
42,2344,13
42,2345,14
42,2346,14
42,2347,14
42,2348,36
42,2349,24
42,2350,12
42,2351,200
42,2352,15
42,2353,12
42,2354,20
42,2355,10
42,2356,19
42,2357,17
42,2358,51
42,2359,43
42,2360,30
42,2361,24
42,2362,16
42,2363,17
42,2364,50
42,2365,33
42,2366,13
42,2367,16
42,2368,19
42,2369,20
42,2370,35
42,2371,12
42,2372,19
42,2373,13
42,2374,10
42,2375,15
42,2376,11
42,2377,47
42,2378,12
42,2379,18
42,2380,21
42,2381,21
42,2382,12
42,2383,10
42,2384,25
42,2385,10
42,2386,31
42,2387,16
42,2388,15
42,2389,10
42,2390,29
42,2391,24
42,2392,14
42,2393,17
42,2394,15
42,2395,10
42,2396,18
42,2397,25
42,2398,17
42,2399,18
42,2400,12
42,2401,18
42,2402,9
42,2403,14
42,2404,23
42,2405,12
42,2406,17
42,2407,10
42,2408,12
42,2409,14
42,2410,13
42,2411,6
42,2412,10
42,2413,24
42,2414,12
42,2415,15
42,2416,16
42,2417,21
42,2418,16
42,2419,15
42,2420,42
42,2421,18
42,2422,22
42,2423,11
42,2424,15
42,2425,19
42,2426,29
42,2427,20
42,2428,19
42,2429,17
42,2430,12
42,2431,18
42,2432,17
42,2433,20
42,2434,14
42,2435,20
42,2436,15
42,2437,13
42,2438,19
42,2439,13
42,2440,21
42,2441,19
42,2442,15
42,2443,17
42,2444,20
42,2445,19
42,2446,16
42,2447,15
42,2448,14
42,2449,16
42,2450,12
42,2451,23
42,2452,10
42,2453,14
42,2454,15
42,2455,10
42,2456,22
42,2457,14
42,2458,15
42,2459,14
42,2460,21
42,2461,20
42,2462,19
42,2463,11
42,2464,21
42,2465,22
42,2466,9
42,2467,11
42,2468,13
42,2469,10
42,2470,12
42,2471,39
42,2472,10
42,2473,19
42,2474,18
42,2475,35
42,2476,18
42,2477,14
42,2478,20
42,2479,200
42,2480,19
42,2481,12
42,2482,24
42,2483,13
42,2484,9
42,2485,16
42,2486,11
42,2487,14
42,2488,14
42,2489,24
42,2490,13
42,2491,14
42,2492,20
42,2493,24
42,2494,10
42,2495,12
42,2496,11
42,2497,14
42,2498,15
42,2499,9
42,2500,16
42,2501,200
42,2502,17
42,2503,29
42,2504,12
42,2505,15
42,2506,12
42,2507,10
42,2508,12
42,2509,51
42,2510,17
42,2511,17
42,2512,15
42,2513,200
42,2514,11
42,2515,7
42,2516,18
42,2517,10
42,2518,14
42,2519,25
42,2520,36
42,2521,16
42,2522,13
42,2523,19
42,2524,20
42,2525,11
42,2526,15
42,2527,16
42,2528,14
42,2529,22
42,2530,12
42,2531,18
42,2532,46
42,2533,16
42,2534,14
42,2535,17
42,2536,19
42,2537,18
42,2538,16
42,2539,19
42,2540,18
42,2541,22
42,2542,11
42,2543,12
42,2544,14
42,2545,16
42,2546,14
42,2547,13
42,2548,14
42,2549,23
42,2550,16
42,2551,17
42,2552,17
42,2553,20
42,2554,13
42,2555,21
42,2556,18
42,2557,13
42,2558,19
42,2559,14
42,2560,17
42,2561,10
42,2562,14
42,2563,16
42,2564,18
42,2565,21
42,2566,19
42,2567,16
42,2568,25
42,2569,10
42,2570,10
42,2571,10
42,2572,14
42,2573,17
42,2574,12
42,2575,17
42,2576,13
42,2577,9
42,2578,16
42,2579,15
42,2580,11
42,2581,20
42,2582,11
42,2583,20
42,2584,18
42,2585,18
42,2586,21
42,2587,19
42,2588,10
42,2589,22
42,2590,11
42,2591,16
42,2592,23
42,2593,8
42,2594,11
42,2595,15
42,2596,9
42,2597,18
42,2598,17
42,2599,13
42,2600,15
42,2601,10
42,2602,19
42,2603,17
42,2604,20
42,2605,32
42,2606,20
42,2607,19
42,2608,10
42,2609,20
42,2610,13
42,2611,18
42,2612,12
42,2613,15
42,2614,13
42,2615,11
42,2616,16
42,2617,11
42,2618,18
42,2619,15
42,2620,14
42,2621,14
42,2622,13
42,2623,33
42,2624,19
42,2625,11
42,2626,15
42,2627,15
42,2628,16
42,2629,15
42,2630,21
42,2631,19
42,2632,12
42,2633,10
42,2634,11
42,2635,22
42,2636,200
42,2637,15
42,2638,17
42,2639,14
42,2640,12
42,2641,13
42,2642,13
42,2643,14
42,2644,23
42,2645,14
42,2646,25
42,2647,13
42,2648,18
42,2649,10
42,2650,16
42,2651,16
42,2652,16
42,2653,9
42,2654,151
42,2655,20
42,2656,19
42,2657,39
42,2658,20
42,2659,13
42,2660,16
42,2661,16
42,2662,12
42,2663,21
42,2664,200
42,2665,200
42,2666,34
42,2667,34
42,2668,15
42,2669,16
42,2670,15
42,2671,200
42,2672,16
42,2673,17
42,2674,9
42,2675,10
42,2676,19
42,2677,12
42,2678,10
42,2679,29
42,2680,11
42,2681,16
42,2682,15
42,2683,15
42,2684,200
42,2685,14
42,2686,18
42,2687,15
42,2688,18
42,2689,16
42,2690,17
42,2691,20
42,2692,200
42,2693,20
42,2694,19
42,2695,200
42,2696,14
42,2697,18
42,2698,13
42,2699,17
42,2700,11
42,2701,16
42,2702,17
42,2703,19
42,2704,20
42,2705,12
42,2706,23
42,2707,12
42,2708,14
42,2709,11
42,2710,8
42,2711,13
42,2712,14
42,2713,18
42,2714,13
42,2715,16
42,2716,13
42,2717,14
42,2718,16
42,2719,16
42,2720,19
42,2721,29
42,2722,17
42,2723,16
42,2724,12
42,2725,13
42,2726,12
42,2727,200
42,2728,20
42,2729,9
42,2730,15
42,2731,16
42,2732,18
42,2733,9
42,2734,15
42,2735,11
42,2736,19
42,2737,12
42,2738,18
42,2739,7
42,2740,18
42,2741,25
42,2742,13
42,2743,12
42,2744,13
42,2745,14
42,2746,27
42,2747,12
42,2748,15
42,2749,12
42,2750,17
42,2751,19
42,2752,11
42,2753,12
42,2754,22
42,2755,8
42,2756,12
42,2757,19
42,2758,15
42,2759,14
42,2760,17
42,2761,21
42,2762,17
42,2763,16
42,2764,17
42,2765,14
42,2766,9
42,2767,19
42,2768,15
42,2769,9
42,2770,8
42,2771,10
42,2772,20
42,2773,12
42,2774,17
42,2775,14
42,2776,14
42,2777,14
42,2778,14
42,2779,18
42,2780,15
42,2781,13
42,2782,13
42,2783,16
42,2784,9
42,2785,16
42,2786,24
42,2787,11
42,2788,12
42,2789,12
42,2790,30
42,2791,11
42,2792,21
42,2793,14
42,2794,12
42,2795,17
42,2796,15
42,2797,26
42,2798,12
42,2799,18
42,2800,19
42,2801,15
42,2802,16
42,2803,16
42,2804,15
42,2805,15
42,2806,14
42,2807,11
42,2808,19
42,2809,15
42,2810,9
42,2811,19
42,2812,16
42,2813,16
42,2814,10
42,2815,18
42,2816,31
42,2817,19
42,2818,13
42,2819,15
42,2820,14
42,2821,16
42,2822,17
42,2823,21
42,2824,18
42,2825,14
42,2826,18
42,2827,13
42,2828,16
42,2829,7
42,2830,21
42,2831,15
42,2832,12
42,2833,18
42,2834,18
42,2835,15
42,2836,18
42,2837,24
42,2838,13
42,2839,17
42,2840,13
42,2841,16
42,2842,10
42,2843,7
42,2844,15
42,2845,17
42,2846,20
42,2847,19
42,2848,17
42,2849,14
42,2850,6
42,2851,133
42,2852,13
42,2853,12
42,2854,11
42,2855,24
42,2856,14
42,2857,14
42,2858,16
42,2859,18
42,2860,9
42,2861,11
42,2862,200
42,2863,17
42,2864,16
42,2865,10
42,2866,11
42,2867,11
42,2868,16
42,2869,9
42,2870,16
42,2871,200
42,2872,26
42,2873,12
42,2874,13
42,2875,14
42,2876,200
42,2877,22
42,2878,14
42,2879,16
42,2880,15
42,2881,8
42,2882,12
42,2883,13
42,2884,31
42,2885,11
42,2886,7
42,2887,13
42,2888,33
42,2889,16
42,2890,15
42,2891,18
42,2892,14
42,2893,16
42,2894,21
42,2895,18
42,2896,15
42,2897,18
42,2898,13
42,2899,8
42,2900,10
42,2901,22
42,2902,11
42,2903,26
42,2904,15
42,2905,11
42,2906,23
42,2907,12
42,2908,18
42,2909,21
42,2910,15
42,2911,28
42,2912,13
42,2913,26
42,2914,15
42,2915,17
42,2916,7
42,2917,15
42,2918,128
42,2919,11
42,2920,13
42,2921,18
42,2922,10
42,2923,10
42,2924,11
42,2925,15
42,2926,22
42,2927,16
42,2928,54
42,2929,18
42,2930,200
42,2931,12
42,2932,200
42,2933,33
42,2934,17
42,2935,13
42,2936,6
42,2937,14
42,2938,9
42,2939,12
42,2940,14
42,2941,12
42,2942,12
42,2943,27
42,2944,12
42,2945,13
42,2946,27
42,2947,200
42,2948,16
42,2949,10
42,2950,17
42,2951,15
42,2952,200
42,2953,33
42,2954,15
42,2955,13
42,2956,16
42,2957,19
42,2958,13
42,2959,16
42,2960,16
42,2961,15
42,2962,200
42,2963,13
42,2964,19
42,2965,9
42,2966,22
42,2967,200
42,2968,17
42,2969,16
42,2970,25
42,2971,19
42,2972,16
42,2973,17
42,2974,10
42,2975,13
42,2976,20
42,2977,36
42,2978,17
42,2979,26
42,2980,21
42,2981,17
42,2982,17
42,2983,17
42,2984,13
42,2985,18
42,2986,13
42,2987,18
42,2988,75
42,2989,15
42,2990,11
42,2991,17
42,2992,9
42,2993,16
42,2994,12
42,2995,22
42,2996,26
42,2997,11
42,2998,15
42,2999,19
123,0,200
123,1,200
123,2,200
123,3,200
123,4,200
123,5,200
123,6,200
123,7,200
123,8,200
123,9,200
123,10,200
123,11,200
123,12,200
123,13,200
123,14,200
123,15,200
123,16,200
123,17,200
123,18,200
123,19,87
123,20,200
123,21,200
123,22,200
123,23,149
123,24,200
123,25,200
123,26,200
123,27,44
123,28,200
123,29,200
123,30,131
123,31,200
123,32,200
123,33,200
123,34,200
123,35,200
123,36,200
123,37,200
123,38,200
123,39,191
123,40,200
123,41,200
123,42,200
123,43,200
123,44,200
123,45,200
123,46,200
123,47,200
123,48,197
123,49,200
123,50,200
123,51,200
123,52,200
123,53,200
123,54,200
123,55,200
123,56,200
123,57,200
123,58,200
123,59,200
123,60,200
123,61,200
123,62,200
123,63,200
123,64,200
123,65,200
123,66,200
123,67,200
123,68,200
123,69,200
123,70,200
123,71,200
123,72,77
123,73,200
123,74,200
123,75,200
123,76,23
123,77,200
123,78,200
123,79,200
123,80,200
123,81,200
123,82,200
123,83,200
123,84,17
123,85,26
123,86,200
123,87,200
123,88,200
123,89,200
123,90,200
123,91,200
123,92,200
123,93,200
123,94,200
123,95,46
123,96,200
123,97,200
123,98,200
123,99,200
123,100,200
123,101,30
123,102,200
123,103,200
123,104,200
123,105,10
123,106,200
123,107,200
123,108,200
123,109,200
123,110,200
123,111,200
123,112,200
123,113,200
123,114,200
123,115,200
123,116,200
123,117,200
123,118,9
123,119,200
123,120,200
123,121,200
123,122,200
123,123,200
123,124,200
123,125,200
123,126,200
123,127,200
123,128,200
123,129,200
123,130,200
123,131,200
123,132,200
123,133,11
123,134,200
123,135,200
123,136,200
123,137,58
123,138,200
123,139,200
123,140,200
123,141,200
123,142,11
123,143,200
123,144,200
123,145,200
123,146,200
123,147,200
123,148,19
123,149,17
123,150,200
123,151,200
123,152,200
123,153,7
123,154,10
123,155,200
123,156,200
123,157,200
123,158,200
123,159,200
123,160,200
123,161,200
123,162,200
123,163,200
123,164,200
123,165,200
123,166,200
123,167,47
123,168,71
123,169,200
123,170,200
123,171,200
123,172,63
123,173,200
123,174,16
123,175,200
123,176,20
123,177,200
123,178,200
123,179,200
123,180,200
123,181,200
123,182,13
123,183,200
123,184,51
123,185,200
123,186,17
123,187,200
123,188,84
123,189,200
123,190,200
123,191,139
123,192,200
123,193,8
123,194,200
123,195,200
123,196,200
123,197,200
123,198,200
123,199,200
123,200,200
123,201,200
123,202,200
123,203,200
123,204,200
123,205,200
123,206,200
123,207,200
123,208,200
123,209,200
123,210,200
123,211,200
123,212,200
123,213,200
123,214,200
123,215,127
123,216,200
123,217,200
123,218,83
123,219,200
123,220,200
123,221,200
123,222,200
123,223,200
123,224,165
123,225,181
123,226,200
123,227,200
123,228,200
123,229,200
123,230,200
123,231,200
123,232,200
123,233,200
123,234,200
123,235,200
123,236,200
123,237,200
123,238,18
123,239,23
123,240,200
123,241,200
123,242,200
123,243,13
123,244,200
123,245,200
123,246,200
123,247,96
123,248,200
123,249,12
123,250,22
123,251,200
123,252,58
123,253,16
123,254,11
123,255,200
123,256,200
123,257,200
123,258,200
123,259,53
123,260,200
123,261,200
123,262,95
123,263,103
123,264,14
123,265,48
123,266,200
123,267,63
123,268,200
123,269,200
123,270,14
123,271,9
123,272,200
123,273,28
123,274,200
123,275,200
123,276,200
123,277,200
123,278,200
123,279,200
123,280,200
123,281,11
123,282,200
123,283,17
123,284,200
123,285,200
123,286,16
123,287,200
123,288,200
123,289,15
123,290,198
123,291,99
123,292,200
123,293,200
123,294,9
123,295,200
123,296,200
123,297,200
123,298,22
123,299,200
123,300,200
123,301,200
123,302,200
123,303,14
123,304,136
123,305,200
123,306,11
123,307,200
123,308,200
123,309,200
123,310,200
123,311,26
123,312,105
123,313,200
123,314,200
123,315,200
123,316,31
123,317,200
123,318,15
123,319,200
123,320,200
123,321,200
123,322,13
123,323,200
123,324,200
123,325,23
123,326,200
123,327,23
123,328,200
123,329,200
123,330,200
123,331,17
123,332,200
123,333,200
123,334,27
123,335,200
123,336,38
123,337,200
123,338,200
123,339,200
123,340,29
123,341,15
123,342,40
123,343,16
123,344,200
123,345,11
123,346,200
123,347,9
123,348,200
123,349,138
123,350,15
123,351,200
123,352,200
123,353,200
123,354,200
123,355,18
123,356,200
123,357,30
123,358,39
123,359,36
123,360,200
123,361,200
123,362,17
123,363,14
123,364,200
123,365,65
123,366,21
123,367,200
123,368,19
123,369,200
123,370,26
123,371,200
123,372,200
123,373,18
123,374,78
123,375,200
123,376,25
123,377,200
123,378,8
123,379,200
123,380,21
123,381,25
123,382,26
123,383,11
123,384,200
123,385,13
123,386,200
123,387,16
123,388,200
123,389,200
123,390,18
123,391,200
123,392,200
123,393,200
123,394,23
123,395,200
123,396,20
123,397,12
123,398,15
123,399,48
123,400,200
123,401,17
123,402,28
123,403,200
123,404,16
123,405,24
123,406,36
123,407,200
123,408,14
123,409,30
123,410,13
123,411,10
123,412,200
123,413,7
123,414,200
123,415,14
123,416,200
123,417,89
123,418,200
123,419,16
123,420,200
123,421,200
123,422,11
123,423,21
123,424,18
123,425,13
123,426,14
123,427,18
123,428,17
123,429,19
123,430,200
123,431,11
123,432,200
123,433,24
123,434,200
123,435,18
123,436,200
123,437,11
123,438,64
123,439,200
123,440,25
123,441,10
123,442,13
123,443,17
123,444,36
123,445,10
123,446,17
123,447,18
123,448,200
123,449,15
123,450,32
123,451,13
123,452,12
123,453,26
123,454,41
123,455,18
123,456,44
123,457,9
123,458,16
123,459,25
123,460,87
123,461,200
123,462,23
123,463,8
123,464,23
123,465,62
123,466,200
123,467,11
123,468,14
123,469,80
123,470,48
123,471,200
123,472,200
123,473,14
123,474,10
123,475,21
123,476,49
123,477,200
123,478,30
123,479,39
123,480,200
123,481,92
123,482,20
123,483,200
123,484,12
123,485,13
123,486,17
123,487,200
123,488,12
123,489,200
123,490,29
123,491,200
123,492,11
123,493,200
123,494,127
123,495,32
123,496,21
123,497,161
123,498,24
123,499,24
123,500,7
123,501,32
123,502,90
123,503,200
123,504,17
123,505,200
123,506,23
123,507,13
123,508,200
123,509,20
123,510,12
123,511,200
123,512,13
123,513,105
123,514,200
123,515,16
123,516,45
123,517,14
123,518,111
123,519,9
123,520,12
123,521,49
123,522,85
123,523,19
123,524,21
123,525,17
123,526,11
123,527,22
123,528,13
123,529,11
123,530,18
123,531,13
123,532,200
123,533,200
123,534,200
123,535,41
123,536,30
123,537,77
123,538,200
123,539,200
123,540,61
123,541,21
123,542,21
123,543,13
123,544,27
123,545,200
123,546,200
123,547,200
123,548,18
123,549,200
123,550,179
123,551,22
123,552,20
123,553,200
123,554,200
123,555,200
123,556,14
123,557,35
123,558,11
123,559,8
123,560,31
123,561,8
123,562,20
123,563,12
123,564,19
123,565,12
123,566,17
123,567,22
123,568,28
123,569,25
123,570,200
123,571,95
123,572,23
123,573,200
123,574,18
123,575,40
123,576,18
123,577,13
123,578,25
123,579,19
123,580,9
123,581,15
123,582,200
123,583,27
123,584,35
123,585,21
123,586,15
123,587,47
123,588,19
123,589,200
123,590,21
123,591,12
123,592,23
123,593,18
123,594,18
123,595,34
123,596,200
123,597,16
123,598,15
123,599,29
123,600,10
123,601,52
123,602,20
123,603,31
123,604,24
123,605,24
123,606,19
123,607,23
123,608,12
123,609,10
123,610,37
123,611,13
123,612,18
123,613,29
123,614,200
123,615,15
123,616,12
123,617,12
123,618,200
123,619,200
123,620,11
123,621,9
123,622,11
123,623,200
123,624,11
123,625,200
123,626,10
123,627,17
123,628,13
123,629,17
123,630,19
123,631,19
123,632,200
123,633,200
123,634,12
123,635,200
123,636,32
123,637,19
123,638,10
123,639,14
123,640,7
123,641,31
123,642,45
123,643,19
123,644,200
123,645,19
123,646,19
123,647,18
123,648,17
123,649,16
123,650,22
123,651,9
123,652,13
123,653,12
123,654,25
123,655,18
123,656,11
123,657,24
123,658,22
123,659,200
123,660,23
123,661,12
123,662,10
123,663,16
123,664,12
123,665,19
123,666,15
123,667,11
123,668,15
123,669,21
123,670,12
123,671,12
123,672,14
123,673,9
123,674,9
123,675,11
123,676,200
123,677,14
123,678,21
123,679,24
123,680,23
123,681,13
123,682,22
123,683,13
123,684,14
123,685,200
123,686,12
123,687,13
123,688,200
123,689,18
123,690,17
123,691,11
123,692,19
123,693,16
123,694,39
123,695,124
123,696,12
123,697,36
123,698,14
123,699,39
123,700,39
123,701,15
123,702,12
123,703,17
123,704,21
123,705,23
123,706,11
123,707,9
123,708,7
123,709,12
123,710,36
123,711,12
123,712,46
123,713,23
123,714,15
123,715,14
123,716,21
123,717,14
123,718,11
123,719,11
123,720,50
123,721,145
123,722,23
123,723,29
123,724,109
123,725,16
123,726,18
123,727,17
123,728,24
123,729,20
123,730,12
123,731,32
123,732,25
123,733,9
123,734,28
123,735,83
123,736,22
123,737,17
123,738,30
123,739,19
123,740,18
123,741,32
123,742,17
123,743,37
123,744,200
123,745,14
123,746,13
123,747,16
123,748,24
123,749,12
123,750,15
123,751,200
123,752,13
123,753,48
123,754,17
123,755,12
123,756,200
123,757,10
123,758,16
123,759,16
123,760,13
123,761,14
123,762,19
123,763,18
123,764,16
123,765,17
123,766,10
123,767,20
123,768,36
123,769,8
123,770,12
123,771,28
123,772,200
123,773,21
123,774,103
123,775,14
123,776,200
123,777,6
123,778,21
123,779,12
123,780,91
123,781,99
123,782,9
123,783,21
123,784,17
123,785,13
123,786,14
123,787,15
123,788,14
123,789,10
123,790,15
123,791,14
123,792,18
123,793,200
123,794,16
123,795,12
123,796,9
123,797,200
123,798,16
123,799,14
123,800,35
123,801,14
123,802,15
123,803,12
123,804,43
123,805,21
123,806,19
123,807,200
123,808,19
123,809,23
123,810,96
123,811,146
123,812,21
123,813,15
123,814,13
123,815,22
123,816,8
123,817,10
123,818,17
123,819,15
123,820,31
123,821,25
123,822,61
123,823,13
123,824,8
123,825,29
123,826,12
123,827,25
123,828,15
123,829,32
123,830,11
123,831,11
123,832,7
123,833,16
123,834,38
123,835,26
123,836,35
123,837,28
123,838,15
123,839,15
123,840,106
123,841,10
123,842,27
123,843,12
123,844,13
123,845,10
123,846,22
123,847,27
123,848,15
123,849,18
123,850,10
123,851,15
123,852,10
123,853,18
123,854,16
123,855,9
123,856,19
123,857,32
123,858,16
123,859,15
123,860,15
123,861,19
123,862,13
123,863,13
123,864,11
123,865,12
123,866,14
123,867,23
123,868,12
123,869,24
123,870,23
123,871,22
123,872,13
123,873,27
123,874,22
123,875,15
123,876,10
123,877,17
123,878,23
123,879,14
123,880,25
123,881,10
123,882,20
123,883,10
123,884,25
123,885,200
123,886,27
123,887,13
123,888,14
123,889,26
123,890,13
123,891,142
123,892,19
123,893,13
123,894,23
123,895,200
123,896,15
123,897,9
123,898,18
123,899,10
123,900,9
123,901,17
123,902,7
123,903,12
123,904,14
123,905,21
123,906,27
123,907,17
123,908,56
123,909,29
123,910,11
123,911,20
123,912,29
123,913,13
123,914,16
123,915,76
123,916,18
123,917,23
123,918,28
123,919,18
123,920,33
123,921,29
123,922,57
123,923,31
123,924,92
123,925,51
123,926,15
123,927,11
123,928,25
123,929,17
123,930,11
123,931,44
123,932,14
123,933,27
123,934,20
123,935,7
123,936,15
123,937,21
123,938,39
123,939,22
123,940,29
123,941,15
123,942,16
123,943,21
123,944,32
123,945,34
123,946,24
123,947,22
123,948,14
123,949,20
123,950,16
123,951,12
123,952,23
123,953,25
123,954,32
123,955,17
123,956,13
123,957,21
123,958,10
123,959,21
123,960,8
123,961,17
123,962,26
123,963,18
123,964,14
123,965,34
123,966,10
123,967,33
123,968,23
123,969,11
123,970,19
123,971,18
123,972,10
123,973,22
123,974,11
123,975,20
123,976,46
123,977,13
123,978,22
123,979,61
123,980,14
123,981,32
123,982,30
123,983,27
123,984,20
123,985,98
123,986,60
123,987,16
123,988,16
123,989,24
123,990,31
123,991,23
123,992,87
123,993,18
123,994,12
123,995,8
123,996,72
123,997,14
123,998,21
123,999,10
123,1000,20
123,1001,14
123,1002,18
123,1003,11
123,1004,10
123,1005,62
123,1006,11
123,1007,14
123,1008,10
123,1009,55
123,1010,12
123,1011,22
123,1012,13
123,1013,26
123,1014,200
123,1015,200
123,1016,10
123,1017,13
123,1018,8
123,1019,10
123,1020,21
123,1021,166
123,1022,33
123,1023,19
123,1024,28
123,1025,7
123,1026,200
123,1027,105
123,1028,200
123,1029,200
123,1030,8
123,1031,12
123,1032,9
123,1033,133
123,1034,20
123,1035,200
123,1036,200
123,1037,16
123,1038,12
123,1039,12
123,1040,23
123,1041,27
123,1042,50
123,1043,13
123,1044,21
123,1045,16
123,1046,13
123,1047,41
123,1048,15
123,1049,20
123,1050,8
123,1051,15
123,1052,16
123,1053,12
123,1054,41
123,1055,13
123,1056,11
123,1057,11
123,1058,25
123,1059,10
123,1060,10
123,1061,10
123,1062,55
123,1063,11
123,1064,11
123,1065,12
123,1066,43
123,1067,14
123,1068,41
123,1069,19
123,1070,31
123,1071,11
123,1072,23
123,1073,13
123,1074,200
123,1075,11
123,1076,19
123,1077,9
123,1078,9
123,1079,7
123,1080,15
123,1081,13
123,1082,16
123,1083,11
123,1084,9
123,1085,16
123,1086,24
123,1087,15
123,1088,12
123,1089,13
123,1090,46
123,1091,35
123,1092,24
123,1093,14
123,1094,24
123,1095,10
123,1096,200
123,1097,200
123,1098,28
123,1099,11
123,1100,12
123,1101,14
123,1102,14
123,1103,14
123,1104,12
123,1105,20
123,1106,16
123,1107,17
123,1108,11
123,1109,24
123,1110,10
123,1111,21
123,1112,9
123,1113,7
123,1114,10
123,1115,15
123,1116,21
123,1117,17
123,1118,16
123,1119,7
123,1120,14
123,1121,15
123,1122,26
123,1123,8
123,1124,15
123,1125,13
123,1126,12
123,1127,13
123,1128,13
123,1129,41
123,1130,15
123,1131,12
123,1132,7
123,1133,17
123,1134,20
123,1135,34
123,1136,6
123,1137,17
123,1138,200
123,1139,52
123,1140,22
123,1141,14
123,1142,200
123,1143,14
123,1144,23
123,1145,58
123,1146,13
123,1147,7
123,1148,200
123,1149,200
123,1150,16
123,1151,12
123,1152,12
123,1153,9
123,1154,8
123,1155,25
123,1156,13
123,1157,8
123,1158,16
123,1159,13
123,1160,12
123,1161,21
123,1162,23
123,1163,11
123,1164,48
123,1165,16
123,1166,72
123,1167,17
123,1168,31
123,1169,12
123,1170,11
123,1171,6
123,1172,19
123,1173,17
123,1174,15
123,1175,13
123,1176,14
123,1177,21
123,1178,16
123,1179,51
123,1180,10
123,1181,27
123,1182,48
123,1183,30
123,1184,14
123,1185,200
123,1186,17
123,1187,15
123,1188,12
123,1189,41
123,1190,14
123,1191,14
123,1192,25
123,1193,12
123,1194,21
123,1195,13
123,1196,13
123,1197,16
123,1198,22
123,1199,16
123,1200,14
123,1201,11
123,1202,9
123,1203,13
123,1204,21
123,1205,8
123,1206,10
123,1207,12
123,1208,17
123,1209,20
123,1210,11
123,1211,16
123,1212,17
123,1213,13
123,1214,41
123,1215,17
123,1216,25
123,1217,14
123,1218,12
123,1219,10
123,1220,31
123,1221,29
123,1222,17
123,1223,17
123,1224,12
123,1225,36
123,1226,13
123,1227,19
123,1228,40
123,1229,37
123,1230,10
123,1231,16
123,1232,106
123,1233,16
123,1234,79
123,1235,21
123,1236,12
123,1237,13
123,1238,15
123,1239,22
123,1240,19
123,1241,200
123,1242,9
123,1243,98
123,1244,10
123,1245,18
123,1246,20
123,1247,69
123,1248,11
123,1249,200
123,1250,8
123,1251,200
123,1252,109
123,1253,10
123,1254,10
123,1255,154
123,1256,9
123,1257,17
123,1258,23
123,1259,35
123,1260,200
123,1261,10
123,1262,200
123,1263,11
123,1264,37
123,1265,62
123,1266,20
123,1267,15
123,1268,72
123,1269,15
123,1270,18
123,1271,16
123,1272,200
123,1273,12
123,1274,18
123,1275,200
123,1276,200
123,1277,200
123,1278,12
123,1279,60
123,1280,13
123,1281,200
123,1282,14
123,1283,10
123,1284,9
123,1285,13
123,1286,19
123,1287,48
123,1288,45
123,1289,10
123,1290,22
123,1291,9
123,1292,12
123,1293,12
123,1294,18
123,1295,12
123,1296,16
123,1297,9
123,1298,39
123,1299,200
123,1300,10
123,1301,18
123,1302,21
123,1303,15
123,1304,9
123,1305,18
123,1306,200
123,1307,200
123,1308,10
123,1309,200
123,1310,14
123,1311,9
123,1312,15
123,1313,14
123,1314,9
123,1315,13
123,1316,9
123,1317,11
123,1318,200
123,1319,9
123,1320,20
123,1321,31
123,1322,10
123,1323,13
123,1324,68
123,1325,32
123,1326,14
123,1327,32
123,1328,8
123,1329,17
123,1330,15
123,1331,23
123,1332,14
123,1333,125
123,1334,14
123,1335,13
123,1336,15
123,1337,18
123,1338,23
123,1339,17
123,1340,17
123,1341,13
123,1342,21
123,1343,13
123,1344,35
123,1345,14
123,1346,45
123,1347,33
123,1348,106
123,1349,19
123,1350,19
123,1351,34
123,1352,200
123,1353,22
123,1354,16
123,1355,12
123,1356,12
123,1357,26
123,1358,7
123,1359,23
123,1360,18
123,1361,18
123,1362,18
123,1363,13
123,1364,9
123,1365,18
123,1366,11
123,1367,14
123,1368,14
123,1369,15
123,1370,15
123,1371,12
123,1372,8
123,1373,22
123,1374,21
123,1375,26
123,1376,169
123,1377,21
123,1378,28
123,1379,11
123,1380,37
123,1381,200
123,1382,9
123,1383,40
123,1384,23
123,1385,15
123,1386,13
123,1387,17
123,1388,27
123,1389,16
123,1390,19
123,1391,14
123,1392,13
123,1393,8
123,1394,12
123,1395,12
123,1396,18
123,1397,13
123,1398,11
123,1399,14
123,1400,200
123,1401,26
123,1402,10
123,1403,16
123,1404,7
123,1405,12
123,1406,21
123,1407,16
123,1408,13
123,1409,14
123,1410,21
123,1411,13
123,1412,16
123,1413,23
123,1414,13
123,1415,16
123,1416,15
123,1417,12
123,1418,55
123,1419,16
123,1420,18
123,1421,16
123,1422,14
123,1423,13
123,1424,18
123,1425,8
123,1426,12
123,1427,17
123,1428,13
123,1429,8
123,1430,13
123,1431,40
123,1432,19
123,1433,9
123,1434,15
123,1435,21
123,1436,17
123,1437,12
123,1438,12
123,1439,12
123,1440,20
123,1441,10
123,1442,14
123,1443,26
123,1444,11
123,1445,18
123,1446,13
123,1447,17
123,1448,8
123,1449,15
123,1450,24
123,1451,9
123,1452,8
123,1453,14
123,1454,23
123,1455,200
123,1456,9
123,1457,14
123,1458,200
123,1459,10
123,1460,11
123,1461,21
123,1462,24
123,1463,14
123,1464,19
123,1465,12
123,1466,14
123,1467,37
123,1468,34
123,1469,11
123,1470,10
123,1471,22
123,1472,14
123,1473,13
123,1474,18
123,1475,32
123,1476,76
123,1477,15
123,1478,82
123,1479,41
123,1480,9
123,1481,21
123,1482,14
123,1483,8
123,1484,11
123,1485,13
123,1486,21
123,1487,13
123,1488,11
123,1489,7
123,1490,11
123,1491,10
123,1492,29
123,1493,36
123,1494,14
123,1495,100
123,1496,12
123,1497,21
123,1498,20
123,1499,18
123,1500,24
123,1501,12
123,1502,30
123,1503,200
123,1504,47
123,1505,14
123,1506,11
123,1507,7
123,1508,10
123,1509,14
123,1510,9
123,1511,55
123,1512,20
123,1513,17
123,1514,8
123,1515,13
123,1516,11
123,1517,9
123,1518,15
123,1519,23
123,1520,13
123,1521,13
123,1522,14
123,1523,15
123,1524,21
123,1525,23
123,1526,13
123,1527,13
123,1528,11
123,1529,75
123,1530,13
123,1531,15
123,1532,20
123,1533,11
123,1534,13
123,1535,19
123,1536,10
123,1537,15
123,1538,14
123,1539,153
123,1540,24
123,1541,14
123,1542,12
123,1543,14
123,1544,11
123,1545,25
123,1546,14
123,1547,14
123,1548,16
123,1549,24
123,1550,17
123,1551,17
123,1552,13
123,1553,14
123,1554,29
123,1555,14
123,1556,20
123,1557,9
123,1558,19
123,1559,10
123,1560,8
123,1561,25
123,1562,9
123,1563,11
123,1564,14
123,1565,11
123,1566,15
123,1567,11
123,1568,15
123,1569,33
123,1570,14
123,1571,12
123,1572,15
123,1573,163
123,1574,16
123,1575,12
123,1576,10
123,1577,28
123,1578,13
123,1579,15
123,1580,19
123,1581,13
123,1582,8
123,1583,10
123,1584,25
123,1585,20
123,1586,16
123,1587,15
123,1588,15
123,1589,13
123,1590,14
123,1591,38
123,1592,17
123,1593,25
123,1594,15
123,1595,10
123,1596,12
123,1597,10
123,1598,18
123,1599,12
123,1600,20
123,1601,36
123,1602,14
123,1603,15
123,1604,16
123,1605,13
123,1606,21
123,1607,13
123,1608,14
123,1609,32
123,1610,14
123,1611,14
123,1612,7
123,1613,15
123,1614,15
123,1615,29
123,1616,35
123,1617,11
123,1618,18
123,1619,200
123,1620,28
123,1621,36
123,1622,15
123,1623,20
123,1624,20
123,1625,15
123,1626,28
123,1627,21
123,1628,23
123,1629,15
123,1630,23
123,1631,20
123,1632,19
123,1633,6
123,1634,11
123,1635,7
123,1636,14
123,1637,10
123,1638,17
123,1639,16
123,1640,16
123,1641,31
123,1642,21
123,1643,11
123,1644,30
123,1645,15
123,1646,18
123,1647,10
123,1648,74
123,1649,16
123,1650,15
123,1651,13
123,1652,15
123,1653,185
123,1654,21
123,1655,22
123,1656,12
123,1657,186
123,1658,17
123,1659,200
123,1660,12
123,1661,17
123,1662,9
123,1663,14
123,1664,15
123,1665,51
123,1666,21
123,1667,14
123,1668,21
123,1669,200
123,1670,14
123,1671,38
123,1672,200
123,1673,200
123,1674,122
123,1675,51
123,1676,23
123,1677,14
123,1678,200
123,1679,12
123,1680,21
123,1681,23
123,1682,200
123,1683,16
123,1684,15
123,1685,13
123,1686,15
123,1687,23
123,1688,13
123,1689,25
123,1690,13
123,1691,200
123,1692,15
123,1693,17
123,1694,18
123,1695,13
123,1696,19
123,1697,71
123,1698,41
123,1699,14
123,1700,8
123,1701,19
123,1702,12
123,1703,17
123,1704,15
123,1705,13
123,1706,13
123,1707,12
123,1708,26
123,1709,15
123,1710,200
123,1711,15
123,1712,15
123,1713,200
123,1714,9
123,1715,12
123,1716,17
123,1717,27
123,1718,14
123,1719,12
123,1720,14
123,1721,7
123,1722,64
123,1723,18
123,1724,17
123,1725,18
123,1726,200
123,1727,200
123,1728,56
123,1729,13
123,1730,17
123,1731,12
123,1732,77
123,1733,19
123,1734,21
123,1735,14
123,1736,17
123,1737,200
123,1738,10
123,1739,7
123,1740,200
123,1741,13
123,1742,21
123,1743,15
123,1744,13
123,1745,19
123,1746,15
123,1747,11
123,1748,14
123,1749,15
123,1750,16
123,1751,18
123,1752,200
123,1753,11
123,1754,200
123,1755,15
123,1756,11
123,1757,25
123,1758,19
123,1759,12
123,1760,24
123,1761,7
123,1762,17
123,1763,27
123,1764,15
123,1765,14
123,1766,16
123,1767,14
123,1768,12
123,1769,13
123,1770,9
123,1771,39
123,1772,12
123,1773,14
123,1774,9
123,1775,15
123,1776,19
123,1777,18
123,1778,12
123,1779,23
123,1780,15
123,1781,14
123,1782,15
123,1783,21
123,1784,19
123,1785,21
123,1786,15
123,1787,14
123,1788,21
123,1789,18
123,1790,15
123,1791,14
123,1792,15
123,1793,10
123,1794,12
123,1795,25
123,1796,16
123,1797,10
123,1798,15
123,1799,12
123,1800,14
123,1801,14
123,1802,27
123,1803,28
123,1804,21
123,1805,22
123,1806,16
123,1807,17
123,1808,19
123,1809,10
123,1810,14
123,1811,56
123,1812,18
123,1813,15
123,1814,14
123,1815,10
123,1816,17
123,1817,12
123,1818,11
123,1819,11
123,1820,21
123,1821,11
123,1822,37
123,1823,19
123,1824,18
123,1825,14
123,1826,68
123,1827,22
123,1828,14
123,1829,49
123,1830,16
123,1831,13
123,1832,10
123,1833,15
123,1834,17
123,1835,26
123,1836,11
123,1837,12
123,1838,11
123,1839,37
123,1840,22
123,1841,17
123,1842,8
123,1843,19
123,1844,52
123,1845,53
123,1846,13
123,1847,13
123,1848,15
123,1849,14
123,1850,15
123,1851,13
123,1852,14
123,1853,12
123,1854,27
123,1855,21
123,1856,49
123,1857,100
123,1858,200
123,1859,25
123,1860,23
123,1861,18
123,1862,17
123,1863,13
123,1864,14
123,1865,14
123,1866,18
123,1867,200
123,1868,10
123,1869,13
123,1870,11
123,1871,10
123,1872,200
123,1873,15
123,1874,18
123,1875,12
123,1876,14
123,1877,13
123,1878,12
123,1879,21
123,1880,15
123,1881,52
123,1882,19
123,1883,20
123,1884,21
123,1885,103
123,1886,22
123,1887,10
123,1888,20
123,1889,31
123,1890,22
123,1891,14
123,1892,173
123,1893,29
123,1894,14
123,1895,15
123,1896,63
123,1897,12
123,1898,14
123,1899,11
123,1900,20
123,1901,12
123,1902,8
123,1903,7
123,1904,10
123,1905,22
123,1906,17
123,1907,14
123,1908,49
123,1909,17
123,1910,12
123,1911,58
123,1912,10
123,1913,42
123,1914,15
123,1915,17
123,1916,23
123,1917,14
123,1918,10
123,1919,200
123,1920,28
123,1921,200
123,1922,12
123,1923,8
123,1924,16
123,1925,11
123,1926,14
123,1927,14
123,1928,12
123,1929,200
123,1930,13
123,1931,86
123,1932,15
123,1933,12
123,1934,8
123,1935,13
123,1936,19
123,1937,17
123,1938,16
123,1939,17
123,1940,13
123,1941,16
123,1942,11
123,1943,13
123,1944,19
123,1945,10
123,1946,16
123,1947,20
123,1948,13
123,1949,20
123,1950,18
123,1951,22
123,1952,14
123,1953,200
123,1954,15
123,1955,42
123,1956,12
123,1957,15
123,1958,14
123,1959,12
123,1960,16
123,1961,42
123,1962,11
123,1963,20
123,1964,16
123,1965,15
123,1966,14
123,1967,11
123,1968,10
123,1969,14
123,1970,28
123,1971,11
123,1972,18
123,1973,13
123,1974,13
123,1975,14
123,1976,13
123,1977,12
123,1978,15
123,1979,25
123,1980,23
123,1981,15
123,1982,18
123,1983,10
123,1984,10
123,1985,15
123,1986,12
123,1987,13
123,1988,17
123,1989,12
123,1990,14
123,1991,12
123,1992,17
123,1993,27
123,1994,9
123,1995,19
123,1996,12
123,1997,22
123,1998,13
123,1999,13
123,2000,16
123,2001,8
123,2002,11
123,2003,19
123,2004,41
123,2005,8
123,2006,12
123,2007,17
123,2008,8
123,2009,16
123,2010,17
123,2011,18
123,2012,15
123,2013,20
123,2014,13
123,2015,11
123,2016,10
123,2017,20
123,2018,13
123,2019,10
123,2020,18
123,2021,17
123,2022,10
123,2023,12
123,2024,12
123,2025,21
123,2026,9
123,2027,15
123,2028,21
123,2029,12
123,2030,17
123,2031,12
123,2032,15
123,2033,8
123,2034,10
123,2035,13
123,2036,16
123,2037,11
123,2038,23
123,2039,16
123,2040,11
123,2041,15
123,2042,30
123,2043,80
123,2044,14
123,2045,10
123,2046,13
123,2047,14
123,2048,15
123,2049,13
123,2050,20
123,2051,16
123,2052,16
123,2053,8
123,2054,11
123,2055,8
123,2056,11
123,2057,13
123,2058,22
123,2059,10
123,2060,19
123,2061,18
123,2062,13
123,2063,18
123,2064,14
123,2065,8
123,2066,11
123,2067,12
123,2068,16
123,2069,13
123,2070,20
123,2071,15
123,2072,10
123,2073,19
123,2074,150
123,2075,31
123,2076,16
123,2077,15
123,2078,15
123,2079,25
123,2080,19
123,2081,27
123,2082,18
123,2083,11
123,2084,16
123,2085,6
123,2086,14
123,2087,18
123,2088,19
123,2089,13
123,2090,20
123,2091,14
123,2092,19
123,2093,19
123,2094,9
123,2095,12
123,2096,19
123,2097,13
123,2098,12
123,2099,15
123,2100,11
123,2101,15
123,2102,11
123,2103,17
123,2104,9
123,2105,22
123,2106,14
123,2107,11
123,2108,19
123,2109,17
123,2110,14
123,2111,17
123,2112,12
123,2113,11
123,2114,97
123,2115,13
123,2116,11
123,2117,30
123,2118,14
123,2119,17
123,2120,13
123,2121,18
123,2122,23
123,2123,17
123,2124,23
123,2125,19
123,2126,14
123,2127,20
123,2128,14
123,2129,21
123,2130,15
123,2131,18
123,2132,21
123,2133,16
123,2134,12
123,2135,24
123,2136,22
123,2137,15
123,2138,20
123,2139,19
123,2140,13
123,2141,10
123,2142,15
123,2143,6
123,2144,19
123,2145,12
123,2146,19
123,2147,20
123,2148,13
123,2149,14
123,2150,13
123,2151,14
123,2152,20
123,2153,13
123,2154,16
123,2155,50
123,2156,9
123,2157,10
123,2158,12
123,2159,15
123,2160,13
123,2161,15
123,2162,13
123,2163,12
123,2164,18
123,2165,15
123,2166,19
123,2167,17
123,2168,16
123,2169,35
123,2170,12
123,2171,20
123,2172,11
123,2173,14
123,2174,15
123,2175,12
123,2176,26
123,2177,16
123,2178,13
123,2179,10
123,2180,24
123,2181,21
123,2182,29
123,2183,22
123,2184,19
123,2185,12
123,2186,14
123,2187,13
123,2188,70
123,2189,16
123,2190,12
123,2191,19
123,2192,16
123,2193,13
123,2194,25
123,2195,12
123,2196,41
123,2197,23
123,2198,16
123,2199,15
123,2200,11
123,2201,20
123,2202,15
123,2203,14
123,2204,11
123,2205,9
123,2206,150
123,2207,14
123,2208,200
123,2209,15
123,2210,15
123,2211,14
123,2212,55
123,2213,17
123,2214,22
123,2215,20
123,2216,15
123,2217,157
123,2218,19
123,2219,24
123,2220,16
123,2221,20
123,2222,15
123,2223,15
123,2224,16
123,2225,16
123,2226,17
123,2227,27
123,2228,14
123,2229,24
123,2230,9
123,2231,15
123,2232,17
123,2233,83
123,2234,16
123,2235,20
123,2236,13
123,2237,12
123,2238,11
123,2239,8
123,2240,18
123,2241,9
123,2242,11
123,2243,25
123,2244,9
123,2245,19
123,2246,21
123,2247,15
123,2248,11
123,2249,18
123,2250,13
123,2251,20
123,2252,10
123,2253,15
123,2254,18
123,2255,12
123,2256,16
123,2257,200
123,2258,9
123,2259,18
123,2260,8
123,2261,200
123,2262,18
123,2263,15
123,2264,16
123,2265,200
123,2266,13
123,2267,12
123,2268,26
123,2269,149
123,2270,15
123,2271,16
123,2272,13
123,2273,17
123,2274,16
123,2275,16
123,2276,15
123,2277,20
123,2278,41
123,2279,16
123,2280,57
123,2281,14
123,2282,17
123,2283,10
123,2284,25
123,2285,16
123,2286,27
123,2287,18
123,2288,11
123,2289,16
123,2290,12
123,2291,27
123,2292,17
123,2293,14
123,2294,12
123,2295,14
123,2296,13
123,2297,41
123,2298,23
123,2299,16
123,2300,22
123,2301,19
123,2302,136
123,2303,12
123,2304,11
123,2305,26
123,2306,9
123,2307,12
123,2308,8
123,2309,17
123,2310,23
123,2311,15
123,2312,17
123,2313,17
123,2314,10
123,2315,38
123,2316,19
123,2317,17
123,2318,16
123,2319,14
123,2320,19
123,2321,10
123,2322,15
123,2323,48
123,2324,10
123,2325,13
123,2326,13
123,2327,13
123,2328,11
123,2329,13
123,2330,6
123,2331,10
123,2332,18
123,2333,12
123,2334,62
123,2335,200
123,2336,21
123,2337,15
123,2338,16
123,2339,23
123,2340,200
123,2341,200
123,2342,56
123,2343,17
123,2344,17
123,2345,20
123,2346,15
123,2347,17
123,2348,15
123,2349,33
123,2350,16
123,2351,14
123,2352,26
123,2353,13
123,2354,17
123,2355,17
123,2356,15
123,2357,24
123,2358,86
123,2359,16
123,2360,16
123,2361,13
123,2362,33
123,2363,17
123,2364,14
123,2365,15
123,2366,14
123,2367,37
123,2368,14
123,2369,10
123,2370,17
123,2371,12
123,2372,14
123,2373,14
123,2374,14
123,2375,25
123,2376,51
123,2377,16
123,2378,15
123,2379,10
123,2380,19
123,2381,15
123,2382,11
123,2383,22
123,2384,24
123,2385,9
123,2386,15
123,2387,14
123,2388,10
123,2389,11
123,2390,39
123,2391,11
123,2392,19
123,2393,200
123,2394,25
123,2395,13
123,2396,13
123,2397,19
123,2398,12
123,2399,17
123,2400,57
123,2401,23
123,2402,42
123,2403,12
123,2404,15
123,2405,11
123,2406,18
123,2407,12
123,2408,33
123,2409,14
123,2410,16
123,2411,16
123,2412,20
123,2413,10
123,2414,16
123,2415,12
123,2416,13
123,2417,11
123,2418,7
123,2419,21
123,2420,21
123,2421,15
123,2422,20
123,2423,14
123,2424,16
123,2425,10
123,2426,13
123,2427,12
123,2428,22
123,2429,200
123,2430,17
123,2431,22
123,2432,44
123,2433,24
123,2434,8
123,2435,17
123,2436,8
123,2437,12
123,2438,40
123,2439,14
123,2440,16
123,2441,12
123,2442,24
123,2443,18
123,2444,11
123,2445,16
123,2446,14
123,2447,15
123,2448,23
123,2449,15
123,2450,21
123,2451,25
123,2452,16
123,2453,14
123,2454,18
123,2455,28
123,2456,16
123,2457,15
123,2458,19
123,2459,14
123,2460,17
123,2461,12
123,2462,12
123,2463,13
123,2464,16
123,2465,13
123,2466,17
123,2467,17
123,2468,19
123,2469,14
123,2470,14
123,2471,17
123,2472,16
123,2473,19
123,2474,16
123,2475,20
123,2476,14
123,2477,19
123,2478,14
123,2479,17
123,2480,10
123,2481,114
123,2482,21
123,2483,18
123,2484,17
123,2485,14
123,2486,15
123,2487,56
123,2488,11
123,2489,11
123,2490,12
123,2491,19
123,2492,15
123,2493,9
123,2494,18
123,2495,15
123,2496,9
123,2497,15
123,2498,16
123,2499,12
123,2500,15
123,2501,11
123,2502,16
123,2503,13
123,2504,58
123,2505,17
123,2506,32
123,2507,10
123,2508,71
123,2509,11
123,2510,12
123,2511,25
123,2512,8
123,2513,8
123,2514,24
123,2515,8
123,2516,28
123,2517,19
123,2518,13
123,2519,15
123,2520,10
123,2521,16
123,2522,18
123,2523,25
123,2524,20
123,2525,26
123,2526,14
123,2527,10
123,2528,16
123,2529,12
123,2530,200
123,2531,12
123,2532,18
123,2533,14
123,2534,10
123,2535,15
123,2536,15
123,2537,19
123,2538,15
123,2539,15
123,2540,15
123,2541,16
123,2542,23
123,2543,11
123,2544,10
123,2545,200
123,2546,12
123,2547,19
123,2548,14
123,2549,17
123,2550,18
123,2551,14
123,2552,10
123,2553,11
123,2554,18
123,2555,13
123,2556,15
123,2557,12
123,2558,17
123,2559,11
123,2560,14
123,2561,14
123,2562,16
123,2563,23
123,2564,14
123,2565,20
123,2566,15
123,2567,15
123,2568,11
123,2569,17
123,2570,16
123,2571,17
123,2572,11
123,2573,13
123,2574,31
123,2575,20
123,2576,13
123,2577,17
123,2578,13
123,2579,13
123,2580,15
123,2581,11
123,2582,17
123,2583,31
123,2584,14
123,2585,24
123,2586,15
123,2587,20
123,2588,112
123,2589,18
123,2590,65
123,2591,20
123,2592,17
123,2593,9
123,2594,11
123,2595,14
123,2596,15
123,2597,10
123,2598,16
123,2599,44
123,2600,19
123,2601,14
123,2602,17
123,2603,12
123,2604,15
123,2605,16
123,2606,40
123,2607,15
123,2608,22
123,2609,26
123,2610,20
123,2611,20
123,2612,18
123,2613,200
123,2614,17
123,2615,15
123,2616,19
123,2617,13
123,2618,23
123,2619,13
123,2620,19
123,2621,18
123,2622,22
123,2623,19
123,2624,12
123,2625,15
123,2626,13
123,2627,173
123,2628,12
123,2629,8
123,2630,13
123,2631,14
123,2632,21
123,2633,11
123,2634,20
123,2635,200
123,2636,14
123,2637,32
123,2638,14
123,2639,17
123,2640,18
123,2641,17
123,2642,16
123,2643,12
123,2644,14
123,2645,200
123,2646,17
123,2647,17
123,2648,9
123,2649,14
123,2650,18
123,2651,17
123,2652,8
123,2653,15
123,2654,11
123,2655,23
123,2656,15
123,2657,20
123,2658,9
123,2659,17
123,2660,25
123,2661,21
123,2662,13
123,2663,14
123,2664,15
123,2665,19
123,2666,14
123,2667,13
123,2668,62
123,2669,18
123,2670,12
123,2671,13
123,2672,12
123,2673,16
123,2674,7
123,2675,12
123,2676,23
123,2677,14
123,2678,19
123,2679,22
123,2680,23
123,2681,22
123,2682,15
123,2683,13
123,2684,18
123,2685,10
123,2686,23
123,2687,13
123,2688,10
123,2689,8
123,2690,18
123,2691,14
123,2692,11
123,2693,24
123,2694,18
123,2695,20
123,2696,19
123,2697,12
123,2698,28
123,2699,19
123,2700,18
123,2701,14
123,2702,14
123,2703,9
123,2704,16
123,2705,24
123,2706,9
123,2707,11
123,2708,9
123,2709,12
123,2710,10
123,2711,14
123,2712,14
123,2713,14
123,2714,27
123,2715,8
123,2716,18
123,2717,11
123,2718,20
123,2719,16
123,2720,12
123,2721,12
123,2722,17
123,2723,14
123,2724,13
123,2725,15
123,2726,15
123,2727,14
123,2728,18
123,2729,10
123,2730,24
123,2731,14
123,2732,22
123,2733,200
123,2734,20
123,2735,23
123,2736,13
123,2737,12
123,2738,16
123,2739,14
123,2740,19
123,2741,27
123,2742,19
123,2743,200
123,2744,17
123,2745,16
123,2746,12
123,2747,15
123,2748,7
123,2749,20
123,2750,15
123,2751,14
123,2752,17
123,2753,19
123,2754,13
123,2755,18
123,2756,26
123,2757,15
123,2758,17
123,2759,9
123,2760,200
123,2761,12
123,2762,7
123,2763,16
123,2764,15
123,2765,25
123,2766,16
123,2767,26
123,2768,15
123,2769,6
123,2770,16
123,2771,13
123,2772,10
123,2773,12
123,2774,17
123,2775,15
123,2776,14
123,2777,21
123,2778,15
123,2779,10
123,2780,10
123,2781,22
123,2782,17
123,2783,15
123,2784,10
123,2785,21
123,2786,11
123,2787,200
123,2788,200
123,2789,19
123,2790,13
123,2791,21
123,2792,13
123,2793,11
123,2794,200
123,2795,20
123,2796,54
123,2797,16
123,2798,17
123,2799,29
123,2800,8
123,2801,19
123,2802,13
123,2803,16
123,2804,8
123,2805,7
123,2806,12
123,2807,13
123,2808,15
123,2809,15
123,2810,19
123,2811,17
123,2812,14
123,2813,59
123,2814,18
123,2815,16
123,2816,20
123,2817,15
123,2818,10
123,2819,12
123,2820,18
123,2821,11
123,2822,12
123,2823,13
123,2824,13
123,2825,23
123,2826,11
123,2827,16
123,2828,17
123,2829,22
123,2830,17
123,2831,12
123,2832,27
123,2833,15
123,2834,21
123,2835,9
123,2836,14
123,2837,16
123,2838,11
123,2839,15
123,2840,15
123,2841,10
123,2842,12
123,2843,11
123,2844,27
123,2845,7
123,2846,17
123,2847,10
123,2848,15
123,2849,18
123,2850,15
123,2851,23
123,2852,13
123,2853,16
123,2854,15
123,2855,6
123,2856,15
123,2857,9
123,2858,13
123,2859,13
123,2860,13
123,2861,13
123,2862,10
123,2863,14
123,2864,18
123,2865,25
123,2866,23
123,2867,18
123,2868,11
123,2869,17
123,2870,15
123,2871,13
123,2872,30
123,2873,15
123,2874,10
123,2875,18
123,2876,45
123,2877,12
123,2878,15
123,2879,16
123,2880,11
123,2881,34
123,2882,12
123,2883,21
123,2884,11
123,2885,22
123,2886,16
123,2887,37
123,2888,14
123,2889,18
123,2890,15
123,2891,11
123,2892,18
123,2893,10
123,2894,14
123,2895,14
123,2896,15
123,2897,18
123,2898,22
123,2899,9
123,2900,17
123,2901,16
123,2902,17
123,2903,13
123,2904,70
123,2905,13
123,2906,18
123,2907,11
123,2908,13
123,2909,12
123,2910,17
123,2911,11
123,2912,15
123,2913,14
123,2914,18
123,2915,36
123,2916,12
123,2917,18
123,2918,18
123,2919,24
123,2920,12
123,2921,68
123,2922,22
123,2923,18
123,2924,22
123,2925,25
123,2926,8
123,2927,13
123,2928,14
123,2929,81
123,2930,19
123,2931,13
123,2932,11
123,2933,200
123,2934,200
123,2935,12
123,2936,200
123,2937,42
123,2938,9
123,2939,16
123,2940,12
123,2941,14
123,2942,13
123,2943,24
123,2944,200
123,2945,12
123,2946,18
123,2947,15
123,2948,35
123,2949,15
123,2950,15
123,2951,200
123,2952,57
123,2953,14
123,2954,60
123,2955,42
123,2956,18
123,2957,122
123,2958,18
123,2959,20
123,2960,14
123,2961,200
123,2962,15
123,2963,8
123,2964,12
123,2965,15
123,2966,14
123,2967,22
123,2968,200
123,2969,11
123,2970,10
123,2971,200
123,2972,22
123,2973,81
123,2974,17
123,2975,11
123,2976,23
123,2977,14
123,2978,48
123,2979,6
123,2980,11
123,2981,13
123,2982,13
123,2983,11
123,2984,14
123,2985,17
123,2986,12
123,2987,15
123,2988,15
123,2989,15
123,2990,15
123,2991,17
123,2992,12
123,2993,19
123,2994,20
123,2995,21
123,2996,59
123,2997,18
123,2998,14
123,2999,20
777,0,200
777,1,200
777,2,200
777,3,200
777,4,200
777,5,200
777,6,200
777,7,200
777,8,90
777,9,200
777,10,200
777,11,200
777,12,200
777,13,200
777,14,200
777,15,200
777,16,200
777,17,200
777,18,200
777,19,200
777,20,200
777,21,32
777,22,112
777,23,200
777,24,200
777,25,200
777,26,200
777,27,200
777,28,200
777,29,200
777,30,105
777,31,200
777,32,200
777,33,200
777,34,200
777,35,200
777,36,56
777,37,47
777,38,200
777,39,200
777,40,200
777,41,200
777,42,200
777,43,200
777,44,200
777,45,200
777,46,200
777,47,200
777,48,200
777,49,200
777,50,200
777,51,200
777,52,200
777,53,200
777,54,200
777,55,200
777,56,200
777,57,200
777,58,200
777,59,200
777,60,200
777,61,200
777,62,200
777,63,200
777,64,200
777,65,200
777,66,200
777,67,200
777,68,200
777,69,105
777,70,200
777,71,200
777,72,200
777,73,200
777,74,200
777,75,200
777,76,200
777,77,200
777,78,88
777,79,200
777,80,200
777,81,200
777,82,200
777,83,200
777,84,200
777,85,200
777,86,200
777,87,200
777,88,200
777,89,200
777,90,200
777,91,53
777,92,200
777,93,43
777,94,200
777,95,200
777,96,200
777,97,200
777,98,200
777,99,200
777,100,200
777,101,200
777,102,200
777,103,200
777,104,200
777,105,200
777,106,200
777,107,200
777,108,200
777,109,200
777,110,200
777,111,200
777,112,200
777,113,200
777,114,200
777,115,100
777,116,200
777,117,200
777,118,200
777,119,200
777,120,200
777,121,200
777,122,200
777,123,200
777,124,200
777,125,200
777,126,200
777,127,200
777,128,200
777,129,200
777,130,200
777,131,197
777,132,200
777,133,19
777,134,200
777,135,200
777,136,200
777,137,74
777,138,122
777,139,200
777,140,26
777,141,41
777,142,200
777,143,148
777,144,200
777,145,20
777,146,200
777,147,94
777,148,93
777,149,49
777,150,200
777,151,200
777,152,200
777,153,200
777,154,200
777,155,200
777,156,200
777,157,200
777,158,200
777,159,200
777,160,200
777,161,200
777,162,10
777,163,200
777,164,12
777,165,200
777,166,200
777,167,127
777,168,200
777,169,16
777,170,22
777,171,200
777,172,10
777,173,200
777,174,10
777,175,200
777,176,200
777,177,13
777,178,17
777,179,200
777,180,200
777,181,200
777,182,200
777,183,200
777,184,200
777,185,200
777,186,200
777,187,42
777,188,200
777,189,200
777,190,15
777,191,12
777,192,200
777,193,200
777,194,33
777,195,200
777,196,200
777,197,200
777,198,10
777,199,22
777,200,200
777,201,9
777,202,200
777,203,200
777,204,200
777,205,200
777,206,200
777,207,200
777,208,200
777,209,200
777,210,200
777,211,12
777,212,200
777,213,200
777,214,15
777,215,200
777,216,200
777,217,200
777,218,200
777,219,42
777,220,200
777,221,16
777,222,20
777,223,200
777,224,200
777,225,26
777,226,200
777,227,200
777,228,200
777,229,9
777,230,200
777,231,143
777,232,42
777,233,200
777,234,13
777,235,200
777,236,10
777,237,27
777,238,200
777,239,200
777,240,200
777,241,13
777,242,44
777,243,12
777,244,200
777,245,200
777,246,11
777,247,200
777,248,6
777,249,200
777,250,200
777,251,200
777,252,200
777,253,200
777,254,200
777,255,200
777,256,200
777,257,16
777,258,200
777,259,200
777,260,200
777,261,200
777,262,200
777,263,200
777,264,13
777,265,200
777,266,57
777,267,200
777,268,25
777,269,39
777,270,12
777,271,49
777,272,13
777,273,14
777,274,200
777,275,200
777,276,29
777,277,200
777,278,200
777,279,200
777,280,200
777,281,9
777,282,200
777,283,200
777,284,200
777,285,200
777,286,200
777,287,17
777,288,200
777,289,200
777,290,200
777,291,200
777,292,8
777,293,200
777,294,200
777,295,200
777,296,15
777,297,200
777,298,200
777,299,200
777,300,200
777,301,200
777,302,26
777,303,200
777,304,18
777,305,200
777,306,10
777,307,200
777,308,200
777,309,79
777,310,22
777,311,200
777,312,12
777,313,200
777,314,200
777,315,14
777,316,200
777,317,200
777,318,9
777,319,200
777,320,9
777,321,200
777,322,16
777,323,24
777,324,27
777,325,200
777,326,200
777,327,200
777,328,200
777,329,200
777,330,200
777,331,200
777,332,200
777,333,200
777,334,19
777,335,162
777,336,200
777,337,200
777,338,200
777,339,200
777,340,10
777,341,8
777,342,200
777,343,200
777,344,200
777,345,200
777,346,18
777,347,18
777,348,200
777,349,9
777,350,200
777,351,200
777,352,45
777,353,200
777,354,129
777,355,200
777,356,200
777,357,200
777,358,200
777,359,200
777,360,200
777,361,200
777,362,11
777,363,200
777,364,7
777,365,59
777,366,22
777,367,200
777,368,200
777,369,200
777,370,200
777,371,11
777,372,200
777,373,200
777,374,200
777,375,200
777,376,9
777,377,20
777,378,200
777,379,200
777,380,200
777,381,200
777,382,200
777,383,50
777,384,24
777,385,200
777,386,17
777,387,200
777,388,200
777,389,21
777,390,64
777,391,18
777,392,15
777,393,200
777,394,200
777,395,200
777,396,8
777,397,200
777,398,13
777,399,12
777,400,200
777,401,24
777,402,14
777,403,11
777,404,200
777,405,60
777,406,11
777,407,12
777,408,70
777,409,12
777,410,11
777,411,14
777,412,194
777,413,200
777,414,26
777,415,200
777,416,200
777,417,11
777,418,118
777,419,14
777,420,16
777,421,200
777,422,140
777,423,10
777,424,9
777,425,7
777,426,20
777,427,14
777,428,200
777,429,200
777,430,11
777,431,200
777,432,200
777,433,14
777,434,10
777,435,14
777,436,20
777,437,33
777,438,200
777,439,16
777,440,200
777,441,10
777,442,11
777,443,10
777,444,29
777,445,15
777,446,200
777,447,200
777,448,200
777,449,30
777,450,34
777,451,102
777,452,18
777,453,85
777,454,30
777,455,200
777,456,9
777,457,16
777,458,7
777,459,7
777,460,13
777,461,32
777,462,45
777,463,20
777,464,34
777,465,7
777,466,14
777,467,19
777,468,25
777,469,7
777,470,16
777,471,200
777,472,12
777,473,17
777,474,21
777,475,93
777,476,13
777,477,12
777,478,9
777,479,21
777,480,200
777,481,14
777,482,6
777,483,200
777,484,36
777,485,43
777,486,200
777,487,12
777,488,18
777,489,11
777,490,35
777,491,24
777,492,26
777,493,7
777,494,28
777,495,27
777,496,17
777,497,29
777,498,14
777,499,9
777,500,10
777,501,17
777,502,36
777,503,7
777,504,26
777,505,11
777,506,16
777,507,31
777,508,20
777,509,200
777,510,200
777,511,11
777,512,56
777,513,200
777,514,104
777,515,14
777,516,19
777,517,6
777,518,15
777,519,29
777,520,18
777,521,16
777,522,14
777,523,35
777,524,200
777,525,30
777,526,13
777,527,200
777,528,10
777,529,22
777,530,200
777,531,33
777,532,200
777,533,200
777,534,12
777,535,74
777,536,14
777,537,200
777,538,21
777,539,13
777,540,200
777,541,31
777,542,22
777,543,35
777,544,25
777,545,129
777,546,16
777,547,12
777,548,8
777,549,200
777,550,92
777,551,10
777,552,200
777,553,200
777,554,88
777,555,60
777,556,15
777,557,20
777,558,15
777,559,44
777,560,29
777,561,31
777,562,200
777,563,14
777,564,12
777,565,200
777,566,60
777,567,14
777,568,21
777,569,31
777,570,13
777,571,43
777,572,16
777,573,200
777,574,13
777,575,54
777,576,9
777,577,27
777,578,200
777,579,200
777,580,200
777,581,107
777,582,60
777,583,57
777,584,34
777,585,24
777,586,15
777,587,200
777,588,7
777,589,23
777,590,8
777,591,50
777,592,27
777,593,10
777,594,10
777,595,200
777,596,8
777,597,200
777,598,11
777,599,12
777,600,10
777,601,13
777,602,9
777,603,39
777,604,36
777,605,31
777,606,16
777,607,10
777,608,42
777,609,12
777,610,200
777,611,119
777,612,18
777,613,32
777,614,200
777,615,200
777,616,39
777,617,200
777,618,200
777,619,13
777,620,59
777,621,200
777,622,11
777,623,14
777,624,200
777,625,17
777,626,200
777,627,200
777,628,33
777,629,11
777,630,10
777,631,20
777,632,200
777,633,17
777,634,38
777,635,9
777,636,200
777,637,9
777,638,13
777,639,24
777,640,20
777,641,10
777,642,51
777,643,15
777,644,200
777,645,200
777,646,10
777,647,20
777,648,25
777,649,13
777,650,9
777,651,19
777,652,19
777,653,200
777,654,10
777,655,44
777,656,15
777,657,8
777,658,15
777,659,21
777,660,10
777,661,15
777,662,10
777,663,9
777,664,200
777,665,7
777,666,19
777,667,10
777,668,10
777,669,200
777,670,200
777,671,12
777,672,21
777,673,200
777,674,8
777,675,86
777,676,25
777,677,17
777,678,200
777,679,200
777,680,19
777,681,15
777,682,10
777,683,38
777,684,33
777,685,107
777,686,200
777,687,11
777,688,39
777,689,13
777,690,104
777,691,200
777,692,40
777,693,20
777,694,64
777,695,22
777,696,28
777,697,15
777,698,50
777,699,43
777,700,13
777,701,12
777,702,12
777,703,92
777,704,7
777,705,31
777,706,24
777,707,200
777,708,87
777,709,26
777,710,13
777,711,12
777,712,12
777,713,15
777,714,13
777,715,17
777,716,200
777,717,11
777,718,8
777,719,81
777,720,42
777,721,127
777,722,72
777,723,23
777,724,29
777,725,10
777,726,29
777,727,33
777,728,200
777,729,87
777,730,32
777,731,17
777,732,12
777,733,52
777,734,47
777,735,200
777,736,143
777,737,13
777,738,200
777,739,8
777,740,24
777,741,15
777,742,83
777,743,16
777,744,11
777,745,200
777,746,175
777,747,13
777,748,12
777,749,21
777,750,6
777,751,24
777,752,48
777,753,19
777,754,200
777,755,200
777,756,200
777,757,18
777,758,200
777,759,40
777,760,9
777,761,200
777,762,21
777,763,15
777,764,89
777,765,85
777,766,34
777,767,50
777,768,17
777,769,18
777,770,26
777,771,7
777,772,11
777,773,56
777,774,12
777,775,7
777,776,31
777,777,200
777,778,32
777,779,11
777,780,14
777,781,200
777,782,18
777,783,11
777,784,19
777,785,18
777,786,50
777,787,10
777,788,12
777,789,80
777,790,13
777,791,22
777,792,14
777,793,15
777,794,11
777,795,14
777,796,25
777,797,11
777,798,6
777,799,16
777,800,131
777,801,66
777,802,11
777,803,16
777,804,30
777,805,11
777,806,9
777,807,25
777,808,26
777,809,14
777,810,44
777,811,14
777,812,12
777,813,29
777,814,49
777,815,10
777,816,10
777,817,28
777,818,12
777,819,16
777,820,15
777,821,18
777,822,86
777,823,17
777,824,16
777,825,50
777,826,12
777,827,133
777,828,15
777,829,8
777,830,11
777,831,50
777,832,33
777,833,200
777,834,13
777,835,6
777,836,9
777,837,13
777,838,46
777,839,53
777,840,15
777,841,23
777,842,17
777,843,21
777,844,26
777,845,29
777,846,15
777,847,13
777,848,200
777,849,48
777,850,200
777,851,13
777,852,11
777,853,7
777,854,8
777,855,43
777,856,10
777,857,48
777,858,21
777,859,41
777,860,8
777,861,9
777,862,13
777,863,8
777,864,15
777,865,200
777,866,34
777,867,18
777,868,10
777,869,17
777,870,26
777,871,16
777,872,12
777,873,160
777,874,17
777,875,147
777,876,200
777,877,26
777,878,14
777,879,200
777,880,14
777,881,28
777,882,12
777,883,13
777,884,11
777,885,49
777,886,200
777,887,14
777,888,200
777,889,200
777,890,11
777,891,200
777,892,14
777,893,13
777,894,22
777,895,27
777,896,23
777,897,23
777,898,12
777,899,12
777,900,200
777,901,22
777,902,26
777,903,12
777,904,16
777,905,13
777,906,10
777,907,43
777,908,11
777,909,48
777,910,19
777,911,12
777,912,200
777,913,200
777,914,11
777,915,200
777,916,200
777,917,56
777,918,17
777,919,54
777,920,21
777,921,36
777,922,10
777,923,23
777,924,200
777,925,21
777,926,33
777,927,65
777,928,31
777,929,200
777,930,17
777,931,18
777,932,18
777,933,24
777,934,15
777,935,14
777,936,20
777,937,115
777,938,17
777,939,20
777,940,14
777,941,11
777,942,10
777,943,16
777,944,67
777,945,17
777,946,20
777,947,200
777,948,14
777,949,13
777,950,15
777,951,15
777,952,20
777,953,10
777,954,200
777,955,32
777,956,12
777,957,15
777,958,7
777,959,24
777,960,16
777,961,32
777,962,200
777,963,14
777,964,16
777,965,200
777,966,27
777,967,200
777,968,20
777,969,17
777,970,56
777,971,21
777,972,22
777,973,27
777,974,21
777,975,22
777,976,17
777,977,40
777,978,21
777,979,6
777,980,10
777,981,7
777,982,20
777,983,13
777,984,11
777,985,44
777,986,20
777,987,18
777,988,17
777,989,10
777,990,44
777,991,17
777,992,53
777,993,10
777,994,38
777,995,19
777,996,13
777,997,12
777,998,17
777,999,14
777,1000,37
777,1001,26
777,1002,13
777,1003,10
777,1004,14
777,1005,11
777,1006,16
777,1007,36
777,1008,8
777,1009,20
777,1010,13
777,1011,16
777,1012,20
777,1013,30
777,1014,23
777,1015,26
777,1016,16
777,1017,15
777,1018,15
777,1019,16
777,1020,13
777,1021,18
777,1022,46
777,1023,40
777,1024,18
777,1025,12
777,1026,22
777,1027,22
777,1028,28
777,1029,18
777,1030,8
777,1031,10
777,1032,22
777,1033,40
777,1034,17
777,1035,60
777,1036,12
777,1037,16
777,1038,12
777,1039,64
777,1040,13
777,1041,19
777,1042,22
777,1043,14
777,1044,13
777,1045,27
777,1046,8
777,1047,16
777,1048,13
777,1049,19
777,1050,16
777,1051,14
777,1052,11
777,1053,17
777,1054,29
777,1055,10
777,1056,20
777,1057,12
777,1058,11
777,1059,16
777,1060,13
777,1061,10
777,1062,18
777,1063,17
777,1064,11
777,1065,10
777,1066,23
777,1067,11
777,1068,10
777,1069,30
777,1070,15
777,1071,26
777,1072,200
777,1073,14
777,1074,19
777,1075,15
777,1076,24
777,1077,14
777,1078,14
777,1079,16
777,1080,35
777,1081,38
777,1082,200
777,1083,21
777,1084,13
777,1085,7
777,1086,14
777,1087,14
777,1088,27
777,1089,16
777,1090,15
777,1091,100
777,1092,25
777,1093,15
777,1094,17
777,1095,14
777,1096,64
777,1097,28
777,1098,16
777,1099,12
777,1100,13
777,1101,33
777,1102,11
777,1103,15
777,1104,16
777,1105,10
777,1106,111
777,1107,10
777,1108,16
777,1109,25
777,1110,17
777,1111,14
777,1112,18
777,1113,13
777,1114,15
777,1115,18
777,1116,9
777,1117,21
777,1118,14
777,1119,16
777,1120,11
777,1121,19
777,1122,19
777,1123,17
777,1124,11
777,1125,15
777,1126,41
777,1127,18
777,1128,17
777,1129,48
777,1130,15
777,1131,18
777,1132,15
777,1133,15
777,1134,26
777,1135,16
777,1136,19
777,1137,50
777,1138,16
777,1139,15
777,1140,10
777,1141,37
777,1142,32
777,1143,10
777,1144,21
777,1145,14
777,1146,11
777,1147,14
777,1148,150
777,1149,33
777,1150,36
777,1151,13
777,1152,23
777,1153,13
777,1154,113
777,1155,9
777,1156,12
777,1157,22
777,1158,12
777,1159,13
777,1160,14
777,1161,14
777,1162,18
777,1163,16
777,1164,11
777,1165,11
777,1166,22
777,1167,12
777,1168,25
777,1169,23
777,1170,22
777,1171,21
777,1172,20
777,1173,68
777,1174,13
777,1175,30
777,1176,17
777,1177,14
777,1178,11
777,1179,12
777,1180,23
777,1181,54
777,1182,11
777,1183,17
777,1184,9
777,1185,35
777,1186,22
777,1187,17
777,1188,9
777,1189,40
777,1190,51
777,1191,16
777,1192,11
777,1193,16
777,1194,32
777,1195,14
777,1196,60
777,1197,15
777,1198,18
777,1199,11
777,1200,26
777,1201,18
777,1202,21
777,1203,15
777,1204,19
777,1205,32
777,1206,28
777,1207,17
777,1208,38
777,1209,10
777,1210,18
777,1211,18
777,1212,29
777,1213,16
777,1214,10
777,1215,18
777,1216,12
777,1217,10
777,1218,31
777,1219,14
777,1220,14
777,1221,13
777,1222,13
777,1223,14
777,1224,15
777,1225,27
777,1226,14
777,1227,17
777,1228,15
777,1229,42
777,1230,17
777,1231,18
777,1232,23
777,1233,8
777,1234,15
777,1235,27
777,1236,200
777,1237,14
777,1238,16
777,1239,44
777,1240,19
777,1241,14
777,1242,21
777,1243,15
777,1244,12
777,1245,13
777,1246,49
777,1247,19
777,1248,8
777,1249,7
777,1250,10
777,1251,40
777,1252,125
777,1253,11
777,1254,19
777,1255,81
777,1256,13
777,1257,42
777,1258,11
777,1259,16
777,1260,16
777,1261,20
777,1262,21
777,1263,18
777,1264,11
777,1265,15
777,1266,60
777,1267,17
777,1268,22
777,1269,8
777,1270,20
777,1271,12
777,1272,16
777,1273,12
777,1274,13
777,1275,12
777,1276,15
777,1277,14
777,1278,21
777,1279,13
777,1280,7
777,1281,14
777,1282,200
777,1283,17
777,1284,13
777,1285,15
777,1286,200
777,1287,31
777,1288,10
777,1289,9
777,1290,76
777,1291,9
777,1292,17
777,1293,20
777,1294,14
777,1295,53
777,1296,19
777,1297,48
777,1298,15
777,1299,21
777,1300,12
777,1301,20
777,1302,11
777,1303,17
777,1304,12
777,1305,12
777,1306,41
777,1307,21
777,1308,15
777,1309,61
777,1310,14
777,1311,161
777,1312,13
777,1313,14
777,1314,200
777,1315,200
777,1316,76
777,1317,8
777,1318,13
777,1319,15
777,1320,14
777,1321,200
777,1322,9
777,1323,11
777,1324,20
777,1325,75
777,1326,53
777,1327,15
777,1328,24
777,1329,9
777,1330,10
777,1331,12
777,1332,15
777,1333,12
777,1334,20
777,1335,12
777,1336,12
777,1337,9
777,1338,200
777,1339,31
777,1340,11
777,1341,79
777,1342,25
777,1343,20
777,1344,200
777,1345,19
777,1346,31
777,1347,9
777,1348,145
777,1349,37
777,1350,42
777,1351,200
777,1352,11
777,1353,21
777,1354,7
777,1355,16
777,1356,19
777,1357,200
777,1358,12
777,1359,17
777,1360,200
777,1361,11
777,1362,11
777,1363,60
777,1364,200
777,1365,13
777,1366,14
777,1367,16
777,1368,10
777,1369,200
777,1370,12
777,1371,37
777,1372,12
777,1373,21
777,1374,21
777,1375,200
777,1376,16
777,1377,13
777,1378,23
777,1379,8
777,1380,10
777,1381,13
777,1382,16
777,1383,200
777,1384,24
777,1385,13
777,1386,200
777,1387,29
777,1388,200
777,1389,41
777,1390,20
777,1391,10
777,1392,11
777,1393,12
777,1394,12
777,1395,13
777,1396,21
777,1397,15
777,1398,15
777,1399,10
777,1400,200
777,1401,8
777,1402,10
777,1403,14
777,1404,15
777,1405,10
777,1406,16
777,1407,49
777,1408,16
777,1409,20
777,1410,200
777,1411,9
777,1412,17
777,1413,13
777,1414,18
777,1415,15
777,1416,48
777,1417,19
777,1418,12
777,1419,21
777,1420,28
777,1421,37
777,1422,27
777,1423,200
777,1424,200
777,1425,18
777,1426,18
777,1427,14
777,1428,200
777,1429,10
777,1430,200
777,1431,6
777,1432,200
777,1433,13
777,1434,200
777,1435,13
777,1436,200
777,1437,17
777,1438,35
777,1439,134
777,1440,9
777,1441,14
777,1442,54
777,1443,15
777,1444,13
777,1445,26
777,1446,15
777,1447,200
777,1448,14
777,1449,13
777,1450,8
777,1451,17
777,1452,15
777,1453,9
777,1454,22
777,1455,19
777,1456,18
777,1457,35
777,1458,14
777,1459,12
777,1460,18
777,1461,12
777,1462,11
777,1463,35
777,1464,15
777,1465,14
777,1466,19
777,1467,18
777,1468,18
777,1469,69
777,1470,35
777,1471,23
777,1472,13
777,1473,28
777,1474,11
777,1475,116
777,1476,13
777,1477,200
777,1478,20
777,1479,35
777,1480,13
777,1481,36
777,1482,13
777,1483,13
777,1484,13
777,1485,48
777,1486,12
777,1487,11
777,1488,12
777,1489,7
777,1490,19
777,1491,14
777,1492,47
777,1493,200
777,1494,15
777,1495,12
777,1496,14
777,1497,14
777,1498,17
777,1499,67
777,1500,21
777,1501,16
777,1502,9
777,1503,12
777,1504,14
777,1505,14
777,1506,13
777,1507,200
777,1508,12
777,1509,13
777,1510,20
777,1511,15
777,1512,17
777,1513,36
777,1514,21
777,1515,155
777,1516,7
777,1517,19
777,1518,13
777,1519,21
777,1520,13
777,1521,14
777,1522,19
777,1523,16
777,1524,13
777,1525,10
777,1526,16
777,1527,15
777,1528,26
777,1529,22
777,1530,20
777,1531,12
777,1532,17
777,1533,11
777,1534,200
777,1535,14
777,1536,13
777,1537,17
777,1538,16
777,1539,12
777,1540,22
777,1541,12
777,1542,200
777,1543,20
777,1544,12
777,1545,15
777,1546,12
777,1547,18
777,1548,19
777,1549,13
777,1550,12
777,1551,9
777,1552,11
777,1553,13
777,1554,21
777,1555,200
777,1556,15
777,1557,14
777,1558,18
777,1559,12
777,1560,18
777,1561,20
777,1562,31
777,1563,18
777,1564,17
777,1565,24
777,1566,17
777,1567,200
777,1568,200
777,1569,15
777,1570,18
777,1571,13
777,1572,12
777,1573,18
777,1574,15
777,1575,16
777,1576,9
777,1577,16
777,1578,16
777,1579,19
777,1580,17
777,1581,15
777,1582,23
777,1583,12
777,1584,11
777,1585,8
777,1586,200
777,1587,10
777,1588,15
777,1589,21
777,1590,10
777,1591,16
777,1592,26
777,1593,13
777,1594,11
777,1595,18
777,1596,15
777,1597,17
777,1598,10
777,1599,13
777,1600,24
777,1601,14
777,1602,23
777,1603,23
777,1604,8
777,1605,23
777,1606,10
777,1607,12
777,1608,200
777,1609,38
777,1610,174
777,1611,14
777,1612,14
777,1613,15
777,1614,200
777,1615,11
777,1616,17
777,1617,200
777,1618,13
777,1619,30
777,1620,10
777,1621,15
777,1622,22
777,1623,31
777,1624,20
777,1625,15
777,1626,29
777,1627,12
777,1628,21
777,1629,13
777,1630,25
777,1631,12
777,1632,48
777,1633,23
777,1634,11
777,1635,28
777,1636,14
777,1637,34
777,1638,23
777,1639,10
777,1640,16
777,1641,11
777,1642,15
777,1643,12
777,1644,23
777,1645,26
777,1646,15
777,1647,16
777,1648,16
777,1649,11
777,1650,11
777,1651,23
777,1652,8
777,1653,12
777,1654,7
777,1655,48
777,1656,16
777,1657,19
777,1658,14
777,1659,12
777,1660,10
777,1661,25
777,1662,26
777,1663,22
777,1664,14
777,1665,13
777,1666,15
777,1667,9
777,1668,19
777,1669,18
777,1670,10
777,1671,13
777,1672,12
777,1673,11
777,1674,11
777,1675,13
777,1676,6
777,1677,10
777,1678,15
777,1679,11
777,1680,17
777,1681,20
777,1682,14
777,1683,15
777,1684,15
777,1685,22
777,1686,16
777,1687,12
777,1688,10
777,1689,15
777,1690,33
777,1691,40
777,1692,19
777,1693,15
777,1694,17
777,1695,9
777,1696,15
777,1697,14
777,1698,22
777,1699,30
777,1700,17
777,1701,12
777,1702,11
777,1703,34
777,1704,16
777,1705,23
777,1706,25
777,1707,11
777,1708,24
777,1709,23
777,1710,15
777,1711,18
777,1712,12
777,1713,12
777,1714,14
777,1715,10
777,1716,19
777,1717,10
777,1718,16
777,1719,19
777,1720,12
777,1721,43
777,1722,20
777,1723,16
777,1724,15
777,1725,10
777,1726,46
777,1727,20
777,1728,11
777,1729,30
777,1730,26
777,1731,9
777,1732,13
777,1733,12
777,1734,15
777,1735,12
777,1736,18
777,1737,9
777,1738,20
777,1739,19
777,1740,56
777,1741,19
777,1742,12
777,1743,25
777,1744,11
777,1745,36
777,1746,11
777,1747,25
777,1748,15
777,1749,9
777,1750,16
777,1751,11
777,1752,17
777,1753,14
777,1754,182
777,1755,24
777,1756,18
777,1757,14
777,1758,23
777,1759,200
777,1760,14
777,1761,11
777,1762,17
777,1763,17
777,1764,9
777,1765,45
777,1766,26
777,1767,18
777,1768,20
777,1769,13
777,1770,17
777,1771,13
777,1772,10
777,1773,11
777,1774,26
777,1775,200
777,1776,13
777,1777,30
777,1778,138
777,1779,10
777,1780,8
777,1781,20
777,1782,9
777,1783,12
777,1784,23
777,1785,18
777,1786,15
777,1787,14
777,1788,41
777,1789,200
777,1790,200
777,1791,17
777,1792,12
777,1793,16
777,1794,20
777,1795,13
777,1796,16
777,1797,29
777,1798,15
777,1799,15
777,1800,42
777,1801,200
777,1802,17
777,1803,31
777,1804,25
777,1805,16
777,1806,28
777,1807,13
777,1808,15
777,1809,13
777,1810,13
777,1811,12
777,1812,12
777,1813,13
777,1814,20
777,1815,17
777,1816,14
777,1817,16
777,1818,20
777,1819,13
777,1820,200
777,1821,14
777,1822,13
777,1823,200
777,1824,24
777,1825,24
777,1826,15
777,1827,200
777,1828,107
777,1829,20
777,1830,14
777,1831,18
777,1832,21
777,1833,24
777,1834,11
777,1835,10
777,1836,10
777,1837,13
777,1838,13
777,1839,8
777,1840,19
777,1841,14
777,1842,10
777,1843,16
777,1844,15
777,1845,15
777,1846,16
777,1847,11
777,1848,22
777,1849,15
777,1850,200
777,1851,43
777,1852,37
777,1853,200
777,1854,200
777,1855,11
777,1856,15
777,1857,53
777,1858,9
777,1859,8
777,1860,31
777,1861,10
777,1862,22
777,1863,17
777,1864,13
777,1865,15
777,1866,12
777,1867,26
777,1868,38
777,1869,17
777,1870,15
777,1871,24
777,1872,200
777,1873,200
777,1874,16
777,1875,12
777,1876,140
777,1877,12
777,1878,15
777,1879,11
777,1880,10
777,1881,16
777,1882,11
777,1883,16
777,1884,17
777,1885,17
777,1886,23
777,1887,13
777,1888,36
777,1889,12
777,1890,13
777,1891,20
777,1892,11
777,1893,19
777,1894,20
777,1895,20
777,1896,16
777,1897,12
777,1898,10
777,1899,13
777,1900,17
777,1901,11
777,1902,16
777,1903,11
777,1904,14
777,1905,14
777,1906,16
777,1907,13
777,1908,22
777,1909,33
777,1910,13
777,1911,43
777,1912,15
777,1913,20
777,1914,11
777,1915,17
777,1916,13
777,1917,16
777,1918,11
777,1919,13
777,1920,30
777,1921,14
777,1922,13
777,1923,16
777,1924,14
777,1925,14
777,1926,19
777,1927,17
777,1928,28
777,1929,17
777,1930,13
777,1931,18
777,1932,15
777,1933,44
777,1934,21
777,1935,16
777,1936,20
777,1937,22
777,1938,35
777,1939,9
777,1940,10
777,1941,17
777,1942,13
777,1943,60
777,1944,13
777,1945,10
777,1946,36
777,1947,13
777,1948,13
777,1949,12
777,1950,10
777,1951,18
777,1952,17
777,1953,12
777,1954,22
777,1955,21
777,1956,15
777,1957,36
777,1958,15
777,1959,17
777,1960,29
777,1961,20
777,1962,19
777,1963,17
777,1964,16
777,1965,13
777,1966,15
777,1967,17
777,1968,14
777,1969,18
777,1970,13
777,1971,16
777,1972,13
777,1973,16
777,1974,11
777,1975,10
777,1976,12
777,1977,13
777,1978,16
777,1979,11
777,1980,17
777,1981,14
777,1982,15
777,1983,17
777,1984,14
777,1985,15
777,1986,16
777,1987,17
777,1988,16
777,1989,13
777,1990,11
777,1991,11
777,1992,21
777,1993,19
777,1994,10
777,1995,14
777,1996,14
777,1997,25
777,1998,11
777,1999,16
777,2000,9
777,2001,19
777,2002,47
777,2003,18
777,2004,7
777,2005,17
777,2006,27
777,2007,26
777,2008,11
777,2009,16
777,2010,16
777,2011,21
777,2012,14
777,2013,15
777,2014,14
777,2015,18
777,2016,14
777,2017,12
777,2018,19
777,2019,18
777,2020,7
777,2021,14
777,2022,78
777,2023,16
777,2024,14
777,2025,17
777,2026,27
777,2027,13
777,2028,15
777,2029,15
777,2030,16
777,2031,10
777,2032,36
777,2033,17
777,2034,9
777,2035,8
777,2036,200
777,2037,19
777,2038,11
777,2039,200
777,2040,48
777,2041,21
777,2042,14
777,2043,13
777,2044,17
777,2045,30
777,2046,14
777,2047,12
777,2048,30
777,2049,10
777,2050,25
777,2051,14
777,2052,25
777,2053,10
777,2054,8
777,2055,87
777,2056,12
777,2057,14
777,2058,12
777,2059,17
777,2060,26
777,2061,200
777,2062,29
777,2063,15
777,2064,23
777,2065,17
777,2066,14
777,2067,200
777,2068,16
777,2069,15
777,2070,15
777,2071,17
777,2072,20
777,2073,14
777,2074,18
777,2075,8
777,2076,22
777,2077,14
777,2078,27
777,2079,15
777,2080,23
777,2081,42
777,2082,14
777,2083,88
777,2084,21
777,2085,12
777,2086,19
777,2087,15
777,2088,20
777,2089,15
777,2090,14
777,2091,21
777,2092,12
777,2093,20
777,2094,39
777,2095,20
777,2096,20
777,2097,11
777,2098,15
777,2099,22
777,2100,13
777,2101,17
777,2102,19
777,2103,18
777,2104,24
777,2105,9
777,2106,20
777,2107,13
777,2108,200
777,2109,18
777,2110,17
777,2111,34
777,2112,18
777,2113,15
777,2114,12
777,2115,67
777,2116,20
777,2117,12
777,2118,12
777,2119,15
777,2120,17
777,2121,21
777,2122,12
777,2123,16
777,2124,19
777,2125,9
777,2126,11
777,2127,26
777,2128,189
777,2129,14
777,2130,12
777,2131,16
777,2132,13
777,2133,27
777,2134,9
777,2135,14
777,2136,14
777,2137,20
777,2138,12
777,2139,11
777,2140,14
777,2141,27
777,2142,17
777,2143,25
777,2144,15
777,2145,18
777,2146,200
777,2147,12
777,2148,14
777,2149,14
777,2150,8
777,2151,8
777,2152,17
777,2153,14
777,2154,17
777,2155,20
777,2156,15
777,2157,19
777,2158,200
777,2159,17
777,2160,16
777,2161,16
777,2162,20
777,2163,76
777,2164,9
777,2165,10
777,2166,25
777,2167,11
777,2168,12
777,2169,14
777,2170,11
777,2171,17
777,2172,15
777,2173,14
777,2174,24
777,2175,16
777,2176,21
777,2177,13
777,2178,21
777,2179,19
777,2180,22
777,2181,6
777,2182,19
777,2183,14
777,2184,11
777,2185,19
777,2186,26
777,2187,11
777,2188,10
777,2189,15
777,2190,15
777,2191,7
777,2192,15
777,2193,10
777,2194,15
777,2195,24
777,2196,12
777,2197,25
777,2198,13
777,2199,13
777,2200,15
777,2201,6
777,2202,13
777,2203,12
777,2204,13
777,2205,17
777,2206,20
777,2207,12
777,2208,9
777,2209,12
777,2210,16
777,2211,35
777,2212,21
777,2213,20
777,2214,10
777,2215,19
777,2216,23
777,2217,14
777,2218,23
777,2219,13
777,2220,10
777,2221,17
777,2222,16
777,2223,14
777,2224,15
777,2225,18
777,2226,12
777,2227,29
777,2228,14
777,2229,19
777,2230,10
777,2231,24
777,2232,20
777,2233,18
777,2234,17
777,2235,18
777,2236,18
777,2237,12
777,2238,24
777,2239,11
777,2240,14
777,2241,14
777,2242,17
777,2243,14
777,2244,27
777,2245,11
777,2246,19
777,2247,16
777,2248,22
777,2249,14
777,2250,19
777,2251,12
777,2252,19
777,2253,11
777,2254,13
777,2255,10
777,2256,16
777,2257,9
777,2258,21
777,2259,14
777,2260,21
777,2261,13
777,2262,11
777,2263,17
777,2264,33
777,2265,23
777,2266,16
777,2267,19
777,2268,24
777,2269,17
777,2270,23
777,2271,17
777,2272,8
777,2273,16
777,2274,15
777,2275,23
777,2276,17
777,2277,11
777,2278,9
777,2279,18
777,2280,31
777,2281,12
777,2282,18
777,2283,90
777,2284,11
777,2285,20
777,2286,11
777,2287,12
777,2288,16
777,2289,200
777,2290,22
777,2291,14
777,2292,129
777,2293,62
777,2294,14
777,2295,12
777,2296,15
777,2297,19
777,2298,113
777,2299,18
777,2300,34
777,2301,65
777,2302,15
777,2303,16
777,2304,122
777,2305,25
777,2306,17
777,2307,19
777,2308,200
777,2309,8
777,2310,15
777,2311,81
777,2312,16
777,2313,35
777,2314,22
777,2315,11
777,2316,9
777,2317,17
777,2318,51
777,2319,77
777,2320,28
777,2321,15
777,2322,19
777,2323,21
777,2324,15
777,2325,10
777,2326,200
777,2327,13
777,2328,15
777,2329,11
777,2330,13
777,2331,16
777,2332,200
777,2333,16
777,2334,22
777,2335,13
777,2336,16
777,2337,45
777,2338,13
777,2339,19
777,2340,19
777,2341,22
777,2342,47
777,2343,21
777,2344,13
777,2345,18
777,2346,18
777,2347,17
777,2348,14
777,2349,11
777,2350,200
777,2351,26
777,2352,19
777,2353,17
777,2354,139
777,2355,11
777,2356,16
777,2357,17
777,2358,200
777,2359,20
777,2360,13
777,2361,200
777,2362,15
777,2363,13
777,2364,14
777,2365,8
777,2366,6
777,2367,15
777,2368,13
777,2369,14
777,2370,17
777,2371,25
777,2372,23
777,2373,19
777,2374,79
777,2375,15
777,2376,14
777,2377,95
777,2378,41
777,2379,18
777,2380,51
777,2381,17
777,2382,50
777,2383,25
777,2384,17
777,2385,20
777,2386,14
777,2387,36
777,2388,37
777,2389,80
777,2390,14
777,2391,16
777,2392,11
777,2393,15
777,2394,12
777,2395,12
777,2396,47
777,2397,17
777,2398,14
777,2399,19
777,2400,12
777,2401,14
777,2402,200
777,2403,17
777,2404,23
777,2405,15
777,2406,15
777,2407,14
777,2408,13
777,2409,13
777,2410,11
777,2411,13
777,2412,15
777,2413,12
777,2414,157
777,2415,22
777,2416,8
777,2417,200
777,2418,15
777,2419,49
777,2420,33
777,2421,200
777,2422,12
777,2423,13
777,2424,14
777,2425,14
777,2426,10
777,2427,13
777,2428,11
777,2429,16
777,2430,15
777,2431,200
777,2432,15
777,2433,11
777,2434,15
777,2435,12
777,2436,16
777,2437,9
777,2438,13
777,2439,159
777,2440,12
777,2441,11
777,2442,21
777,2443,41
777,2444,21
777,2445,17
777,2446,200
777,2447,11
777,2448,200
777,2449,22
777,2450,11
777,2451,32
777,2452,12
777,2453,13
777,2454,200
777,2455,27
777,2456,14
777,2457,17
777,2458,13
777,2459,7
777,2460,26
777,2461,19
777,2462,18
777,2463,19
777,2464,16
777,2465,11
777,2466,15
777,2467,23
777,2468,20
777,2469,17
777,2470,200
777,2471,19
777,2472,12
777,2473,14
777,2474,19
777,2475,22
777,2476,16
777,2477,13
777,2478,13
777,2479,25
777,2480,17
777,2481,17
777,2482,15
777,2483,16
777,2484,13
777,2485,17
777,2486,13
777,2487,18
777,2488,21
777,2489,14
777,2490,13
777,2491,14
777,2492,15
777,2493,20
777,2494,12
777,2495,200
777,2496,22
777,2497,14
777,2498,12
777,2499,16
777,2500,14
777,2501,24
777,2502,47
777,2503,12
777,2504,20
777,2505,11
777,2506,25
777,2507,200
777,2508,14
777,2509,14
777,2510,22
777,2511,12
777,2512,13
777,2513,17
777,2514,18
777,2515,11
777,2516,200
777,2517,200
777,2518,8
777,2519,15
777,2520,16
777,2521,10
777,2522,19
777,2523,19
777,2524,16
777,2525,11
777,2526,88
777,2527,34
777,2528,18
777,2529,17
777,2530,13
777,2531,23
777,2532,13
777,2533,200
777,2534,15
777,2535,12
777,2536,200
777,2537,13
777,2538,15
777,2539,25
777,2540,200
777,2541,13
777,2542,16
777,2543,18
777,2544,22
777,2545,16
777,2546,15
777,2547,19
777,2548,11
777,2549,200
777,2550,14
777,2551,13
777,2552,10
777,2553,14
777,2554,16
777,2555,12
777,2556,15
777,2557,200
777,2558,200
777,2559,9
777,2560,22
777,2561,15
777,2562,31
777,2563,10
777,2564,12
777,2565,18
777,2566,18
777,2567,22
777,2568,13
777,2569,15
777,2570,9
777,2571,14
777,2572,12
777,2573,95
777,2574,18
777,2575,200
777,2576,16
777,2577,11
777,2578,15
777,2579,37
777,2580,15
777,2581,20
777,2582,13
777,2583,16
777,2584,12
777,2585,16
777,2586,11
777,2587,13
777,2588,14
777,2589,200
777,2590,200
777,2591,17
777,2592,13
777,2593,17
777,2594,14
777,2595,17
777,2596,13
777,2597,13
777,2598,16
777,2599,12
777,2600,7
777,2601,15
777,2602,8
777,2603,15
777,2604,12
777,2605,200
777,2606,13
777,2607,200
777,2608,23
777,2609,200
777,2610,15
777,2611,13
777,2612,21
777,2613,54
777,2614,200
777,2615,16
777,2616,23
777,2617,12
777,2618,200
777,2619,14
777,2620,200
777,2621,19
777,2622,15
777,2623,11
777,2624,14
777,2625,200
777,2626,12
777,2627,15
777,2628,10
777,2629,200
777,2630,200
777,2631,15
777,2632,12
777,2633,200
777,2634,16
777,2635,200
777,2636,12
777,2637,7
777,2638,10
777,2639,12
777,2640,15
777,2641,13
777,2642,18
777,2643,200
777,2644,11
777,2645,9
777,2646,14
777,2647,24
777,2648,11
777,2649,200
777,2650,200
777,2651,12
777,2652,12
777,2653,27
777,2654,16
777,2655,42
777,2656,37
777,2657,14
777,2658,10
777,2659,21
777,2660,19
777,2661,20
777,2662,13
777,2663,12
777,2664,27
777,2665,17
777,2666,19
777,2667,10
777,2668,25
777,2669,15
777,2670,17
777,2671,13
777,2672,200
777,2673,32
777,2674,14
777,2675,19
777,2676,65
777,2677,19
777,2678,28
777,2679,22
777,2680,54
777,2681,17
777,2682,9
777,2683,11
777,2684,23
777,2685,18
777,2686,16
777,2687,14
777,2688,11
777,2689,16
777,2690,25
777,2691,18
777,2692,16
777,2693,10
777,2694,15
777,2695,18
777,2696,23
777,2697,25
777,2698,16
777,2699,17
777,2700,13
777,2701,8
777,2702,13
777,2703,6
777,2704,9
777,2705,20
777,2706,20
777,2707,17
777,2708,19
777,2709,13
777,2710,13
777,2711,14
777,2712,13
777,2713,9
777,2714,15
777,2715,25
777,2716,13
777,2717,14
777,2718,11
777,2719,19
777,2720,60
777,2721,14
777,2722,8
777,2723,24
777,2724,13
777,2725,11
777,2726,18
777,2727,15
777,2728,12
777,2729,12
777,2730,16
777,2731,15
777,2732,23
777,2733,8
777,2734,113
777,2735,17
777,2736,21
777,2737,21
777,2738,16
777,2739,20
777,2740,13
777,2741,9
777,2742,13
777,2743,12
777,2744,14
777,2745,13
777,2746,12
777,2747,16
777,2748,13
777,2749,15
777,2750,14
777,2751,14
777,2752,13
777,2753,12
777,2754,9
777,2755,12
777,2756,9
777,2757,22
777,2758,18
777,2759,12
777,2760,28
777,2761,18
777,2762,18
777,2763,9
777,2764,7
777,2765,21
777,2766,11
777,2767,12
777,2768,26
777,2769,18
777,2770,25
777,2771,9
777,2772,17
777,2773,27
777,2774,17
777,2775,13
777,2776,18
777,2777,17
777,2778,16
777,2779,16
777,2780,12
777,2781,9
777,2782,16
777,2783,16
777,2784,16
777,2785,17
777,2786,14
777,2787,10
777,2788,17
777,2789,17
777,2790,11
777,2791,15
777,2792,19
777,2793,16
777,2794,12
777,2795,13
777,2796,11
777,2797,15
777,2798,17
777,2799,12
777,2800,18
777,2801,14
777,2802,15
777,2803,13
777,2804,16
777,2805,22
777,2806,13
777,2807,17
777,2808,23
777,2809,17
777,2810,36
777,2811,13
777,2812,17
777,2813,22
777,2814,14
777,2815,16
777,2816,24
777,2817,18
777,2818,13
777,2819,7
777,2820,21
777,2821,51
777,2822,28
777,2823,28
777,2824,17
777,2825,19
777,2826,14
777,2827,16
777,2828,19
777,2829,45
777,2830,9
777,2831,16
777,2832,15
777,2833,64
777,2834,11
777,2835,14
777,2836,10
777,2837,200
777,2838,9
777,2839,13
777,2840,12
777,2841,10
777,2842,14
777,2843,8
777,2844,14
777,2845,13
777,2846,14
777,2847,15
777,2848,15
777,2849,14
777,2850,14
777,2851,31
777,2852,11
777,2853,17
777,2854,12
777,2855,7
777,2856,15
777,2857,15
777,2858,14
777,2859,13
777,2860,10
777,2861,12
777,2862,11
777,2863,15
777,2864,16
777,2865,18
777,2866,14
777,2867,12
777,2868,9
777,2869,12
777,2870,12
777,2871,23
777,2872,17
777,2873,9
777,2874,15
777,2875,12
777,2876,13
777,2877,14
777,2878,9
777,2879,10
777,2880,13
777,2881,16
777,2882,24
777,2883,14
777,2884,20
777,2885,15
777,2886,19
777,2887,12
777,2888,16
777,2889,10
777,2890,14
777,2891,13
777,2892,29
777,2893,7
777,2894,53
777,2895,26
777,2896,15
777,2897,16
777,2898,11
777,2899,9
777,2900,15
777,2901,14
777,2902,10
777,2903,10
777,2904,15
777,2905,15
777,2906,15
777,2907,10
777,2908,7
777,2909,11
777,2910,13
777,2911,12
777,2912,12
777,2913,11
777,2914,19
777,2915,16
777,2916,18
777,2917,22
777,2918,19
777,2919,12
777,2920,17
777,2921,14
777,2922,10
777,2923,19
777,2924,18
777,2925,200
777,2926,17
777,2927,21
777,2928,13
777,2929,58
777,2930,14
777,2931,12
777,2932,10
777,2933,13
777,2934,21
777,2935,21
777,2936,17
777,2937,23
777,2938,16
777,2939,10
777,2940,29
777,2941,6
777,2942,107
777,2943,16
777,2944,16
777,2945,16
777,2946,8
777,2947,18
777,2948,14
777,2949,14
777,2950,25
777,2951,17
777,2952,14
777,2953,20
777,2954,14
777,2955,13
777,2956,15
777,2957,20
777,2958,13
777,2959,10
777,2960,16
777,2961,11
777,2962,13
777,2963,24
777,2964,12
777,2965,14
777,2966,12
777,2967,17
777,2968,26
777,2969,15
777,2970,12
777,2971,27
777,2972,15
777,2973,11
777,2974,14
777,2975,16
777,2976,16
777,2977,11
777,2978,14
777,2979,9
777,2980,10
777,2981,17
777,2982,20
777,2983,15
777,2984,15
777,2985,16
777,2986,16
777,2987,17
777,2988,12
777,2989,17
777,2990,16
777,2991,14
777,2992,18
777,2993,11
777,2994,12
777,2995,18
777,2996,9
777,2997,11
777,2998,15
777,2999,19
999,0,200
999,1,200
999,2,200
999,3,200
999,4,200
999,5,200
999,6,200
999,7,200
999,8,200
999,9,200
999,10,200
999,11,200
999,12,200
999,13,200
999,14,54
999,15,190
999,16,200
999,17,200
999,18,200
999,19,200
999,20,200
999,21,200
999,22,200
999,23,200
999,24,200
999,25,200
999,26,169
999,27,200
999,28,200
999,29,200
999,30,200
999,31,126
999,32,200
999,33,137
999,34,200
999,35,200
999,36,200
999,37,85
999,38,200
999,39,200
999,40,200
999,41,200
999,42,200
999,43,200
999,44,200
999,45,200
999,46,200
999,47,200
999,48,200
999,49,46
999,50,200
999,51,200
999,52,200
999,53,200
999,54,200
999,55,130
999,56,200
999,57,200
999,58,200
999,59,46
999,60,200
999,61,200
999,62,200
999,63,200
999,64,200
999,65,93
999,66,200
999,67,200
999,68,200
999,69,200
999,70,24
999,71,200
999,72,200
999,73,200
999,74,200
999,75,200
999,76,200
999,77,200
999,78,124
999,79,200
999,80,200
999,81,200
999,82,200
999,83,200
999,84,200
999,85,148
999,86,64
999,87,200
999,88,200
999,89,200
999,90,200
999,91,200
999,92,200
999,93,200
999,94,200
999,95,200
999,96,200
999,97,57
999,98,200
999,99,200
999,100,200
999,101,135
999,102,200
999,103,200
999,104,200
999,105,200
999,106,200
999,107,200
999,108,200
999,109,200
999,110,200
999,111,200
999,112,200
999,113,200
999,114,200
999,115,200
999,116,200
999,117,200
999,118,200
999,119,200
999,120,200
999,121,200
999,122,70
999,123,125
999,124,200
999,125,200
999,126,200
999,127,200
999,128,200
999,129,200
999,130,67
999,131,200
999,132,20
999,133,200
999,134,200
999,135,200
999,136,200
999,137,200
999,138,200
999,139,200
999,140,200
999,141,200
999,142,200
999,143,200
999,144,184
999,145,200
999,146,200
999,147,200
999,148,200
999,149,47
999,150,200
999,151,200
999,152,200
999,153,200
999,154,200
999,155,200
999,156,12
999,157,200
999,158,200
999,159,200
999,160,200
999,161,200
999,162,15
999,163,200
999,164,200
999,165,200
999,166,200
999,167,140
999,168,200
999,169,200
999,170,200
999,171,200
999,172,200
999,173,200
999,174,21
999,175,200
999,176,14
999,177,19
999,178,200
999,179,21
999,180,200
999,181,200
999,182,200
999,183,200
999,184,200
999,185,11
999,186,200
999,187,26
999,188,13
999,189,15
999,190,200
999,191,200
999,192,200
999,193,200
999,194,200
999,195,200
999,196,200
999,197,13
999,198,200
999,199,200
999,200,200
999,201,200
999,202,10
999,203,8
999,204,200
999,205,11
999,206,200
999,207,200
999,208,67
999,209,200
999,210,78
999,211,17
999,212,100
999,213,13
999,214,200
999,215,200
999,216,200
999,217,13
999,218,200
999,219,10
999,220,200
999,221,200
999,222,200
999,223,200
999,224,200
999,225,200
999,226,103
999,227,200
999,228,200
999,229,108
999,230,200
999,231,49
999,232,12
999,233,200
999,234,200
999,235,34
999,236,180
999,237,200
999,238,200
999,239,200
999,240,200
999,241,89
999,242,200
999,243,7
999,244,200
999,245,200
999,246,78
999,247,200
999,248,35
999,249,200
999,250,200
999,251,15
999,252,200
999,253,22
999,254,12
999,255,12
999,256,7
999,257,13
999,258,200
999,259,15
999,260,6
999,261,200
999,262,200
999,263,200
999,264,200
999,265,28
999,266,200
999,267,15
999,268,200
999,269,200
999,270,13
999,271,11
999,272,200
999,273,200
999,274,200
999,275,30
999,276,14
999,277,9
999,278,9
999,279,76
999,280,17
999,281,7
999,282,19
999,283,22
999,284,19
999,285,200
999,286,200
999,287,200
999,288,200
999,289,11
999,290,85
999,291,200
999,292,200
999,293,12
999,294,200
999,295,6
999,296,26
999,297,14
999,298,36
999,299,14
999,300,200
999,301,15
999,302,200
999,303,56
999,304,200
999,305,200
999,306,9
999,307,27
999,308,200
999,309,19
999,310,200
999,311,200
999,312,17
999,313,73
999,314,26
999,315,200
999,316,101
999,317,12
999,318,200
999,319,18
999,320,141
999,321,125
999,322,25
999,323,200
999,324,15
999,325,122
999,326,9
999,327,200
999,328,94
999,329,10
999,330,200
999,331,200
999,332,200
999,333,200
999,334,11
999,335,56
999,336,200
999,337,200
999,338,38
999,339,20
999,340,200
999,341,25
999,342,14
999,343,24
999,344,200
999,345,15
999,346,18
999,347,200
999,348,18
999,349,18
999,350,19
999,351,200
999,352,67
999,353,49
999,354,49
999,355,200
999,356,22
999,357,15
999,358,200
999,359,16
999,360,200
999,361,200
999,362,18
999,363,18
999,364,37
999,365,200
999,366,9
999,367,70
999,368,8
999,369,28
999,370,21
999,371,10
999,372,21
999,373,200
999,374,9
999,375,200
999,376,11
999,377,12
999,378,9
999,379,23
999,380,9
999,381,24
999,382,23
999,383,33
999,384,86
999,385,9
999,386,77
999,387,13
999,388,200
999,389,200
999,390,24
999,391,19
999,392,118
999,393,66
999,394,34
999,395,37
999,396,200
999,397,13
999,398,19
999,399,200
999,400,13
999,401,18
999,402,10
999,403,94
999,404,17
999,405,109
999,406,22
999,407,10
999,408,22
999,409,14
999,410,200
999,411,19
999,412,26
999,413,10
999,414,200
999,415,10
999,416,12
999,417,13
999,418,21
999,419,11
999,420,38
999,421,10
999,422,164
999,423,200
999,424,11
999,425,16
999,426,24
999,427,13
999,428,9
999,429,19
999,430,119
999,431,103
999,432,15
999,433,50
999,434,11
999,435,8
999,436,11
999,437,25
999,438,11
999,439,34
999,440,9
999,441,9
999,442,61
999,443,7
999,444,42
999,445,200
999,446,200
999,447,200
999,448,200
999,449,50
999,450,16
999,451,200
999,452,8
999,453,200
999,454,68
999,455,16
999,456,200
999,457,200
999,458,12
999,459,25
999,460,10
999,461,200
999,462,26
999,463,18
999,464,64
999,465,14
999,466,17
999,467,11
999,468,44
999,469,200
999,470,21
999,471,24
999,472,200
999,473,19
999,474,200
999,475,30
999,476,200
999,477,51
999,478,200
999,479,12
999,480,14
999,481,23
999,482,7
999,483,200
999,484,21
999,485,200
999,486,40
999,487,200
999,488,8
999,489,27
999,490,200
999,491,20
999,492,10
999,493,14
999,494,74
999,495,11
999,496,8
999,497,37
999,498,200
999,499,43
999,500,200
999,501,14
999,502,200
999,503,10
999,504,200
999,505,200
999,506,200
999,507,200
999,508,99
999,509,14
999,510,12
999,511,13
999,512,33
999,513,200
999,514,28
999,515,12
999,516,24
999,517,11
999,518,200
999,519,16
999,520,200
999,521,11
999,522,15
999,523,200
999,524,152
999,525,18
999,526,12
999,527,12
999,528,10
999,529,12
999,530,35
999,531,200
999,532,200
999,533,200
999,534,36
999,535,15
999,536,200
999,537,80
999,538,10
999,539,200
999,540,23
999,541,14
999,542,27
999,543,97
999,544,15
999,545,127
999,546,18
999,547,12
999,548,29
999,549,7
999,550,12
999,551,17
999,552,12
999,553,6
999,554,78
999,555,24
999,556,17
999,557,11
999,558,21
999,559,27
999,560,158
999,561,13
999,562,11
999,563,14
999,564,31
999,565,11
999,566,16
999,567,16
999,568,11
999,569,13
999,570,22
999,571,17
999,572,9
999,573,174
999,574,200
999,575,9
999,576,9
999,577,200
999,578,40
999,579,200
999,580,8
999,581,200
999,582,200
999,583,16
999,584,10
999,585,21
999,586,53
999,587,15
999,588,14
999,589,13
999,590,35
999,591,200
999,592,27
999,593,10
999,594,10
999,595,34
999,596,16
999,597,22
999,598,17
999,599,200
999,600,200
999,601,16
999,602,128
999,603,23
999,604,11
999,605,19
999,606,20
999,607,10
999,608,23
999,609,120
999,610,17
999,611,200
999,612,12
999,613,6
999,614,9
999,615,11
999,616,82
999,617,38
999,618,17
999,619,19
999,620,12
999,621,17
999,622,45
999,623,22
999,624,72
999,625,16
999,626,200
999,627,200
999,628,200
999,629,28
999,630,10
999,631,7
999,632,10
999,633,30
999,634,10
999,635,200
999,636,14
999,637,200
999,638,8
999,639,9
999,640,18
999,641,8
999,642,18
999,643,200
999,644,27
999,645,15
999,646,10
999,647,40
999,648,21
999,649,99
999,650,28
999,651,10
999,652,10
999,653,200
999,654,11
999,655,20
999,656,16
999,657,13
999,658,14
999,659,20
999,660,15
999,661,15
999,662,12
999,663,200
999,664,200
999,665,14
999,666,200
999,667,200
999,668,13
999,669,200
999,670,48
999,671,15
999,672,21
999,673,27
999,674,18
999,675,21
999,676,13
999,677,16
999,678,200
999,679,14
999,680,22
999,681,7
999,682,14
999,683,9
999,684,11
999,685,17
999,686,13
999,687,10
999,688,91
999,689,16
999,690,200
999,691,12
999,692,46
999,693,27
999,694,14
999,695,15
999,696,22
999,697,107
999,698,19
999,699,10
999,700,12
999,701,17
999,702,38
999,703,12
999,704,19
999,705,13
999,706,9
999,707,31
999,708,200
999,709,16
999,710,16
999,711,27
999,712,29
999,713,13
999,714,14
999,715,38
999,716,15
999,717,31
999,718,16
999,719,10
999,720,10
999,721,13
999,722,24
999,723,11
999,724,18
999,725,33
999,726,34
999,727,22
999,728,58
999,729,15
999,730,41
999,731,11
999,732,44
999,733,35
999,734,12
999,735,200
999,736,9
999,737,20
999,738,15
999,739,25
999,740,200
999,741,11
999,742,17
999,743,200
999,744,19
999,745,200
999,746,17
999,747,17
999,748,16
999,749,22
999,750,39
999,751,14
999,752,17
999,753,34
999,754,19
999,755,30
999,756,34
999,757,6
999,758,10
999,759,7
999,760,17
999,761,10
999,762,11
999,763,32
999,764,22
999,765,61
999,766,31
999,767,10
999,768,15
999,769,16
999,770,23
999,771,12
999,772,200
999,773,103
999,774,13
999,775,15
999,776,200
999,777,13
999,778,200
999,779,42
999,780,18
999,781,200
999,782,17
999,783,10
999,784,13
999,785,16
999,786,39
999,787,23
999,788,15
999,789,200
999,790,101
999,791,87
999,792,19
999,793,106
999,794,24
999,795,17
999,796,171
999,797,47
999,798,13
999,799,58
999,800,21
999,801,14
999,802,19
999,803,74
999,804,21
999,805,18
999,806,32
999,807,30
999,808,9
999,809,23
999,810,26
999,811,89
999,812,17
999,813,47
999,814,12
999,815,23
999,816,12
999,817,32
999,818,21
999,819,14
999,820,22
999,821,72
999,822,200
999,823,32
999,824,13
999,825,18
999,826,14
999,827,37
999,828,43
999,829,17
999,830,12
999,831,15
999,832,25
999,833,10
999,834,19
999,835,200
999,836,12
999,837,22
999,838,12
999,839,11
999,840,21
999,841,16
999,842,11
999,843,23
999,844,18
999,845,9
999,846,200
999,847,39
999,848,91
999,849,19
999,850,22
999,851,99
999,852,47
999,853,31
999,854,19
999,855,12
999,856,32
999,857,111
999,858,30
999,859,19
999,860,96
999,861,200
999,862,88
999,863,9
999,864,19
999,865,16
999,866,18
999,867,10
999,868,17
999,869,22
999,870,26
999,871,18
999,872,44
999,873,12
999,874,30
999,875,21
999,876,17
999,877,15
999,878,200
999,879,41
999,880,10
999,881,15
999,882,41
999,883,107
999,884,38
999,885,18
999,886,40
999,887,28
999,888,17
999,889,17
999,890,22
999,891,14
999,892,12
999,893,200
999,894,10
999,895,43
999,896,13
999,897,92
999,898,27
999,899,14
999,900,16
999,901,20
999,902,13
999,903,14
999,904,13
999,905,15
999,906,13
999,907,30
999,908,27
999,909,15
999,910,18
999,911,72
999,912,78
999,913,16
999,914,51
999,915,20
999,916,17
999,917,10
999,918,12
999,919,21
999,920,19
999,921,11
999,922,19
999,923,12
999,924,12
999,925,27
999,926,17
999,927,20
999,928,22
999,929,14
999,930,46
999,931,17
999,932,24
999,933,14
999,934,14
999,935,80
999,936,29
999,937,14
999,938,152
999,939,11
999,940,30
999,941,127
999,942,48
999,943,14
999,944,200
999,945,13
999,946,24
999,947,18
999,948,200
999,949,19
999,950,40
999,951,200
999,952,15
999,953,20
999,954,13
999,955,12
999,956,200
999,957,73
999,958,44
999,959,27
999,960,43
999,961,200
999,962,59
999,963,200
999,964,56
999,965,200
999,966,200
999,967,76
999,968,200
999,969,32
999,970,17
999,971,39
999,972,21
999,973,11
999,974,20
999,975,11
999,976,31
999,977,12
999,978,200
999,979,200
999,980,200
999,981,22
999,982,54
999,983,22
999,984,27
999,985,16
999,986,21
999,987,200
999,988,15
999,989,24
999,990,46
999,991,30
999,992,14
999,993,15
999,994,10
999,995,13
999,996,27
999,997,19
999,998,32
999,999,11
999,1000,14
999,1001,15
999,1002,200
999,1003,17
999,1004,15
999,1005,22
999,1006,15
999,1007,62
999,1008,11
999,1009,18
999,1010,56
999,1011,8
999,1012,22
999,1013,21
999,1014,38
999,1015,15
999,1016,200
999,1017,26
999,1018,15
999,1019,16
999,1020,200
999,1021,13
999,1022,10
999,1023,11
999,1024,40
999,1025,12
999,1026,8
999,1027,103
999,1028,11
999,1029,45
999,1030,13
999,1031,13
999,1032,102
999,1033,12
999,1034,16
999,1035,22
999,1036,13
999,1037,20
999,1038,200
999,1039,194
999,1040,200
999,1041,16
999,1042,200
999,1043,17
999,1044,25
999,1045,16
999,1046,20
999,1047,9
999,1048,21
999,1049,200
999,1050,12
999,1051,21
999,1052,22
999,1053,13
999,1054,24
999,1055,28
999,1056,40
999,1057,11
999,1058,7
999,1059,12
999,1060,18
999,1061,16
999,1062,32
999,1063,12
999,1064,15
999,1065,27
999,1066,18
999,1067,11
999,1068,25
999,1069,9
999,1070,13
999,1071,70
999,1072,12
999,1073,23
999,1074,15
999,1075,34
999,1076,25
999,1077,11
999,1078,14
999,1079,16
999,1080,15
999,1081,27
999,1082,12
999,1083,25
999,1084,22
999,1085,28
999,1086,9
999,1087,48
999,1088,173
999,1089,18
999,1090,16
999,1091,43
999,1092,11
999,1093,14
999,1094,41
999,1095,8
999,1096,49
999,1097,15
999,1098,12
999,1099,15
999,1100,114
999,1101,89
999,1102,33
999,1103,200
999,1104,30
999,1105,78
999,1106,200
999,1107,10
999,1108,12
999,1109,200
999,1110,20
999,1111,48
999,1112,14
999,1113,12
999,1114,11
999,1115,9
999,1116,18
999,1117,200
999,1118,200
999,1119,14
999,1120,12
999,1121,200
999,1122,14
999,1123,200
999,1124,26
999,1125,8
999,1126,13
999,1127,13
999,1128,200
999,1129,12
999,1130,200
999,1131,35
999,1132,7
999,1133,20
999,1134,200
999,1135,15
999,1136,185
999,1137,55
999,1138,16
999,1139,28
999,1140,200
999,1141,25
999,1142,12
999,1143,10
999,1144,34
999,1145,23
999,1146,200
999,1147,14
999,1148,41
999,1149,20
999,1150,21
999,1151,18
999,1152,14
999,1153,12
999,1154,20
999,1155,16
999,1156,17
999,1157,8
999,1158,32
999,1159,23
999,1160,58
999,1161,14
999,1162,119
999,1163,17
999,1164,16
999,1165,31
999,1166,20
999,1167,131
999,1168,200
999,1169,10
999,1170,82
999,1171,12
999,1172,11
999,1173,19
999,1174,17
999,1175,15
999,1176,73
999,1177,14
999,1178,17
999,1179,8
999,1180,23
999,1181,174
999,1182,14
999,1183,10
999,1184,17
999,1185,18
999,1186,15
999,1187,79
999,1188,11
999,1189,22
999,1190,14
999,1191,14
999,1192,200
999,1193,16
999,1194,16
999,1195,16
999,1196,10
999,1197,200
999,1198,200
999,1199,200
999,1200,22
999,1201,18
999,1202,16
999,1203,16
999,1204,14
999,1205,200
999,1206,20
999,1207,10
999,1208,17
999,1209,6
999,1210,17
999,1211,29
999,1212,19
999,1213,15
999,1214,19
999,1215,15
999,1216,200
999,1217,16
999,1218,9
999,1219,53
999,1220,18
999,1221,13
999,1222,18
999,1223,16
999,1224,11
999,1225,16
999,1226,13
999,1227,19
999,1228,8
999,1229,15
999,1230,14
999,1231,9
999,1232,18
999,1233,17
999,1234,29
999,1235,22
999,1236,13
999,1237,14
999,1238,31
999,1239,17
999,1240,14
999,1241,38
999,1242,15
999,1243,19
999,1244,13
999,1245,200
999,1246,14
999,1247,32
999,1248,28
999,1249,19
999,1250,16
999,1251,22
999,1252,11
999,1253,23
999,1254,12
999,1255,44
999,1256,110
999,1257,15
999,1258,20
999,1259,16
999,1260,20
999,1261,12
999,1262,200
999,1263,16
999,1264,200
999,1265,70
999,1266,119
999,1267,6
999,1268,19
999,1269,19
999,1270,34
999,1271,23
999,1272,200
999,1273,13
999,1274,96
999,1275,24
999,1276,21
999,1277,16
999,1278,200
999,1279,200
999,1280,9
999,1281,10
999,1282,177
999,1283,200
999,1284,17
999,1285,17
999,1286,200
999,1287,200
999,1288,200
999,1289,13
999,1290,35
999,1291,17
999,1292,56
999,1293,200
999,1294,7
999,1295,24
999,1296,10
999,1297,22
999,1298,12
999,1299,11
999,1300,39
999,1301,13
999,1302,12
999,1303,16
999,1304,16
999,1305,17
999,1306,125
999,1307,18
999,1308,55
999,1309,17
999,1310,15
999,1311,14
999,1312,41
999,1313,15
999,1314,13
999,1315,137
999,1316,15
999,1317,15
999,1318,21
999,1319,40
999,1320,27
999,1321,57
999,1322,14
999,1323,18
999,1324,17
999,1325,19
999,1326,200
999,1327,12
999,1328,11
999,1329,9
999,1330,11
999,1331,20
999,1332,17
999,1333,22
999,1334,44
999,1335,16
999,1336,21
999,1337,16
999,1338,16
999,1339,25
999,1340,21
999,1341,22
999,1342,21
999,1343,34
999,1344,14
999,1345,23
999,1346,14
999,1347,26
999,1348,17
999,1349,14
999,1350,11
999,1351,18
999,1352,14
999,1353,17
999,1354,107
999,1355,16
999,1356,17
999,1357,14
999,1358,20
999,1359,30
999,1360,13
999,1361,17
999,1362,12
999,1363,22
999,1364,35
999,1365,9
999,1366,12
999,1367,21
999,1368,18
999,1369,73
999,1370,15
999,1371,15
999,1372,14
999,1373,22
999,1374,13
999,1375,17
999,1376,10
999,1377,13
999,1378,24
999,1379,13
999,1380,19
999,1381,21
999,1382,7
999,1383,31
999,1384,9
999,1385,14
999,1386,22
999,1387,13
999,1388,15
999,1389,14
999,1390,14
999,1391,24
999,1392,35
999,1393,16
999,1394,19
999,1395,16
999,1396,18
999,1397,32
999,1398,26
999,1399,19
999,1400,27
999,1401,44
999,1402,21
999,1403,15
999,1404,25
999,1405,10
999,1406,17
999,1407,16
999,1408,35
999,1409,12
999,1410,24
999,1411,20
999,1412,200
999,1413,27
999,1414,16
999,1415,17
999,1416,15
999,1417,10
999,1418,65
999,1419,12
999,1420,32
999,1421,10
999,1422,21
999,1423,18
999,1424,17
999,1425,13
999,1426,17
999,1427,11
999,1428,12
999,1429,22
999,1430,11
999,1431,12
999,1432,7
999,1433,35
999,1434,23
999,1435,15
999,1436,19
999,1437,14
999,1438,10
999,1439,37
999,1440,29
999,1441,16
999,1442,18
999,1443,14
999,1444,19
999,1445,9
999,1446,19
999,1447,35
999,1448,10
999,1449,13
999,1450,12
999,1451,12
999,1452,11
999,1453,17
999,1454,6
999,1455,14
999,1456,20
999,1457,15
999,1458,15
999,1459,16
999,1460,19
999,1461,18
999,1462,17
999,1463,29
999,1464,14
999,1465,13
999,1466,10
999,1467,15
999,1468,18
999,1469,26
999,1470,19
999,1471,14
999,1472,17
999,1473,14
999,1474,24
999,1475,16
999,1476,20
999,1477,14
999,1478,16
999,1479,17
999,1480,13
999,1481,22
999,1482,13
999,1483,19
999,1484,33
999,1485,18
999,1486,48
999,1487,32
999,1488,16
999,1489,16
999,1490,14
999,1491,14
999,1492,16
999,1493,10
999,1494,59
999,1495,12
999,1496,16
999,1497,15
999,1498,13
999,1499,26
999,1500,22
999,1501,15
999,1502,71
999,1503,10
999,1504,50
999,1505,13
999,1506,11
999,1507,35
999,1508,22
999,1509,9
999,1510,13
999,1511,15
999,1512,10
999,1513,11
999,1514,23
999,1515,10
999,1516,23
999,1517,200
999,1518,52
999,1519,15
999,1520,14
999,1521,68
999,1522,14
999,1523,19
999,1524,157
999,1525,29
999,1526,17
999,1527,10
999,1528,15
999,1529,11
999,1530,13
999,1531,16
999,1532,28
999,1533,13
999,1534,27
999,1535,77
999,1536,115
999,1537,12
999,1538,13
999,1539,15
999,1540,21
999,1541,13
999,1542,8
999,1543,19
999,1544,119
999,1545,42
999,1546,18
999,1547,15
999,1548,20
999,1549,200
999,1550,10
999,1551,10
999,1552,54
999,1553,18
999,1554,49
999,1555,15
999,1556,23
999,1557,11
999,1558,10
999,1559,31
999,1560,8
999,1561,12
999,1562,80
999,1563,14
999,1564,73
999,1565,15
999,1566,26
999,1567,77
999,1568,14
999,1569,16
999,1570,101
999,1571,53
999,1572,32
999,1573,14
999,1574,184
999,1575,31
999,1576,22
999,1577,18
999,1578,16
999,1579,39
999,1580,18
999,1581,17
999,1582,19
999,1583,200
999,1584,17
999,1585,200
999,1586,17
999,1587,16
999,1588,200
999,1589,64
999,1590,15
999,1591,16
999,1592,38
999,1593,26
999,1594,13
999,1595,17
999,1596,46
999,1597,200
999,1598,61
999,1599,14
999,1600,13
999,1601,43
999,1602,101
999,1603,18
999,1604,11
999,1605,15
999,1606,24
999,1607,31
999,1608,15
999,1609,200
999,1610,20
999,1611,32
999,1612,89
999,1613,13
999,1614,200
999,1615,18
999,1616,13
999,1617,95
999,1618,18
999,1619,17
999,1620,10
999,1621,18
999,1622,19
999,1623,13
999,1624,200
999,1625,11
999,1626,19
999,1627,14
999,1628,64
999,1629,24
999,1630,67
999,1631,10
999,1632,36
999,1633,200
999,1634,14
999,1635,18
999,1636,8
999,1637,10
999,1638,15
999,1639,11
999,1640,53
999,1641,24
999,1642,16
999,1643,122
999,1644,14
999,1645,20
999,1646,17
999,1647,26
999,1648,18
999,1649,43
999,1650,18
999,1651,9
999,1652,20
999,1653,31
999,1654,138
999,1655,14
999,1656,13
999,1657,11
999,1658,13
999,1659,25
999,1660,113
999,1661,15
999,1662,54
999,1663,16
999,1664,197
999,1665,15
999,1666,18
999,1667,24
999,1668,15
999,1669,200
999,1670,12
999,1671,25
999,1672,15
999,1673,28
999,1674,38
999,1675,15
999,1676,12
999,1677,12
999,1678,22
999,1679,39
999,1680,23
999,1681,200
999,1682,22
999,1683,12
999,1684,18
999,1685,21
999,1686,16
999,1687,36
999,1688,17
999,1689,18
999,1690,15
999,1691,59
999,1692,11
999,1693,16
999,1694,200
999,1695,17
999,1696,11
999,1697,18
999,1698,200
999,1699,32
999,1700,15
999,1701,20
999,1702,17
999,1703,16
999,1704,17
999,1705,14
999,1706,17
999,1707,33
999,1708,18
999,1709,131
999,1710,16
999,1711,200
999,1712,19
999,1713,20
999,1714,36
999,1715,26
999,1716,92
999,1717,9
999,1718,12
999,1719,33
999,1720,21
999,1721,200
999,1722,15
999,1723,16
999,1724,200
999,1725,18
999,1726,15
999,1727,19
999,1728,200
999,1729,40
999,1730,17
999,1731,13
999,1732,46
999,1733,69
999,1734,14
999,1735,19
999,1736,19
999,1737,15
999,1738,24
999,1739,17
999,1740,47
999,1741,13
999,1742,31
999,1743,15
999,1744,18
999,1745,23
999,1746,16
999,1747,19
999,1748,13
999,1749,15
999,1750,16
999,1751,200
999,1752,12
999,1753,8
999,1754,13
999,1755,22
999,1756,70
999,1757,18
999,1758,200
999,1759,200
999,1760,13
999,1761,36
999,1762,119
999,1763,96
999,1764,120
999,1765,193
999,1766,200
999,1767,14
999,1768,200
999,1769,15
999,1770,20
999,1771,200
999,1772,22
999,1773,28
999,1774,39
999,1775,200
999,1776,9
999,1777,53
999,1778,9
999,1779,55
999,1780,11
999,1781,81
999,1782,8
999,1783,14
999,1784,200
999,1785,200
999,1786,44
999,1787,17
999,1788,16
999,1789,28
999,1790,18
999,1791,14
999,1792,10
999,1793,15
999,1794,13
999,1795,11
999,1796,142
999,1797,85
999,1798,9
999,1799,200
999,1800,37
999,1801,16
999,1802,107
999,1803,20
999,1804,118
999,1805,62
999,1806,14
999,1807,16
999,1808,17
999,1809,9
999,1810,27
999,1811,28
999,1812,9
999,1813,8
999,1814,21
999,1815,15
999,1816,14
999,1817,19
999,1818,19
999,1819,14
999,1820,14
999,1821,12
999,1822,55
999,1823,17
999,1824,14
999,1825,13
999,1826,32
999,1827,9
999,1828,30
999,1829,25
999,1830,10
999,1831,122
999,1832,8
999,1833,13
999,1834,10
999,1835,15
999,1836,74
999,1837,14
999,1838,20
999,1839,9
999,1840,18
999,1841,14
999,1842,29
999,1843,18
999,1844,15
999,1845,12
999,1846,15
999,1847,200
999,1848,16
999,1849,13
999,1850,12
999,1851,200
999,1852,200
999,1853,8
999,1854,23
999,1855,200
999,1856,23
999,1857,11
999,1858,21
999,1859,94
999,1860,200
999,1861,12
999,1862,25
999,1863,12
999,1864,17
999,1865,19
999,1866,42
999,1867,15
999,1868,16
999,1869,66
999,1870,11
999,1871,14
999,1872,7
999,1873,28
999,1874,200
999,1875,11
999,1876,65
999,1877,66
999,1878,15
999,1879,15
999,1880,101
999,1881,15
999,1882,15
999,1883,22
999,1884,17
999,1885,10
999,1886,10
999,1887,22
999,1888,46
999,1889,29
999,1890,15
999,1891,18
999,1892,12
999,1893,8
999,1894,82
999,1895,14
999,1896,10
999,1897,15
999,1898,57
999,1899,15
999,1900,13
999,1901,20
999,1902,19
999,1903,26
999,1904,12
999,1905,84
999,1906,16
999,1907,15
999,1908,11
999,1909,17
999,1910,14
999,1911,22
999,1912,9
999,1913,26
999,1914,50
999,1915,65
999,1916,12
999,1917,13
999,1918,14
999,1919,200
999,1920,16
999,1921,16
999,1922,111
999,1923,14
999,1924,13
999,1925,12
999,1926,16
999,1927,200
999,1928,11
999,1929,7
999,1930,22
999,1931,200
999,1932,16
999,1933,18
999,1934,22
999,1935,36
999,1936,15
999,1937,24
999,1938,19
999,1939,16
999,1940,19
999,1941,17
999,1942,9
999,1943,11
999,1944,200
999,1945,11
999,1946,21
999,1947,14
999,1948,12
999,1949,41
999,1950,11
999,1951,29
999,1952,16
999,1953,19
999,1954,18
999,1955,14
999,1956,200
999,1957,31
999,1958,28
999,1959,8
999,1960,13
999,1961,20
999,1962,14
999,1963,17
999,1964,15
999,1965,12
999,1966,12
999,1967,13
999,1968,193
999,1969,7
999,1970,200
999,1971,10
999,1972,18
999,1973,19
999,1974,16
999,1975,29
999,1976,9
999,1977,15
999,1978,11
999,1979,6
999,1980,14
999,1981,9
999,1982,12
999,1983,13
999,1984,21
999,1985,13
999,1986,9
999,1987,13
999,1988,13
999,1989,24
999,1990,19
999,1991,15
999,1992,102
999,1993,15
999,1994,20
999,1995,21
999,1996,36
999,1997,14
999,1998,11
999,1999,77
999,2000,61
999,2001,14
999,2002,19
999,2003,20
999,2004,12
999,2005,43
999,2006,14
999,2007,15
999,2008,10
999,2009,20
999,2010,18
999,2011,99
999,2012,17
999,2013,200
999,2014,15
999,2015,12
999,2016,18
999,2017,10
999,2018,13
999,2019,19
999,2020,59
999,2021,16
999,2022,38
999,2023,11
999,2024,17
999,2025,15
999,2026,17
999,2027,17
999,2028,75
999,2029,15
999,2030,200
999,2031,11
999,2032,13
999,2033,12
999,2034,200
999,2035,11
999,2036,19
999,2037,12
999,2038,18
999,2039,15
999,2040,11
999,2041,18
999,2042,200
999,2043,200
999,2044,200
999,2045,200
999,2046,23
999,2047,16
999,2048,200
999,2049,200
999,2050,10
999,2051,14
999,2052,15
999,2053,200
999,2054,70
999,2055,13
999,2056,14
999,2057,200
999,2058,200
999,2059,15
999,2060,200
999,2061,21
999,2062,10
999,2063,23
999,2064,15
999,2065,13
999,2066,13
999,2067,17
999,2068,200
999,2069,12
999,2070,21
999,2071,13
999,2072,200
999,2073,12
999,2074,121
999,2075,200
999,2076,27
999,2077,13
999,2078,32
999,2079,14
999,2080,25
999,2081,14
999,2082,16
999,2083,15
999,2084,14
999,2085,200
999,2086,16
999,2087,9
999,2088,13
999,2089,16
999,2090,17
999,2091,21
999,2092,200
999,2093,11
999,2094,15
999,2095,200
999,2096,16
999,2097,18
999,2098,21
999,2099,16
999,2100,45
999,2101,14
999,2102,200
999,2103,6
999,2104,13
999,2105,12
999,2106,29
999,2107,11
999,2108,200
999,2109,90
999,2110,15
999,2111,22
999,2112,16
999,2113,17
999,2114,17
999,2115,22
999,2116,200
999,2117,26
999,2118,95
999,2119,16
999,2120,33
999,2121,18
999,2122,12
999,2123,17
999,2124,20
999,2125,19
999,2126,13
999,2127,11
999,2128,13
999,2129,17
999,2130,63
999,2131,16
999,2132,48
999,2133,13
999,2134,19
999,2135,35
999,2136,200
999,2137,27
999,2138,16
999,2139,200
999,2140,18
999,2141,13
999,2142,9
999,2143,10
999,2144,6
999,2145,14
999,2146,13
999,2147,15
999,2148,18
999,2149,16
999,2150,19
999,2151,19
999,2152,15
999,2153,200
999,2154,15
999,2155,152
999,2156,30
999,2157,16
999,2158,17
999,2159,21
999,2160,48
999,2161,21
999,2162,24
999,2163,200
999,2164,13
999,2165,65
999,2166,39
999,2167,32
999,2168,14
999,2169,14
999,2170,10
999,2171,15
999,2172,15
999,2173,13
999,2174,18
999,2175,15
999,2176,12
999,2177,14
999,2178,13
999,2179,200
999,2180,15
999,2181,22
999,2182,16
999,2183,17
999,2184,15
999,2185,12
999,2186,12
999,2187,12
999,2188,11
999,2189,13
999,2190,20
999,2191,12
999,2192,162
999,2193,18
999,2194,9
999,2195,200
999,2196,15
999,2197,200
999,2198,20
999,2199,200
999,2200,13
999,2201,16
999,2202,16
999,2203,18
999,2204,11
999,2205,12
999,2206,11
999,2207,18
999,2208,38
999,2209,192
999,2210,14
999,2211,13
999,2212,12
999,2213,14
999,2214,42
999,2215,9
999,2216,90
999,2217,19
999,2218,11
999,2219,10
999,2220,27
999,2221,24
999,2222,200
999,2223,15
999,2224,10
999,2225,13
999,2226,19
999,2227,15
999,2228,12
999,2229,26
999,2230,13
999,2231,12
999,2232,29
999,2233,20
999,2234,200
999,2235,14
999,2236,14
999,2237,7
999,2238,183
999,2239,15
999,2240,41
999,2241,25
999,2242,13
999,2243,9
999,2244,72
999,2245,200
999,2246,14
999,2247,22
999,2248,200
999,2249,17
999,2250,11
999,2251,23
999,2252,15
999,2253,17
999,2254,11
999,2255,13
999,2256,15
999,2257,26
999,2258,13
999,2259,33
999,2260,14
999,2261,14
999,2262,12
999,2263,18
999,2264,12
999,2265,15
999,2266,43
999,2267,16
999,2268,16
999,2269,13
999,2270,17
999,2271,16
999,2272,16
999,2273,14
999,2274,13
999,2275,15
999,2276,12
999,2277,16
999,2278,13
999,2279,200
999,2280,200
999,2281,200
999,2282,19
999,2283,16
999,2284,38
999,2285,200
999,2286,14
999,2287,11
999,2288,16
999,2289,14
999,2290,17
999,2291,75
999,2292,14
999,2293,11
999,2294,34
999,2295,20
999,2296,9
999,2297,12
999,2298,20
999,2299,10
999,2300,17
999,2301,16
999,2302,14
999,2303,14
999,2304,20
999,2305,17
999,2306,17
999,2307,21
999,2308,15
999,2309,18
999,2310,15
999,2311,21
999,2312,14
999,2313,12
999,2314,16
999,2315,20
999,2316,10
999,2317,26
999,2318,13
999,2319,12
999,2320,14
999,2321,14
999,2322,19
999,2323,22
999,2324,11
999,2325,12
999,2326,11
999,2327,20
999,2328,13
999,2329,13
999,2330,10
999,2331,138
999,2332,15
999,2333,10
999,2334,14
999,2335,18
999,2336,15
999,2337,16
999,2338,19
999,2339,14
999,2340,19
999,2341,12
999,2342,12
999,2343,33
999,2344,16
999,2345,18
999,2346,17
999,2347,18
999,2348,7
999,2349,18
999,2350,12
999,2351,15
999,2352,14
999,2353,17
999,2354,24
999,2355,12
999,2356,22
999,2357,18
999,2358,16
999,2359,17
999,2360,13
999,2361,13
999,2362,16
999,2363,13
999,2364,11
999,2365,18
999,2366,193
999,2367,21
999,2368,16
999,2369,13
999,2370,14
999,2371,19
999,2372,14
999,2373,26
999,2374,17
999,2375,10
999,2376,17
999,2377,17
999,2378,45
999,2379,19
999,2380,30
999,2381,200
999,2382,153
999,2383,19
999,2384,23
999,2385,18
999,2386,107
999,2387,21
999,2388,200
999,2389,200
999,2390,200
999,2391,18
999,2392,14
999,2393,13
999,2394,18
999,2395,200
999,2396,14
999,2397,17
999,2398,17
999,2399,18
999,2400,17
999,2401,10
999,2402,200
999,2403,16
999,2404,200
999,2405,14
999,2406,112
999,2407,24
999,2408,17
999,2409,21
999,2410,13
999,2411,10
999,2412,14
999,2413,12
999,2414,11
999,2415,45
999,2416,10
999,2417,10
999,2418,13
999,2419,12
999,2420,14
999,2421,11
999,2422,14
999,2423,16
999,2424,14
999,2425,20
999,2426,24
999,2427,16
999,2428,12
999,2429,24
999,2430,14
999,2431,19
999,2432,13
999,2433,15
999,2434,16
999,2435,10
999,2436,29
999,2437,16
999,2438,17
999,2439,14
999,2440,12
999,2441,154
999,2442,19
999,2443,16
999,2444,108
999,2445,138
999,2446,21
999,2447,15
999,2448,17
999,2449,126
999,2450,9
999,2451,17
999,2452,14
999,2453,14
999,2454,23
999,2455,200
999,2456,17
999,2457,14
999,2458,17
999,2459,15
999,2460,10
999,2461,14
999,2462,17
999,2463,20
999,2464,11
999,2465,16
999,2466,11
999,2467,200
999,2468,21
999,2469,20
999,2470,17
999,2471,31
999,2472,18
999,2473,21
999,2474,17
999,2475,15
999,2476,14
999,2477,74
999,2478,13
999,2479,41
999,2480,11
999,2481,26
999,2482,24
999,2483,19
999,2484,37
999,2485,18
999,2486,21
999,2487,13
999,2488,17
999,2489,14
999,2490,12
999,2491,41
999,2492,13
999,2493,120
999,2494,13
999,2495,15
999,2496,15
999,2497,39
999,2498,17
999,2499,16
999,2500,21
999,2501,22
999,2502,15
999,2503,200
999,2504,19
999,2505,14
999,2506,15
999,2507,11
999,2508,30
999,2509,12
999,2510,16
999,2511,14
999,2512,16
999,2513,19
999,2514,18
999,2515,18
999,2516,17
999,2517,200
999,2518,200
999,2519,9
999,2520,18
999,2521,64
999,2522,17
999,2523,23
999,2524,13
999,2525,15
999,2526,14
999,2527,13
999,2528,21
999,2529,14
999,2530,27
999,2531,16
999,2532,9
999,2533,13
999,2534,13
999,2535,13
999,2536,18
999,2537,14
999,2538,16
999,2539,25
999,2540,16
999,2541,9
999,2542,13
999,2543,20
999,2544,120
999,2545,10
999,2546,32
999,2547,21
999,2548,17
999,2549,18
999,2550,14
999,2551,200
999,2552,19
999,2553,13
999,2554,18
999,2555,16
999,2556,15
999,2557,17
999,2558,52
999,2559,17
999,2560,34
999,2561,15
999,2562,15
999,2563,27
999,2564,19
999,2565,17
999,2566,16
999,2567,14
999,2568,10
999,2569,16
999,2570,19
999,2571,23
999,2572,12
999,2573,17
999,2574,11
999,2575,14
999,2576,15
999,2577,12
999,2578,20
999,2579,14
999,2580,15
999,2581,15
999,2582,14
999,2583,16
999,2584,16
999,2585,38
999,2586,9
999,2587,16
999,2588,18
999,2589,12
999,2590,19
999,2591,20
999,2592,14
999,2593,27
999,2594,11
999,2595,23
999,2596,13
999,2597,7
999,2598,21
999,2599,18
999,2600,21
999,2601,31
999,2602,21
999,2603,23
999,2604,13
999,2605,29
999,2606,16
999,2607,14
999,2608,13
999,2609,26
999,2610,12
999,2611,25
999,2612,14
999,2613,19
999,2614,12
999,2615,11
999,2616,16
999,2617,17
999,2618,12
999,2619,12
999,2620,12
999,2621,19
999,2622,15
999,2623,81
999,2624,17
999,2625,16
999,2626,17
999,2627,15
999,2628,13
999,2629,15
999,2630,11
999,2631,24
999,2632,12
999,2633,8
999,2634,15
999,2635,17
999,2636,13
999,2637,13
999,2638,8
999,2639,12
999,2640,11
999,2641,17
999,2642,12
999,2643,16
999,2644,15
999,2645,12
999,2646,11
999,2647,14
999,2648,19
999,2649,133
999,2650,21
999,2651,8
999,2652,111
999,2653,15
999,2654,13
999,2655,12
999,2656,18
999,2657,12
999,2658,14
999,2659,17
999,2660,18
999,2661,18
999,2662,114
999,2663,38
999,2664,18
999,2665,11
999,2666,15
999,2667,9
999,2668,19
999,2669,200
999,2670,20
999,2671,9
999,2672,21
999,2673,135
999,2674,15
999,2675,17
999,2676,117
999,2677,9
999,2678,200
999,2679,200
999,2680,72
999,2681,8
999,2682,14
999,2683,16
999,2684,200
999,2685,9
999,2686,200
999,2687,13
999,2688,17
999,2689,14
999,2690,12
999,2691,12
999,2692,16
999,2693,11
999,2694,51
999,2695,100
999,2696,15
999,2697,200
999,2698,200
999,2699,15
999,2700,13
999,2701,18
999,2702,15
999,2703,51
999,2704,20
999,2705,18
999,2706,200
999,2707,14
999,2708,15
999,2709,13
999,2710,10
999,2711,13
999,2712,133
999,2713,20
999,2714,143
999,2715,31
999,2716,44
999,2717,10
999,2718,27
999,2719,49
999,2720,20
999,2721,15
999,2722,13
999,2723,19
999,2724,12
999,2725,15
999,2726,11
999,2727,15
999,2728,14
999,2729,14
999,2730,13
999,2731,19
999,2732,16
999,2733,17
999,2734,72
999,2735,18
999,2736,14
999,2737,12
999,2738,15
999,2739,63
999,2740,13
999,2741,26
999,2742,10
999,2743,17
999,2744,15
999,2745,18
999,2746,17
999,2747,11
999,2748,17
999,2749,20
999,2750,13
999,2751,13
999,2752,16
999,2753,18
999,2754,19
999,2755,37
999,2756,14
999,2757,200
999,2758,12
999,2759,17
999,2760,15
999,2761,35
999,2762,19
999,2763,16
999,2764,16
999,2765,23
999,2766,11
999,2767,15
999,2768,17
999,2769,200
999,2770,22
999,2771,200
999,2772,17
999,2773,22
999,2774,109
999,2775,40
999,2776,20
999,2777,17
999,2778,13
999,2779,22
999,2780,15
999,2781,200
999,2782,18
999,2783,20
999,2784,14
999,2785,16
999,2786,21
999,2787,14
999,2788,15
999,2789,200
999,2790,20
999,2791,15
999,2792,23
999,2793,19
999,2794,19
999,2795,200
999,2796,14
999,2797,22
999,2798,19
999,2799,24
999,2800,13
999,2801,20
999,2802,17
999,2803,34
999,2804,13
999,2805,18
999,2806,22
999,2807,14
999,2808,19
999,2809,17
999,2810,10
999,2811,12
999,2812,11
999,2813,18
999,2814,14
999,2815,14
999,2816,51
999,2817,7
999,2818,200
999,2819,22
999,2820,148
999,2821,37
999,2822,11
999,2823,15
999,2824,19
999,2825,73
999,2826,14
999,2827,15
999,2828,200
999,2829,17
999,2830,178
999,2831,13
999,2832,19
999,2833,15
999,2834,40
999,2835,27
999,2836,11
999,2837,15
999,2838,7
999,2839,12
999,2840,10
999,2841,11
999,2842,16
999,2843,16
999,2844,16
999,2845,68
999,2846,16
999,2847,12
999,2848,16
999,2849,8
999,2850,16
999,2851,16
999,2852,17
999,2853,17
999,2854,16
999,2855,13
999,2856,149
999,2857,18
999,2858,11
999,2859,200
999,2860,20
999,2861,19
999,2862,200
999,2863,16
999,2864,14
999,2865,15
999,2866,17
999,2867,11
999,2868,13
999,2869,22
999,2870,200
999,2871,15
999,2872,15
999,2873,16
999,2874,17
999,2875,28
999,2876,45
999,2877,9
999,2878,13
999,2879,13
999,2880,200
999,2881,156
999,2882,15
999,2883,20
999,2884,14
999,2885,16
999,2886,12
999,2887,13
999,2888,15
999,2889,7
999,2890,22
999,2891,14
999,2892,29
999,2893,13
999,2894,22
999,2895,51
999,2896,25
999,2897,24
999,2898,13
999,2899,19
999,2900,15
999,2901,15
999,2902,21
999,2903,16
999,2904,19
999,2905,25
999,2906,18
999,2907,15
999,2908,19
999,2909,10
999,2910,22
999,2911,24
999,2912,14
999,2913,14
999,2914,14
999,2915,10
999,2916,18
999,2917,20
999,2918,23
999,2919,15
999,2920,9
999,2921,23
999,2922,12
999,2923,17
999,2924,16
999,2925,98
999,2926,15
999,2927,17
999,2928,109
999,2929,14
999,2930,50
999,2931,23
999,2932,200
999,2933,14
999,2934,12
999,2935,16
999,2936,200
999,2937,12
999,2938,17
999,2939,109
999,2940,16
999,2941,14
999,2942,13
999,2943,16
999,2944,12
999,2945,200
999,2946,14
999,2947,16
999,2948,12
999,2949,42
999,2950,15
999,2951,20
999,2952,200
999,2953,200
999,2954,18
999,2955,16
999,2956,19
999,2957,16
999,2958,200
999,2959,9
999,2960,13
999,2961,14
999,2962,19
999,2963,18
999,2964,200
999,2965,17
999,2966,200
999,2967,200
999,2968,200
999,2969,85
999,2970,16
999,2971,194
999,2972,22
999,2973,200
999,2974,13
999,2975,12
999,2976,10
999,2977,13
999,2978,15
999,2979,7
999,2980,8
999,2981,15
999,2982,17
999,2983,20
999,2984,14
999,2985,21
999,2986,56
999,2987,15
999,2988,32
999,2989,9
999,2990,164
999,2991,20
999,2992,16
999,2993,200
999,2994,12
999,2995,12
999,2996,9
999,2997,15
999,2998,34
999,2999,76
2024,0,200
2024,1,200
2024,2,109
2024,3,141
2024,4,200
2024,5,200
2024,6,200
2024,7,200
2024,8,200
2024,9,200
2024,10,200
2024,11,200
2024,12,200
2024,13,200
2024,14,186
2024,15,200
2024,16,200
2024,17,200
2024,18,200
2024,19,176
2024,20,200
2024,21,76
2024,22,200
2024,23,200
2024,24,200
2024,25,200
2024,26,200
2024,27,200
2024,28,200
2024,29,200
2024,30,146
2024,31,200
2024,32,200
2024,33,17
2024,34,200
2024,35,67
2024,36,200
2024,37,200
2024,38,200
2024,39,200
2024,40,200
2024,41,200
2024,42,200
2024,43,200
2024,44,124
2024,45,195
2024,46,200
2024,47,200
2024,48,200
2024,49,200
2024,50,200
2024,51,200
2024,52,200
2024,53,27
2024,54,200
2024,55,200
2024,56,200
2024,57,200
2024,58,173
2024,59,200
2024,60,200
2024,61,200
2024,62,200
2024,63,37
2024,64,200
2024,65,104
2024,66,11
2024,67,200
2024,68,200
2024,69,200
2024,70,200
2024,71,52
2024,72,200
2024,73,44
2024,74,200
2024,75,14
2024,76,10
2024,77,200
2024,78,200
2024,79,200
2024,80,15
2024,81,200
2024,82,17
2024,83,12
2024,84,12
2024,85,200
2024,86,39
2024,87,84
2024,88,200
2024,89,200
2024,90,11
2024,91,200
2024,92,200
2024,93,11
2024,94,200
2024,95,15
2024,96,200
2024,97,200
2024,98,20
2024,99,200
2024,100,200
2024,101,16
2024,102,200
2024,103,200
2024,104,8
2024,105,13
2024,106,200
2024,107,200
2024,108,16
2024,109,200
2024,110,200
2024,111,12
2024,112,200
2024,113,200
2024,114,200
2024,115,200
2024,116,33
2024,117,200
2024,118,14
2024,119,200
2024,120,18
2024,121,200
2024,122,22
2024,123,10
2024,124,24
2024,125,11
2024,126,94
2024,127,14
2024,128,200
2024,129,200
2024,130,14
2024,131,200
2024,132,9
2024,133,11
2024,134,28
2024,135,43
2024,136,200
2024,137,28
2024,138,74
2024,139,200
2024,140,24
2024,141,200
2024,142,200
2024,143,19
2024,144,10
2024,145,200
2024,146,68
2024,147,200
2024,148,200
2024,149,200
2024,150,200
2024,151,19
2024,152,11
2024,153,200
2024,154,200
2024,155,15
2024,156,200
2024,157,42
2024,158,200
2024,159,200
2024,160,23
2024,161,27
2024,162,25
2024,163,200
2024,164,8
2024,165,200
2024,166,200
2024,167,200
2024,168,66
2024,169,200
2024,170,200
2024,171,11
2024,172,200
2024,173,200
2024,174,200
2024,175,89
2024,176,200
2024,177,200
2024,178,27
2024,179,79
2024,180,200
2024,181,200
2024,182,79
2024,183,200
2024,184,7
2024,185,200
2024,186,79
2024,187,200
2024,188,159
2024,189,200
2024,190,77
2024,191,200
2024,192,200
2024,193,200
2024,194,200
2024,195,200
2024,196,45
2024,197,200
2024,198,200
2024,199,11
2024,200,200
2024,201,28
2024,202,21
2024,203,9
2024,204,200
2024,205,15
2024,206,200
2024,207,200
2024,208,97
2024,209,29
2024,210,200
2024,211,84
2024,212,12
2024,213,200
2024,214,102
2024,215,200
2024,216,40
2024,217,29
2024,218,56
2024,219,200
2024,220,200
2024,221,200
2024,222,200
2024,223,200
2024,224,200
2024,225,172
2024,226,34
2024,227,200
2024,228,200
2024,229,200
2024,230,200
2024,231,33
2024,232,200
2024,233,200
2024,234,27
2024,235,200
2024,236,15
2024,237,29
2024,238,23
2024,239,200
2024,240,12
2024,241,200
2024,242,6
2024,243,200
2024,244,200
2024,245,200
2024,246,200
2024,247,17
2024,248,200
2024,249,200
2024,250,200
2024,251,29
2024,252,200
2024,253,200
2024,254,200
2024,255,200
2024,256,12
2024,257,200
2024,258,200
2024,259,51
2024,260,200
2024,261,200
2024,262,200
2024,263,200
2024,264,87
2024,265,50
2024,266,200
2024,267,161
2024,268,113
2024,269,200
2024,270,92
2024,271,200
2024,272,21
2024,273,200
2024,274,200
2024,275,123
2024,276,115
2024,277,11
2024,278,200
2024,279,200
2024,280,200
2024,281,57
2024,282,24
2024,283,49
2024,284,200
2024,285,35
2024,286,200
2024,287,200
2024,288,200
2024,289,200
2024,290,47
2024,291,29
2024,292,200
2024,293,200
2024,294,14
2024,295,200
2024,296,113
2024,297,200
2024,298,200
2024,299,14
2024,300,200
2024,301,64
2024,302,82
2024,303,51
2024,304,49
2024,305,29
2024,306,18
2024,307,200
2024,308,200
2024,309,200
2024,310,200
2024,311,25
2024,312,16
2024,313,200
2024,314,200
2024,315,200
2024,316,200
2024,317,200
2024,318,45
2024,319,200
2024,320,200
2024,321,200
2024,322,19
2024,323,27
2024,324,17
2024,325,200
2024,326,200
2024,327,200
2024,328,26
2024,329,11
2024,330,18
2024,331,200
2024,332,21
2024,333,22
2024,334,19
2024,335,25
2024,336,29
2024,337,19
2024,338,9
2024,339,200
2024,340,17
2024,341,16
2024,342,51
2024,343,9
2024,344,43
2024,345,29
2024,346,21
2024,347,200
2024,348,18
2024,349,200
2024,350,200
2024,351,200
2024,352,34
2024,353,26
2024,354,200
2024,355,200
2024,356,14
2024,357,8
2024,358,24
2024,359,8
2024,360,11
2024,361,200
2024,362,200
2024,363,200
2024,364,200
2024,365,13
2024,366,38
2024,367,200
2024,368,20
2024,369,37
2024,370,200
2024,371,200
2024,372,200
2024,373,11
2024,374,200
2024,375,17
2024,376,200
2024,377,200
2024,378,200
2024,379,200
2024,380,10
2024,381,17
2024,382,12
2024,383,18
2024,384,14
2024,385,200
2024,386,24
2024,387,12
2024,388,200
2024,389,14
2024,390,200
2024,391,24
2024,392,15
2024,393,45
2024,394,15
2024,395,31
2024,396,10
2024,397,32
2024,398,21
2024,399,25
2024,400,17
2024,401,200
2024,402,34
2024,403,200
2024,404,200
2024,405,8
2024,406,12
2024,407,8
2024,408,42
2024,409,200
2024,410,40
2024,411,16
2024,412,200
2024,413,21
2024,414,51
2024,415,38
2024,416,200
2024,417,131
2024,418,25
2024,419,21
2024,420,10
2024,421,18
2024,422,29
2024,423,11
2024,424,17
2024,425,10
2024,426,12
2024,427,18
2024,428,13
2024,429,6
2024,430,14
2024,431,15
2024,432,16
2024,433,200
2024,434,196
2024,435,200
2024,436,200
2024,437,14
2024,438,200
2024,439,200
2024,440,200
2024,441,47
2024,442,16
2024,443,200
2024,444,200
2024,445,36
2024,446,63
2024,447,29
2024,448,12
2024,449,200
2024,450,26
2024,451,20
2024,452,200
2024,453,38
2024,454,99
2024,455,18
2024,456,99
2024,457,12
2024,458,17
2024,459,18
2024,460,37
2024,461,73
2024,462,19
2024,463,52
2024,464,19
2024,465,17
2024,466,14
2024,467,22
2024,468,64
2024,469,200
2024,470,200
2024,471,22
2024,472,15
2024,473,10
2024,474,42
2024,475,21
2024,476,17
2024,477,200
2024,478,16
2024,479,63
2024,480,17
2024,481,200
2024,482,51
2024,483,19
2024,484,9
2024,485,11
2024,486,15
2024,487,12
2024,488,11
2024,489,62
2024,490,9
2024,491,19
2024,492,22
2024,493,52
2024,494,39
2024,495,14
2024,496,90
2024,497,41
2024,498,44
2024,499,11
2024,500,200
2024,501,11
2024,502,14
2024,503,27
2024,504,108
2024,505,13
2024,506,13
2024,507,22
2024,508,24
2024,509,150
2024,510,200
2024,511,101
2024,512,17
2024,513,16
2024,514,15
2024,515,200
2024,516,13
2024,517,7
2024,518,23
2024,519,45
2024,520,38
2024,521,25
2024,522,12
2024,523,18
2024,524,11
2024,525,10
2024,526,10
2024,527,155
2024,528,41
2024,529,200
2024,530,15
2024,531,35
2024,532,11
2024,533,95
2024,534,200
2024,535,8
2024,536,14
2024,537,200
2024,538,34
2024,539,200
2024,540,20
2024,541,21
2024,542,200
2024,543,200
2024,544,22
2024,545,17
2024,546,200
2024,547,200
2024,548,12
2024,549,16
2024,550,70
2024,551,200
2024,552,16
2024,553,21
2024,554,200
2024,555,18
2024,556,23
2024,557,32
2024,558,27
2024,559,200
2024,560,17
2024,561,14
2024,562,23
2024,563,14
2024,564,12
2024,565,17
2024,566,14
2024,567,41
2024,568,18
2024,569,44
2024,570,17
2024,571,32
2024,572,13
2024,573,200
2024,574,200
2024,575,45
2024,576,200
2024,577,17
2024,578,26
2024,579,94
2024,580,14
2024,581,200
2024,582,200
2024,583,45
2024,584,28
2024,585,15
2024,586,200
2024,587,12
2024,588,10
2024,589,10
2024,590,31
2024,591,14
2024,592,8
2024,593,27
2024,594,19
2024,595,14
2024,596,200
2024,597,200
2024,598,18
2024,599,37
2024,600,141
2024,601,23
2024,602,200
2024,603,46
2024,604,34
2024,605,200
2024,606,14
2024,607,48
2024,608,10
2024,609,45
2024,610,24
2024,611,12
2024,612,8
2024,613,16
2024,614,8
2024,615,23
2024,616,200
2024,617,200
2024,618,200
2024,619,14
2024,620,16
2024,621,24
2024,622,200
2024,623,26
2024,624,22
2024,625,37
2024,626,17
2024,627,14
2024,628,10
2024,629,20
2024,630,15
2024,631,31
2024,632,13
2024,633,11
2024,634,200
2024,635,11
2024,636,29
2024,637,200
2024,638,200
2024,639,19
2024,640,15
2024,641,18
2024,642,11
2024,643,12
2024,644,13
2024,645,12
2024,646,200
2024,647,21
2024,648,200
2024,649,65
2024,650,12
2024,651,19
2024,652,200
2024,653,200
2024,654,13
2024,655,30
2024,656,13
2024,657,26
2024,658,13
2024,659,19
2024,660,13
2024,661,22
2024,662,24
2024,663,16
2024,664,22
2024,665,15
2024,666,94
2024,667,10
2024,668,17
2024,669,22
2024,670,14
2024,671,9
2024,672,13
2024,673,25
2024,674,200
2024,675,17
2024,676,18
2024,677,41
2024,678,17
2024,679,23
2024,680,14
2024,681,39
2024,682,21
2024,683,13
2024,684,200
2024,685,14
2024,686,15
2024,687,38
2024,688,200
2024,689,19
2024,690,200
2024,691,60
2024,692,10
2024,693,13
2024,694,200
2024,695,17
2024,696,12
2024,697,40
2024,698,200
2024,699,19
2024,700,37
2024,701,18
2024,702,16
2024,703,54
2024,704,55
2024,705,23
2024,706,12
2024,707,200
2024,708,200
2024,709,15
2024,710,17
2024,711,23
2024,712,19
2024,713,23
2024,714,23
2024,715,200
2024,716,36
2024,717,200
2024,718,14
2024,719,15
2024,720,35
2024,721,15
2024,722,20
2024,723,12
2024,724,54
2024,725,16
2024,726,37
2024,727,14
2024,728,8
2024,729,18
2024,730,200
2024,731,142
2024,732,11
2024,733,23
2024,734,16
2024,735,13
2024,736,200
2024,737,200
2024,738,43
2024,739,200
2024,740,200
2024,741,200
2024,742,57
2024,743,200
2024,744,12
2024,745,18
2024,746,113
2024,747,15
2024,748,54
2024,749,96
2024,750,58
2024,751,10
2024,752,37
2024,753,10
2024,754,26
2024,755,10
2024,756,23
2024,757,7
2024,758,14
2024,759,27
2024,760,17
2024,761,11
2024,762,29
2024,763,17
2024,764,28
2024,765,69
2024,766,13
2024,767,11
2024,768,30
2024,769,112
2024,770,11
2024,771,38
2024,772,44
2024,773,8
2024,774,200
2024,775,71
2024,776,14
2024,777,200
2024,778,179
2024,779,23
2024,780,26
2024,781,19
2024,782,16
2024,783,23
2024,784,9
2024,785,200
2024,786,51
2024,787,11
2024,788,8
2024,789,11
2024,790,16
2024,791,43
2024,792,17
2024,793,16
2024,794,16
2024,795,15
2024,796,14
2024,797,30
2024,798,29
2024,799,13
2024,800,12
2024,801,174
2024,802,9
2024,803,200
2024,804,18
2024,805,9
2024,806,22
2024,807,8
2024,808,26
2024,809,13
2024,810,15
2024,811,18
2024,812,14
2024,813,97
2024,814,9
2024,815,200
2024,816,11
2024,817,19
2024,818,21
2024,819,12
2024,820,12
2024,821,25
2024,822,35
2024,823,200
2024,824,13
2024,825,10
2024,826,16
2024,827,28
2024,828,8
2024,829,39
2024,830,18
2024,831,27
2024,832,10
2024,833,41
2024,834,35
2024,835,21
2024,836,12
2024,837,22
2024,838,22
2024,839,54
2024,840,37
2024,841,69
2024,842,26
2024,843,200
2024,844,24
2024,845,16
2024,846,15
2024,847,9
2024,848,200
2024,849,20
2024,850,11
2024,851,15
2024,852,17
2024,853,15
2024,854,62
2024,855,20
2024,856,73
2024,857,37
2024,858,9
2024,859,17
2024,860,200
2024,861,10
2024,862,27
2024,863,14
2024,864,200
2024,865,69
2024,866,20
2024,867,15
2024,868,6
2024,869,48
2024,870,11
2024,871,10
2024,872,200
2024,873,26
2024,874,20
2024,875,14
2024,876,36
2024,877,18
2024,878,15
2024,879,11
2024,880,60
2024,881,19
2024,882,129
2024,883,15
2024,884,27
2024,885,11
2024,886,22
2024,887,9
2024,888,26
2024,889,18
2024,890,23
2024,891,12
2024,892,12
2024,893,18
2024,894,49
2024,895,19
2024,896,104
2024,897,27
2024,898,14
2024,899,10
2024,900,200
2024,901,19
2024,902,18
2024,903,8
2024,904,10
2024,905,12
2024,906,13
2024,907,28
2024,908,200
2024,909,17
2024,910,15
2024,911,14
2024,912,22
2024,913,200
2024,914,200
2024,915,200
2024,916,15
2024,917,9
2024,918,10
2024,919,23
2024,920,11
2024,921,13
2024,922,23
2024,923,14
2024,924,27
2024,925,12
2024,926,41
2024,927,200
2024,928,33
2024,929,20
2024,930,17
2024,931,22
2024,932,19
2024,933,19
2024,934,8
2024,935,16
2024,936,15
2024,937,14
2024,938,15
2024,939,89
2024,940,9
2024,941,42
2024,942,11
2024,943,19
2024,944,7
2024,945,18
2024,946,16
2024,947,15
2024,948,54
2024,949,14
2024,950,46
2024,951,23
2024,952,13
2024,953,39
2024,954,6
2024,955,21
2024,956,9
2024,957,16
2024,958,14
2024,959,22
2024,960,11
2024,961,30
2024,962,12
2024,963,32
2024,964,17
2024,965,34
2024,966,16
2024,967,10
2024,968,17
2024,969,17
2024,970,15
2024,971,19
2024,972,19
2024,973,10
2024,974,24
2024,975,133
2024,976,14
2024,977,14
2024,978,60
2024,979,12
2024,980,22
2024,981,16
2024,982,15
2024,983,9
2024,984,20
2024,985,22
2024,986,110
2024,987,120
2024,988,24
2024,989,20
2024,990,12
2024,991,20
2024,992,9
2024,993,12
2024,994,54
2024,995,29
2024,996,14
2024,997,49
2024,998,15
2024,999,16
2024,1000,25
2024,1001,51
2024,1002,14
2024,1003,121
2024,1004,14
2024,1005,26
2024,1006,49
2024,1007,18
2024,1008,10
2024,1009,17
2024,1010,10
2024,1011,17
2024,1012,13
2024,1013,14
2024,1014,200
2024,1015,11
2024,1016,40
2024,1017,44
2024,1018,36
2024,1019,12
2024,1020,25
2024,1021,200
2024,1022,200
2024,1023,20
2024,1024,21
2024,1025,8
2024,1026,14
2024,1027,17
2024,1028,22
2024,1029,22
2024,1030,12
2024,1031,10
2024,1032,128
2024,1033,99
2024,1034,12
2024,1035,32
2024,1036,36
2024,1037,200
2024,1038,200
2024,1039,11
2024,1040,12
2024,1041,15
2024,1042,200
2024,1043,147
2024,1044,12
2024,1045,43
2024,1046,20
2024,1047,14
2024,1048,12
2024,1049,41
2024,1050,32
2024,1051,20
2024,1052,30
2024,1053,29
2024,1054,51
2024,1055,18
2024,1056,13
2024,1057,14
2024,1058,17
2024,1059,13
2024,1060,19
2024,1061,14
2024,1062,9
2024,1063,12
2024,1064,18
2024,1065,20
2024,1066,200
2024,1067,17
2024,1068,11
2024,1069,9
2024,1070,23
2024,1071,20
2024,1072,26
2024,1073,25
2024,1074,14
2024,1075,28
2024,1076,16
2024,1077,16
2024,1078,8
2024,1079,73
2024,1080,11
2024,1081,19
2024,1082,12
2024,1083,14
2024,1084,16
2024,1085,155
2024,1086,18
2024,1087,43
2024,1088,22
2024,1089,17
2024,1090,155
2024,1091,13
2024,1092,148
2024,1093,28
2024,1094,28
2024,1095,164
2024,1096,100
2024,1097,12
2024,1098,103
2024,1099,15
2024,1100,15
2024,1101,11
2024,1102,15
2024,1103,200
2024,1104,41
2024,1105,34
2024,1106,13
2024,1107,20
2024,1108,47
2024,1109,15
2024,1110,25
2024,1111,15
2024,1112,33
2024,1113,18
2024,1114,74
2024,1115,47
2024,1116,13
2024,1117,183
2024,1118,9
2024,1119,7
2024,1120,17
2024,1121,25
2024,1122,34
2024,1123,16
2024,1124,90
2024,1125,200
2024,1126,21
2024,1127,200
2024,1128,18
2024,1129,16
2024,1130,15
2024,1131,18
2024,1132,200
2024,1133,20
2024,1134,40
2024,1135,30
2024,1136,29
2024,1137,200
2024,1138,16
2024,1139,17
2024,1140,18
2024,1141,64
2024,1142,17
2024,1143,69
2024,1144,14
2024,1145,10
2024,1146,35
2024,1147,14
2024,1148,81
2024,1149,200
2024,1150,16
2024,1151,12
2024,1152,200
2024,1153,200
2024,1154,12
2024,1155,25
2024,1156,32
2024,1157,17
2024,1158,14
2024,1159,200
2024,1160,13
2024,1161,12
2024,1162,14
2024,1163,11
2024,1164,14
2024,1165,200
2024,1166,13
2024,1167,13
2024,1168,18
2024,1169,13
2024,1170,17
2024,1171,13
2024,1172,29
2024,1173,16
2024,1174,15
2024,1175,12
2024,1176,11
2024,1177,14
2024,1178,13
2024,1179,10
2024,1180,13
2024,1181,13
2024,1182,18
2024,1183,17
2024,1184,17
2024,1185,13
2024,1186,12
2024,1187,15
2024,1188,34
2024,1189,18
2024,1190,14
2024,1191,13
2024,1192,200
2024,1193,12
2024,1194,9
2024,1195,17
2024,1196,178
2024,1197,20
2024,1198,200
2024,1199,10
2024,1200,200
2024,1201,20
2024,1202,59
2024,1203,11
2024,1204,200
2024,1205,12
2024,1206,16
2024,1207,17
2024,1208,200
2024,1209,17
2024,1210,32
2024,1211,13
2024,1212,9
2024,1213,99
2024,1214,17
2024,1215,200
2024,1216,25
2024,1217,13
2024,1218,9
2024,1219,17
2024,1220,40
2024,1221,17
2024,1222,18
2024,1223,17
2024,1224,200
2024,1225,11
2024,1226,16
2024,1227,26
2024,1228,21
2024,1229,11
2024,1230,15
2024,1231,11
2024,1232,200
2024,1233,30
2024,1234,15
2024,1235,15
2024,1236,135
2024,1237,200
2024,1238,200
2024,1239,13
2024,1240,21
2024,1241,43
2024,1242,16
2024,1243,13
2024,1244,65
2024,1245,18
2024,1246,19
2024,1247,200
2024,1248,17
2024,1249,16
2024,1250,18
2024,1251,200
2024,1252,27
2024,1253,16
2024,1254,20
2024,1255,41
2024,1256,14
2024,1257,200
2024,1258,14
2024,1259,200
2024,1260,25
2024,1261,19
2024,1262,16
2024,1263,18
2024,1264,11
2024,1265,11
2024,1266,17
2024,1267,200
2024,1268,11
2024,1269,32
2024,1270,21
2024,1271,8
2024,1272,14
2024,1273,149
2024,1274,11
2024,1275,14
2024,1276,38
2024,1277,13
2024,1278,11
2024,1279,200
2024,1280,20
2024,1281,15
2024,1282,26
2024,1283,42
2024,1284,12
2024,1285,85
2024,1286,44
2024,1287,24
2024,1288,20
2024,1289,41
2024,1290,23
2024,1291,11
2024,1292,26
2024,1293,11
2024,1294,11
2024,1295,17
2024,1296,16
2024,1297,22
2024,1298,18
2024,1299,14
2024,1300,13
2024,1301,14
2024,1302,38
2024,1303,14
2024,1304,14
2024,1305,10
2024,1306,21
2024,1307,16
2024,1308,11
2024,1309,13
2024,1310,14
2024,1311,15
2024,1312,10
2024,1313,17
2024,1314,12
2024,1315,16
2024,1316,10
2024,1317,14
2024,1318,20
2024,1319,15
2024,1320,18
2024,1321,12
2024,1322,24
2024,1323,7
2024,1324,200
2024,1325,15
2024,1326,15
2024,1327,14
2024,1328,27
2024,1329,13
2024,1330,12
2024,1331,15
2024,1332,25
2024,1333,16
2024,1334,24
2024,1335,10
2024,1336,13
2024,1337,12
2024,1338,14
2024,1339,11
2024,1340,13
2024,1341,21
2024,1342,25
2024,1343,31
2024,1344,20
2024,1345,14
2024,1346,13
2024,1347,13
2024,1348,16
2024,1349,13
2024,1350,13
2024,1351,20
2024,1352,13
2024,1353,6
2024,1354,15
2024,1355,8
2024,1356,20
2024,1357,14
2024,1358,28
2024,1359,12
2024,1360,14
2024,1361,24
2024,1362,24
2024,1363,14
2024,1364,13
2024,1365,15
2024,1366,32
2024,1367,16
2024,1368,18
2024,1369,19
2024,1370,11
2024,1371,13
2024,1372,16
2024,1373,23
2024,1374,15
2024,1375,15
2024,1376,12
2024,1377,20
2024,1378,21
2024,1379,10
2024,1380,15
2024,1381,11
2024,1382,53
2024,1383,43
2024,1384,17
2024,1385,15
2024,1386,10
2024,1387,12
2024,1388,11
2024,1389,13
2024,1390,9
2024,1391,10
2024,1392,10
2024,1393,16
2024,1394,11
2024,1395,15
2024,1396,11
2024,1397,12
2024,1398,10
2024,1399,17
2024,1400,73
2024,1401,11
2024,1402,24
2024,1403,12
2024,1404,11
2024,1405,11
2024,1406,52
2024,1407,21
2024,1408,48
2024,1409,40
2024,1410,10
2024,1411,9
2024,1412,15
2024,1413,14
2024,1414,16
2024,1415,15
2024,1416,13
2024,1417,18
2024,1418,14
2024,1419,23
2024,1420,10
2024,1421,48
2024,1422,33
2024,1423,40
2024,1424,16
2024,1425,9
2024,1426,15
2024,1427,17
2024,1428,18
2024,1429,31
2024,1430,21
2024,1431,30
2024,1432,13
2024,1433,30
2024,1434,20
2024,1435,9
2024,1436,16
2024,1437,30
2024,1438,27
2024,1439,13
2024,1440,17
2024,1441,10
2024,1442,31
2024,1443,42
2024,1444,95
2024,1445,22
2024,1446,12
2024,1447,14
2024,1448,22
2024,1449,27
2024,1450,21
2024,1451,17
2024,1452,23
2024,1453,14
2024,1454,8
2024,1455,11
2024,1456,6
2024,1457,10
2024,1458,12
2024,1459,31
2024,1460,40
2024,1461,20
2024,1462,13
2024,1463,17
2024,1464,13
2024,1465,11
2024,1466,10
2024,1467,13
2024,1468,39
2024,1469,12
2024,1470,14
2024,1471,11
2024,1472,28
2024,1473,28
2024,1474,13
2024,1475,8
2024,1476,23
2024,1477,14
2024,1478,9
2024,1479,51
2024,1480,12
2024,1481,12
2024,1482,14
2024,1483,15
2024,1484,16
2024,1485,13
2024,1486,11
2024,1487,16
2024,1488,18
2024,1489,39
2024,1490,15
2024,1491,42
2024,1492,26
2024,1493,9
2024,1494,9
2024,1495,13
2024,1496,12
2024,1497,16
2024,1498,12
2024,1499,13
2024,1500,40
2024,1501,16
2024,1502,17
2024,1503,15
2024,1504,18
2024,1505,11
2024,1506,14
2024,1507,10
2024,1508,12
2024,1509,9
2024,1510,200
2024,1511,15
2024,1512,12
2024,1513,25
2024,1514,100
2024,1515,48
2024,1516,10
2024,1517,7
2024,1518,23
2024,1519,11
2024,1520,9
2024,1521,30
2024,1522,20
2024,1523,14
2024,1524,11
2024,1525,16
2024,1526,84
2024,1527,200
2024,1528,110
2024,1529,18
2024,1530,14
2024,1531,16
2024,1532,60
2024,1533,129
2024,1534,10
2024,1535,102
2024,1536,18
2024,1537,17
2024,1538,200
2024,1539,200
2024,1540,10
2024,1541,52
2024,1542,14
2024,1543,10
2024,1544,25
2024,1545,24
2024,1546,17
2024,1547,13
2024,1548,14
2024,1549,11
2024,1550,14
2024,1551,21
2024,1552,13
2024,1553,42
2024,1554,13
2024,1555,15
2024,1556,81
2024,1557,17
2024,1558,28
2024,1559,10
2024,1560,200
2024,1561,8
2024,1562,17
2024,1563,15
2024,1564,200
2024,1565,19
2024,1566,24
2024,1567,200
2024,1568,17
2024,1569,16
2024,1570,29
2024,1571,13
2024,1572,11
2024,1573,17
2024,1574,121
2024,1575,16
2024,1576,200
2024,1577,22
2024,1578,11
2024,1579,13
2024,1580,14
2024,1581,25
2024,1582,11
2024,1583,13
2024,1584,43
2024,1585,12
2024,1586,14
2024,1587,11
2024,1588,15
2024,1589,12
2024,1590,11
2024,1591,8
2024,1592,16
2024,1593,12
2024,1594,10
2024,1595,12
2024,1596,8
2024,1597,56
2024,1598,200
2024,1599,17
2024,1600,24
2024,1601,21
2024,1602,26
2024,1603,13
2024,1604,19
2024,1605,9
2024,1606,25
2024,1607,14
2024,1608,10
2024,1609,14
2024,1610,17
2024,1611,11
2024,1612,18
2024,1613,8
2024,1614,20
2024,1615,11
2024,1616,13
2024,1617,12
2024,1618,17
2024,1619,20
2024,1620,10
2024,1621,9
2024,1622,16
2024,1623,13
2024,1624,23
2024,1625,17
2024,1626,8
2024,1627,200
2024,1628,12
2024,1629,13
2024,1630,12
2024,1631,9
2024,1632,10
2024,1633,15
2024,1634,21
2024,1635,16
2024,1636,14
2024,1637,15
2024,1638,20
2024,1639,17
2024,1640,16
2024,1641,23
2024,1642,8
2024,1643,18
2024,1644,200
2024,1645,36
2024,1646,7
2024,1647,17
2024,1648,17
2024,1649,15
2024,1650,18
2024,1651,178
2024,1652,9
2024,1653,200
2024,1654,19
2024,1655,11
2024,1656,10
2024,1657,21
2024,1658,14
2024,1659,16
2024,1660,9
2024,1661,7
2024,1662,10
2024,1663,15
2024,1664,14
2024,1665,18
2024,1666,12
2024,1667,34
2024,1668,14
2024,1669,22
2024,1670,200
2024,1671,21
2024,1672,200
2024,1673,84
2024,1674,11
2024,1675,10
2024,1676,15
2024,1677,19
2024,1678,18
2024,1679,14
2024,1680,16
2024,1681,16
2024,1682,20
2024,1683,14
2024,1684,10
2024,1685,9
2024,1686,15
2024,1687,45
2024,1688,20
2024,1689,14
2024,1690,160
2024,1691,11
2024,1692,10
2024,1693,200
2024,1694,7
2024,1695,43
2024,1696,14
2024,1697,16
2024,1698,115
2024,1699,8
2024,1700,16
2024,1701,11
2024,1702,17
2024,1703,16
2024,1704,21
2024,1705,15
2024,1706,200
2024,1707,14
2024,1708,13
2024,1709,16
2024,1710,45
2024,1711,13
2024,1712,13
2024,1713,15
2024,1714,13
2024,1715,13
2024,1716,99
2024,1717,11
2024,1718,64
2024,1719,108
2024,1720,200
2024,1721,52
2024,1722,16
2024,1723,14
2024,1724,15
2024,1725,14
2024,1726,11
2024,1727,31
2024,1728,14
2024,1729,62
2024,1730,13
2024,1731,15
2024,1732,11
2024,1733,12
2024,1734,16
2024,1735,200
2024,1736,14
2024,1737,12
2024,1738,17
2024,1739,56
2024,1740,19
2024,1741,12
2024,1742,16
2024,1743,41
2024,1744,15
2024,1745,20
2024,1746,11
2024,1747,12
2024,1748,28
2024,1749,9
2024,1750,11
2024,1751,15
2024,1752,16
2024,1753,16
2024,1754,19
2024,1755,16
2024,1756,20
2024,1757,41
2024,1758,18
2024,1759,11
2024,1760,16
2024,1761,15
2024,1762,10
2024,1763,28
2024,1764,13
2024,1765,19
2024,1766,36
2024,1767,18
2024,1768,9
2024,1769,24
2024,1770,12
2024,1771,18
2024,1772,24
2024,1773,32
2024,1774,18
2024,1775,12
2024,1776,14
2024,1777,20
2024,1778,12
2024,1779,15
2024,1780,16
2024,1781,37
2024,1782,16
2024,1783,22
2024,1784,15
2024,1785,10
2024,1786,10
2024,1787,12
2024,1788,17
2024,1789,17
2024,1790,12
2024,1791,16
2024,1792,7
2024,1793,13
2024,1794,18
2024,1795,10
2024,1796,15
2024,1797,17
2024,1798,15
2024,1799,20
2024,1800,6
2024,1801,15
2024,1802,54
2024,1803,13
2024,1804,15
2024,1805,8
2024,1806,57
2024,1807,19
2024,1808,16
2024,1809,16
2024,1810,16
2024,1811,10
2024,1812,19
2024,1813,9
2024,1814,15
2024,1815,10
2024,1816,14
2024,1817,26
2024,1818,15
2024,1819,13
2024,1820,16
2024,1821,11
2024,1822,127
2024,1823,16
2024,1824,200
2024,1825,19
2024,1826,22
2024,1827,20
2024,1828,27
2024,1829,19
2024,1830,14
2024,1831,17
2024,1832,18
2024,1833,11
2024,1834,19
2024,1835,16
2024,1836,18
2024,1837,16
2024,1838,16
2024,1839,50
2024,1840,15
2024,1841,17
2024,1842,13
2024,1843,17
2024,1844,23
2024,1845,24
2024,1846,16
2024,1847,14
2024,1848,16
2024,1849,12
2024,1850,14
2024,1851,20
2024,1852,11
2024,1853,18
2024,1854,14
2024,1855,22
2024,1856,11
2024,1857,17
2024,1858,27
2024,1859,12
2024,1860,15
2024,1861,11
2024,1862,13
2024,1863,18
2024,1864,8
2024,1865,23
2024,1866,16
2024,1867,24
2024,1868,14
2024,1869,24
2024,1870,16
2024,1871,53
2024,1872,14
2024,1873,14
2024,1874,23
2024,1875,20
2024,1876,14
2024,1877,23
2024,1878,17
2024,1879,16
2024,1880,16
2024,1881,14
2024,1882,19
2024,1883,11
2024,1884,9
2024,1885,17
2024,1886,20
2024,1887,20
2024,1888,14
2024,1889,15
2024,1890,10
2024,1891,23
2024,1892,24
2024,1893,18
2024,1894,13
2024,1895,10
2024,1896,14
2024,1897,12
2024,1898,15
2024,1899,23
2024,1900,17
2024,1901,15
2024,1902,19
2024,1903,40
2024,1904,16
2024,1905,12
2024,1906,19
2024,1907,23
2024,1908,21
2024,1909,13
2024,1910,20
2024,1911,35
2024,1912,12
2024,1913,17
2024,1914,10
2024,1915,14
2024,1916,15
2024,1917,13
2024,1918,19
2024,1919,12
2024,1920,11
2024,1921,15
2024,1922,14
2024,1923,14
2024,1924,14
2024,1925,15
2024,1926,27
2024,1927,17
2024,1928,20
2024,1929,24
2024,1930,30
2024,1931,16
2024,1932,13
2024,1933,15
2024,1934,9
2024,1935,28
2024,1936,15
2024,1937,19
2024,1938,14
2024,1939,27
2024,1940,17
2024,1941,48
2024,1942,18
2024,1943,13
2024,1944,19
2024,1945,112
2024,1946,9
2024,1947,27
2024,1948,16
2024,1949,14
2024,1950,162
2024,1951,11
2024,1952,11
2024,1953,15
2024,1954,11
2024,1955,11
2024,1956,14
2024,1957,24
2024,1958,11
2024,1959,14
2024,1960,12
2024,1961,86
2024,1962,17
2024,1963,17
2024,1964,8
2024,1965,20
2024,1966,47
2024,1967,200
2024,1968,8
2024,1969,12
2024,1970,12
2024,1971,9
2024,1972,50
2024,1973,86
2024,1974,13
2024,1975,17
2024,1976,17
2024,1977,16
2024,1978,14
2024,1979,12
2024,1980,13
2024,1981,52
2024,1982,19
2024,1983,14
2024,1984,12
2024,1985,19
2024,1986,24
2024,1987,19
2024,1988,20
2024,1989,13
2024,1990,15
2024,1991,20
2024,1992,35
2024,1993,18
2024,1994,14
2024,1995,22
2024,1996,19
2024,1997,15
2024,1998,23
2024,1999,200
2024,2000,12
2024,2001,10
2024,2002,15
2024,2003,10
2024,2004,12
2024,2005,15
2024,2006,8
2024,2007,17
2024,2008,13
2024,2009,7
2024,2010,18
2024,2011,13
2024,2012,19
2024,2013,6
2024,2014,20
2024,2015,15
2024,2016,11
2024,2017,17
2024,2018,9
2024,2019,16
2024,2020,14
2024,2021,17
2024,2022,11
2024,2023,9
2024,2024,10
2024,2025,18
2024,2026,11
2024,2027,12
2024,2028,6
2024,2029,200
2024,2030,17
2024,2031,21
2024,2032,23
2024,2033,13
2024,2034,22
2024,2035,17
2024,2036,14
2024,2037,16
2024,2038,8
2024,2039,19
2024,2040,47
2024,2041,15
2024,2042,14
2024,2043,9
2024,2044,15
2024,2045,16
2024,2046,15
2024,2047,15
2024,2048,12
2024,2049,6
2024,2050,19
2024,2051,16
2024,2052,13
2024,2053,10
2024,2054,21
2024,2055,34
2024,2056,10
2024,2057,18
2024,2058,10
2024,2059,17
2024,2060,15
2024,2061,12
2024,2062,13
2024,2063,14
2024,2064,19
2024,2065,14
2024,2066,16
2024,2067,12
2024,2068,20
2024,2069,19
2024,2070,10
2024,2071,16
2024,2072,16
2024,2073,8
2024,2074,22
2024,2075,18
2024,2076,22
2024,2077,16
2024,2078,20
2024,2079,18
2024,2080,11
2024,2081,10
2024,2082,20
2024,2083,8
2024,2084,16
2024,2085,17
2024,2086,10
2024,2087,12
2024,2088,16
2024,2089,21
2024,2090,18
2024,2091,29
2024,2092,10
2024,2093,9
2024,2094,6
2024,2095,16
2024,2096,16
2024,2097,14
2024,2098,10
2024,2099,10
2024,2100,12
2024,2101,21
2024,2102,12
2024,2103,21
2024,2104,39
2024,2105,13
2024,2106,14
2024,2107,116
2024,2108,19
2024,2109,15
2024,2110,21
2024,2111,18
2024,2112,17
2024,2113,12
2024,2114,8
2024,2115,14
2024,2116,13
2024,2117,16
2024,2118,23
2024,2119,20
2024,2120,10
2024,2121,22
2024,2122,200
2024,2123,19
2024,2124,11
2024,2125,15
2024,2126,14
2024,2127,17
2024,2128,15
2024,2129,13
2024,2130,23
2024,2131,18
2024,2132,12
2024,2133,10
2024,2134,9
2024,2135,17
2024,2136,17
2024,2137,13
2024,2138,13
2024,2139,20
2024,2140,13
2024,2141,20
2024,2142,20
2024,2143,24
2024,2144,17
2024,2145,10
2024,2146,15
2024,2147,17
2024,2148,19
2024,2149,11
2024,2150,15
2024,2151,14
2024,2152,12
2024,2153,14
2024,2154,14
2024,2155,13
2024,2156,12
2024,2157,13
2024,2158,16
2024,2159,18
2024,2160,15
2024,2161,23
2024,2162,153
2024,2163,11
2024,2164,14
2024,2165,23
2024,2166,16
2024,2167,16
2024,2168,30
2024,2169,16
2024,2170,22
2024,2171,9
2024,2172,13
2024,2173,15
2024,2174,15
2024,2175,13
2024,2176,18
2024,2177,19
2024,2178,21
2024,2179,15
2024,2180,16
2024,2181,18
2024,2182,18
2024,2183,10
2024,2184,9
2024,2185,22
2024,2186,14
2024,2187,200
2024,2188,16
2024,2189,14
2024,2190,17
2024,2191,155
2024,2192,20
2024,2193,24
2024,2194,13
2024,2195,16
2024,2196,13
2024,2197,177
2024,2198,21
2024,2199,17
2024,2200,17
2024,2201,200
2024,2202,21
2024,2203,12
2024,2204,16
2024,2205,200
2024,2206,10
2024,2207,19
2024,2208,15
2024,2209,11
2024,2210,13
2024,2211,24
2024,2212,9
2024,2213,23
2024,2214,16
2024,2215,13
2024,2216,34
2024,2217,14
2024,2218,13
2024,2219,20
2024,2220,11
2024,2221,12
2024,2222,17
2024,2223,14
2024,2224,20
2024,2225,13
2024,2226,200
2024,2227,13
2024,2228,23
2024,2229,15
2024,2230,13
2024,2231,18
2024,2232,38
2024,2233,13
2024,2234,25
2024,2235,8
2024,2236,15
2024,2237,32
2024,2238,28
2024,2239,88
2024,2240,14
2024,2241,15
2024,2242,17
2024,2243,20
2024,2244,13
2024,2245,27
2024,2246,28
2024,2247,16
2024,2248,26
2024,2249,15
2024,2250,13
2024,2251,19
2024,2252,9
2024,2253,19
2024,2254,16
2024,2255,14
2024,2256,26
2024,2257,21
2024,2258,24
2024,2259,18
2024,2260,19
2024,2261,24
2024,2262,14
2024,2263,29
2024,2264,18
2024,2265,200
2024,2266,200
2024,2267,195
2024,2268,200
2024,2269,200
2024,2270,200
2024,2271,7
2024,2272,17
2024,2273,20
2024,2274,30
2024,2275,139
2024,2276,22
2024,2277,15
2024,2278,19
2024,2279,16
2024,2280,21
2024,2281,16
2024,2282,14
2024,2283,8
2024,2284,15
2024,2285,10
2024,2286,13
2024,2287,19
2024,2288,19
2024,2289,25
2024,2290,15
2024,2291,13
2024,2292,20
2024,2293,13
2024,2294,12
2024,2295,19
2024,2296,15
2024,2297,10
2024,2298,15
2024,2299,14
2024,2300,9
2024,2301,75
2024,2302,13
2024,2303,18
2024,2304,15
2024,2305,28
2024,2306,26
2024,2307,9
2024,2308,14
2024,2309,36
2024,2310,13
2024,2311,9
2024,2312,19
2024,2313,10
2024,2314,25
2024,2315,25
2024,2316,14
2024,2317,12
2024,2318,8
2024,2319,19
2024,2320,200
2024,2321,10
2024,2322,14
2024,2323,57
2024,2324,18
2024,2325,30
2024,2326,72
2024,2327,17
2024,2328,26
2024,2329,14
2024,2330,20
2024,2331,29
2024,2332,12
2024,2333,13
2024,2334,22
2024,2335,12
2024,2336,200
2024,2337,11
2024,2338,38
2024,2339,10
2024,2340,13
2024,2341,27
2024,2342,13
2024,2343,16
2024,2344,14
2024,2345,10
2024,2346,200
2024,2347,11
2024,2348,16
2024,2349,14
2024,2350,14
2024,2351,10
2024,2352,140
2024,2353,11
2024,2354,11
2024,2355,17
2024,2356,14
2024,2357,24
2024,2358,26
2024,2359,42
2024,2360,10
2024,2361,21
2024,2362,15
2024,2363,13
2024,2364,22
2024,2365,11
2024,2366,15
2024,2367,20
2024,2368,44
2024,2369,14
2024,2370,12
2024,2371,15
2024,2372,13
2024,2373,11
2024,2374,14
2024,2375,23
2024,2376,10
2024,2377,16
2024,2378,11
2024,2379,15
2024,2380,14
2024,2381,18
2024,2382,15
2024,2383,21
2024,2384,13
2024,2385,14
2024,2386,16
2024,2387,79
2024,2388,15
2024,2389,18
2024,2390,14
2024,2391,11
2024,2392,29
2024,2393,13
2024,2394,18
2024,2395,13
2024,2396,18
2024,2397,14
2024,2398,28
2024,2399,42
2024,2400,43
2024,2401,9
2024,2402,15
2024,2403,20
2024,2404,12
2024,2405,14
2024,2406,14
2024,2407,68
2024,2408,13
2024,2409,20
2024,2410,42
2024,2411,10
2024,2412,14
2024,2413,13
2024,2414,15
2024,2415,15
2024,2416,65
2024,2417,15
2024,2418,36
2024,2419,14
2024,2420,12
2024,2421,23
2024,2422,23
2024,2423,36
2024,2424,14
2024,2425,37
2024,2426,15
2024,2427,133
2024,2428,18
2024,2429,12
2024,2430,15
2024,2431,10
2024,2432,15
2024,2433,14
2024,2434,14
2024,2435,13
2024,2436,11
2024,2437,200
2024,2438,12
2024,2439,14
2024,2440,10
2024,2441,12
2024,2442,11
2024,2443,200
2024,2444,88
2024,2445,9
2024,2446,12
2024,2447,12
2024,2448,24
2024,2449,16
2024,2450,12
2024,2451,16
2024,2452,15
2024,2453,16
2024,2454,21
2024,2455,13
2024,2456,11
2024,2457,14
2024,2458,15
2024,2459,12
2024,2460,68
2024,2461,22
2024,2462,200
2024,2463,16
2024,2464,33
2024,2465,16
2024,2466,16
2024,2467,16
2024,2468,200
2024,2469,22
2024,2470,200
2024,2471,49
2024,2472,15
2024,2473,29
2024,2474,12
2024,2475,17
2024,2476,31
2024,2477,27
2024,2478,41
2024,2479,16
2024,2480,24
2024,2481,19
2024,2482,25
2024,2483,10
2024,2484,107
2024,2485,32
2024,2486,17
2024,2487,14
2024,2488,10
2024,2489,11
2024,2490,200
2024,2491,14
2024,2492,12
2024,2493,22
2024,2494,17
2024,2495,13
2024,2496,12
2024,2497,15
2024,2498,28
2024,2499,16
2024,2500,13
2024,2501,17
2024,2502,9
2024,2503,13
2024,2504,18
2024,2505,15
2024,2506,9
2024,2507,200
2024,2508,17
2024,2509,18
2024,2510,200
2024,2511,200
2024,2512,13
2024,2513,200
2024,2514,24
2024,2515,200
2024,2516,12
2024,2517,200
2024,2518,13
2024,2519,7
2024,2520,8
2024,2521,12
2024,2522,16
2024,2523,13
2024,2524,17
2024,2525,13
2024,2526,200
2024,2527,104
2024,2528,17
2024,2529,20
2024,2530,10
2024,2531,17
2024,2532,10
2024,2533,27
2024,2534,14
2024,2535,15
2024,2536,12
2024,2537,15
2024,2538,11
2024,2539,14
2024,2540,17
2024,2541,18
2024,2542,13
2024,2543,13
2024,2544,12
2024,2545,23
2024,2546,26
2024,2547,17
2024,2548,14
2024,2549,14
2024,2550,18
2024,2551,11
2024,2552,11
2024,2553,16
2024,2554,14
2024,2555,22
2024,2556,20
2024,2557,13
2024,2558,10
2024,2559,11
2024,2560,16
2024,2561,9
2024,2562,17
2024,2563,200
2024,2564,15
2024,2565,10
2024,2566,15
2024,2567,14
2024,2568,8
2024,2569,23
2024,2570,13
2024,2571,13
2024,2572,16
2024,2573,200
2024,2574,12
2024,2575,15
2024,2576,12
2024,2577,200
2024,2578,13
2024,2579,13
2024,2580,16
2024,2581,19
2024,2582,26
2024,2583,15
2024,2584,20
2024,2585,133
2024,2586,16
2024,2587,24
2024,2588,11
2024,2589,23
2024,2590,16
2024,2591,17
2024,2592,200
2024,2593,31
2024,2594,27
2024,2595,14
2024,2596,14
2024,2597,22
2024,2598,15
2024,2599,12
2024,2600,16
2024,2601,29
2024,2602,51
2024,2603,18
2024,2604,16
2024,2605,13
2024,2606,13
2024,2607,17
2024,2608,23
2024,2609,13
2024,2610,22
2024,2611,17
2024,2612,15
2024,2613,20
2024,2614,15
2024,2615,12
2024,2616,45
2024,2617,18
2024,2618,15
2024,2619,14
2024,2620,9
2024,2621,12
2024,2622,11
2024,2623,18
2024,2624,23
2024,2625,14
2024,2626,20
2024,2627,16
2024,2628,25
2024,2629,18
2024,2630,12
2024,2631,10
2024,2632,15
2024,2633,13
2024,2634,11
2024,2635,20
2024,2636,17
2024,2637,17
2024,2638,25
2024,2639,16
2024,2640,18
2024,2641,22
2024,2642,10
2024,2643,13
2024,2644,15
2024,2645,17
2024,2646,19
2024,2647,22
2024,2648,9
2024,2649,15
2024,2650,12
2024,2651,12
2024,2652,15
2024,2653,13
2024,2654,14
2024,2655,19
2024,2656,18
2024,2657,19
2024,2658,19
2024,2659,12
2024,2660,8
2024,2661,11
2024,2662,19
2024,2663,16
2024,2664,11
2024,2665,15
2024,2666,29
2024,2667,13
2024,2668,14
2024,2669,18
2024,2670,17
2024,2671,13
2024,2672,23
2024,2673,19
2024,2674,11
2024,2675,10
2024,2676,20
2024,2677,14
2024,2678,25
2024,2679,12
2024,2680,14
2024,2681,19
2024,2682,18
2024,2683,14
2024,2684,17
2024,2685,18
2024,2686,16
2024,2687,19
2024,2688,50
2024,2689,16
2024,2690,20
2024,2691,9
2024,2692,17
2024,2693,15
2024,2694,6
2024,2695,17
2024,2696,22
2024,2697,15
2024,2698,11
2024,2699,13
2024,2700,11
2024,2701,15
2024,2702,7
2024,2703,15
2024,2704,17
2024,2705,11
2024,2706,16
2024,2707,15
2024,2708,18
2024,2709,12
2024,2710,17
2024,2711,15
2024,2712,14
2024,2713,21
2024,2714,13
2024,2715,13
2024,2716,19
2024,2717,15
2024,2718,21
2024,2719,14
2024,2720,14
2024,2721,17
2024,2722,13
2024,2723,13
2024,2724,16
2024,2725,16
2024,2726,13
2024,2727,21
2024,2728,16
2024,2729,21
2024,2730,13
2024,2731,9
2024,2732,12
2024,2733,9
2024,2734,21
2024,2735,20
2024,2736,17
2024,2737,16
2024,2738,10
2024,2739,82
2024,2740,29
2024,2741,16
2024,2742,15
2024,2743,11
2024,2744,18
2024,2745,98
2024,2746,13
2024,2747,13
2024,2748,10
2024,2749,200
2024,2750,77
2024,2751,18
2024,2752,14
2024,2753,12
2024,2754,18
2024,2755,11
2024,2756,15
2024,2757,14
2024,2758,33
2024,2759,14
2024,2760,12
2024,2761,15
2024,2762,18
2024,2763,200
2024,2764,10
2024,2765,12
2024,2766,15
2024,2767,7
2024,2768,25
2024,2769,16
2024,2770,10
2024,2771,22
2024,2772,19
2024,2773,21
2024,2774,200
2024,2775,18
2024,2776,11
2024,2777,15
2024,2778,15
2024,2779,26
2024,2780,13
2024,2781,15
2024,2782,16
2024,2783,37
2024,2784,38
2024,2785,53
2024,2786,14
2024,2787,13
2024,2788,30
2024,2789,17
2024,2790,16
2024,2791,12
2024,2792,13
2024,2793,32
2024,2794,12
2024,2795,12
2024,2796,13
2024,2797,10
2024,2798,25
2024,2799,12
2024,2800,14
2024,2801,11
2024,2802,20
2024,2803,32
2024,2804,20
2024,2805,9
2024,2806,9
2024,2807,17
2024,2808,14
2024,2809,12
2024,2810,12
2024,2811,8
2024,2812,14
2024,2813,11
2024,2814,18
2024,2815,19
2024,2816,17
2024,2817,16
2024,2818,10
2024,2819,15
2024,2820,23
2024,2821,20
2024,2822,48
2024,2823,15
2024,2824,15
2024,2825,10
2024,2826,15
2024,2827,12
2024,2828,13
2024,2829,13
2024,2830,12
2024,2831,15
2024,2832,16
2024,2833,17
2024,2834,13
2024,2835,13
2024,2836,14
2024,2837,16
2024,2838,12
2024,2839,18
2024,2840,11
2024,2841,13
2024,2842,15
2024,2843,13
2024,2844,11
2024,2845,17
2024,2846,12
2024,2847,17
2024,2848,27
2024,2849,18
2024,2850,22
2024,2851,10
2024,2852,17
2024,2853,9
2024,2854,18
2024,2855,12
2024,2856,15
2024,2857,10
2024,2858,9
2024,2859,29
2024,2860,22
2024,2861,13
2024,2862,10
2024,2863,22
2024,2864,16
2024,2865,13
2024,2866,14
2024,2867,10
2024,2868,15
2024,2869,12
2024,2870,12
2024,2871,17
2024,2872,11
2024,2873,14
2024,2874,15
2024,2875,16
2024,2876,15
2024,2877,11
2024,2878,18
2024,2879,12
2024,2880,20
2024,2881,12
2024,2882,16
2024,2883,11
2024,2884,17
2024,2885,15
2024,2886,19
2024,2887,15
2024,2888,13
2024,2889,15
2024,2890,17
2024,2891,18
2024,2892,33
2024,2893,10
2024,2894,21
2024,2895,23
2024,2896,20
2024,2897,14
2024,2898,24
2024,2899,18
2024,2900,22
2024,2901,18
2024,2902,98
2024,2903,13
2024,2904,14
2024,2905,41
2024,2906,17
2024,2907,16
2024,2908,16
2024,2909,8
2024,2910,22
2024,2911,20
2024,2912,20
2024,2913,13
2024,2914,17
2024,2915,12
2024,2916,30
2024,2917,200
2024,2918,17
2024,2919,12
2024,2920,20
2024,2921,14
2024,2922,17
2024,2923,10
2024,2924,15
2024,2925,16
2024,2926,80
2024,2927,25
2024,2928,15
2024,2929,19
2024,2930,14
2024,2931,12
2024,2932,43
2024,2933,32
2024,2934,14
2024,2935,182
2024,2936,16
2024,2937,11
2024,2938,10
2024,2939,15
2024,2940,12
2024,2941,19
2024,2942,15
2024,2943,10
2024,2944,27
2024,2945,200
2024,2946,17
2024,2947,25
2024,2948,20
2024,2949,78
2024,2950,16
2024,2951,31
2024,2952,200
2024,2953,14
2024,2954,116
2024,2955,200
2024,2956,200
2024,2957,16
2024,2958,24
2024,2959,50
2024,2960,23
2024,2961,14
2024,2962,24
2024,2963,17
2024,2964,30
2024,2965,132
2024,2966,9
2024,2967,17
2024,2968,16
2024,2969,200
2024,2970,25
2024,2971,79
2024,2972,13
2024,2973,10
2024,2974,31
2024,2975,16
2024,2976,37
2024,2977,200
2024,2978,18
2024,2979,11
2024,2980,200
2024,2981,200
2024,2982,12
2024,2983,12
2024,2984,18
2024,2985,169
2024,2986,18
2024,2987,11
2024,2988,17
2024,2989,11
2024,2990,14
2024,2991,200
2024,2992,75
2024,2993,16
2024,2994,13
2024,2995,54
2024,2996,13
2024,2997,18
2024,2998,12
2024,2999,18
