Seed,Episode,Steps
42,0,200
42,1,200
42,2,200
42,3,200
42,4,200
42,5,200
42,6,200
42,7,96
42,8,200
42,9,200
42,10,200
42,11,200
42,12,53
42,13,200
42,14,200
42,15,200
42,16,200
42,17,200
42,18,32
42,19,200
42,20,200
42,21,200
42,22,200
42,23,200
42,24,156
42,25,200
42,26,12
42,27,39
42,28,20
42,29,200
42,30,200
42,31,200
42,32,200
42,33,200
42,34,15
42,35,200
42,36,200
42,37,200
42,38,200
42,39,200
42,40,200
42,41,28
42,42,200
42,43,7
42,44,200
42,45,200
42,46,8
42,47,200
42,48,200
42,49,200
42,50,200
42,51,200
42,52,200
42,53,21
42,54,200
42,55,133
42,56,200
42,57,200
42,58,28
42,59,200
42,60,200
42,61,200
42,62,200
42,63,200
42,64,50
42,65,200
42,66,200
42,67,200
42,68,200
42,69,11
42,70,12
42,71,200
42,72,200
42,73,11
42,74,200
42,75,37
42,76,200
42,77,7
42,78,200
42,79,200
42,80,200
42,81,200
42,82,176
42,83,200
42,84,6
42,85,11
42,86,94
42,87,200
42,88,200
42,89,10
42,90,68
42,91,200
42,92,200
42,93,200
42,94,200
42,95,14
42,96,200
42,97,23
42,98,200
42,99,200
42,100,10
42,101,200
42,102,200
42,103,200
42,104,200
42,105,200
42,106,200
42,107,200
42,108,10
42,109,200
42,110,21
42,111,200
42,112,200
42,113,200
42,114,8
42,115,11
42,116,200
42,117,200
42,118,9
42,119,200
42,120,200
42,121,12
42,122,200
42,123,10
42,124,34
42,125,15
42,126,200
42,127,28
42,128,200
42,129,16
42,130,200
42,131,200
42,132,172
42,133,200
42,134,200
42,135,10
42,136,200
42,137,200
42,138,200
42,139,200
42,140,49
42,141,200
42,142,20
42,143,15
42,144,200
42,145,200
42,146,200
42,147,200
42,148,200
42,149,200
42,150,13
42,151,200
42,152,200
42,153,34
42,154,175
42,155,200
42,156,200
42,157,18
42,158,200
42,159,200
42,160,200
42,161,25
42,162,200
42,163,200
42,164,17
42,165,29
42,166,9
42,167,12
42,168,200
42,169,90
42,170,200
42,171,200
42,172,200
42,173,200
42,174,200
42,175,15
42,176,33
42,177,200
42,178,200
42,179,200
42,180,9
42,181,200
42,182,17
42,183,200
42,184,200
42,185,11
42,186,16
42,187,200
42,188,121
42,189,200
42,190,10
42,191,41
42,192,200
42,193,14
42,194,200
42,195,200
42,196,200
42,197,200
42,198,15
42,199,9
42,200,16
42,201,200
42,202,200
42,203,200
42,204,200
42,205,162
42,206,200
42,207,200
42,208,9
42,209,200
42,210,200
42,211,110
42,212,11
42,213,200
42,214,25
42,215,200
42,216,200
42,217,200
42,218,200
42,219,200
42,220,200
42,221,9
42,222,9
42,223,13
42,224,8
42,225,9
42,226,200
42,227,200
42,228,200
42,229,19
42,230,12
42,231,200
42,232,200
42,233,19
42,234,6
42,235,10
42,236,13
42,237,200
42,238,153
42,239,13
42,240,200
42,241,200
42,242,200
42,243,200
42,244,200
42,245,200
42,246,200
42,247,200
42,248,200
42,249,200
42,250,200
42,251,200
42,252,183
42,253,19
42,254,200
42,255,18
42,256,200
42,257,200
42,258,200
42,259,200
42,260,200
42,261,200
42,262,200
42,263,11
42,264,25
42,265,200
42,266,11
42,267,16
42,268,200
42,269,200
42,270,200
42,271,200
42,272,200
42,273,200
42,274,11
42,275,200
42,276,200
42,277,200
42,278,200
42,279,15
42,280,200
42,281,200
42,282,8
42,283,200
42,284,200
42,285,200
42,286,200
42,287,200
42,288,200
42,289,9
42,290,200
42,291,200
42,292,10
42,293,200
42,294,200
42,295,200
42,296,200
42,297,200
42,298,200
42,299,200
42,300,200
42,301,200
42,302,14
42,303,200
42,304,200
42,305,200
42,306,200
42,307,200
42,308,13
42,309,11
42,310,200
42,311,200
42,312,60
42,313,200
42,314,200
42,315,200
42,316,200
42,317,9
42,318,18
42,319,16
42,320,17
42,321,200
42,322,200
42,323,200
42,324,17
42,325,200
42,326,13
42,327,200
42,328,200
42,329,16
42,330,12
42,331,15
42,332,200
42,333,200
42,334,15
42,335,13
42,336,20
42,337,15
42,338,16
42,339,200
42,340,200
42,341,200
42,342,200
42,343,200
42,344,120
42,345,10
42,346,200
42,347,200
42,348,13
42,349,8
42,350,200
42,351,21
42,352,9
42,353,200
42,354,15
42,355,200
42,356,21
42,357,200
42,358,200
42,359,200
42,360,200
42,361,7
42,362,13
42,363,200
42,364,14
42,365,200
42,366,200
42,367,200
42,368,200
42,369,200
42,370,12
42,371,9
42,372,12
42,373,200
42,374,200
42,375,200
42,376,200
42,377,200
42,378,10
42,379,17
42,380,14
42,381,200
42,382,200
42,383,200
42,384,16
42,385,200
42,386,200
42,387,200
42,388,200
42,389,50
42,390,16
42,391,200
42,392,200
42,393,20
42,394,62
42,395,200
42,396,15
42,397,200
42,398,200
42,399,8
42,400,200
42,401,200
42,402,200
42,403,15
42,404,200
42,405,200
42,406,200
42,407,200
42,408,200
42,409,200
42,410,200
42,411,200
42,412,200
42,413,200
42,414,200
42,415,16
42,416,200
42,417,34
42,418,16
42,419,200
42,420,200
42,421,200
42,422,109
42,423,200
42,424,19
42,425,200
42,426,9
42,427,200
42,428,9
42,429,200
42,430,10
42,431,200
42,432,200
42,433,19
42,434,200
42,435,200
42,436,200
42,437,42
42,438,14
42,439,200
42,440,16
42,441,200
42,442,200
42,443,20
42,444,200
42,445,200
42,446,200
42,447,200
42,448,200
42,449,26
42,450,200
42,451,79
42,452,200
42,453,200
42,454,17
42,455,200
42,456,11
42,457,18
42,458,135
42,459,11
42,460,10
42,461,200
42,462,200
42,463,200
42,464,13
42,465,200
42,466,14
42,467,10
42,468,200
42,469,200
42,470,7
42,471,13
42,472,200
42,473,16
42,474,112
42,475,14
42,476,200
42,477,29
42,478,13
42,479,200
42,480,200
42,481,200
42,482,12
42,483,14
42,484,11
42,485,200
42,486,200
42,487,200
42,488,200
42,489,22
42,490,16
42,491,18
42,492,13
42,493,200
42,494,7
42,495,200
42,496,22
42,497,15
42,498,16
42,499,200
42,500,11
42,501,200
42,502,200
42,503,200
42,504,18
42,505,14
42,506,178
42,507,18
42,508,200
42,509,14
42,510,200
42,511,200
42,512,200
42,513,200
42,514,73
42,515,18
42,516,200
42,517,200
42,518,14
42,519,14
42,520,46
42,521,18
42,522,10
42,523,11
42,524,200
42,525,200
42,526,200
42,527,200
42,528,200
42,529,200
42,530,14
42,531,200
42,532,200
42,533,12
42,534,200
42,535,200
42,536,18
42,537,200
42,538,7
42,539,200
42,540,200
42,541,200
42,542,200
42,543,200
42,544,9
42,545,200
42,546,200
42,547,76
42,548,200
42,549,200
42,550,200
42,551,200
42,552,200
42,553,200
42,554,200
42,555,8
42,556,200
42,557,200
42,558,200
42,559,200
42,560,200
42,561,200
42,562,200
42,563,200
42,564,200
42,565,11
42,566,11
42,567,200
42,568,200
42,569,11
42,570,200
42,571,200
42,572,200
42,573,200
42,574,200
42,575,200
42,576,200
42,577,20
42,578,200
42,579,200
42,580,200
42,581,10
42,582,200
42,583,200
42,584,200
42,585,200
42,586,200
42,587,200
42,588,12
42,589,200
42,590,200
42,591,12
42,592,74
42,593,15
42,594,200
42,595,200
42,596,200
42,597,200
42,598,200
42,599,200
42,600,9
42,601,29
42,602,200
42,603,200
42,604,200
42,605,192
42,606,200
42,607,200
42,608,200
42,609,200
42,610,15
42,611,200
42,612,12
42,613,59
42,614,200
42,615,80
42,616,13
42,617,200
42,618,200
42,619,18
42,620,167
42,621,200
42,622,8
42,623,200
42,624,14
42,625,200
42,626,12
42,627,200
42,628,200
42,629,200
42,630,26
42,631,10
42,632,200
42,633,200
42,634,200
42,635,200
42,636,200
42,637,200
42,638,200
42,639,10
42,640,200
42,641,14
42,642,200
42,643,200
42,644,200
42,645,19
42,646,200
42,647,119
42,648,27
42,649,15
42,650,200
42,651,17
42,652,200
42,653,200
42,654,200
42,655,200
42,656,200
42,657,200
42,658,18
42,659,200
42,660,200
42,661,200
42,662,200
42,663,200
42,664,16
42,665,200
42,666,200
42,667,200
42,668,200
42,669,200
42,670,200
42,671,200
42,672,10
42,673,200
42,674,200
42,675,200
42,676,200
42,677,200
42,678,15
42,679,200
42,680,200
42,681,200
42,682,200
42,683,200
42,684,200
42,685,200
42,686,200
42,687,14
42,688,13
42,689,10
42,690,200
42,691,200
42,692,11
42,693,200
42,694,200
42,695,158
42,696,13
42,697,200
42,698,12
42,699,200
42,700,200
42,701,11
42,702,11
42,703,200
42,704,200
42,705,10
42,706,200
42,707,200
42,708,172
42,709,200
42,710,200
42,711,19
42,712,200
42,713,200
42,714,200
42,715,200
42,716,200
42,717,200
42,718,200
42,719,9
42,720,200
42,721,7
42,722,200
42,723,200
42,724,200
42,725,200
42,726,200
42,727,157
42,728,200
42,729,12
42,730,14
42,731,200
42,732,11
42,733,200
42,734,14
42,735,200
42,736,200
42,737,11
42,738,200
42,739,200
42,740,200
42,741,200
42,742,200
42,743,12
42,744,200
42,745,200
42,746,200
42,747,200
42,748,200
42,749,200
42,750,200
42,751,14
42,752,12
42,753,13
42,754,200
42,755,200
42,756,13
42,757,200
42,758,200
42,759,200
42,760,200
42,761,200
42,762,12
42,763,200
42,764,200
42,765,200
42,766,200
42,767,200
42,768,200
42,769,200
42,770,200
42,771,15
42,772,10
42,773,200
42,774,200
42,775,200
42,776,200
42,777,13
42,778,200
42,779,200
42,780,200
42,781,200
42,782,200
42,783,12
42,784,200
42,785,200
42,786,200
42,787,11
42,788,200
42,789,200
42,790,200
42,791,200
42,792,200
42,793,200
42,794,200
42,795,200
42,796,17
42,797,200
42,798,14
42,799,200
42,800,200
42,801,200
42,802,200
42,803,200
42,804,200
42,805,200
42,806,200
42,807,200
42,808,200
42,809,200
42,810,200
42,811,200
42,812,200
42,813,200
42,814,8
42,815,200
42,816,200
42,817,200
42,818,13
42,819,200
42,820,200
42,821,22
42,822,200
42,823,200
42,824,200
42,825,200
42,826,15
42,827,200
42,828,15
42,829,200
42,830,200
42,831,15
42,832,200
42,833,18
42,834,200
42,835,200
42,836,10
42,837,200
42,838,200
42,839,200
42,840,200
42,841,200
42,842,200
42,843,200
42,844,200
42,845,116
42,846,200
42,847,200
42,848,200
42,849,200
42,850,200
42,851,200
42,852,200
42,853,200
42,854,200
42,855,200
42,856,200
42,857,200
42,858,6
42,859,200
42,860,200
42,861,200
42,862,200
42,863,200
42,864,200
42,865,200
42,866,13
42,867,200
42,868,14
42,869,200
42,870,200
42,871,200
42,872,17
42,873,200
42,874,200
42,875,200
42,876,200
42,877,200
42,878,200
42,879,200
42,880,200
42,881,200
42,882,14
42,883,14
42,884,13
42,885,200
42,886,200
42,887,200
42,888,200
42,889,200
42,890,200
42,891,200
42,892,200
42,893,200
42,894,200
42,895,200
42,896,200
42,897,7
42,898,13
42,899,200
42,900,200
42,901,200
42,902,200
42,903,200
42,904,12
42,905,8
42,906,200
42,907,200
42,908,200
42,909,200
42,910,200
42,911,200
42,912,200
42,913,7
42,914,200
42,915,200
42,916,200
42,917,200
42,918,200
42,919,200
42,920,200
42,921,200
42,922,200
42,923,200
42,924,200
42,925,13
42,926,200
42,927,200
42,928,200
42,929,200
42,930,200
42,931,200
42,932,200
42,933,17
42,934,15
42,935,200
42,936,200
42,937,200
42,938,200
42,939,200
42,940,200
42,941,200
42,942,200
42,943,200
42,944,200
42,945,200
42,946,200
42,947,19
42,948,200
42,949,200
42,950,200
42,951,200
42,952,200
42,953,200
42,954,50
42,955,191
42,956,200
42,957,200
42,958,200
42,959,200
42,960,200
42,961,200
42,962,200
42,963,200
42,964,200
42,965,200
42,966,200
42,967,200
42,968,200
42,969,11
42,970,83
42,971,13
42,972,127
42,973,200
42,974,200
42,975,200
42,976,122
42,977,200
42,978,200
42,979,200
42,980,200
42,981,200
42,982,200
42,983,200
42,984,200
42,985,200
42,986,200
42,987,200
42,988,200
42,989,200
42,990,200
42,991,200
42,992,200
42,993,200
42,994,200
42,995,200
42,996,200
42,997,200
42,998,200
42,999,200
42,1000,200
42,1001,200
42,1002,200
42,1003,200
42,1004,200
42,1005,200
42,1006,200
42,1007,200
42,1008,200
42,1009,200
42,1010,200
42,1011,11
42,1012,200
42,1013,200
42,1014,200
42,1015,200
42,1016,11
42,1017,200
42,1018,200
42,1019,200
42,1020,200
42,1021,200
42,1022,200
42,1023,98
42,1024,200
42,1025,200
42,1026,200
42,1027,200
42,1028,200
42,1029,200
42,1030,200
42,1031,12
42,1032,200
42,1033,200
42,1034,200
42,1035,200
42,1036,200
42,1037,200
42,1038,200
42,1039,10
42,1040,200
42,1041,10
42,1042,200
42,1043,200
42,1044,200
42,1045,32
42,1046,200
42,1047,200
42,1048,200
42,1049,200
42,1050,200
42,1051,200
42,1052,200
42,1053,200
42,1054,200
42,1055,200
42,1056,200
42,1057,200
42,1058,200
42,1059,200
42,1060,200
42,1061,200
42,1062,200
42,1063,200
42,1064,200
42,1065,200
42,1066,200
42,1067,200
42,1068,200
42,1069,200
42,1070,200
42,1071,200
42,1072,200
42,1073,200
42,1074,200
42,1075,200
42,1076,200
42,1077,200
42,1078,200
42,1079,28
42,1080,200
42,1081,200
42,1082,200
42,1083,200
42,1084,200
42,1085,200
42,1086,200
42,1087,13
42,1088,200
42,1089,19
42,1090,200
42,1091,200
42,1092,200
42,1093,200
42,1094,200
42,1095,200
42,1096,200
42,1097,200
42,1098,200
42,1099,200
42,1100,200
42,1101,200
42,1102,200
42,1103,200
42,1104,200
42,1105,200
42,1106,200
42,1107,200
42,1108,200
42,1109,200
42,1110,200
42,1111,200
42,1112,200
42,1113,13
42,1114,200
42,1115,200
42,1116,200
42,1117,200
42,1118,200
42,1119,16
42,1120,200
42,1121,200
42,1122,200
42,1123,200
42,1124,200
42,1125,200
42,1126,200
42,1127,200
42,1128,200
42,1129,200
42,1130,200
42,1131,200
42,1132,145
42,1133,200
42,1134,11
42,1135,200
42,1136,200
42,1137,200
42,1138,200
42,1139,200
42,1140,200
42,1141,200
42,1142,10
42,1143,200
42,1144,200
42,1145,13
42,1146,200
42,1147,200
42,1148,200
42,1149,200
42,1150,200
42,1151,200
42,1152,200
42,1153,200
42,1154,14
42,1155,200
42,1156,200
42,1157,200
42,1158,200
42,1159,11
42,1160,7
42,1161,200
42,1162,11
42,1163,200
42,1164,200
42,1165,200
42,1166,200
42,1167,200
42,1168,16
42,1169,200
42,1170,11
42,1171,200
42,1172,200
42,1173,200
42,1174,13
42,1175,200
42,1176,200
42,1177,200
42,1178,200
42,1179,200
42,1180,200
42,1181,200
42,1182,200
42,1183,200
42,1184,200
42,1185,200
42,1186,200
42,1187,200
42,1188,200
42,1189,200
42,1190,200
42,1191,200
42,1192,200
42,1193,200
42,1194,200
42,1195,200
42,1196,200
42,1197,200
42,1198,200
42,1199,200
42,1200,7
42,1201,200
42,1202,200
42,1203,200
42,1204,200
42,1205,200
42,1206,200
42,1207,200
42,1208,200
42,1209,200
42,1210,183
42,1211,12
42,1212,200
42,1213,7
42,1214,200
42,1215,200
42,1216,200
42,1217,6
42,1218,200
42,1219,200
42,1220,200
42,1221,200
42,1222,200
42,1223,200
42,1224,200
42,1225,200
42,1226,200
42,1227,200
42,1228,200
42,1229,200
42,1230,200
42,1231,200
42,1232,200
42,1233,12
42,1234,200
42,1235,8
42,1236,200
42,1237,12
42,1238,200
42,1239,200
42,1240,200
42,1241,12
42,1242,200
42,1243,200
42,1244,200
42,1245,200
42,1246,122
42,1247,200
42,1248,200
42,1249,200
42,1250,14
42,1251,200
42,1252,10
42,1253,200
42,1254,200
42,1255,200
42,1256,13
42,1257,200
42,1258,200
42,1259,200
42,1260,200
42,1261,200
42,1262,200
42,1263,200
42,1264,200
42,1265,200
42,1266,200
42,1267,200
42,1268,200
42,1269,13
42,1270,200
42,1271,200
42,1272,200
42,1273,200
42,1274,200
42,1275,200
42,1276,13
42,1277,200
42,1278,200
42,1279,200
42,1280,200
42,1281,200
42,1282,200
42,1283,200
42,1284,200
42,1285,200
42,1286,10
42,1287,200
42,1288,200
42,1289,200
42,1290,200
42,1291,200
42,1292,200
42,1293,200
42,1294,200
42,1295,200
42,1296,200
42,1297,200
42,1298,200
42,1299,200
42,1300,200
42,1301,200
42,1302,200
42,1303,200
42,1304,200
42,1305,12
42,1306,200
42,1307,200
42,1308,200
42,1309,200
42,1310,200
42,1311,200
42,1312,200
42,1313,200
42,1314,200
42,1315,200
42,1316,200
42,1317,200
42,1318,200
42,1319,200
42,1320,200
42,1321,200
42,1322,200
42,1323,200
42,1324,200
42,1325,8
42,1326,200
42,1327,200
42,1328,200
42,1329,200
42,1330,200
42,1331,200
42,1332,200
42,1333,200
42,1334,200
42,1335,200
42,1336,200
42,1337,200
42,1338,200
42,1339,200
42,1340,200
42,1341,200
42,1342,200
42,1343,200
42,1344,200
42,1345,200
42,1346,200
42,1347,14
42,1348,200
42,1349,200
42,1350,200
42,1351,200
42,1352,200
42,1353,200
42,1354,200
42,1355,200
42,1356,200
42,1357,200
42,1358,200
42,1359,200
42,1360,200
42,1361,200
42,1362,200
42,1363,200
42,1364,200
42,1365,200
42,1366,15
42,1367,200
42,1368,200
42,1369,200
42,1370,200
42,1371,200
42,1372,200
42,1373,16
42,1374,14
42,1375,200
42,1376,200
42,1377,200
42,1378,200
42,1379,200
42,1380,200
42,1381,200
42,1382,200
42,1383,200
42,1384,200
42,1385,200
42,1386,200
42,1387,200
42,1388,200
42,1389,11
42,1390,200
42,1391,200
42,1392,9
42,1393,200
42,1394,200
42,1395,200
42,1396,200
42,1397,10
42,1398,200
42,1399,200
42,1400,200
42,1401,200
42,1402,200
42,1403,200
42,1404,200
42,1405,200
42,1406,200
42,1407,200
42,1408,200
42,1409,200
42,1410,200
42,1411,200
42,1412,200
42,1413,200
42,1414,200
42,1415,200
42,1416,200
42,1417,200
42,1418,200
42,1419,200
42,1420,200
42,1421,200
42,1422,200
42,1423,200
42,1424,200
42,1425,200
42,1426,200
42,1427,200
42,1428,200
42,1429,200
42,1430,200
42,1431,200
42,1432,200
42,1433,200
42,1434,200
42,1435,200
42,1436,200
42,1437,200
42,1438,200
42,1439,200
42,1440,200
42,1441,200
42,1442,200
42,1443,200
42,1444,200
42,1445,200
42,1446,200
42,1447,200
42,1448,200
42,1449,200
42,1450,200
42,1451,200
42,1452,200
42,1453,200
42,1454,200
42,1455,200
42,1456,200
42,1457,200
42,1458,200
42,1459,200
42,1460,200
42,1461,200
42,1462,200
42,1463,200
42,1464,200
42,1465,200
42,1466,200
42,1467,200
42,1468,200
42,1469,200
42,1470,200
42,1471,200
42,1472,200
42,1473,200
42,1474,200
42,1475,200
42,1476,200
42,1477,200
42,1478,200
42,1479,200
42,1480,200
42,1481,200
42,1482,200
42,1483,200
42,1484,200
42,1485,200
42,1486,200
42,1487,200
42,1488,200
42,1489,200
42,1490,200
42,1491,200
42,1492,200
42,1493,200
42,1494,200
42,1495,200
42,1496,200
42,1497,200
42,1498,200
42,1499,200
42,1500,200
42,1501,200
42,1502,200
42,1503,200
42,1504,200
42,1505,200
42,1506,200
42,1507,200
42,1508,200
42,1509,200
42,1510,200
42,1511,200
42,1512,200
42,1513,200
42,1514,200
42,1515,200
42,1516,200
42,1517,200
42,1518,200
42,1519,200
42,1520,200
42,1521,200
42,1522,200
42,1523,200
42,1524,200
42,1525,200
42,1526,200
42,1527,200
42,1528,200
42,1529,200
42,1530,200
42,1531,200
42,1532,200
42,1533,200
42,1534,200
42,1535,200
42,1536,200
42,1537,200
42,1538,200
42,1539,200
42,1540,200
42,1541,200
42,1542,200
42,1543,200
42,1544,200
42,1545,200
42,1546,200
42,1547,200
42,1548,200
42,1549,200
42,1550,200
42,1551,200
42,1552,200
42,1553,200
42,1554,200
42,1555,200
42,1556,200
42,1557,200
42,1558,200
42,1559,200
42,1560,200
42,1561,200
42,1562,200
42,1563,200
42,1564,200
42,1565,200
42,1566,200
42,1567,200
42,1568,200
42,1569,200
42,1570,200
42,1571,200
42,1572,200
42,1573,200
42,1574,200
42,1575,200
42,1576,200
42,1577,200
42,1578,200
42,1579,200
42,1580,200
42,1581,200
42,1582,200
42,1583,200
42,1584,200
42,1585,200
42,1586,200
42,1587,200
42,1588,200
42,1589,200
42,1590,200
42,1591,200
42,1592,200
42,1593,200
42,1594,200
42,1595,200
42,1596,200
42,1597,200
42,1598,200
42,1599,200
42,1600,200
42,1601,200
42,1602,200
42,1603,200
42,1604,200
42,1605,200
42,1606,200
42,1607,200
42,1608,70
42,1609,200
42,1610,200
42,1611,200
42,1612,200
42,1613,200
42,1614,200
42,1615,200
42,1616,200
42,1617,200
42,1618,200
42,1619,200
42,1620,200
42,1621,200
42,1622,200
42,1623,200
42,1624,200
42,1625,200
42,1626,200
42,1627,200
42,1628,200
42,1629,200
42,1630,200
42,1631,200
42,1632,200
42,1633,200
42,1634,200
42,1635,200
42,1636,200
42,1637,200
42,1638,200
42,1639,200
42,1640,200
42,1641,200
42,1642,200
42,1643,200
42,1644,200
42,1645,200
42,1646,200
42,1647,200
42,1648,200
42,1649,200
42,1650,200
42,1651,200
42,1652,200
42,1653,200
42,1654,200
42,1655,200
42,1656,179
42,1657,200
42,1658,200
42,1659,200
42,1660,200
42,1661,200
42,1662,200
42,1663,200
42,1664,200
42,1665,200
42,1666,200
42,1667,200
42,1668,200
42,1669,200
42,1670,200
42,1671,200
42,1672,200
42,1673,200
42,1674,200
42,1675,200
42,1676,200
42,1677,200
42,1678,200
42,1679,200
42,1680,200
42,1681,200
42,1682,200
42,1683,200
42,1684,200
42,1685,200
42,1686,200
42,1687,200
42,1688,200
42,1689,200
42,1690,200
42,1691,200
42,1692,200
42,1693,200
42,1694,55
42,1695,200
42,1696,200
42,1697,200
42,1698,200
42,1699,200
42,1700,200
42,1701,200
42,1702,200
42,1703,200
42,1704,200
42,1705,200
42,1706,200
42,1707,200
42,1708,200
42,1709,200
42,1710,200
42,1711,200
42,1712,200
42,1713,200
42,1714,200
42,1715,200
42,1716,200
42,1717,200
42,1718,200
42,1719,200
42,1720,200
42,1721,200
42,1722,200
42,1723,200
42,1724,200
42,1725,200
42,1726,200
42,1727,200
42,1728,200
42,1729,200
42,1730,200
42,1731,200
42,1732,200
42,1733,200
42,1734,200
42,1735,200
42,1736,200
42,1737,200
42,1738,200
42,1739,200
42,1740,200
42,1741,200
42,1742,200
42,1743,200
42,1744,200
42,1745,200
42,1746,200
42,1747,200
42,1748,200
42,1749,200
42,1750,200
42,1751,200
42,1752,200
42,1753,200
42,1754,200
42,1755,200
42,1756,200
42,1757,200
42,1758,200
42,1759,200
42,1760,200
42,1761,200
42,1762,200
42,1763,200
42,1764,200
42,1765,200
42,1766,200
42,1767,200
42,1768,200
42,1769,200
42,1770,200
42,1771,200
42,1772,200
42,1773,200
42,1774,200
42,1775,200
42,1776,200
42,1777,200
42,1778,200
42,1779,200
42,1780,200
42,1781,200
42,1782,200
42,1783,200
42,1784,200
42,1785,200
42,1786,200
42,1787,200
42,1788,200
42,1789,200
42,1790,200
42,1791,200
42,1792,200
42,1793,200
42,1794,200
42,1795,200
42,1796,200
42,1797,200
42,1798,200
42,1799,200
42,1800,200
42,1801,200
42,1802,200
42,1803,200
42,1804,200
42,1805,200
42,1806,200
42,1807,200
42,1808,200
42,1809,200
42,1810,200
42,1811,200
42,1812,200
42,1813,200
42,1814,200
42,1815,200
42,1816,200
42,1817,200
42,1818,200
42,1819,200
42,1820,200
42,1821,200
42,1822,200
42,1823,200
42,1824,200
42,1825,200
42,1826,200
42,1827,200
42,1828,200
42,1829,200
42,1830,200
42,1831,200
42,1832,200
42,1833,200
42,1834,200
42,1835,200
42,1836,200
42,1837,200
42,1838,200
42,1839,200
42,1840,200
42,1841,200
42,1842,200
42,1843,200
42,1844,200
42,1845,200
42,1846,200
42,1847,200
42,1848,200
42,1849,200
42,1850,200
42,1851,200
42,1852,200
42,1853,200
42,1854,200
42,1855,200
42,1856,200
42,1857,200
42,1858,200
42,1859,200
42,1860,200
42,1861,200
42,1862,200
42,1863,200
42,1864,200
42,1865,200
42,1866,200
42,1867,200
42,1868,200
42,1869,200
42,1870,200
42,1871,200
42,1872,200
42,1873,200
42,1874,200
42,1875,200
42,1876,200
42,1877,200
42,1878,200
42,1879,200
42,1880,200
42,1881,200
42,1882,200
42,1883,200
42,1884,200
42,1885,200
42,1886,200
42,1887,200
42,1888,200
42,1889,200
42,1890,200
42,1891,200
42,1892,200
42,1893,200
42,1894,200
42,1895,200
42,1896,200
42,1897,200
42,1898,200
42,1899,200
42,1900,200
42,1901,200
42,1902,200
42,1903,200
42,1904,200
42,1905,200
42,1906,200
42,1907,200
42,1908,200
42,1909,200
42,1910,200
42,1911,200
42,1912,200
42,1913,200
42,1914,200
42,1915,200
42,1916,200
42,1917,200
42,1918,200
42,1919,200
42,1920,200
42,1921,200
42,1922,200
42,1923,200
42,1924,200
42,1925,200
42,1926,200
42,1927,200
42,1928,200
42,1929,200
42,1930,200
42,1931,200
42,1932,200
42,1933,200
42,1934,200
42,1935,200
42,1936,200
42,1937,200
42,1938,200
42,1939,200
42,1940,200
42,1941,49
42,1942,200
42,1943,200
42,1944,200
42,1945,200
42,1946,200
42,1947,200
42,1948,200
42,1949,200
42,1950,200
42,1951,200
42,1952,200
42,1953,200
42,1954,200
42,1955,200
42,1956,200
42,1957,200
42,1958,200
42,1959,200
42,1960,200
42,1961,200
42,1962,200
42,1963,200
42,1964,200
42,1965,200
42,1966,200
42,1967,200
42,1968,200
42,1969,200
42,1970,200
42,1971,200
42,1972,200
42,1973,200
42,1974,200
42,1975,200
42,1976,200
42,1977,200
42,1978,200
42,1979,133
42,1980,200
42,1981,65
42,1982,200
42,1983,200
42,1984,200
42,1985,200
42,1986,200
42,1987,200
42,1988,200
42,1989,200
42,1990,200
42,1991,200
42,1992,200
42,1993,200
42,1994,200
42,1995,200
42,1996,200
42,1997,200
42,1998,200
42,1999,200
42,2000,200
42,2001,200
42,2002,200
42,2003,200
42,2004,66
42,2005,200
42,2006,200
42,2007,200
42,2008,200
42,2009,200
42,2010,200
42,2011,200
42,2012,200
42,2013,200
42,2014,200
42,2015,200
42,2016,200
42,2017,200
42,2018,200
42,2019,200
42,2020,200
42,2021,200
42,2022,200
42,2023,200
42,2024,200
42,2025,200
42,2026,200
42,2027,200
42,2028,200
42,2029,200
42,2030,200
42,2031,200
42,2032,200
42,2033,200
42,2034,200
42,2035,200
42,2036,200
42,2037,200
42,2038,200
42,2039,200
42,2040,200
42,2041,200
42,2042,200
42,2043,200
42,2044,200
42,2045,200
42,2046,200
42,2047,200
42,2048,200
42,2049,200
42,2050,200
42,2051,200
42,2052,200
42,2053,200
42,2054,200
42,2055,200
42,2056,200
42,2057,200
42,2058,200
42,2059,200
42,2060,200
42,2061,200
42,2062,200
42,2063,200
42,2064,200
42,2065,200
42,2066,200
42,2067,200
42,2068,200
42,2069,200
42,2070,200
42,2071,200
42,2072,200
42,2073,200
42,2074,200
42,2075,200
42,2076,200
42,2077,200
42,2078,200
42,2079,200
42,2080,200
42,2081,200
42,2082,200
42,2083,200
42,2084,200
42,2085,200
42,2086,200
42,2087,200
42,2088,200
42,2089,200
42,2090,200
42,2091,200
42,2092,200
42,2093,200
42,2094,114
42,2095,200
42,2096,200
42,2097,200
42,2098,200
42,2099,200
42,2100,200
42,2101,149
42,2102,200
42,2103,200
42,2104,200
42,2105,200
42,2106,200
42,2107,200
42,2108,200
42,2109,200
42,2110,200
42,2111,200
42,2112,200
42,2113,200
42,2114,200
42,2115,200
42,2116,200
42,2117,200
42,2118,200
42,2119,200
42,2120,200
42,2121,200
42,2122,200
42,2123,200
42,2124,200
42,2125,200
42,2126,200
42,2127,200
42,2128,200
42,2129,200
42,2130,200
42,2131,200
42,2132,200
42,2133,200
42,2134,200
42,2135,200
42,2136,200
42,2137,200
42,2138,200
42,2139,200
42,2140,200
42,2141,200
42,2142,200
42,2143,200
42,2144,200
42,2145,200
42,2146,200
42,2147,200
42,2148,200
42,2149,200
42,2150,200
42,2151,200
42,2152,200
42,2153,200
42,2154,200
42,2155,200
42,2156,200
42,2157,200
42,2158,200
42,2159,200
42,2160,200
42,2161,200
42,2162,200
42,2163,200
42,2164,200
42,2165,200
42,2166,200
42,2167,200
42,2168,200
42,2169,200
42,2170,200
42,2171,200
42,2172,200
42,2173,200
42,2174,200
42,2175,200
42,2176,200
42,2177,200
42,2178,200
42,2179,200
42,2180,200
42,2181,200
42,2182,200
42,2183,200
42,2184,200
42,2185,200
42,2186,200
42,2187,200
42,2188,200
42,2189,200
42,2190,200
42,2191,200
42,2192,200
42,2193,200
42,2194,200
42,2195,200
42,2196,200
42,2197,200
42,2198,200
42,2199,200
42,2200,200
42,2201,200
42,2202,200
42,2203,200
42,2204,200
42,2205,200
42,2206,200
42,2207,200
42,2208,200
42,2209,200
42,2210,200
42,2211,200
42,2212,200
42,2213,200
42,2214,200
42,2215,200
42,2216,200
42,2217,200
42,2218,200
42,2219,200
42,2220,200
42,2221,200
42,2222,200
42,2223,200
42,2224,200
42,2225,200
42,2226,200
42,2227,200
42,2228,200
42,2229,200
42,2230,200
42,2231,200
42,2232,200
42,2233,200
42,2234,200
42,2235,200
42,2236,200
42,2237,200
42,2238,200
42,2239,200
42,2240,200
42,2241,200
42,2242,200
42,2243,200
42,2244,200
42,2245,200
42,2246,200
42,2247,200
42,2248,200
42,2249,200
42,2250,200
42,2251,200
42,2252,200
42,2253,200
42,2254,200
42,2255,200
42,2256,200
42,2257,200
42,2258,200
42,2259,200
42,2260,200
42,2261,200
42,2262,200
42,2263,200
42,2264,200
42,2265,200
42,2266,200
42,2267,200
42,2268,200
42,2269,200
42,2270,200
42,2271,200
42,2272,200
42,2273,200
42,2274,200
42,2275,200
42,2276,200
42,2277,200
42,2278,200
42,2279,200
42,2280,200
42,2281,200
42,2282,200
42,2283,200
42,2284,200
42,2285,200
42,2286,200
42,2287,200
42,2288,200
42,2289,200
42,2290,200
42,2291,200
42,2292,200
42,2293,200
42,2294,200
42,2295,200
42,2296,200
42,2297,200
42,2298,200
42,2299,200
42,2300,200
42,2301,200
42,2302,200
42,2303,200
42,2304,200
42,2305,200
42,2306,200
42,2307,200
42,2308,200
42,2309,200
42,2310,200
42,2311,200
42,2312,200
42,2313,200
42,2314,200
42,2315,200
42,2316,200
42,2317,200
42,2318,200
42,2319,200
42,2320,200
42,2321,200
42,2322,200
42,2323,200
42,2324,200
42,2325,200
42,2326,200
42,2327,200
42,2328,200
42,2329,200
42,2330,200
42,2331,200
42,2332,200
42,2333,200
42,2334,200
42,2335,200
42,2336,200
42,2337,200
42,2338,200
42,2339,200
42,2340,200
42,2341,200
42,2342,200
42,2343,200
42,2344,200
42,2345,200
42,2346,200
42,2347,200
42,2348,200
42,2349,200
42,2350,200
42,2351,200
42,2352,200
42,2353,200
42,2354,200
42,2355,200
42,2356,200
42,2357,200
42,2358,200
42,2359,200
42,2360,200
42,2361,200
42,2362,200
42,2363,200
42,2364,200
42,2365,200
42,2366,200
42,2367,200
42,2368,138
42,2369,200
42,2370,200
42,2371,200
42,2372,200
42,2373,200
42,2374,200
42,2375,200
42,2376,200
42,2377,200
42,2378,200
42,2379,200
42,2380,200
42,2381,200
42,2382,200
42,2383,200
42,2384,200
42,2385,200
42,2386,200
42,2387,200
42,2388,200
42,2389,200
42,2390,200
42,2391,200
42,2392,200
42,2393,200
42,2394,200
42,2395,200
42,2396,200
42,2397,200
42,2398,200
42,2399,200
42,2400,200
42,2401,200
42,2402,200
42,2403,200
42,2404,200
42,2405,200
42,2406,200
42,2407,200
42,2408,200
42,2409,200
42,2410,200
42,2411,200
42,2412,200
42,2413,200
42,2414,200
42,2415,200
42,2416,200
42,2417,200
42,2418,200
42,2419,200
42,2420,200
42,2421,200
42,2422,200
42,2423,200
42,2424,200
42,2425,200
42,2426,200
42,2427,200
42,2428,200
42,2429,200
42,2430,200
42,2431,200
42,2432,200
42,2433,200
42,2434,200
42,2435,200
42,2436,200
42,2437,200
42,2438,200
42,2439,200
42,2440,200
42,2441,200
42,2442,200
42,2443,200
42,2444,200
42,2445,200
42,2446,200
42,2447,200
42,2448,200
42,2449,200
42,2450,200
42,2451,200
42,2452,200
42,2453,200
42,2454,200
42,2455,200
42,2456,200
42,2457,200
42,2458,200
42,2459,200
42,2460,200
42,2461,200
42,2462,200
42,2463,200
42,2464,200
42,2465,200
42,2466,200
42,2467,200
42,2468,200
42,2469,200
42,2470,200
42,2471,200
42,2472,200
42,2473,200
42,2474,200
42,2475,200
42,2476,200
42,2477,200
42,2478,200
42,2479,200
42,2480,200
42,2481,200
42,2482,200
42,2483,200
42,2484,200
42,2485,63
42,2486,200
42,2487,200
42,2488,200
42,2489,200
42,2490,200
42,2491,200
42,2492,200
42,2493,200
42,2494,200
42,2495,200
42,2496,200
42,2497,200
42,2498,200
42,2499,200
42,2500,200
42,2501,200
42,2502,200
42,2503,200
42,2504,200
42,2505,200
42,2506,200
42,2507,200
42,2508,200
42,2509,200
42,2510,200
42,2511,200
42,2512,200
42,2513,200
42,2514,200
42,2515,87
42,2516,200
42,2517,200
42,2518,200
42,2519,200
42,2520,200
42,2521,200
42,2522,200
42,2523,200
42,2524,200
42,2525,200
42,2526,200
42,2527,200
42,2528,200
42,2529,200
42,2530,200
42,2531,200
42,2532,200
42,2533,200
42,2534,200
42,2535,200
42,2536,200
42,2537,200
42,2538,200
42,2539,200
42,2540,200
42,2541,200
42,2542,200
42,2543,200
42,2544,200
42,2545,200
42,2546,200
42,2547,200
42,2548,143
42,2549,200
42,2550,200
42,2551,200
42,2552,200
42,2553,200
42,2554,200
42,2555,200
42,2556,200
42,2557,200
42,2558,200
42,2559,200
42,2560,200
42,2561,200
42,2562,200
42,2563,200
42,2564,200
42,2565,200
42,2566,200
42,2567,200
42,2568,200
42,2569,200
42,2570,200
42,2571,200
42,2572,200
42,2573,200
42,2574,200
42,2575,200
42,2576,200
42,2577,200
42,2578,200
42,2579,200
42,2580,200
42,2581,200
42,2582,200
42,2583,200
42,2584,200
42,2585,200
42,2586,200
42,2587,200
42,2588,200
42,2589,200
42,2590,200
42,2591,200
42,2592,200
42,2593,200
42,2594,200
42,2595,200
42,2596,200
42,2597,200
42,2598,200
42,2599,200
42,2600,200
42,2601,200
42,2602,200
42,2603,200
42,2604,200
42,2605,200
42,2606,200
42,2607,200
42,2608,200
42,2609,200
42,2610,200
42,2611,200
42,2612,200
42,2613,200
42,2614,200
42,2615,200
42,2616,200
42,2617,200
42,2618,200
42,2619,200
42,2620,200
42,2621,200
42,2622,200
42,2623,200
42,2624,200
42,2625,200
42,2626,200
42,2627,26
42,2628,200
42,2629,200
42,2630,200
42,2631,200
42,2632,200
42,2633,200
42,2634,200
42,2635,200
42,2636,200
42,2637,200
42,2638,200
42,2639,200
42,2640,200
42,2641,200
42,2642,200
42,2643,200
42,2644,200
42,2645,200
42,2646,200
42,2647,200
42,2648,200
42,2649,200
42,2650,200
42,2651,200
42,2652,200
42,2653,200
42,2654,200
42,2655,200
42,2656,200
42,2657,200
42,2658,200
42,2659,200
42,2660,200
42,2661,200
42,2662,200
42,2663,200
42,2664,200
42,2665,200
42,2666,200
42,2667,200
42,2668,200
42,2669,200
42,2670,200
42,2671,200
42,2672,200
42,2673,200
42,2674,200
42,2675,200
42,2676,200
42,2677,200
42,2678,200
42,2679,200
42,2680,200
42,2681,200
42,2682,200
42,2683,200
42,2684,200
42,2685,200
42,2686,200
42,2687,200
42,2688,200
42,2689,200
42,2690,200
42,2691,200
42,2692,200
42,2693,200
42,2694,200
42,2695,200
42,2696,200
42,2697,200
42,2698,200
42,2699,200
42,2700,200
42,2701,200
42,2702,200
42,2703,200
42,2704,200
42,2705,200
42,2706,200
42,2707,200
42,2708,200
42,2709,200
42,2710,200
42,2711,200
42,2712,200
42,2713,200
42,2714,200
42,2715,200
42,2716,200
42,2717,200
42,2718,200
42,2719,200
42,2720,200
42,2721,200
42,2722,200
42,2723,200
42,2724,200
42,2725,200
42,2726,200
42,2727,200
42,2728,200
42,2729,200
42,2730,200
42,2731,200
42,2732,200
42,2733,200
42,2734,200
42,2735,200
42,2736,200
42,2737,200
42,2738,200
42,2739,200
42,2740,200
42,2741,200
42,2742,200
42,2743,200
42,2744,200
42,2745,200
42,2746,200
42,2747,200
42,2748,200
42,2749,200
42,2750,200
42,2751,200
42,2752,200
42,2753,200
42,2754,200
42,2755,200
42,2756,200
42,2757,200
42,2758,200
42,2759,200
42,2760,200
42,2761,200
42,2762,200
42,2763,200
42,2764,200
42,2765,200
42,2766,200
42,2767,200
42,2768,200
42,2769,200
42,2770,200
42,2771,200
42,2772,200
42,2773,200
42,2774,200
42,2775,200
42,2776,200
42,2777,200
42,2778,200
42,2779,200
42,2780,200
42,2781,200
42,2782,200
42,2783,200
42,2784,200
42,2785,200
42,2786,200
42,2787,200
42,2788,200
42,2789,200
42,2790,200
42,2791,200
42,2792,200
42,2793,200
42,2794,200
42,2795,200
42,2796,200
42,2797,200
42,2798,200
42,2799,200
42,2800,200
42,2801,125
42,2802,200
42,2803,200
42,2804,200
42,2805,200
42,2806,200
42,2807,200
42,2808,200
42,2809,200
42,2810,200
42,2811,200
42,2812,200
42,2813,200
42,2814,200
42,2815,200
42,2816,200
42,2817,200
42,2818,200
42,2819,200
42,2820,200
42,2821,200
42,2822,200
42,2823,200
42,2824,200
42,2825,200
42,2826,200
42,2827,200
42,2828,200
42,2829,200
42,2830,200
42,2831,200
42,2832,200
42,2833,36
42,2834,200
42,2835,200
42,2836,200
42,2837,200
42,2838,200
42,2839,200
42,2840,200
42,2841,200
42,2842,200
42,2843,200
42,2844,200
42,2845,200
42,2846,200
42,2847,200
42,2848,200
42,2849,200
42,2850,200
42,2851,200
42,2852,200
42,2853,200
42,2854,200
42,2855,200
42,2856,200
42,2857,200
42,2858,200
42,2859,200
42,2860,200
42,2861,200
42,2862,200
42,2863,200
42,2864,200
42,2865,200
42,2866,200
42,2867,200
42,2868,200
42,2869,200
42,2870,200
42,2871,200
42,2872,200
42,2873,200
42,2874,200
42,2875,200
42,2876,200
42,2877,200
42,2878,200
42,2879,200
42,2880,200
42,2881,200
42,2882,200
42,2883,200
42,2884,200
42,2885,200
42,2886,200
42,2887,200
42,2888,200
42,2889,200
42,2890,200
42,2891,200
42,2892,200
42,2893,200
42,2894,200
42,2895,200
42,2896,200
42,2897,200
42,2898,200
42,2899,200
42,2900,200
42,2901,200
42,2902,200
42,2903,200
42,2904,200
42,2905,200
42,2906,200
42,2907,200
42,2908,200
42,2909,200
42,2910,200
42,2911,200
42,2912,200
42,2913,200
42,2914,200
42,2915,200
42,2916,200
42,2917,200
42,2918,200
42,2919,200
42,2920,200
42,2921,200
42,2922,200
42,2923,200
42,2924,200
42,2925,200
42,2926,200
42,2927,200
42,2928,200
42,2929,200
42,2930,200
42,2931,200
42,2932,200
42,2933,200
42,2934,200
42,2935,200
42,2936,200
42,2937,200
42,2938,200
42,2939,200
42,2940,200
42,2941,200
42,2942,200
42,2943,200
42,2944,24
42,2945,200
42,2946,113
42,2947,200
42,2948,200
42,2949,200
42,2950,200
42,2951,200
42,2952,200
42,2953,46
42,2954,107
42,2955,200
42,2956,200
42,2957,200
42,2958,200
42,2959,200
42,2960,200
42,2961,200
42,2962,200
42,2963,200
42,2964,200
42,2965,200
42,2966,200
42,2967,200
42,2968,200
42,2969,200
42,2970,200
42,2971,200
42,2972,200
42,2973,200
42,2974,200
42,2975,200
42,2976,200
42,2977,200
42,2978,200
42,2979,200
42,2980,200
42,2981,200
42,2982,200
42,2983,200
42,2984,200
42,2985,200
42,2986,200
42,2987,200
42,2988,200
42,2989,200
42,2990,200
42,2991,200
42,2992,200
42,2993,200
42,2994,200
42,2995,200
42,2996,200
42,2997,200
42,2998,200
42,2999,200
123,0,200
123,1,200
123,2,200
123,3,22
123,4,200
123,5,200
123,6,200
123,7,200
123,8,19
123,9,200
123,10,200
123,11,200
123,12,200
123,13,200
123,14,33
123,15,200
123,16,18
123,17,200
123,18,200
123,19,15
123,20,200
123,21,200
123,22,200
123,23,200
123,24,200
123,25,200
123,26,200
123,27,184
123,28,200
123,29,19
123,30,200
123,31,200
123,32,200
123,33,8
123,34,12
123,35,200
123,36,200
123,37,53
123,38,200
123,39,200
123,40,10
123,41,200
123,42,11
123,43,200
123,44,28
123,45,200
123,46,21
123,47,200
123,48,15
123,49,200
123,50,200
123,51,200
123,52,200
123,53,200
123,54,200
123,55,200
123,56,200
123,57,200
123,58,200
123,59,43
123,60,200
123,61,20
123,62,20
123,63,200
123,64,200
123,65,200
123,66,200
123,67,200
123,68,200
123,69,13
123,70,200
123,71,200
123,72,137
123,73,200
123,74,200
123,75,200
123,76,22
123,77,200
123,78,200
123,79,200
123,80,33
123,81,200
123,82,200
123,83,12
123,84,22
123,85,7
123,86,19
123,87,200
123,88,200
123,89,200
123,90,200
123,91,200
123,92,200
123,93,200
123,94,17
123,95,38
123,96,200
123,97,200
123,98,200
123,99,8
123,100,200
123,101,19
123,102,200
123,103,200
123,104,11
123,105,12
123,106,200
123,107,200
123,108,200
123,109,10
123,110,200
123,111,200
123,112,14
123,113,200
123,114,200
123,115,200
123,116,200
123,117,15
123,118,9
123,119,52
123,120,200
123,121,200
123,122,200
123,123,200
123,124,200
123,125,81
123,126,200
123,127,7
123,128,200
123,129,200
123,130,200
123,131,9
123,132,200
123,133,26
123,134,200
123,135,200
123,136,200
123,137,200
123,138,103
123,139,200
123,140,10
123,141,8
123,142,13
123,143,7
123,144,11
123,145,200
123,146,200
123,147,200
123,148,31
123,149,40
123,150,200
123,151,200
123,152,30
123,153,7
123,154,11
123,155,14
123,156,200
123,157,200
123,158,10
123,159,200
123,160,200
123,161,200
123,162,200
123,163,200
123,164,200
123,165,200
123,166,200
123,167,200
123,168,200
123,169,200
123,170,200
123,171,28
123,172,13
123,173,15
123,174,17
123,175,200
123,176,200
123,177,200
123,178,200
123,179,80
123,180,200
123,181,200
123,182,19
123,183,17
123,184,200
123,185,12
123,186,13
123,187,200
123,188,200
123,189,200
123,190,200
123,191,200
123,192,200
123,193,8
123,194,200
123,195,200
123,196,200
123,197,200
123,198,14
123,199,200
123,200,200
123,201,8
123,202,200
123,203,200
123,204,200
123,205,79
123,206,200
123,207,100
123,208,13
123,209,200
123,210,200
123,211,9
123,212,20
123,213,200
123,214,200
123,215,200
123,216,200
123,217,200
123,218,200
123,219,200
123,220,200
123,221,14
123,222,200
123,223,200
123,224,200
123,225,200
123,226,200
123,227,15
123,228,10
123,229,200
123,230,200
123,231,18
123,232,28
123,233,200
123,234,200
123,235,200
123,236,11
123,237,24
123,238,16
123,239,13
123,240,200
123,241,200
123,242,200
123,243,15
123,244,200
123,245,16
123,246,200
123,247,200
123,248,18
123,249,18
123,250,16
123,251,200
123,252,200
123,253,11
123,254,11
123,255,18
123,256,14
123,257,17
123,258,200
123,259,28
123,260,200
123,261,200
123,262,200
123,263,109
123,264,10
123,265,200
123,266,200
123,267,16
123,268,7
123,269,200
123,270,13
123,271,11
123,272,200
123,273,13
123,274,200
123,275,10
123,276,152
123,277,200
123,278,200
123,279,62
123,280,7
123,281,13
123,282,25
123,283,14
123,284,200
123,285,200
123,286,200
123,287,25
123,288,200
123,289,15
123,290,8
123,291,9
123,292,200
123,293,200
123,294,200
123,295,200
123,296,200
123,297,12
123,298,18
123,299,22
123,300,200
123,301,200
123,302,200
123,303,13
123,304,200
123,305,200
123,306,200
123,307,200
123,308,14
123,309,13
123,310,68
123,311,200
123,312,27
123,313,200
123,314,200
123,315,16
123,316,200
123,317,200
123,318,7
123,319,200
123,320,200
123,321,200
123,322,27
123,323,200
123,324,200
123,325,200
123,326,200
123,327,200
123,328,200
123,329,200
123,330,200
123,331,200
123,332,173
123,333,200
123,334,15
123,335,200
123,336,200
123,337,24
123,338,68
123,339,200
123,340,200
123,341,200
123,342,200
123,343,14
123,344,44
123,345,9
123,346,200
123,347,9
123,348,200
123,349,11
123,350,200
123,351,200
123,352,14
123,353,200
123,354,200
123,355,200
123,356,15
123,357,12
123,358,200
123,359,34
123,360,200
123,361,200
123,362,11
123,363,200
123,364,200
123,365,200
123,366,200
123,367,200
123,368,39
123,369,200
123,370,200
123,371,200
123,372,200
123,373,17
123,374,200
123,375,11
123,376,18
123,377,111
123,378,10
123,379,8
123,380,200
123,381,200
123,382,200
123,383,13
123,384,19
123,385,15
123,386,8
123,387,200
123,388,200
123,389,9
123,390,13
123,391,200
123,392,13
123,393,200
123,394,21
123,395,200
123,396,200
123,397,12
123,398,200
123,399,200
123,400,200
123,401,12
123,402,14
123,403,13
123,404,200
123,405,200
123,406,200
123,407,200
123,408,19
123,409,21
123,410,19
123,411,12
123,412,200
123,413,7
123,414,200
123,415,11
123,416,16
123,417,14
123,418,200
123,419,11
123,420,200
123,421,200
123,422,200
123,423,17
123,424,14
123,425,200
123,426,18
123,427,200
123,428,26
123,429,200
123,430,59
123,431,200
123,432,200
123,433,200
123,434,20
123,435,200
123,436,200
123,437,13
123,438,13
123,439,25
123,440,15
123,441,12
123,442,11
123,443,200
123,444,200
123,445,200
123,446,200
123,447,200
123,448,158
123,449,10
123,450,200
123,451,200
123,452,14
123,453,200
123,454,200
123,455,16
123,456,200
123,457,7
123,458,200
123,459,200
123,460,200
123,461,200
123,462,200
123,463,8
123,464,11
123,465,200
123,466,200
123,467,13
123,468,11
123,469,99
123,470,200
123,471,200
123,472,200
123,473,200
123,474,16
123,475,16
123,476,200
123,477,71
123,478,200
123,479,200
123,480,200
123,481,200
123,482,200
123,483,200
123,484,11
123,485,10
123,486,200
123,487,200
123,488,11
123,489,200
123,490,200
123,491,200
123,492,200
123,493,200
123,494,200
123,495,200
123,496,17
123,497,200
123,498,200
123,499,200
123,500,7
123,501,200
123,502,200
123,503,200
123,504,200
123,505,200
123,506,200
123,507,14
123,508,200
123,509,200
123,510,13
123,511,200
123,512,14
123,513,55
123,514,200
123,515,200
123,516,200
123,517,99
123,518,200
123,519,9
123,520,13
123,521,200
123,522,200
123,523,200
123,524,134
123,525,200
123,526,13
123,527,200
123,528,12
123,529,15
123,530,133
123,531,12
123,532,87
123,533,200
123,534,27
123,535,8
123,536,200
123,537,200
123,538,14
123,539,200
123,540,200
123,541,8
123,542,183
123,543,17
123,544,200
123,545,14
123,546,200
123,547,200
123,548,180
123,549,79
123,550,9
123,551,200
123,552,200
123,553,200
123,554,200
123,555,200
123,556,200
123,557,200
123,558,11
123,559,10
123,560,14
123,561,7
123,562,200
123,563,14
123,564,13
123,565,200
123,566,200
123,567,16
123,568,16
123,569,200
123,570,18
123,571,200
123,572,200
123,573,200
123,574,200
123,575,200
123,576,200
123,577,13
123,578,200
123,579,200
123,580,12
123,581,16
123,582,200
123,583,17
123,584,200
123,585,200
123,586,200
123,587,200
123,588,200
123,589,200
123,590,200
123,591,200
123,592,200
123,593,200
123,594,200
123,595,200
123,596,200
123,597,18
123,598,200
123,599,200
123,600,11
123,601,200
123,602,200
123,603,200
123,604,200
123,605,200
123,606,13
123,607,200
123,608,9
123,609,12
123,610,200
123,611,200
123,612,200
123,613,200
123,614,81
123,615,13
123,616,200
123,617,200
123,618,101
123,619,181
123,620,200
123,621,200
123,622,200
123,623,114
123,624,10
123,625,200
123,626,200
123,627,200
123,628,200
123,629,200
123,630,16
123,631,200
123,632,200
123,633,200
123,634,16
123,635,200
123,636,13
123,637,200
123,638,11
123,639,16
123,640,200
123,641,16
123,642,200
123,643,200
123,644,54
123,645,200
123,646,200
123,647,104
123,648,200
123,649,16
123,650,15
123,651,12
123,652,14
123,653,12
123,654,200
123,655,200
123,656,200
123,657,200
123,658,46
123,659,63
123,660,200
123,661,200
123,662,12
123,663,200
123,664,200
123,665,200
123,666,200
123,667,14
123,668,200
123,669,200
123,670,10
123,671,200
123,672,200
123,673,10
123,674,9
123,675,200
123,676,200
123,677,13
123,678,200
123,679,200
123,680,200
123,681,14
123,682,20
123,683,14
123,684,13
123,685,200
123,686,13
123,687,200
123,688,45
123,689,15
123,690,200
123,691,200
123,692,200
123,693,200
123,694,200
123,695,100
123,696,200
123,697,19
123,698,17
123,699,200
123,700,156
123,701,12
123,702,200
123,703,200
123,704,15
123,705,86
123,706,12
123,707,10
123,708,8
123,709,200
123,710,200
123,711,200
123,712,200
123,713,114
123,714,15
123,715,16
123,716,200
123,717,17
123,718,11
123,719,200
123,720,158
123,721,200
123,722,200
123,723,200
123,724,200
123,725,200
123,726,15
123,727,200
123,728,16
123,729,200
123,730,18
123,731,112
123,732,200
123,733,10
123,734,200
123,735,50
123,736,200
123,737,12
123,738,200
123,739,200
123,740,17
123,741,200
123,742,14
123,743,200
123,744,183
123,745,200
123,746,200
123,747,200
123,748,18
123,749,200
123,750,14
123,751,200
123,752,14
123,753,107
123,754,200
123,755,15
123,756,200
123,757,123
123,758,200
123,759,200
123,760,200
123,761,200
123,762,200
123,763,200
123,764,200
123,765,200
123,766,12
123,767,87
123,768,200
123,769,10
123,770,200
123,771,200
123,772,200
123,773,200
123,774,200
123,775,15
123,776,200
123,777,6
123,778,200
123,779,200
123,780,50
123,781,200
123,782,30
123,783,15
123,784,200
123,785,16
123,786,200
123,787,200
123,788,200
123,789,200
123,790,200
123,791,17
123,792,158
123,793,200
123,794,20
123,795,12
123,796,200
123,797,200
123,798,200
123,799,15
123,800,200
123,801,20
123,802,14
123,803,200
123,804,200
123,805,200
123,806,200
123,807,200
123,808,99
123,809,200
123,810,200
123,811,169
123,812,200
123,813,200
123,814,195
123,815,200
123,816,200
123,817,11
123,818,11
123,819,188
123,820,200
123,821,200
123,822,200
123,823,200
123,824,8
123,825,200
123,826,10
123,827,200
123,828,10
123,829,136
123,830,200
123,831,14
123,832,7
123,833,200
123,834,200
123,835,200
123,836,200
123,837,200
123,838,200
123,839,200
123,840,200
123,841,9
123,842,27
123,843,200
123,844,200
123,845,10
123,846,51
123,847,200
123,848,14
123,849,27
123,850,8
123,851,121
123,852,200
123,853,12
123,854,200
123,855,9
123,856,200
123,857,114
123,858,200
123,859,200
123,860,200
123,861,200
123,862,155
123,863,131
123,864,200
123,865,11
123,866,200
123,867,172
123,868,13
123,869,200
123,870,200
123,871,200
123,872,200
123,873,200
123,874,200
123,875,12
123,876,12
123,877,200
123,878,200
123,879,14
123,880,200
123,881,200
123,882,200
123,883,9
123,884,200
123,885,200
123,886,200
123,887,200
123,888,11
123,889,200
123,890,200
123,891,200
123,892,200
123,893,114
123,894,147
123,895,200
123,896,15
123,897,15
123,898,80
123,899,200
123,900,9
123,901,200
123,902,40
123,903,200
123,904,200
123,905,113
123,906,200
123,907,200
123,908,200
123,909,200
123,910,200
123,911,200
123,912,200
123,913,24
123,914,200
123,915,25
123,916,200
123,917,200
123,918,200
123,919,200
123,920,200
123,921,146
123,922,200
123,923,200
123,924,200
123,925,139
123,926,15
123,927,13
123,928,200
123,929,200
123,930,11
123,931,200
123,932,200
123,933,200
123,934,200
123,935,7
123,936,157
123,937,200
123,938,200
123,939,200
123,940,200
123,941,17
123,942,130
123,943,29
123,944,200
123,945,64
123,946,200
123,947,200
123,948,200
123,949,200
123,950,16
123,951,200
123,952,200
123,953,200
123,954,200
123,955,200
123,956,200
123,957,200
123,958,9
123,959,200
123,960,8
123,961,200
123,962,200
123,963,200
123,964,10
123,965,200
123,966,9
123,967,200
123,968,200
123,969,200
123,970,200
123,971,200
123,972,200
123,973,200
123,974,200
123,975,200
123,976,14
123,977,200
123,978,200
123,979,200
123,980,200
123,981,200
123,982,200
123,983,200
123,984,200
123,985,200
123,986,200
123,987,200
123,988,14
123,989,200
123,990,200
123,991,200
123,992,200
123,993,200
123,994,200
123,995,8
123,996,200
123,997,200
123,998,13
123,999,200
123,1000,200
123,1001,200
123,1002,200
123,1003,200
123,1004,200
123,1005,200
123,1006,10
123,1007,200
123,1008,13
123,1009,200
123,1010,200
123,1011,200
123,1012,200
123,1013,20
123,1014,200
123,1015,200
123,1016,200
123,1017,200
123,1018,7
123,1019,200
123,1020,200
123,1021,200
123,1022,200
123,1023,78
123,1024,200
123,1025,200
123,1026,200
123,1027,200
123,1028,200
123,1029,200
123,1030,7
123,1031,13
123,1032,8
123,1033,200
123,1034,200
123,1035,200
123,1036,152
123,1037,200
123,1038,18
123,1039,200
123,1040,18
123,1041,200
123,1042,200
123,1043,200
123,1044,199
123,1045,200
123,1046,107
123,1047,200
123,1048,200
123,1049,200
123,1050,200
123,1051,200
123,1052,200
123,1053,11
123,1054,200
123,1055,200
123,1056,11
123,1057,10
123,1058,200
123,1059,200
123,1060,21
123,1061,14
123,1062,200
123,1063,200
123,1064,12
123,1065,200
123,1066,200
123,1067,200
123,1068,200
123,1069,200
123,1070,200
123,1071,13
123,1072,200
123,1073,14
123,1074,200
123,1075,200
123,1076,125
123,1077,11
123,1078,12
123,1079,7
123,1080,200
123,1081,12
123,1082,200
123,1083,200
123,1084,7
123,1085,200
123,1086,200
123,1087,14
123,1088,200
123,1089,11
123,1090,200
123,1091,200
123,1092,200
123,1093,12
123,1094,200
123,1095,200
123,1096,200
123,1097,200
123,1098,200
123,1099,200
123,1100,200
123,1101,200
123,1102,200
123,1103,200
123,1104,200
123,1105,83
123,1106,200
123,1107,155
123,1108,200
123,1109,200
123,1110,9
123,1111,11
123,1112,7
123,1113,200
123,1114,200
123,1115,46
123,1116,200
123,1117,16
123,1118,83
123,1119,200
123,1120,200
123,1121,18
123,1122,20
123,1123,200
123,1124,15
123,1125,200
123,1126,200
123,1127,200
123,1128,200
123,1129,200
123,1130,200
123,1131,200
123,1132,200
123,1133,200
123,1134,200
123,1135,200
123,1136,200
123,1137,200
123,1138,98
123,1139,200
123,1140,200
123,1141,14
123,1142,200
123,1143,200
123,1144,200
123,1145,58
123,1146,200
123,1147,200
123,1148,200
123,1149,200
123,1150,200
123,1151,105
123,1152,200
123,1153,10
123,1154,200
123,1155,73
123,1156,200
123,1157,200
123,1158,200
123,1159,13
123,1160,200
123,1161,200
123,1162,200
123,1163,200
123,1164,200
123,1165,200
123,1166,200
123,1167,200
123,1168,200
123,1169,200
123,1170,200
123,1171,200
123,1172,20
123,1173,200
123,1174,50
123,1175,200
123,1176,200
123,1177,200
123,1178,200
123,1179,200
123,1180,200
123,1181,200
123,1182,200
123,1183,193
123,1184,200
123,1185,200
123,1186,200
123,1187,200
123,1188,200
123,1189,200
123,1190,200
123,1191,200
123,1192,56
123,1193,200
123,1194,200
123,1195,200
123,1196,161
123,1197,200
123,1198,200
123,1199,200
123,1200,200
123,1201,200
123,1202,200
123,1203,200
123,1204,200
123,1205,200
123,1206,200
123,1207,200
123,1208,200
123,1209,200
123,1210,200
123,1211,200
123,1212,200
123,1213,200
123,1214,200
123,1215,200
123,1216,200
123,1217,12
123,1218,200
123,1219,200
123,1220,200
123,1221,13
123,1222,200
123,1223,85
123,1224,200
123,1225,200
123,1226,17
123,1227,200
123,1228,200
123,1229,200
123,1230,200
123,1231,200
123,1232,200
123,1233,200
123,1234,200
123,1235,200
123,1236,200
123,1237,200
123,1238,200
123,1239,200
123,1240,200
123,1241,200
123,1242,8
123,1243,200
123,1244,200
123,1245,46
123,1246,200
123,1247,200
123,1248,200
123,1249,200
123,1250,8
123,1251,200
123,1252,200
123,1253,200
123,1254,200
123,1255,200
123,1256,200
123,1257,200
123,1258,200
123,1259,57
123,1260,200
123,1261,9
123,1262,200
123,1263,200
123,1264,200
123,1265,200
123,1266,200
123,1267,59
123,1268,200
123,1269,200
123,1270,200
123,1271,200
123,1272,200
123,1273,200
123,1274,200
123,1275,200
123,1276,200
123,1277,200
123,1278,200
123,1279,200
123,1280,200
123,1281,200
123,1282,200
123,1283,17
123,1284,9
123,1285,200
123,1286,200
123,1287,200
123,1288,200
123,1289,200
123,1290,200
123,1291,200
123,1292,200
123,1293,200
123,1294,79
123,1295,200
123,1296,200
123,1297,13
123,1298,200
123,1299,200
123,1300,200
123,1301,200
123,1302,200
123,1303,200
123,1304,200
123,1305,200
123,1306,200
123,1307,200
123,1308,200
123,1309,200
123,1310,200
123,1311,107
123,1312,200
123,1313,200
123,1314,200
123,1315,16
123,1316,200
123,1317,185
123,1318,200
123,1319,200
123,1320,16
123,1321,200
123,1322,200
123,1323,200
123,1324,200
123,1325,200
123,1326,200
123,1327,200
123,1328,200
123,1329,200
123,1330,98
123,1331,200
123,1332,200
123,1333,200
123,1334,200
123,1335,200
123,1336,200
123,1337,200
123,1338,200
123,1339,200
123,1340,200
123,1341,59
123,1342,200
123,1343,19
123,1344,200
123,1345,200
123,1346,200
123,1347,200
123,1348,200
123,1349,15
123,1350,200
123,1351,200
123,1352,200
123,1353,200
123,1354,200
123,1355,15
123,1356,13
123,1357,200
123,1358,200
123,1359,200
123,1360,200
123,1361,200
123,1362,200
123,1363,200
123,1364,200
123,1365,200
123,1366,200
123,1367,14
123,1368,200
123,1369,13
123,1370,200
123,1371,77
123,1372,18
123,1373,200
123,1374,20
123,1375,100
123,1376,200
123,1377,15
123,1378,200
123,1379,51
123,1380,200
123,1381,200
123,1382,200
123,1383,200
123,1384,200
123,1385,200
123,1386,200
123,1387,200
123,1388,200
123,1389,200
123,1390,200
123,1391,141
123,1392,200
123,1393,8
123,1394,200
123,1395,200
123,1396,200
123,1397,200
123,1398,200
123,1399,200
123,1400,200
123,1401,200
123,1402,200
123,1403,200
123,1404,200
123,1405,200
123,1406,200
123,1407,200
123,1408,200
123,1409,200
123,1410,200
123,1411,200
123,1412,200
123,1413,200
123,1414,185
123,1415,200
123,1416,200
123,1417,200
123,1418,200
123,1419,200
123,1420,200
123,1421,200
123,1422,200
123,1423,200
123,1424,143
123,1425,8
123,1426,200
123,1427,200
123,1428,69
123,1429,200
123,1430,200
123,1431,200
123,1432,200
123,1433,200
123,1434,200
123,1435,200
123,1436,200
123,1437,200
123,1438,200
123,1439,200
123,1440,200
123,1441,200
123,1442,15
123,1443,200
123,1444,200
123,1445,200
123,1446,14
123,1447,199
123,1448,12
123,1449,200
123,1450,200
123,1451,80
123,1452,200
123,1453,200
123,1454,200
123,1455,200
123,1456,200
123,1457,200
123,1458,200
123,1459,200
123,1460,200
123,1461,200
123,1462,200
123,1463,200
123,1464,200
123,1465,200
123,1466,200
123,1467,200
123,1468,200
123,1469,200
123,1470,200
123,1471,200
123,1472,200
123,1473,200
123,1474,200
123,1475,200
123,1476,200
123,1477,200
123,1478,200
123,1479,200
123,1480,200
123,1481,200
123,1482,200
123,1483,200
123,1484,200
123,1485,200
123,1486,200
123,1487,200
123,1488,200
123,1489,200
123,1490,200
123,1491,200
123,1492,200
123,1493,200
123,1494,200
123,1495,200
123,1496,200
123,1497,200
123,1498,200
123,1499,200
123,1500,200
123,1501,200
123,1502,200
123,1503,200
123,1504,200
123,1505,200
123,1506,200
123,1507,68
123,1508,200
123,1509,200
123,1510,200
123,1511,200
123,1512,200
123,1513,200
123,1514,200
123,1515,200
123,1516,200
123,1517,200
123,1518,200
123,1519,200
123,1520,200
123,1521,200
123,1522,200
123,1523,200
123,1524,176
123,1525,200
123,1526,200
123,1527,200
123,1528,200
123,1529,200
123,1530,200
123,1531,200
123,1532,200
123,1533,200
123,1534,200
123,1535,200
123,1536,200
123,1537,200
123,1538,200
123,1539,200
123,1540,200
123,1541,200
123,1542,200
123,1543,200
123,1544,200
123,1545,200
123,1546,200
123,1547,200
123,1548,200
123,1549,159
123,1550,200
123,1551,200
123,1552,200
123,1553,200
123,1554,200
123,1555,200
123,1556,200
123,1557,29
123,1558,160
123,1559,200
123,1560,200
123,1561,200
123,1562,73
123,1563,200
123,1564,200
123,1565,200
123,1566,200
123,1567,200
123,1568,200
123,1569,200
123,1570,200
123,1571,200
123,1572,200
123,1573,200
123,1574,165
123,1575,200
123,1576,200
123,1577,192
123,1578,200
123,1579,200
123,1580,137
123,1581,101
123,1582,200
123,1583,200
123,1584,200
123,1585,200
123,1586,200
123,1587,200
123,1588,200
123,1589,200
123,1590,200
123,1591,200
123,1592,200
123,1593,200
123,1594,200
123,1595,200
123,1596,200
123,1597,200
123,1598,200
123,1599,200
123,1600,200
123,1601,200
123,1602,200
123,1603,200
123,1604,200
123,1605,200
123,1606,89
123,1607,200
123,1608,200
123,1609,200
123,1610,200
123,1611,200
123,1612,200
123,1613,200
123,1614,200
123,1615,200
123,1616,200
123,1617,200
123,1618,200
123,1619,200
123,1620,200
123,1621,200
123,1622,200
123,1623,200
123,1624,200
123,1625,200
123,1626,200
123,1627,200
123,1628,200
123,1629,200
123,1630,200
123,1631,200
123,1632,200
123,1633,200
123,1634,200
123,1635,200
123,1636,200
123,1637,200
123,1638,200
123,1639,200
123,1640,200
123,1641,200
123,1642,200
123,1643,200
123,1644,200
123,1645,200
123,1646,200
123,1647,200
123,1648,200
123,1649,200
123,1650,200
123,1651,200
123,1652,200
123,1653,200
123,1654,200
123,1655,200
123,1656,200
123,1657,200
123,1658,200
123,1659,200
123,1660,200
123,1661,200
123,1662,200
123,1663,200
123,1664,200
123,1665,200
123,1666,200
123,1667,200
123,1668,200
123,1669,200
123,1670,200
123,1671,200
123,1672,200
123,1673,200
123,1674,200
123,1675,200
123,1676,200
123,1677,200
123,1678,200
123,1679,200
123,1680,200
123,1681,200
123,1682,200
123,1683,200
123,1684,200
123,1685,200
123,1686,68
123,1687,200
123,1688,106
123,1689,200
123,1690,200
123,1691,200
123,1692,200
123,1693,200
123,1694,200
123,1695,200
123,1696,200
123,1697,200
123,1698,200
123,1699,200
123,1700,200
123,1701,200
123,1702,200
123,1703,200
123,1704,200
123,1705,200
123,1706,200
123,1707,200
123,1708,200
123,1709,200
123,1710,200
123,1711,200
123,1712,200
123,1713,200
123,1714,200
123,1715,200
123,1716,200
123,1717,200
123,1718,200
123,1719,200
123,1720,200
123,1721,200
123,1722,200
123,1723,200
123,1724,200
123,1725,200
123,1726,200
123,1727,200
123,1728,200
123,1729,200
123,1730,200
123,1731,200
123,1732,200
123,1733,200
123,1734,200
123,1735,200
123,1736,200
123,1737,200
123,1738,200
123,1739,200
123,1740,200
123,1741,200
123,1742,200
123,1743,200
123,1744,200
123,1745,200
123,1746,200
123,1747,200
123,1748,200
123,1749,200
123,1750,200
123,1751,200
123,1752,200
123,1753,200
123,1754,200
123,1755,200
123,1756,200
123,1757,200
123,1758,161
123,1759,200
123,1760,200
123,1761,200
123,1762,200
123,1763,200
123,1764,200
123,1765,200
123,1766,200
123,1767,200
123,1768,200
123,1769,200
123,1770,200
123,1771,200
123,1772,200
123,1773,200
123,1774,200
123,1775,200
123,1776,200
123,1777,200
123,1778,200
123,1779,200
123,1780,200
123,1781,200
123,1782,200
123,1783,200
123,1784,200
123,1785,200
123,1786,200
123,1787,200
123,1788,200
123,1789,200
123,1790,200
123,1791,200
123,1792,200
123,1793,200
123,1794,200
123,1795,200
123,1796,200
123,1797,200
123,1798,200
123,1799,200
123,1800,200
123,1801,200
123,1802,200
123,1803,200
123,1804,200
123,1805,200
123,1806,152
123,1807,200
123,1808,200
123,1809,200
123,1810,200
123,1811,200
123,1812,200
123,1813,200
123,1814,200
123,1815,200
123,1816,200
123,1817,200
123,1818,200
123,1819,200
123,1820,200
123,1821,200
123,1822,200
123,1823,200
123,1824,200
123,1825,200
123,1826,200
123,1827,200
123,1828,200
123,1829,200
123,1830,200
123,1831,200
123,1832,200
123,1833,200
123,1834,200
123,1835,200
123,1836,200
123,1837,200
123,1838,200
123,1839,200
123,1840,200
123,1841,200
123,1842,147
123,1843,200
123,1844,200
123,1845,200
123,1846,200
123,1847,200
123,1848,200
123,1849,200
123,1850,200
123,1851,200
123,1852,200
123,1853,200
123,1854,200
123,1855,190
123,1856,200
123,1857,200
123,1858,200
123,1859,200
123,1860,200
123,1861,200
123,1862,200
123,1863,200
123,1864,200
123,1865,200
123,1866,200
123,1867,200
123,1868,200
123,1869,200
123,1870,200
123,1871,200
123,1872,200
123,1873,200
123,1874,200
123,1875,200
123,1876,200
123,1877,200
123,1878,200
123,1879,200
123,1880,200
123,1881,200
123,1882,200
123,1883,200
123,1884,200
123,1885,200
123,1886,200
123,1887,200
123,1888,200
123,1889,200
123,1890,200
123,1891,200
123,1892,200
123,1893,200
123,1894,200
123,1895,200
123,1896,200
123,1897,200
123,1898,200
123,1899,200
123,1900,200
123,1901,200
123,1902,200
123,1903,200
123,1904,200
123,1905,200
123,1906,200
123,1907,200
123,1908,200
123,1909,200
123,1910,200
123,1911,200
123,1912,200
123,1913,200
123,1914,200
123,1915,200
123,1916,200
123,1917,200
123,1918,200
123,1919,200
123,1920,200
123,1921,200
123,1922,200
123,1923,200
123,1924,200
123,1925,200
123,1926,200
123,1927,200
123,1928,200
123,1929,200
123,1930,200
123,1931,200
123,1932,200
123,1933,200
123,1934,200
123,1935,200
123,1936,200
123,1937,200
123,1938,200
123,1939,200
123,1940,200
123,1941,200
123,1942,200
123,1943,200
123,1944,200
123,1945,200
123,1946,200
123,1947,200
123,1948,200
123,1949,200
123,1950,200
123,1951,200
123,1952,200
123,1953,200
123,1954,200
123,1955,200
123,1956,200
123,1957,200
123,1958,200
123,1959,200
123,1960,200
123,1961,200
123,1962,200
123,1963,200
123,1964,200
123,1965,200
123,1966,200
123,1967,200
123,1968,200
123,1969,200
123,1970,200
123,1971,200
123,1972,200
123,1973,200
123,1974,200
123,1975,200
123,1976,200
123,1977,200
123,1978,200
123,1979,200
123,1980,200
123,1981,200
123,1982,200
123,1983,200
123,1984,200
123,1985,200
123,1986,200
123,1987,200
123,1988,200
123,1989,200
123,1990,200
123,1991,122
123,1992,200
123,1993,200
123,1994,200
123,1995,200
123,1996,200
123,1997,200
123,1998,200
123,1999,200
123,2000,200
123,2001,200
123,2002,200
123,2003,200
123,2004,200
123,2005,114
123,2006,200
123,2007,200
123,2008,200
123,2009,200
123,2010,200
123,2011,200
123,2012,200
123,2013,200
123,2014,200
123,2015,200
123,2016,200
123,2017,200
123,2018,200
123,2019,200
123,2020,200
123,2021,200
123,2022,200
123,2023,200
123,2024,200
123,2025,200
123,2026,200
123,2027,200
123,2028,200
123,2029,200
123,2030,200
123,2031,200
123,2032,200
123,2033,200
123,2034,200
123,2035,200
123,2036,200
123,2037,200
123,2038,200
123,2039,200
123,2040,200
123,2041,200
123,2042,200
123,2043,200
123,2044,200
123,2045,200
123,2046,200
123,2047,200
123,2048,200
123,2049,200
123,2050,200
123,2051,200
123,2052,200
123,2053,200
123,2054,200
123,2055,200
123,2056,200
123,2057,200
123,2058,200
123,2059,200
123,2060,200
123,2061,200
123,2062,200
123,2063,200
123,2064,200
123,2065,200
123,2066,200
123,2067,200
123,2068,200
123,2069,200
123,2070,200
123,2071,200
123,2072,200
123,2073,200
123,2074,200
123,2075,200
123,2076,200
123,2077,200
123,2078,200
123,2079,200
123,2080,200
123,2081,200
123,2082,200
123,2083,200
123,2084,200
123,2085,200
123,2086,200
123,2087,200
123,2088,200
123,2089,200
123,2090,200
123,2091,200
123,2092,200
123,2093,200
123,2094,200
123,2095,200
123,2096,200
123,2097,200
123,2098,200
123,2099,200
123,2100,200
123,2101,200
123,2102,200
123,2103,200
123,2104,200
123,2105,200
123,2106,200
123,2107,200
123,2108,200
123,2109,200
123,2110,200
123,2111,200
123,2112,200
123,2113,200
123,2114,200
123,2115,200
123,2116,200
123,2117,200
123,2118,200
123,2119,200
123,2120,200
123,2121,200
123,2122,70
123,2123,200
123,2124,200
123,2125,200
123,2126,200
123,2127,200
123,2128,200
123,2129,200
123,2130,200
123,2131,200
123,2132,200
123,2133,200
123,2134,200
123,2135,200
123,2136,200
123,2137,200
123,2138,200
123,2139,200
123,2140,200
123,2141,200
123,2142,200
123,2143,200
123,2144,200
123,2145,200
123,2146,200
123,2147,200
123,2148,200
123,2149,200
123,2150,200
123,2151,200
123,2152,200
123,2153,200
123,2154,200
123,2155,200
123,2156,200
123,2157,200
123,2158,200
123,2159,200
123,2160,200
123,2161,200
123,2162,200
123,2163,200
123,2164,200
123,2165,200
123,2166,200
123,2167,200
123,2168,200
123,2169,200
123,2170,200
123,2171,200
123,2172,200
123,2173,200
123,2174,200
123,2175,200
123,2176,200
123,2177,200
123,2178,200
123,2179,200
123,2180,200
123,2181,200
123,2182,200
123,2183,200
123,2184,200
123,2185,200
123,2186,200
123,2187,200
123,2188,200
123,2189,200
123,2190,200
123,2191,200
123,2192,200
123,2193,200
123,2194,200
123,2195,200
123,2196,200
123,2197,200
123,2198,200
123,2199,200
123,2200,200
123,2201,200
123,2202,200
123,2203,200
123,2204,200
123,2205,200
123,2206,200
123,2207,200
123,2208,200
123,2209,200
123,2210,200
123,2211,200
123,2212,200
123,2213,200
123,2214,200
123,2215,200
123,2216,200
123,2217,200
123,2218,200
123,2219,200
123,2220,200
123,2221,200
123,2222,200
123,2223,200
123,2224,200
123,2225,200
123,2226,200
123,2227,200
123,2228,200
123,2229,200
123,2230,200
123,2231,200
123,2232,200
123,2233,200
123,2234,200
123,2235,200
123,2236,200
123,2237,200
123,2238,200
123,2239,200
123,2240,200
123,2241,200
123,2242,200
123,2243,200
123,2244,200
123,2245,200
123,2246,200
123,2247,200
123,2248,200
123,2249,200
123,2250,200
123,2251,200
123,2252,200
123,2253,200
123,2254,200
123,2255,200
123,2256,200
123,2257,200
123,2258,200
123,2259,200
123,2260,200
123,2261,200
123,2262,200
123,2263,200
123,2264,200
123,2265,200
123,2266,200
123,2267,200
123,2268,200
123,2269,200
123,2270,200
123,2271,200
123,2272,200
123,2273,200
123,2274,200
123,2275,200
123,2276,200
123,2277,200
123,2278,200
123,2279,200
123,2280,200
123,2281,200
123,2282,200
123,2283,200
123,2284,200
123,2285,200
123,2286,200
123,2287,200
123,2288,200
123,2289,200
123,2290,200
123,2291,200
123,2292,200
123,2293,200
123,2294,200
123,2295,200
123,2296,200
123,2297,200
123,2298,200
123,2299,200
123,2300,200
123,2301,200
123,2302,200
123,2303,200
123,2304,200
123,2305,200
123,2306,200
123,2307,200
123,2308,200
123,2309,200
123,2310,200
123,2311,200
123,2312,200
123,2313,200
123,2314,200
123,2315,200
123,2316,200
123,2317,200
123,2318,200
123,2319,200
123,2320,200
123,2321,200
123,2322,200
123,2323,200
123,2324,200
123,2325,200
123,2326,200
123,2327,200
123,2328,200
123,2329,200
123,2330,200
123,2331,200
123,2332,200
123,2333,200
123,2334,200
123,2335,200
123,2336,200
123,2337,200
123,2338,200
123,2339,200
123,2340,200
123,2341,200
123,2342,200
123,2343,200
123,2344,200
123,2345,200
123,2346,200
123,2347,200
123,2348,200
123,2349,200
123,2350,200
123,2351,200
123,2352,200
123,2353,200
123,2354,200
123,2355,200
123,2356,200
123,2357,200
123,2358,200
123,2359,200
123,2360,200
123,2361,200
123,2362,200
123,2363,200
123,2364,200
123,2365,200
123,2366,200
123,2367,200
123,2368,200
123,2369,200
123,2370,200
123,2371,200
123,2372,200
123,2373,200
123,2374,200
123,2375,200
123,2376,200
123,2377,200
123,2378,200
123,2379,200
123,2380,200
123,2381,200
123,2382,200
123,2383,200
123,2384,200
123,2385,200
123,2386,200
123,2387,200
123,2388,200
123,2389,200
123,2390,200
123,2391,200
123,2392,200
123,2393,200
123,2394,200
123,2395,200
123,2396,200
123,2397,200
123,2398,200
123,2399,200
123,2400,200
123,2401,200
123,2402,200
123,2403,200
123,2404,200
123,2405,200
123,2406,200
123,2407,200
123,2408,200
123,2409,200
123,2410,200
123,2411,200
123,2412,200
123,2413,200
123,2414,200
123,2415,200
123,2416,200
123,2417,200
123,2418,200
123,2419,200
123,2420,200
123,2421,200
123,2422,200
123,2423,200
123,2424,200
123,2425,200
123,2426,200
123,2427,200
123,2428,200
123,2429,200
123,2430,200
123,2431,200
123,2432,200
123,2433,200
123,2434,200
123,2435,200
123,2436,200
123,2437,200
123,2438,200
123,2439,200
123,2440,200
123,2441,200
123,2442,200
123,2443,200
123,2444,200
123,2445,200
123,2446,200
123,2447,200
123,2448,200
123,2449,200
123,2450,200
123,2451,200
123,2452,200
123,2453,200
123,2454,200
123,2455,200
123,2456,200
123,2457,200
123,2458,200
123,2459,200
123,2460,200
123,2461,200
123,2462,200
123,2463,200
123,2464,200
123,2465,200
123,2466,200
123,2467,200
123,2468,200
123,2469,200
123,2470,200
123,2471,200
123,2472,200
123,2473,200
123,2474,200
123,2475,200
123,2476,200
123,2477,200
123,2478,200
123,2479,200
123,2480,200
123,2481,200
123,2482,200
123,2483,200
123,2484,200
123,2485,200
123,2486,200
123,2487,200
123,2488,200
123,2489,200
123,2490,200
123,2491,200
123,2492,200
123,2493,200
123,2494,200
123,2495,200
123,2496,200
123,2497,200
123,2498,200
123,2499,200
123,2500,200
123,2501,200
123,2502,200
123,2503,200
123,2504,200
123,2505,200
123,2506,200
123,2507,200
123,2508,200
123,2509,200
123,2510,200
123,2511,200
123,2512,200
123,2513,200
123,2514,200
123,2515,200
123,2516,200
123,2517,200
123,2518,200
123,2519,200
123,2520,200
123,2521,200
123,2522,200
123,2523,200
123,2524,200
123,2525,200
123,2526,200
123,2527,200
123,2528,200
123,2529,200
123,2530,200
123,2531,200
123,2532,200
123,2533,200
123,2534,200
123,2535,200
123,2536,200
123,2537,200
123,2538,200
123,2539,200
123,2540,200
123,2541,200
123,2542,200
123,2543,200
123,2544,200
123,2545,200
123,2546,200
123,2547,200
123,2548,200
123,2549,200
123,2550,200
123,2551,200
123,2552,200
123,2553,200
123,2554,200
123,2555,156
123,2556,200
123,2557,200
123,2558,200
123,2559,200
123,2560,200
123,2561,200
123,2562,200
123,2563,200
123,2564,200
123,2565,167
123,2566,200
123,2567,200
123,2568,200
123,2569,200
123,2570,200
123,2571,200
123,2572,200
123,2573,200
123,2574,200
123,2575,200
123,2576,200
123,2577,200
123,2578,200
123,2579,200
123,2580,200
123,2581,200
123,2582,200
123,2583,200
123,2584,200
123,2585,200
123,2586,200
123,2587,200
123,2588,200
123,2589,200
123,2590,200
123,2591,200
123,2592,200
123,2593,200
123,2594,200
123,2595,200
123,2596,200
123,2597,200
123,2598,200
123,2599,200
123,2600,200
123,2601,200
123,2602,200
123,2603,200
123,2604,200
123,2605,200
123,2606,200
123,2607,200
123,2608,200
123,2609,200
123,2610,200
123,2611,200
123,2612,200
123,2613,200
123,2614,200
123,2615,200
123,2616,200
123,2617,200
123,2618,200
123,2619,200
123,2620,200
123,2621,200
123,2622,200
123,2623,200
123,2624,200
123,2625,200
123,2626,200
123,2627,200
123,2628,200
123,2629,200
123,2630,200
123,2631,200
123,2632,200
123,2633,200
123,2634,200
123,2635,200
123,2636,200
123,2637,200
123,2638,200
123,2639,200
123,2640,200
123,2641,200
123,2642,200
123,2643,200
123,2644,200
123,2645,200
123,2646,200
123,2647,200
123,2648,200
123,2649,200
123,2650,200
123,2651,200
123,2652,200
123,2653,200
123,2654,200
123,2655,200
123,2656,200
123,2657,200
123,2658,200
123,2659,200
123,2660,200
123,2661,200
123,2662,200
123,2663,200
123,2664,200
123,2665,200
123,2666,200
123,2667,200
123,2668,200
123,2669,200
123,2670,200
123,2671,200
123,2672,200
123,2673,200
123,2674,200
123,2675,200
123,2676,200
123,2677,200
123,2678,200
123,2679,200
123,2680,200
123,2681,200
123,2682,200
123,2683,200
123,2684,200
123,2685,200
123,2686,200
123,2687,200
123,2688,200
123,2689,200
123,2690,200
123,2691,200
123,2692,200
123,2693,200
123,2694,200
123,2695,200
123,2696,200
123,2697,200
123,2698,200
123,2699,200
123,2700,200
123,2701,200
123,2702,200
123,2703,200
123,2704,200
123,2705,200
123,2706,200
123,2707,200
123,2708,200
123,2709,200
123,2710,200
123,2711,200
123,2712,200
123,2713,200
123,2714,200
123,2715,200
123,2716,200
123,2717,200
123,2718,200
123,2719,200
123,2720,200
123,2721,200
123,2722,200
123,2723,200
123,2724,200
123,2725,200
123,2726,200
123,2727,200
123,2728,200
123,2729,200
123,2730,200
123,2731,200
123,2732,200
123,2733,200
123,2734,200
123,2735,200
123,2736,200
123,2737,200
123,2738,200
123,2739,200
123,2740,200
123,2741,200
123,2742,200
123,2743,200
123,2744,200
123,2745,200
123,2746,200
123,2747,200
123,2748,200
123,2749,200
123,2750,200
123,2751,200
123,2752,200
123,2753,200
123,2754,200
123,2755,200
123,2756,200
123,2757,200
123,2758,200
123,2759,200
123,2760,200
123,2761,200
123,2762,200
123,2763,200
123,2764,200
123,2765,200
123,2766,200
123,2767,200
123,2768,200
123,2769,200
123,2770,200
123,2771,200
123,2772,200
123,2773,200
123,2774,200
123,2775,200
123,2776,200
123,2777,200
123,2778,200
123,2779,200
123,2780,200
123,2781,200
123,2782,200
123,2783,200
123,2784,200
123,2785,200
123,2786,200
123,2787,200
123,2788,200
123,2789,200
123,2790,200
123,2791,200
123,2792,200
123,2793,200
123,2794,200
123,2795,200
123,2796,200
123,2797,200
123,2798,200
123,2799,200
123,2800,200
123,2801,200
123,2802,200
123,2803,200
123,2804,200
123,2805,200
123,2806,200
123,2807,200
123,2808,200
123,2809,200
123,2810,200
123,2811,200
123,2812,200
123,2813,200
123,2814,200
123,2815,200
123,2816,200
123,2817,200
123,2818,200
123,2819,200
123,2820,200
123,2821,200
123,2822,200
123,2823,200
123,2824,200
123,2825,200
123,2826,200
123,2827,200
123,2828,200
123,2829,200
123,2830,200
123,2831,200
123,2832,200
123,2833,200
123,2834,200
123,2835,200
123,2836,200
123,2837,200
123,2838,200
123,2839,200
123,2840,200
123,2841,200
123,2842,200
123,2843,200
123,2844,200
123,2845,200
123,2846,200
123,2847,200
123,2848,200
123,2849,200
123,2850,200
123,2851,200
123,2852,200
123,2853,200
123,2854,200
123,2855,200
123,2856,200
123,2857,200
123,2858,200
123,2859,200
123,2860,200
123,2861,200
123,2862,200
123,2863,200
123,2864,200
123,2865,200
123,2866,200
123,2867,200
123,2868,200
123,2869,200
123,2870,200
123,2871,200
123,2872,200
123,2873,200
123,2874,200
123,2875,200
123,2876,200
123,2877,200
123,2878,200
123,2879,200
123,2880,200
123,2881,200
123,2882,200
123,2883,200
123,2884,200
123,2885,200
123,2886,200
123,2887,200
123,2888,200
123,2889,200
123,2890,200
123,2891,200
123,2892,200
123,2893,200
123,2894,200
123,2895,200
123,2896,200
123,2897,200
123,2898,200
123,2899,200
123,2900,200
123,2901,200
123,2902,200
123,2903,200
123,2904,200
123,2905,200
123,2906,200
123,2907,200
123,2908,200
123,2909,200
123,2910,200
123,2911,200
123,2912,200
123,2913,200
123,2914,200
123,2915,200
123,2916,200
123,2917,200
123,2918,200
123,2919,200
123,2920,200
123,2921,200
123,2922,200
123,2923,200
123,2924,200
123,2925,200
123,2926,200
123,2927,200
123,2928,200
123,2929,200
123,2930,200
123,2931,200
123,2932,200
123,2933,200
123,2934,200
123,2935,200
123,2936,200
123,2937,200
123,2938,200
123,2939,200
123,2940,200
123,2941,200
123,2942,200
123,2943,200
123,2944,200
123,2945,200
123,2946,200
123,2947,200
123,2948,200
123,2949,200
123,2950,200
123,2951,200
123,2952,200
123,2953,200
123,2954,200
123,2955,138
123,2956,200
123,2957,200
123,2958,200
123,2959,200
123,2960,200
123,2961,200
123,2962,200
123,2963,200
123,2964,200
123,2965,200
123,2966,200
123,2967,200
123,2968,200
123,2969,200
123,2970,200
123,2971,200
123,2972,200
123,2973,200
123,2974,200
123,2975,200
123,2976,200
123,2977,200
123,2978,200
123,2979,200
123,2980,200
123,2981,200
123,2982,200
123,2983,200
123,2984,200
123,2985,200
123,2986,200
123,2987,200
123,2988,200
123,2989,200
123,2990,200
123,2991,200
123,2992,200
123,2993,200
123,2994,200
123,2995,200
123,2996,200
123,2997,200
123,2998,200
123,2999,200
777,0,200
777,1,200
777,2,74
777,3,200
777,4,200
777,5,200
777,6,200
777,7,200
777,8,45
777,9,200
777,10,200
777,11,200
777,12,200
777,13,200
777,14,200
777,15,200
777,16,10
777,17,200
777,18,186
777,19,17
777,20,54
777,21,11
777,22,200
777,23,200
777,24,200
777,25,200
777,26,200
777,27,11
777,28,200
777,29,161
777,30,18
777,31,200
777,32,13
777,33,200
777,34,200
777,35,86
777,36,18
777,37,10
777,38,200
777,39,200
777,40,200
777,41,200
777,42,15
777,43,200
777,44,16
777,45,200
777,46,200
777,47,12
777,48,12
777,49,200
777,50,24
777,51,200
777,52,200
777,53,10
777,54,7
777,55,200
777,56,200
777,57,200
777,58,200
777,59,200
777,60,13
777,61,83
777,62,200
777,63,29
777,64,12
777,65,200
777,66,200
777,67,200
777,68,200
777,69,200
777,70,200
777,71,200
777,72,112
777,73,200
777,74,74
777,75,200
777,76,23
777,77,200
777,78,200
777,79,8
777,80,200
777,81,200
777,82,200
777,83,13
777,84,200
777,85,200
777,86,15
777,87,200
777,88,14
777,89,200
777,90,200
777,91,18
777,92,200
777,93,22
777,94,40
777,95,200
777,96,22
777,97,200
777,98,26
777,99,200
777,100,200
777,101,11
777,102,200
777,103,200
777,104,200
777,105,200
777,106,200
777,107,200
777,108,200
777,109,200
777,110,200
777,111,200
777,112,10
777,113,200
777,114,200
777,115,10
777,116,200
777,117,200
777,118,200
777,119,200
777,120,200
777,121,47
777,122,200
777,123,7
777,124,200
777,125,200
777,126,200
777,127,200
777,128,200
777,129,22
777,130,200
777,131,27
777,132,200
777,133,22
777,134,200
777,135,200
777,136,200
777,137,18
777,138,200
777,139,200
777,140,18
777,141,11
777,142,200
777,143,200
777,144,200
777,145,14
777,146,200
777,147,12
777,148,19
777,149,16
777,150,200
777,151,200
777,152,200
777,153,200
777,154,200
777,155,200
777,156,200
777,157,200
777,158,200
777,159,200
777,160,200
777,161,200
777,162,7
777,163,11
777,164,13
777,165,173
777,166,200
777,167,200
777,168,200
777,169,15
777,170,11
777,171,200
777,172,10
777,173,200
777,174,10
777,175,200
777,176,200
777,177,15
777,178,8
777,179,200
777,180,200
777,181,200
777,182,200
777,183,200
777,184,22
777,185,200
777,186,200
777,187,8
777,188,200
777,189,200
777,190,15
777,191,11
777,192,200
777,193,200
777,194,13
777,195,200
777,196,8
777,197,200
777,198,11
777,199,18
777,200,200
777,201,13
777,202,200
777,203,200
777,204,60
777,205,200
777,206,200
777,207,103
777,208,200
777,209,200
777,210,200
777,211,11
777,212,200
777,213,200
777,214,13
777,215,200
777,216,47
777,217,200
777,218,200
777,219,200
777,220,200
777,221,16
777,222,16
777,223,200
777,224,200
777,225,13
777,226,200
777,227,200
777,228,200
777,229,12
777,230,200
777,231,29
777,232,200
777,233,200
777,234,34
777,235,200
777,236,10
777,237,15
777,238,200
777,239,200
777,240,200
777,241,13
777,242,18
777,243,11
777,244,200
777,245,200
777,246,11
777,247,200
777,248,6
777,249,200
777,250,200
777,251,200
777,252,200
777,253,200
777,254,200
777,255,200
777,256,200
777,257,37
777,258,200
777,259,200
777,260,200
777,261,200
777,262,200
777,263,200
777,264,23
777,265,200
777,266,200
777,267,200
777,268,200
777,269,200
777,270,9
777,271,200
777,272,13
777,273,12
777,274,200
777,275,200
777,276,11
777,277,200
777,278,200
777,279,200
777,280,200
777,281,40
777,282,200
777,283,200
777,284,200
777,285,200
777,286,200
777,287,13
777,288,200
777,289,200
777,290,200
777,291,200
777,292,8
777,293,200
777,294,200
777,295,200
777,296,13
777,297,200
777,298,200
777,299,200
777,300,200
777,301,200
777,302,17
777,303,200
777,304,9
777,305,200
777,306,8
777,307,200
777,308,200
777,309,26
777,310,13
777,311,200
777,312,9
777,313,200
777,314,200
777,315,11
777,316,200
777,317,200
777,318,11
777,319,200
777,320,10
777,321,200
777,322,16
777,323,15
777,324,200
777,325,200
777,326,200
777,327,200
777,328,200
777,329,200
777,330,200
777,331,200
777,332,200
777,333,78
777,334,18
777,335,200
777,336,200
777,337,200
777,338,200
777,339,200
777,340,12
777,341,8
777,342,200
777,343,200
777,344,16
777,345,200
777,346,16
777,347,17
777,348,200
777,349,10
777,350,200
777,351,200
777,352,10
777,353,200
777,354,10
777,355,200
777,356,200
777,357,200
777,358,200
777,359,200
777,360,200
777,361,200
777,362,12
777,363,200
777,364,8
777,365,200
777,366,49
777,367,200
777,368,200
777,369,200
777,370,200
777,371,7
777,372,200
777,373,66
777,374,200
777,375,200
777,376,7
777,377,12
777,378,8
777,379,200
777,380,200
777,381,200
777,382,200
777,383,200
777,384,16
777,385,200
777,386,17
777,387,200
777,388,200
777,389,21
777,390,200
777,391,15
777,392,200
777,393,200
777,394,200
777,395,200
777,396,9
777,397,200
777,398,13
777,399,11
777,400,200
777,401,17
777,402,10
777,403,9
777,404,200
777,405,200
777,406,200
777,407,10
777,408,200
777,409,18
777,410,12
777,411,13
777,412,200
777,413,200
777,414,38
777,415,200
777,416,200
777,417,11
777,418,200
777,419,19
777,420,200
777,421,200
777,422,200
777,423,9
777,424,15
777,425,7
777,426,11
777,427,11
777,428,46
777,429,200
777,430,7
777,431,200
777,432,200
777,433,12
777,434,9
777,435,105
777,436,35
777,437,200
777,438,124
777,439,42
777,440,200
777,441,10
777,442,200
777,443,200
777,444,200
777,445,200
777,446,200
777,447,200
777,448,200
777,449,38
777,450,200
777,451,200
777,452,14
777,453,200
777,454,200
777,455,200
777,456,11
777,457,12
777,458,9
777,459,10
777,460,12
777,461,200
777,462,200
777,463,27
777,464,200
777,465,7
777,466,200
777,467,15
777,468,17
777,469,7
777,470,17
777,471,200
777,472,200
777,473,12
777,474,200
777,475,200
777,476,31
777,477,14
777,478,7
777,479,200
777,480,200
777,481,200
777,482,6
777,483,200
777,484,200
777,485,200
777,486,200
777,487,14
777,488,200
777,489,11
777,490,200
777,491,200
777,492,200
777,493,10
777,494,200
777,495,200
777,496,36
777,497,200
777,498,19
777,499,10
777,500,8
777,501,200
777,502,14
777,503,7
777,504,18
777,505,13
777,506,19
777,507,200
777,508,200
777,509,200
777,510,200
777,511,10
777,512,72
777,513,200
777,514,200
777,515,13
777,516,200
777,517,7
777,518,13
777,519,15
777,520,200
777,521,32
777,522,200
777,523,200
777,524,200
777,525,200
777,526,13
777,527,200
777,528,8
777,529,200
777,530,200
777,531,20
777,532,200
777,533,200
777,534,15
777,535,200
777,536,200
777,537,200
777,538,200
777,539,200
777,540,200
777,541,18
777,542,14
777,543,200
777,544,200
777,545,200
777,546,200
777,547,11
777,548,11
777,549,200
777,550,200
777,551,8
777,552,200
777,553,200
777,554,200
777,555,200
777,556,175
777,557,200
777,558,200
777,559,200
777,560,200
777,561,200
777,562,200
777,563,14
777,564,200
777,565,200
777,566,200
777,567,13
777,568,18
777,569,19
777,570,33
777,571,200
777,572,13
777,573,200
777,574,200
777,575,200
777,576,11
777,577,200
777,578,200
777,579,200
777,580,200
777,581,200
777,582,200
777,583,200
777,584,200
777,585,200
777,586,102
777,587,200
777,588,7
777,589,200
777,590,8
777,591,200
777,592,18
777,593,200
777,594,11
777,595,200
777,596,9
777,597,200
777,598,141
777,599,10
777,600,12
777,601,200
777,602,12
777,603,200
777,604,200
777,605,56
777,606,200
777,607,9
777,608,200
777,609,15
777,610,200
777,611,200
777,612,20
777,613,48
777,614,200
777,615,200
777,616,22
777,617,200
777,618,77
777,619,11
777,620,200
777,621,200
777,622,200
777,623,200
777,624,200
777,625,200
777,626,200
777,627,200
777,628,13
777,629,200
777,630,9
777,631,14
777,632,200
777,633,94
777,634,200
777,635,9
777,636,200
777,637,9
777,638,12
777,639,19
777,640,75
777,641,12
777,642,19
777,643,9
777,644,200
777,645,200
777,646,15
777,647,17
777,648,200
777,649,15
777,650,11
777,651,200
777,652,200
777,653,200
777,654,12
777,655,200
777,656,13
777,657,7
777,658,13
777,659,16
777,660,9
777,661,13
777,662,9
777,663,200
777,664,200
777,665,9
777,666,17
777,667,200
777,668,200
777,669,200
777,670,200
777,671,200
777,672,12
777,673,200
777,674,8
777,675,66
777,676,200
777,677,200
777,678,200
777,679,200
777,680,13
777,681,16
777,682,10
777,683,200
777,684,23
777,685,200
777,686,200
777,687,12
777,688,200
777,689,11
777,690,200
777,691,200
777,692,200
777,693,200
777,694,200
777,695,15
777,696,200
777,697,200
777,698,200
777,699,200
777,700,200
777,701,12
777,702,11
777,703,125
777,704,8
777,705,200
777,706,200
777,707,200
777,708,200
777,709,79
777,710,8
777,711,12
777,712,200
777,713,17
777,714,10
777,715,17
777,716,200
777,717,11
777,718,10
777,719,200
777,720,200
777,721,200
777,722,200
777,723,19
777,724,200
777,725,10
777,726,200
777,727,200
777,728,200
777,729,200
777,730,200
777,731,13
777,732,12
777,733,200
777,734,200
777,735,200
777,736,200
777,737,11
777,738,200
777,739,69
777,740,200
777,741,14
777,742,200
777,743,200
777,744,200
777,745,200
777,746,200
777,747,200
777,748,12
777,749,15
777,750,6
777,751,88
777,752,200
777,753,200
777,754,200
777,755,200
777,756,200
777,757,12
777,758,200
777,759,200
777,760,7
777,761,200
777,762,200
777,763,104
777,764,94
777,765,200
777,766,200
777,767,200
777,768,48
777,769,31
777,770,200
777,771,200
777,772,13
777,773,200
777,774,15
777,775,6
777,776,200
777,777,120
777,778,200
777,779,9
777,780,200
777,781,200
777,782,200
777,783,200
777,784,189
777,785,12
777,786,200
777,787,12
777,788,200
777,789,200
777,790,11
777,791,13
777,792,200
777,793,13
777,794,200
777,795,200
777,796,200
777,797,200
777,798,6
777,799,200
777,800,200
777,801,200
777,802,200
777,803,200
777,804,200
777,805,200
777,806,9
777,807,49
777,808,200
777,809,16
777,810,16
777,811,14
777,812,13
777,813,200
777,814,200
777,815,11
777,816,12
777,817,200
777,818,200
777,819,200
777,820,121
777,821,200
777,822,200
777,823,200
777,824,200
777,825,200
777,826,200
777,827,200
777,828,200
777,829,200
777,830,13
777,831,200
777,832,200
777,833,200
777,834,11
777,835,8
777,836,200
777,837,116
777,838,200
777,839,200
777,840,200
777,841,200
777,842,39
777,843,14
777,844,200
777,845,200
777,846,200
777,847,62
777,848,200
777,849,200
777,850,200
777,851,52
777,852,200
777,853,57
777,854,9
777,855,200
777,856,200
777,857,200
777,858,200
777,859,200
777,860,200
777,861,200
777,862,200
777,863,29
777,864,200
777,865,200
777,866,200
777,867,200
777,868,200
777,869,200
777,870,200
777,871,200
777,872,53
777,873,10
777,874,10
777,875,200
777,876,12
777,877,200
777,878,200
777,879,11
777,880,200
777,881,200
777,882,200
777,883,200
777,884,191
777,885,200
777,886,200
777,887,200
777,888,200
777,889,200
777,890,200
777,891,200
777,892,200
777,893,200
777,894,200
777,895,200
777,896,200
777,897,200
777,898,200
777,899,200
777,900,200
777,901,200
777,902,200
777,903,200
777,904,200
777,905,200
777,906,200
777,907,200
777,908,200
777,909,12
777,910,200
777,911,200
777,912,200
777,913,9
777,914,200
777,915,200
777,916,200
777,917,13
777,918,200
777,919,200
777,920,200
777,921,12
777,922,200
777,923,200
777,924,200
777,925,200
777,926,200
777,927,200
777,928,8
777,929,200
777,930,200
777,931,17
777,932,200
777,933,200
777,934,200
777,935,200
777,936,200
777,937,200
777,938,200
777,939,200
777,940,200
777,941,200
777,942,200
777,943,11
777,944,200
777,945,200
777,946,200
777,947,200
777,948,200
777,949,14
777,950,200
777,951,200
777,952,200
777,953,10
777,954,200
777,955,200
777,956,200
777,957,200
777,958,9
777,959,200
777,960,200
777,961,200
777,962,200
777,963,200
777,964,17
777,965,200
777,966,200
777,967,200
777,968,200
777,969,200
777,970,200
777,971,200
777,972,200
777,973,200
777,974,200
777,975,200
777,976,200
777,977,200
777,978,200
777,979,6
777,980,200
777,981,200
777,982,200
777,983,11
777,984,13
777,985,200
777,986,200
777,987,200
777,988,200
777,989,200
777,990,200
777,991,200
777,992,200
777,993,200
777,994,200
777,995,200
777,996,200
777,997,200
777,998,200
777,999,13
777,1000,200
777,1001,200
777,1002,200
777,1003,200
777,1004,200
777,1005,12
777,1006,200
777,1007,200
777,1008,200
777,1009,200
777,1010,200
777,1011,200
777,1012,200
777,1013,200
777,1014,200
777,1015,200
777,1016,200
777,1017,200
777,1018,200
777,1019,200
777,1020,15
777,1021,200
777,1022,200
777,1023,200
777,1024,200
777,1025,200
777,1026,200
777,1027,200
777,1028,200
777,1029,200
777,1030,100
777,1031,200
777,1032,200
777,1033,200
777,1034,200
777,1035,200
777,1036,200
777,1037,200
777,1038,200
777,1039,200
777,1040,200
777,1041,200
777,1042,200
777,1043,14
777,1044,12
777,1045,200
777,1046,200
777,1047,200
777,1048,200
777,1049,200
777,1050,200
777,1051,200
777,1052,200
777,1053,200
777,1054,200
777,1055,200
777,1056,200
777,1057,15
777,1058,200
777,1059,200
777,1060,200
777,1061,200
777,1062,200
777,1063,200
777,1064,200
777,1065,200
777,1066,200
777,1067,200
777,1068,11
777,1069,200
777,1070,200
777,1071,200
777,1072,200
777,1073,15
777,1074,17
777,1075,200
777,1076,200
777,1077,200
777,1078,200
777,1079,200
777,1080,200
777,1081,200
777,1082,200
777,1083,12
777,1084,200
777,1085,200
777,1086,200
777,1087,200
777,1088,200
777,1089,200
777,1090,200
777,1091,200
777,1092,200
777,1093,200
777,1094,200
777,1095,200
777,1096,200
777,1097,200
777,1098,200
777,1099,200
777,1100,16
777,1101,200
777,1102,200
777,1103,200
777,1104,200
777,1105,200
777,1106,200
777,1107,200
777,1108,200
777,1109,200
777,1110,200
777,1111,200
777,1112,200
777,1113,200
777,1114,200
777,1115,13
777,1116,200
777,1117,200
777,1118,200
777,1119,11
777,1120,200
777,1121,200
777,1122,200
777,1123,200
777,1124,200
777,1125,200
777,1126,200
777,1127,200
777,1128,200
777,1129,200
777,1130,200
777,1131,200
777,1132,200
777,1133,200
777,1134,200
777,1135,200
777,1136,200
777,1137,200
777,1138,200
777,1139,200
777,1140,200
777,1141,200
777,1142,200
777,1143,200
777,1144,200
777,1145,200
777,1146,200
777,1147,200
777,1148,200
777,1149,200
777,1150,200
777,1151,200
777,1152,200
777,1153,200
777,1154,200
777,1155,200
777,1156,200
777,1157,200
777,1158,200
777,1159,200
777,1160,200
777,1161,200
777,1162,200
777,1163,200
777,1164,12
777,1165,200
777,1166,200
777,1167,200
777,1168,200
777,1169,200
777,1170,200
777,1171,200
777,1172,200
777,1173,200
777,1174,200
777,1175,200
777,1176,200
777,1177,200
777,1178,200
777,1179,14
777,1180,200
777,1181,200
777,1182,200
777,1183,13
777,1184,200
777,1185,200
777,1186,200
777,1187,200
777,1188,200
777,1189,200
777,1190,200
777,1191,200
777,1192,200
777,1193,200
777,1194,200
777,1195,200
777,1196,200
777,1197,200
777,1198,200
777,1199,200
777,1200,200
777,1201,200
777,1202,200
777,1203,200
777,1204,200
777,1205,200
777,1206,200
777,1207,200
777,1208,200
777,1209,200
777,1210,200
777,1211,200
777,1212,200
777,1213,200
777,1214,200
777,1215,200
777,1216,200
777,1217,64
777,1218,200
777,1219,200
777,1220,200
777,1221,200
777,1222,200
777,1223,200
777,1224,200
777,1225,200
777,1226,200
777,1227,200
777,1228,200
777,1229,200
777,1230,200
777,1231,200
777,1232,200
777,1233,200
777,1234,200
777,1235,200
777,1236,200
777,1237,200
777,1238,200
777,1239,200
777,1240,200
777,1241,200
777,1242,200
777,1243,200
777,1244,200
777,1245,200
777,1246,200
777,1247,200
777,1248,200
777,1249,200
777,1250,200
777,1251,200
777,1252,200
777,1253,200
777,1254,200
777,1255,200
777,1256,200
777,1257,200
777,1258,200
777,1259,200
777,1260,200
777,1261,200
777,1262,200
777,1263,200
777,1264,200
777,1265,200
777,1266,200
777,1267,200
777,1268,200
777,1269,200
777,1270,200
777,1271,200
777,1272,200
777,1273,200
777,1274,200
777,1275,200
777,1276,200
777,1277,200
777,1278,200
777,1279,200
777,1280,200
777,1281,200
777,1282,200
777,1283,200
777,1284,200
777,1285,200
777,1286,200
777,1287,200
777,1288,200
777,1289,200
777,1290,200
777,1291,200
777,1292,200
777,1293,200
777,1294,200
777,1295,200
777,1296,200
777,1297,200
777,1298,200
777,1299,200
777,1300,200
777,1301,200
777,1302,200
777,1303,200
777,1304,200
777,1305,200
777,1306,200
777,1307,200
777,1308,200
777,1309,200
777,1310,200
777,1311,200
777,1312,200
777,1313,200
777,1314,200
777,1315,200
777,1316,200
777,1317,200
777,1318,200
777,1319,200
777,1320,200
777,1321,200
777,1322,200
777,1323,200
777,1324,200
777,1325,200
777,1326,200
777,1327,200
777,1328,200
777,1329,200
777,1330,56
777,1331,200
777,1332,200
777,1333,200
777,1334,200
777,1335,200
777,1336,200
777,1337,175
777,1338,200
777,1339,200
777,1340,200
777,1341,200
777,1342,200
777,1343,200
777,1344,200
777,1345,200
777,1346,200
777,1347,200
777,1348,200
777,1349,200
777,1350,200
777,1351,66
777,1352,200
777,1353,200
777,1354,200
777,1355,200
777,1356,200
777,1357,200
777,1358,200
777,1359,200
777,1360,200
777,1361,200
777,1362,200
777,1363,200
777,1364,200
777,1365,200
777,1366,200
777,1367,200
777,1368,200
777,1369,60
777,1370,200
777,1371,200
777,1372,200
777,1373,49
777,1374,200
777,1375,200
777,1376,200
777,1377,200
777,1378,200
777,1379,200
777,1380,200
777,1381,200
777,1382,200
777,1383,200
777,1384,200
777,1385,200
777,1386,200
777,1387,200
777,1388,200
777,1389,200
777,1390,200
777,1391,108
777,1392,200
777,1393,155
777,1394,200
777,1395,200
777,1396,200
777,1397,200
777,1398,200
777,1399,200
777,1400,200
777,1401,200
777,1402,200
777,1403,200
777,1404,200
777,1405,200
777,1406,200
777,1407,200
777,1408,200
777,1409,200
777,1410,200
777,1411,200
777,1412,200
777,1413,200
777,1414,200
777,1415,38
777,1416,200
777,1417,200
777,1418,200
777,1419,200
777,1420,200
777,1421,200
777,1422,200
777,1423,200
777,1424,200
777,1425,200
777,1426,200
777,1427,200
777,1428,200
777,1429,200
777,1430,200
777,1431,200
777,1432,200
777,1433,200
777,1434,200
777,1435,200
777,1436,200
777,1437,200
777,1438,200
777,1439,200
777,1440,200
777,1441,200
777,1442,200
777,1443,200
777,1444,200
777,1445,200
777,1446,200
777,1447,200
777,1448,200
777,1449,200
777,1450,27
777,1451,200
777,1452,200
777,1453,200
777,1454,200
777,1455,200
777,1456,200
777,1457,200
777,1458,200
777,1459,200
777,1460,200
777,1461,200
777,1462,200
777,1463,200
777,1464,200
777,1465,200
777,1466,200
777,1467,200
777,1468,200
777,1469,200
777,1470,200
777,1471,200
777,1472,200
777,1473,200
777,1474,200
777,1475,200
777,1476,200
777,1477,200
777,1478,200
777,1479,200
777,1480,200
777,1481,200
777,1482,200
777,1483,200
777,1484,200
777,1485,200
777,1486,200
777,1487,200
777,1488,200
777,1489,200
777,1490,200
777,1491,200
777,1492,200
777,1493,200
777,1494,200
777,1495,200
777,1496,200
777,1497,200
777,1498,200
777,1499,200
777,1500,200
777,1501,200
777,1502,200
777,1503,200
777,1504,200
777,1505,200
777,1506,200
777,1507,200
777,1508,200
777,1509,200
777,1510,200
777,1511,200
777,1512,200
777,1513,200
777,1514,200
777,1515,200
777,1516,200
777,1517,200
777,1518,200
777,1519,200
777,1520,200
777,1521,200
777,1522,200
777,1523,200
777,1524,200
777,1525,200
777,1526,200
777,1527,200
777,1528,200
777,1529,200
777,1530,200
777,1531,200
777,1532,200
777,1533,200
777,1534,200
777,1535,200
777,1536,200
777,1537,200
777,1538,200
777,1539,200
777,1540,200
777,1541,200
777,1542,200
777,1543,200
777,1544,200
777,1545,200
777,1546,200
777,1547,200
777,1548,200
777,1549,200
777,1550,200
777,1551,200
777,1552,200
777,1553,200
777,1554,200
777,1555,200
777,1556,200
777,1557,200
777,1558,200
777,1559,200
777,1560,200
777,1561,200
777,1562,200
777,1563,200
777,1564,200
777,1565,200
777,1566,200
777,1567,200
777,1568,200
777,1569,200
777,1570,200
777,1571,200
777,1572,200
777,1573,200
777,1574,200
777,1575,200
777,1576,200
777,1577,200
777,1578,200
777,1579,200
777,1580,200
777,1581,200
777,1582,200
777,1583,200
777,1584,200
777,1585,200
777,1586,200
777,1587,200
777,1588,200
777,1589,200
777,1590,200
777,1591,200
777,1592,200
777,1593,200
777,1594,200
777,1595,200
777,1596,200
777,1597,200
777,1598,200
777,1599,200
777,1600,200
777,1601,200
777,1602,200
777,1603,200
777,1604,200
777,1605,200
777,1606,200
777,1607,200
777,1608,200
777,1609,200
777,1610,200
777,1611,200
777,1612,200
777,1613,200
777,1614,200
777,1615,200
777,1616,200
777,1617,200
777,1618,200
777,1619,200
777,1620,120
777,1621,200
777,1622,200
777,1623,200
777,1624,200
777,1625,200
777,1626,200
777,1627,200
777,1628,200
777,1629,200
777,1630,200
777,1631,200
777,1632,200
777,1633,200
777,1634,200
777,1635,200
777,1636,200
777,1637,200
777,1638,200
777,1639,200
777,1640,200
777,1641,200
777,1642,200
777,1643,200
777,1644,200
777,1645,200
777,1646,200
777,1647,200
777,1648,200
777,1649,200
777,1650,200
777,1651,200
777,1652,200
777,1653,200
777,1654,200
777,1655,200
777,1656,200
777,1657,200
777,1658,113
777,1659,200
777,1660,200
777,1661,200
777,1662,200
777,1663,200
777,1664,200
777,1665,200
777,1666,200
777,1667,200
777,1668,200
777,1669,200
777,1670,200
777,1671,200
777,1672,200
777,1673,200
777,1674,200
777,1675,200
777,1676,200
777,1677,200
777,1678,200
777,1679,200
777,1680,200
777,1681,200
777,1682,200
777,1683,200
777,1684,200
777,1685,200
777,1686,200
777,1687,200
777,1688,200
777,1689,200
777,1690,200
777,1691,200
777,1692,200
777,1693,200
777,1694,200
777,1695,200
777,1696,200
777,1697,200
777,1698,200
777,1699,200
777,1700,200
777,1701,200
777,1702,200
777,1703,200
777,1704,200
777,1705,200
777,1706,200
777,1707,200
777,1708,200
777,1709,200
777,1710,200
777,1711,200
777,1712,200
777,1713,200
777,1714,200
777,1715,200
777,1716,200
777,1717,200
777,1718,200
777,1719,200
777,1720,200
777,1721,200
777,1722,200
777,1723,200
777,1724,200
777,1725,200
777,1726,200
777,1727,200
777,1728,200
777,1729,200
777,1730,200
777,1731,200
777,1732,200
777,1733,200
777,1734,200
777,1735,200
777,1736,200
777,1737,200
777,1738,200
777,1739,200
777,1740,200
777,1741,200
777,1742,200
777,1743,200
777,1744,200
777,1745,200
777,1746,200
777,1747,200
777,1748,200
777,1749,200
777,1750,200
777,1751,200
777,1752,200
777,1753,200
777,1754,200
777,1755,200
777,1756,200
777,1757,200
777,1758,200
777,1759,200
777,1760,200
777,1761,200
777,1762,200
777,1763,200
777,1764,200
777,1765,200
777,1766,200
777,1767,200
777,1768,200
777,1769,200
777,1770,200
777,1771,200
777,1772,200
777,1773,200
777,1774,200
777,1775,200
777,1776,200
777,1777,200
777,1778,200
777,1779,200
777,1780,200
777,1781,200
777,1782,200
777,1783,200
777,1784,200
777,1785,200
777,1786,200
777,1787,200
777,1788,200
777,1789,200
777,1790,200
777,1791,200
777,1792,200
777,1793,200
777,1794,200
777,1795,200
777,1796,200
777,1797,200
777,1798,200
777,1799,200
777,1800,200
777,1801,200
777,1802,200
777,1803,200
777,1804,200
777,1805,200
777,1806,200
777,1807,200
777,1808,200
777,1809,200
777,1810,200
777,1811,200
777,1812,200
777,1813,200
777,1814,200
777,1815,200
777,1816,200
777,1817,200
777,1818,200
777,1819,200
777,1820,200
777,1821,200
777,1822,200
777,1823,200
777,1824,200
777,1825,200
777,1826,200
777,1827,200
777,1828,200
777,1829,200
777,1830,200
777,1831,200
777,1832,200
777,1833,200
777,1834,200
777,1835,200
777,1836,200
777,1837,200
777,1838,200
777,1839,200
777,1840,200
777,1841,200
777,1842,200
777,1843,200
777,1844,200
777,1845,200
777,1846,200
777,1847,200
777,1848,200
777,1849,200
777,1850,200
777,1851,200
777,1852,200
777,1853,200
777,1854,200
777,1855,200
777,1856,200
777,1857,200
777,1858,200
777,1859,200
777,1860,200
777,1861,200
777,1862,200
777,1863,200
777,1864,200
777,1865,200
777,1866,200
777,1867,200
777,1868,200
777,1869,200
777,1870,200
777,1871,200
777,1872,200
777,1873,200
777,1874,200
777,1875,200
777,1876,200
777,1877,200
777,1878,200
777,1879,200
777,1880,200
777,1881,200
777,1882,200
777,1883,200
777,1884,200
777,1885,200
777,1886,200
777,1887,200
777,1888,200
777,1889,200
777,1890,200
777,1891,200
777,1892,200
777,1893,200
777,1894,200
777,1895,200
777,1896,200
777,1897,200
777,1898,200
777,1899,200
777,1900,200
777,1901,200
777,1902,200
777,1903,200
777,1904,200
777,1905,200
777,1906,200
777,1907,200
777,1908,200
777,1909,200
777,1910,200
777,1911,200
777,1912,200
777,1913,200
777,1914,200
777,1915,200
777,1916,200
777,1917,200
777,1918,200
777,1919,200
777,1920,200
777,1921,200
777,1922,200
777,1923,200
777,1924,200
777,1925,200
777,1926,200
777,1927,200
777,1928,200
777,1929,200
777,1930,200
777,1931,200
777,1932,200
777,1933,200
777,1934,200
777,1935,112
777,1936,200
777,1937,200
777,1938,200
777,1939,200
777,1940,200
777,1941,200
777,1942,200
777,1943,200
777,1944,200
777,1945,200
777,1946,200
777,1947,200
777,1948,200
777,1949,200
777,1950,200
777,1951,200
777,1952,200
777,1953,200
777,1954,200
777,1955,200
777,1956,200
777,1957,200
777,1958,200
777,1959,200
777,1960,200
777,1961,200
777,1962,200
777,1963,200
777,1964,200
777,1965,200
777,1966,200
777,1967,200
777,1968,200
777,1969,200
777,1970,200
777,1971,200
777,1972,200
777,1973,200
777,1974,200
777,1975,200
777,1976,200
777,1977,200
777,1978,200
777,1979,200
777,1980,200
777,1981,200
777,1982,200
777,1983,200
777,1984,200
777,1985,200
777,1986,200
777,1987,200
777,1988,200
777,1989,200
777,1990,200
777,1991,200
777,1992,200
777,1993,200
777,1994,200
777,1995,200
777,1996,200
777,1997,200
777,1998,200
777,1999,200
777,2000,200
777,2001,200
777,2002,200
777,2003,200
777,2004,200
777,2005,200
777,2006,200
777,2007,200
777,2008,200
777,2009,200
777,2010,200
777,2011,200
777,2012,200
777,2013,200
777,2014,200
777,2015,200
777,2016,148
777,2017,200
777,2018,200
777,2019,200
777,2020,200
777,2021,200
777,2022,200
777,2023,200
777,2024,200
777,2025,200
777,2026,200
777,2027,200
777,2028,200
777,2029,200
777,2030,200
777,2031,200
777,2032,200
777,2033,200
777,2034,200
777,2035,200
777,2036,200
777,2037,200
777,2038,200
777,2039,200
777,2040,200
777,2041,200
777,2042,200
777,2043,200
777,2044,200
777,2045,200
777,2046,200
777,2047,200
777,2048,200
777,2049,200
777,2050,200
777,2051,200
777,2052,200
777,2053,200
777,2054,200
777,2055,200
777,2056,200
777,2057,200
777,2058,200
777,2059,200
777,2060,200
777,2061,200
777,2062,200
777,2063,200
777,2064,200
777,2065,200
777,2066,200
777,2067,200
777,2068,200
777,2069,200
777,2070,200
777,2071,200
777,2072,200
777,2073,200
777,2074,200
777,2075,200
777,2076,200
777,2077,200
777,2078,200
777,2079,200
777,2080,200
777,2081,200
777,2082,200
777,2083,200
777,2084,200
777,2085,200
777,2086,200
777,2087,200
777,2088,200
777,2089,200
777,2090,200
777,2091,200
777,2092,200
777,2093,200
777,2094,200
777,2095,200
777,2096,200
777,2097,200
777,2098,200
777,2099,200
777,2100,200
777,2101,200
777,2102,200
777,2103,200
777,2104,200
777,2105,200
777,2106,200
777,2107,200
777,2108,200
777,2109,200
777,2110,200
777,2111,200
777,2112,200
777,2113,200
777,2114,200
777,2115,200
777,2116,200
777,2117,200
777,2118,200
777,2119,200
777,2120,200
777,2121,200
777,2122,200
777,2123,200
777,2124,200
777,2125,200
777,2126,200
777,2127,200
777,2128,200
777,2129,200
777,2130,200
777,2131,200
777,2132,200
777,2133,200
777,2134,200
777,2135,200
777,2136,200
777,2137,200
777,2138,200
777,2139,200
777,2140,200
777,2141,200
777,2142,200
777,2143,200
777,2144,200
777,2145,200
777,2146,200
777,2147,200
777,2148,200
777,2149,200
777,2150,200
777,2151,200
777,2152,200
777,2153,200
777,2154,200
777,2155,200
777,2156,200
777,2157,200
777,2158,200
777,2159,200
777,2160,152
777,2161,200
777,2162,200
777,2163,200
777,2164,200
777,2165,200
777,2166,200
777,2167,200
777,2168,200
777,2169,200
777,2170,200
777,2171,184
777,2172,200
777,2173,200
777,2174,126
777,2175,200
777,2176,200
777,2177,200
777,2178,200
777,2179,200
777,2180,200
777,2181,200
777,2182,200
777,2183,200
777,2184,200
777,2185,200
777,2186,200
777,2187,200
777,2188,200
777,2189,200
777,2190,200
777,2191,200
777,2192,200
777,2193,200
777,2194,200
777,2195,200
777,2196,200
777,2197,200
777,2198,200
777,2199,200
777,2200,200
777,2201,200
777,2202,200
777,2203,200
777,2204,200
777,2205,200
777,2206,200
777,2207,200
777,2208,200
777,2209,200
777,2210,200
777,2211,200
777,2212,200
777,2213,200
777,2214,200
777,2215,200
777,2216,200
777,2217,200
777,2218,200
777,2219,200
777,2220,200
777,2221,89
777,2222,200
777,2223,200
777,2224,200
777,2225,200
777,2226,200
777,2227,200
777,2228,200
777,2229,200
777,2230,200
777,2231,200
777,2232,200
777,2233,200
777,2234,200
777,2235,147
777,2236,96
777,2237,200
777,2238,200
777,2239,200
777,2240,200
777,2241,200
777,2242,200
777,2243,200
777,2244,200
777,2245,200
777,2246,200
777,2247,200
777,2248,200
777,2249,200
777,2250,200
777,2251,200
777,2252,200
777,2253,200
777,2254,200
777,2255,200
777,2256,200
777,2257,200
777,2258,200
777,2259,200
777,2260,200
777,2261,200
777,2262,200
777,2263,200
777,2264,200
777,2265,200
777,2266,200
777,2267,200
777,2268,200
777,2269,200
777,2270,141
777,2271,200
777,2272,200
777,2273,200
777,2274,200
777,2275,200
777,2276,200
777,2277,200
777,2278,200
777,2279,200
777,2280,200
777,2281,200
777,2282,200
777,2283,200
777,2284,200
777,2285,200
777,2286,200
777,2287,200
777,2288,200
777,2289,200
777,2290,200
777,2291,200
777,2292,200
777,2293,200
777,2294,200
777,2295,200
777,2296,200
777,2297,200
777,2298,200
777,2299,200
777,2300,200
777,2301,200
777,2302,200
777,2303,200
777,2304,200
777,2305,200
777,2306,200
777,2307,200
777,2308,200
777,2309,200
777,2310,200
777,2311,200
777,2312,200
777,2313,200
777,2314,200
777,2315,200
777,2316,200
777,2317,200
777,2318,200
777,2319,200
777,2320,200
777,2321,200
777,2322,200
777,2323,200
777,2324,200
777,2325,200
777,2326,200
777,2327,200
777,2328,200
777,2329,200
777,2330,200
777,2331,200
777,2332,200
777,2333,200
777,2334,200
777,2335,200
777,2336,200
777,2337,200
777,2338,200
777,2339,200
777,2340,200
777,2341,200
777,2342,200
777,2343,200
777,2344,200
777,2345,200
777,2346,200
777,2347,200
777,2348,200
777,2349,200
777,2350,200
777,2351,200
777,2352,200
777,2353,200
777,2354,200
777,2355,200
777,2356,200
777,2357,200
777,2358,200
777,2359,200
777,2360,200
777,2361,200
777,2362,200
777,2363,200
777,2364,200
777,2365,200
777,2366,200
777,2367,200
777,2368,200
777,2369,200
777,2370,200
777,2371,200
777,2372,200
777,2373,200
777,2374,200
777,2375,200
777,2376,200
777,2377,200
777,2378,200
777,2379,200
777,2380,200
777,2381,200
777,2382,200
777,2383,200
777,2384,200
777,2385,100
777,2386,200
777,2387,200
777,2388,200
777,2389,200
777,2390,200
777,2391,200
777,2392,200
777,2393,200
777,2394,200
777,2395,200
777,2396,200
777,2397,200
777,2398,200
777,2399,200
777,2400,200
777,2401,200
777,2402,200
777,2403,200
777,2404,200
777,2405,200
777,2406,200
777,2407,200
777,2408,200
777,2409,200
777,2410,200
777,2411,200
777,2412,200
777,2413,200
777,2414,200
777,2415,200
777,2416,200
777,2417,200
777,2418,200
777,2419,74
777,2420,200
777,2421,200
777,2422,200
777,2423,200
777,2424,200
777,2425,200
777,2426,200
777,2427,200
777,2428,200
777,2429,200
777,2430,200
777,2431,200
777,2432,200
777,2433,200
777,2434,200
777,2435,200
777,2436,200
777,2437,200
777,2438,183
777,2439,200
777,2440,200
777,2441,200
777,2442,200
777,2443,200
777,2444,200
777,2445,200
777,2446,200
777,2447,200
777,2448,200
777,2449,200
777,2450,200
777,2451,200
777,2452,200
777,2453,200
777,2454,200
777,2455,200
777,2456,200
777,2457,200
777,2458,200
777,2459,200
777,2460,200
777,2461,200
777,2462,200
777,2463,200
777,2464,200
777,2465,200
777,2466,200
777,2467,200
777,2468,200
777,2469,200
777,2470,200
777,2471,200
777,2472,200
777,2473,200
777,2474,200
777,2475,200
777,2476,200
777,2477,200
777,2478,200
777,2479,200
777,2480,200
777,2481,200
777,2482,200
777,2483,200
777,2484,200
777,2485,200
777,2486,200
777,2487,200
777,2488,200
777,2489,200
777,2490,200
777,2491,200
777,2492,200
777,2493,200
777,2494,200
777,2495,200
777,2496,200
777,2497,200
777,2498,200
777,2499,200
777,2500,200
777,2501,200
777,2502,148
777,2503,200
777,2504,200
777,2505,200
777,2506,200
777,2507,200
777,2508,200
777,2509,200
777,2510,200
777,2511,200
777,2512,200
777,2513,200
777,2514,200
777,2515,200
777,2516,200
777,2517,200
777,2518,45
777,2519,200
777,2520,200
777,2521,200
777,2522,200
777,2523,200
777,2524,200
777,2525,200
777,2526,200
777,2527,200
777,2528,200
777,2529,200
777,2530,200
777,2531,200
777,2532,200
777,2533,200
777,2534,200
777,2535,200
777,2536,200
777,2537,200
777,2538,200
777,2539,200
777,2540,200
777,2541,200
777,2542,200
777,2543,200
777,2544,200
777,2545,200
777,2546,200
777,2547,200
777,2548,200
777,2549,200
777,2550,200
777,2551,200
777,2552,200
777,2553,200
777,2554,200
777,2555,200
777,2556,200
777,2557,200
777,2558,200
777,2559,200
777,2560,200
777,2561,200
777,2562,200
777,2563,200
777,2564,200
777,2565,200
777,2566,200
777,2567,200
777,2568,200
777,2569,200
777,2570,200
777,2571,200
777,2572,200
777,2573,200
777,2574,200
777,2575,200
777,2576,200
777,2577,200
777,2578,200
777,2579,200
777,2580,200
777,2581,200
777,2582,200
777,2583,200
777,2584,200
777,2585,200
777,2586,200
777,2587,200
777,2588,200
777,2589,200
777,2590,200
777,2591,200
777,2592,200
777,2593,200
777,2594,200
777,2595,200
777,2596,200
777,2597,200
777,2598,200
777,2599,200
777,2600,200
777,2601,200
777,2602,200
777,2603,200
777,2604,200
777,2605,200
777,2606,200
777,2607,200
777,2608,200
777,2609,200
777,2610,200
777,2611,200
777,2612,200
777,2613,57
777,2614,200
777,2615,200
777,2616,200
777,2617,200
777,2618,200
777,2619,200
777,2620,200
777,2621,200
777,2622,200
777,2623,200
777,2624,200
777,2625,200
777,2626,200
777,2627,200
777,2628,200
777,2629,200
777,2630,200
777,2631,200
777,2632,200
777,2633,200
777,2634,200
777,2635,200
777,2636,74
777,2637,200
777,2638,200
777,2639,200
777,2640,200
777,2641,200
777,2642,200
777,2643,200
777,2644,200
777,2645,200
777,2646,200
777,2647,200
777,2648,200
777,2649,200
777,2650,200
777,2651,200
777,2652,200
777,2653,200
777,2654,200
777,2655,200
777,2656,200
777,2657,200
777,2658,200
777,2659,200
777,2660,200
777,2661,200
777,2662,200
777,2663,200
777,2664,200
777,2665,200
777,2666,200
777,2667,200
777,2668,200
777,2669,200
777,2670,200
777,2671,200
777,2672,200
777,2673,200
777,2674,200
777,2675,200
777,2676,200
777,2677,200
777,2678,200
777,2679,200
777,2680,200
777,2681,200
777,2682,200
777,2683,200
777,2684,200
777,2685,67
777,2686,200
777,2687,200
777,2688,200
777,2689,200
777,2690,200
777,2691,200
777,2692,200
777,2693,200
777,2694,200
777,2695,200
777,2696,200
777,2697,200
777,2698,200
777,2699,200
777,2700,200
777,2701,200
777,2702,200
777,2703,200
777,2704,200
777,2705,200
777,2706,200
777,2707,200
777,2708,200
777,2709,200
777,2710,200
777,2711,200
777,2712,200
777,2713,200
777,2714,200
777,2715,200
777,2716,200
777,2717,200
777,2718,200
777,2719,200
777,2720,200
777,2721,200
777,2722,200
777,2723,200
777,2724,200
777,2725,200
777,2726,200
777,2727,200
777,2728,200
777,2729,200
777,2730,200
777,2731,200
777,2732,200
777,2733,200
777,2734,200
777,2735,200
777,2736,200
777,2737,200
777,2738,200
777,2739,200
777,2740,200
777,2741,200
777,2742,200
777,2743,200
777,2744,200
777,2745,200
777,2746,200
777,2747,200
777,2748,200
777,2749,200
777,2750,200
777,2751,200
777,2752,200
777,2753,200
777,2754,200
777,2755,200
777,2756,200
777,2757,200
777,2758,200
777,2759,200
777,2760,200
777,2761,200
777,2762,200
777,2763,200
777,2764,200
777,2765,200
777,2766,200
777,2767,200
777,2768,200
777,2769,200
777,2770,200
777,2771,200
777,2772,200
777,2773,200
777,2774,200
777,2775,200
777,2776,200
777,2777,200
777,2778,200
777,2779,200
777,2780,200
777,2781,200
777,2782,200
777,2783,200
777,2784,200
777,2785,200
777,2786,200
777,2787,200
777,2788,200
777,2789,200
777,2790,200
777,2791,200
777,2792,200
777,2793,200
777,2794,200
777,2795,200
777,2796,200
777,2797,200
777,2798,200
777,2799,200
777,2800,200
777,2801,200
777,2802,200
777,2803,200
777,2804,200
777,2805,200
777,2806,200
777,2807,200
777,2808,200
777,2809,200
777,2810,200
777,2811,200
777,2812,200
777,2813,200
777,2814,200
777,2815,200
777,2816,200
777,2817,200
777,2818,200
777,2819,200
777,2820,200
777,2821,200
777,2822,200
777,2823,200
777,2824,200
777,2825,200
777,2826,200
777,2827,200
777,2828,200
777,2829,200
777,2830,200
777,2831,200
777,2832,200
777,2833,200
777,2834,200
777,2835,200
777,2836,200
777,2837,200
777,2838,200
777,2839,200
777,2840,200
777,2841,200
777,2842,200
777,2843,200
777,2844,200
777,2845,200
777,2846,92
777,2847,200
777,2848,200
777,2849,200
777,2850,200
777,2851,200
777,2852,200
777,2853,70
777,2854,200
777,2855,200
777,2856,200
777,2857,200
777,2858,200
777,2859,200
777,2860,200
777,2861,200
777,2862,200
777,2863,200
777,2864,200
777,2865,200
777,2866,200
777,2867,200
777,2868,200
777,2869,200
777,2870,200
777,2871,200
777,2872,200
777,2873,200
777,2874,200
777,2875,200
777,2876,200
777,2877,200
777,2878,200
777,2879,200
777,2880,200
777,2881,128
777,2882,200
777,2883,200
777,2884,200
777,2885,200
777,2886,200
777,2887,200
777,2888,200
777,2889,200
777,2890,200
777,2891,200
777,2892,200
777,2893,200
777,2894,200
777,2895,200
777,2896,200
777,2897,200
777,2898,200
777,2899,200
777,2900,200
777,2901,200
777,2902,200
777,2903,200
777,2904,66
777,2905,38
777,2906,200
777,2907,200
777,2908,200
777,2909,200
777,2910,127
777,2911,200
777,2912,179
777,2913,200
777,2914,200
777,2915,200
777,2916,200
777,2917,200
777,2918,200
777,2919,200
777,2920,200
777,2921,200
777,2922,200
777,2923,200
777,2924,200
777,2925,200
777,2926,200
777,2927,200
777,2928,200
777,2929,200
777,2930,200
777,2931,200
777,2932,200
777,2933,200
777,2934,200
777,2935,200
777,2936,200
777,2937,200
777,2938,200
777,2939,200
777,2940,200
777,2941,200
777,2942,200
777,2943,200
777,2944,200
777,2945,200
777,2946,200
777,2947,200
777,2948,200
777,2949,200
777,2950,200
777,2951,200
777,2952,200
777,2953,200
777,2954,200
777,2955,200
777,2956,200
777,2957,200
777,2958,200
777,2959,200
777,2960,200
777,2961,200
777,2962,200
777,2963,200
777,2964,200
777,2965,200
777,2966,200
777,2967,200
777,2968,200
777,2969,200
777,2970,200
777,2971,200
777,2972,200
777,2973,200
777,2974,200
777,2975,200
777,2976,200
777,2977,200
777,2978,200
777,2979,200
777,2980,200
777,2981,200
777,2982,200
777,2983,200
777,2984,200
777,2985,200
777,2986,154
777,2987,200
777,2988,200
777,2989,200
777,2990,200
777,2991,200
777,2992,200
777,2993,200
777,2994,200
777,2995,200
777,2996,200
777,2997,200
777,2998,200
777,2999,200
999,0,48
999,1,200
999,2,200
999,3,200
999,4,200
999,5,103
999,6,200
999,7,9
999,8,200
999,9,200
999,10,200
999,11,200
999,12,200
999,13,200
999,14,24
999,15,200
999,16,200
999,17,200
999,18,200
999,19,12
999,20,200
999,21,12
999,22,200
999,23,200
999,24,12
999,25,200
999,26,47
999,27,200
999,28,200
999,29,200
999,30,200
999,31,200
999,32,200
999,33,200
999,34,200
999,35,200
999,36,200
999,37,200
999,38,200
999,39,200
999,40,200
999,41,200
999,42,117
999,43,200
999,44,200
999,45,200
999,46,200
999,47,200
999,48,9
999,49,200
999,50,25
999,51,11
999,52,200
999,53,200
999,54,38
999,55,200
999,56,200
999,57,200
999,58,200
999,59,9
999,60,200
999,61,200
999,62,200
999,63,200
999,64,200
999,65,19
999,66,200
999,67,200
999,68,200
999,69,200
999,70,8
999,71,200
999,72,200
999,73,200
999,74,152
999,75,200
999,76,200
999,77,200
999,78,200
999,79,200
999,80,79
999,81,200
999,82,12
999,83,200
999,84,9
999,85,200
999,86,200
999,87,113
999,88,11
999,89,200
999,90,9
999,91,200
999,92,200
999,93,10
999,94,200
999,95,200
999,96,9
999,97,200
999,98,11
999,99,200
999,100,31
999,101,13
999,102,200
999,103,200
999,104,200
999,105,200
999,106,200
999,107,200
999,108,200
999,109,200
999,110,200
999,111,146
999,112,14
999,113,200
999,114,200
999,115,118
999,116,200
999,117,200
999,118,12
999,119,8
999,120,200
999,121,200
999,122,17
999,123,200
999,124,32
999,125,36
999,126,200
999,127,11
999,128,200
999,129,200
999,130,200
999,131,200
999,132,10
999,133,200
999,134,200
999,135,200
999,136,200
999,137,200
999,138,200
999,139,200
999,140,10
999,141,200
999,142,7
999,143,200
999,144,17
999,145,200
999,146,200
999,147,200
999,148,200
999,149,7
999,150,200
999,151,200
999,152,200
999,153,200
999,154,9
999,155,12
999,156,200
999,157,200
999,158,200
999,159,200
999,160,200
999,161,200
999,162,200
999,163,200
999,164,82
999,165,200
999,166,200
999,167,24
999,168,200
999,169,28
999,170,200
999,171,200
999,172,200
999,173,200
999,174,7
999,175,200
999,176,14
999,177,200
999,178,200
999,179,35
999,180,10
999,181,9
999,182,200
999,183,200
999,184,200
999,185,200
999,186,200
999,187,13
999,188,200
999,189,11
999,190,200
999,191,200
999,192,200
999,193,200
999,194,200
999,195,11
999,196,200
999,197,200
999,198,200
999,199,200
999,200,200
999,201,11
999,202,200
999,203,200
999,204,11
999,205,200
999,206,200
999,207,200
999,208,8
999,209,200
999,210,200
999,211,200
999,212,12
999,213,200
999,214,200
999,215,200
999,216,200
999,217,200
999,218,200
999,219,10
999,220,200
999,221,200
999,222,200
999,223,200
999,224,200
999,225,200
999,226,200
999,227,200
999,228,200
999,229,200
999,230,200
999,231,200
999,232,200
999,233,200
999,234,10
999,235,12
999,236,7
999,237,9
999,238,12
999,239,200
999,240,200
999,241,23
999,242,200
999,243,200
999,244,200
999,245,16
999,246,18
999,247,7
999,248,94
999,249,200
999,250,200
999,251,34
999,252,200
999,253,200
999,254,200
999,255,26
999,256,200
999,257,200
999,258,200
999,259,200
999,260,200
999,261,200
999,262,200
999,263,200
999,264,200
999,265,12
999,266,200
999,267,13
999,268,200
999,269,200
999,270,200
999,271,7
999,272,200
999,273,200
999,274,200
999,275,200
999,276,200
999,277,9
999,278,200
999,279,200
999,280,200
999,281,7
999,282,21
999,283,14
999,284,200
999,285,200
999,286,200
999,287,200
999,288,200
999,289,12
999,290,200
999,291,200
999,292,200
999,293,200
999,294,200
999,295,200
999,296,42
999,297,22
999,298,200
999,299,200
999,300,200
999,301,200
999,302,200
999,303,200
999,304,11
999,305,200
999,306,8
999,307,200
999,308,200
999,309,21
999,310,200
999,311,200
999,312,200
999,313,200
999,314,200
999,315,200
999,316,200
999,317,200
999,318,200
999,319,200
999,320,13
999,321,200
999,322,200
999,323,200
999,324,200
999,325,11
999,326,9
999,327,200
999,328,200
999,329,200
999,330,200
999,331,200
999,332,200
999,333,200
999,334,200
999,335,200
999,336,200
999,337,200
999,338,200
999,339,200
999,340,200
999,341,13
999,342,200
999,343,200
999,344,200
999,345,25
999,346,36
999,347,12
999,348,200
999,349,200
999,350,22
999,351,200
999,352,200
999,353,200
999,354,9
999,355,200
999,356,200
999,357,200
999,358,200
999,359,200
999,360,200
999,361,200
999,362,200
999,363,200
999,364,200
999,365,200
999,366,7
999,367,200
999,368,200
999,369,200
999,370,20
999,371,200
999,372,10
999,373,200
999,374,8
999,375,200
999,376,200
999,377,12
999,378,9
999,379,200
999,380,11
999,381,200
999,382,200
999,383,200
999,384,200
999,385,12
999,386,200
999,387,12
999,388,200
999,389,200
999,390,200
999,391,200
999,392,200
999,393,200
999,394,14
999,395,200
999,396,200
999,397,18
999,398,200
999,399,200
999,400,200
999,401,200
999,402,200
999,403,200
999,404,157
999,405,200
999,406,12
999,407,200
999,408,11
999,409,200
999,410,200
999,411,200
999,412,200
999,413,9
999,414,200
999,415,9
999,416,200
999,417,200
999,418,200
999,419,10
999,420,19
999,421,11
999,422,61
999,423,200
999,424,12
999,425,27
999,426,200
999,427,200
999,428,9
999,429,200
999,430,200
999,431,200
999,432,200
999,433,200
999,434,200
999,435,200
999,436,11
999,437,14
999,438,96
999,439,15
999,440,86
999,441,200
999,442,200
999,443,200
999,444,20
999,445,200
999,446,200
999,447,200
999,448,200
999,449,200
999,450,13
999,451,200
999,452,8
999,453,200
999,454,200
999,455,200
999,456,200
999,457,200
999,458,200
999,459,14
999,460,200
999,461,200
999,462,24
999,463,200
999,464,200
999,465,200
999,466,200
999,467,200
999,468,200
999,469,200
999,470,200
999,471,200
999,472,200
999,473,19
999,474,200
999,475,200
999,476,145
999,477,200
999,478,200
999,479,14
999,480,13
999,481,88
999,482,200
999,483,200
999,484,200
999,485,200
999,486,200
999,487,200
999,488,8
999,489,12
999,490,200
999,491,15
999,492,200
999,493,15
999,494,200
999,495,200
999,496,200
999,497,200
999,498,200
999,499,200
999,500,200
999,501,16
999,502,200
999,503,200
999,504,200
999,505,200
999,506,200
999,507,200
999,508,200
999,509,12
999,510,16
999,511,200
999,512,200
999,513,200
999,514,200
999,515,200
999,516,200
999,517,9
999,518,200
999,519,200
999,520,200
999,521,14
999,522,12
999,523,200
999,524,200
999,525,200
999,526,10
999,527,200
999,528,88
999,529,13
999,530,200
999,531,200
999,532,200
999,533,200
999,534,200
999,535,200
999,536,200
999,537,200
999,538,200
999,539,200
999,540,200
999,541,14
999,542,89
999,543,200
999,544,200
999,545,200
999,546,15
999,547,13
999,548,200
999,549,9
999,550,200
999,551,200
999,552,200
999,553,200
999,554,200
999,555,200
999,556,200
999,557,200
999,558,200
999,559,200
999,560,200
999,561,200
999,562,11
999,563,200
999,564,200
999,565,200
999,566,14
999,567,200
999,568,200
999,569,200
999,570,19
999,571,200
999,572,8
999,573,200
999,574,200
999,575,14
999,576,200
999,577,200
999,578,200
999,579,200
999,580,8
999,581,200
999,582,200
999,583,200
999,584,200
999,585,15
999,586,200
999,587,200
999,588,200
999,589,200
999,590,200
999,591,200
999,592,200
999,593,200
999,594,200
999,595,200
999,596,12
999,597,13
999,598,200
999,599,200
999,600,200
999,601,200
999,602,200
999,603,200
999,604,10
999,605,200
999,606,200
999,607,8
999,608,200
999,609,200
999,610,200
999,611,200
999,612,200
999,613,200
999,614,10
999,615,12
999,616,200
999,617,200
999,618,200
999,619,200
999,620,32
999,621,200
999,622,200
999,623,200
999,624,200
999,625,14
999,626,200
999,627,35
999,628,200
999,629,200
999,630,200
999,631,200
999,632,200
999,633,200
999,634,200
999,635,200
999,636,200
999,637,200
999,638,8
999,639,200
999,640,200
999,641,8
999,642,200
999,643,200
999,644,15
999,645,200
999,646,200
999,647,200
999,648,15
999,649,200
999,650,12
999,651,200
999,652,200
999,653,200
999,654,200
999,655,200
999,656,15
999,657,200
999,658,200
999,659,200
999,660,200
999,661,13
999,662,10
999,663,200
999,664,200
999,665,36
999,666,200
999,667,200
999,668,11
999,669,200
999,670,200
999,671,200
999,672,200
999,673,200
999,674,200
999,675,15
999,676,200
999,677,200
999,678,200
999,679,200
999,680,200
999,681,200
999,682,12
999,683,200
999,684,10
999,685,200
999,686,200
999,687,200
999,688,200
999,689,200
999,690,200
999,691,200
999,692,200
999,693,200
999,694,200
999,695,200
999,696,200
999,697,200
999,698,200
999,699,200
999,700,77
999,701,200
999,702,200
999,703,12
999,704,200
999,705,200
999,706,200
999,707,200
999,708,200
999,709,200
999,710,13
999,711,13
999,712,200
999,713,200
999,714,200
999,715,200
999,716,200
999,717,200
999,718,200
999,719,10
999,720,200
999,721,200
999,722,200
999,723,11
999,724,200
999,725,200
999,726,200
999,727,200
999,728,17
999,729,200
999,730,200
999,731,200
999,732,200
999,733,200
999,734,200
999,735,200
999,736,200
999,737,200
999,738,200
999,739,200
999,740,200
999,741,21
999,742,200
999,743,200
999,744,200
999,745,200
999,746,200
999,747,200
999,748,200
999,749,200
999,750,200
999,751,200
999,752,200
999,753,200
999,754,200
999,755,200
999,756,200
999,757,200
999,758,200
999,759,200
999,760,200
999,761,200
999,762,200
999,763,200
999,764,200
999,765,200
999,766,15
999,767,200
999,768,200
999,769,200
999,770,200
999,771,10
999,772,200
999,773,200
999,774,14
999,775,200
999,776,200
999,777,200
999,778,95
999,779,200
999,780,12
999,781,200
999,782,200
999,783,200
999,784,200
999,785,200
999,786,9
999,787,200
999,788,200
999,789,200
999,790,14
999,791,200
999,792,200
999,793,200
999,794,200
999,795,200
999,796,200
999,797,200
999,798,200
999,799,200
999,800,200
999,801,59
999,802,200
999,803,13
999,804,200
999,805,200
999,806,200
999,807,19
999,808,200
999,809,10
999,810,200
999,811,200
999,812,200
999,813,200
999,814,200
999,815,200
999,816,13
999,817,200
999,818,200
999,819,20
999,820,200
999,821,200
999,822,200
999,823,200
999,824,200
999,825,200
999,826,200
999,827,200
999,828,17
999,829,13
999,830,200
999,831,200
999,832,200
999,833,200
999,834,200
999,835,200
999,836,12
999,837,200
999,838,200
999,839,11
999,840,200
999,841,200
999,842,200
999,843,10
999,844,200
999,845,9
999,846,200
999,847,200
999,848,15
999,849,200
999,850,200
999,851,200
999,852,200
999,853,200
999,854,200
999,855,21
999,856,200
999,857,19
999,858,67
999,859,200
999,860,200
999,861,200
999,862,61
999,863,200
999,864,200
999,865,69
999,866,200
999,867,200
999,868,200
999,869,200
999,870,200
999,871,200
999,872,15
999,873,200
999,874,200
999,875,200
999,876,200
999,877,200
999,878,200
999,879,200
999,880,200
999,881,200
999,882,200
999,883,47
999,884,200
999,885,200
999,886,200
999,887,200
999,888,200
999,889,200
999,890,200
999,891,12
999,892,200
999,893,200
999,894,9
999,895,200
999,896,200
999,897,200
999,898,200
999,899,200
999,900,200
999,901,200
999,902,13
999,903,200
999,904,200
999,905,200
999,906,200
999,907,200
999,908,200
999,909,200
999,910,200
999,911,200
999,912,200
999,913,200
999,914,200
999,915,200
999,916,200
999,917,160
999,918,200
999,919,200
999,920,200
999,921,200
999,922,200
999,923,200
999,924,200
999,925,200
999,926,200
999,927,200
999,928,200
999,929,200
999,930,200
999,931,200
999,932,200
999,933,170
999,934,200
999,935,200
999,936,200
999,937,200
999,938,200
999,939,200
999,940,200
999,941,200
999,942,200
999,943,200
999,944,200
999,945,200
999,946,200
999,947,200
999,948,119
999,949,200
999,950,200
999,951,200
999,952,200
999,953,200
999,954,200
999,955,200
999,956,200
999,957,200
999,958,200
999,959,200
999,960,200
999,961,200
999,962,155
999,963,200
999,964,200
999,965,200
999,966,132
999,967,200
999,968,200
999,969,200
999,970,200
999,971,200
999,972,200
999,973,200
999,974,81
999,975,200
999,976,200
999,977,200
999,978,200
999,979,163
999,980,200
999,981,200
999,982,200
999,983,200
999,984,200
999,985,200
999,986,200
999,987,200
999,988,200
999,989,200
999,990,200
999,991,200
999,992,200
999,993,200
999,994,200
999,995,200
999,996,200
999,997,152
999,998,200
999,999,200
999,1000,200
999,1001,200
999,1002,200
999,1003,200
999,1004,200
999,1005,200
999,1006,200
999,1007,200
999,1008,200
999,1009,200
999,1010,200
999,1011,200
999,1012,200
999,1013,200
999,1014,200
999,1015,200
999,1016,200
999,1017,200
999,1018,200
999,1019,200
999,1020,200
999,1021,200
999,1022,200
999,1023,200
999,1024,17
999,1025,200
999,1026,200
999,1027,39
999,1028,200
999,1029,200
999,1030,200
999,1031,200
999,1032,200
999,1033,200
999,1034,200
999,1035,200
999,1036,200
999,1037,200
999,1038,103
999,1039,200
999,1040,200
999,1041,200
999,1042,200
999,1043,200
999,1044,200
999,1045,200
999,1046,200
999,1047,200
999,1048,200
999,1049,35
999,1050,200
999,1051,200
999,1052,200
999,1053,200
999,1054,200
999,1055,200
999,1056,200
999,1057,200
999,1058,200
999,1059,200
999,1060,200
999,1061,200
999,1062,200
999,1063,200
999,1064,200
999,1065,200
999,1066,200
999,1067,96
999,1068,200
999,1069,200
999,1070,200
999,1071,200
999,1072,200
999,1073,200
999,1074,200
999,1075,200
999,1076,200
999,1077,200
999,1078,92
999,1079,200
999,1080,200
999,1081,200
999,1082,200
999,1083,74
999,1084,200
999,1085,200
999,1086,200
999,1087,200
999,1088,200
999,1089,200
999,1090,200
999,1091,200
999,1092,200
999,1093,200
999,1094,200
999,1095,200
999,1096,200
999,1097,200
999,1098,200
999,1099,200
999,1100,200
999,1101,200
999,1102,200
999,1103,200
999,1104,200
999,1105,200
999,1106,200
999,1107,141
999,1108,200
999,1109,200
999,1110,200
999,1111,200
999,1112,200
999,1113,200
999,1114,200
999,1115,200
999,1116,200
999,1117,200
999,1118,200
999,1119,200
999,1120,200
999,1121,200
999,1122,200
999,1123,200
999,1124,200
999,1125,200
999,1126,200
999,1127,200
999,1128,200
999,1129,200
999,1130,200
999,1131,200
999,1132,200
999,1133,200
999,1134,200
999,1135,200
999,1136,200
999,1137,200
999,1138,200
999,1139,200
999,1140,200
999,1141,200
999,1142,200
999,1143,110
999,1144,200
999,1145,200
999,1146,200
999,1147,200
999,1148,200
999,1149,200
999,1150,200
999,1151,200
999,1152,200
999,1153,200
999,1154,200
999,1155,200
999,1156,200
999,1157,126
999,1158,200
999,1159,200
999,1160,200
999,1161,200
999,1162,200
999,1163,200
999,1164,200
999,1165,200
999,1166,200
999,1167,200
999,1168,200
999,1169,200
999,1170,200
999,1171,200
999,1172,200
999,1173,200
999,1174,200
999,1175,200
999,1176,200
999,1177,200
999,1178,200
999,1179,200
999,1180,187
999,1181,200
999,1182,200
999,1183,200
999,1184,200
999,1185,200
999,1186,200
999,1187,200
999,1188,200
999,1189,200
999,1190,200
999,1191,200
999,1192,200
999,1193,134
999,1194,200
999,1195,200
999,1196,200
999,1197,200
999,1198,200
999,1199,200
999,1200,22
999,1201,200
999,1202,200
999,1203,200
999,1204,200
999,1205,200
999,1206,200
999,1207,200
999,1208,200
999,1209,200
999,1210,200
999,1211,200
999,1212,200
999,1213,62
999,1214,200
999,1215,200
999,1216,200
999,1217,200
999,1218,200
999,1219,200
999,1220,200
999,1221,200
999,1222,200
999,1223,200
999,1224,200
999,1225,200
999,1226,200
999,1227,200
999,1228,200
999,1229,200
999,1230,200
999,1231,200
999,1232,200
999,1233,200
999,1234,200
999,1235,200
999,1236,200
999,1237,200
999,1238,200
999,1239,200
999,1240,200
999,1241,200
999,1242,200
999,1243,200
999,1244,200
999,1245,116
999,1246,200
999,1247,200
999,1248,200
999,1249,200
999,1250,200
999,1251,200
999,1252,200
999,1253,200
999,1254,200
999,1255,200
999,1256,200
999,1257,200
999,1258,200
999,1259,200
999,1260,200
999,1261,200
999,1262,121
999,1263,200
999,1264,200
999,1265,175
999,1266,200
999,1267,200
999,1268,200
999,1269,200
999,1270,200
999,1271,200
999,1272,158
999,1273,200
999,1274,200
999,1275,200
999,1276,200
999,1277,200
999,1278,200
999,1279,200
999,1280,200
999,1281,200
999,1282,200
999,1283,200
999,1284,200
999,1285,200
999,1286,200
999,1287,200
999,1288,200
999,1289,200
999,1290,200
999,1291,200
999,1292,58
999,1293,200
999,1294,200
999,1295,74
999,1296,200
999,1297,200
999,1298,200
999,1299,200
999,1300,83
999,1301,200
999,1302,39
999,1303,200
999,1304,200
999,1305,200
999,1306,200
999,1307,200
999,1308,200
999,1309,200
999,1310,200
999,1311,200
999,1312,200
999,1313,200
999,1314,200
999,1315,184
999,1316,200
999,1317,200
999,1318,200
999,1319,200
999,1320,200
999,1321,200
999,1322,200
999,1323,200
999,1324,200
999,1325,200
999,1326,200
999,1327,200
999,1328,200
999,1329,200
999,1330,200
999,1331,200
999,1332,200
999,1333,200
999,1334,200
999,1335,200
999,1336,200
999,1337,200
999,1338,200
999,1339,200
999,1340,49
999,1341,200
999,1342,200
999,1343,200
999,1344,200
999,1345,200
999,1346,200
999,1347,121
999,1348,200
999,1349,171
999,1350,200
999,1351,200
999,1352,200
999,1353,200
999,1354,200
999,1355,200
999,1356,200
999,1357,200
999,1358,200
999,1359,200
999,1360,200
999,1361,200
999,1362,200
999,1363,200
999,1364,200
999,1365,200
999,1366,200
999,1367,200
999,1368,200
999,1369,200
999,1370,200
999,1371,200
999,1372,81
999,1373,200
999,1374,200
999,1375,200
999,1376,200
999,1377,200
999,1378,200
999,1379,200
999,1380,200
999,1381,200
999,1382,200
999,1383,200
999,1384,200
999,1385,200
999,1386,200
999,1387,200
999,1388,200
999,1389,200
999,1390,200
999,1391,200
999,1392,200
999,1393,154
999,1394,200
999,1395,200
999,1396,200
999,1397,200
999,1398,126
999,1399,200
999,1400,200
999,1401,200
999,1402,200
999,1403,200
999,1404,200
999,1405,200
999,1406,200
999,1407,200
999,1408,200
999,1409,200
999,1410,200
999,1411,200
999,1412,200
999,1413,200
999,1414,200
999,1415,200
999,1416,200
999,1417,200
999,1418,200
999,1419,200
999,1420,200
999,1421,104
999,1422,200
999,1423,200
999,1424,200
999,1425,200
999,1426,200
999,1427,200
999,1428,200
999,1429,200
999,1430,200
999,1431,200
999,1432,200
999,1433,200
999,1434,200
999,1435,200
999,1436,28
999,1437,200
999,1438,200
999,1439,200
999,1440,200
999,1441,200
999,1442,200
999,1443,200
999,1444,116
999,1445,200
999,1446,200
999,1447,200
999,1448,200
999,1449,200
999,1450,200
999,1451,200
999,1452,200
999,1453,200
999,1454,200
999,1455,200
999,1456,200
999,1457,200
999,1458,200
999,1459,200
999,1460,200
999,1461,200
999,1462,200
999,1463,200
999,1464,200
999,1465,200
999,1466,200
999,1467,200
999,1468,200
999,1469,200
999,1470,200
999,1471,200
999,1472,200
999,1473,138
999,1474,200
999,1475,200
999,1476,200
999,1477,200
999,1478,200
999,1479,200
999,1480,200
999,1481,200
999,1482,152
999,1483,200
999,1484,200
999,1485,200
999,1486,200
999,1487,200
999,1488,200
999,1489,200
999,1490,200
999,1491,200
999,1492,200
999,1493,180
999,1494,200
999,1495,200
999,1496,200
999,1497,200
999,1498,45
999,1499,200
999,1500,71
999,1501,200
999,1502,200
999,1503,200
999,1504,200
999,1505,200
999,1506,200
999,1507,200
999,1508,200
999,1509,200
999,1510,200
999,1511,200
999,1512,200
999,1513,200
999,1514,200
999,1515,200
999,1516,200
999,1517,200
999,1518,200
999,1519,200
999,1520,200
999,1521,200
999,1522,200
999,1523,200
999,1524,46
999,1525,200
999,1526,38
999,1527,200
999,1528,200
999,1529,200
999,1530,80
999,1531,200
999,1532,200
999,1533,200
999,1534,200
999,1535,200
999,1536,200
999,1537,200
999,1538,200
999,1539,200
999,1540,200
999,1541,200
999,1542,200
999,1543,46
999,1544,200
999,1545,200
999,1546,200
999,1547,200
999,1548,200
999,1549,200
999,1550,200
999,1551,200
999,1552,200
999,1553,200
999,1554,200
999,1555,200
999,1556,200
999,1557,200
999,1558,200
999,1559,200
999,1560,200
999,1561,200
999,1562,200
999,1563,200
999,1564,200
999,1565,200
999,1566,200
999,1567,200
999,1568,200
999,1569,200
999,1570,200
999,1571,200
999,1572,200
999,1573,200
999,1574,200
999,1575,200
999,1576,200
999,1577,200
999,1578,200
999,1579,200
999,1580,200
999,1581,200
999,1582,200
999,1583,200
999,1584,200
999,1585,200
999,1586,200
999,1587,200
999,1588,200
999,1589,200
999,1590,200
999,1591,200
999,1592,200
999,1593,200
999,1594,200
999,1595,200
999,1596,200
999,1597,200
999,1598,200
999,1599,200
999,1600,200
999,1601,200
999,1602,102
999,1603,200
999,1604,200
999,1605,200
999,1606,200
999,1607,200
999,1608,200
999,1609,200
999,1610,200
999,1611,200
999,1612,200
999,1613,200
999,1614,200
999,1615,200
999,1616,200
999,1617,200
999,1618,200
999,1619,200
999,1620,200
999,1621,200
999,1622,200
999,1623,200
999,1624,200
999,1625,200
999,1626,200
999,1627,200
999,1628,200
999,1629,200
999,1630,200
999,1631,200
999,1632,200
999,1633,200
999,1634,200
999,1635,200
999,1636,200
999,1637,200
999,1638,200
999,1639,200
999,1640,200
999,1641,200
999,1642,200
999,1643,200
999,1644,200
999,1645,200
999,1646,200
999,1647,200
999,1648,200
999,1649,200
999,1650,200
999,1651,200
999,1652,200
999,1653,200
999,1654,200
999,1655,200
999,1656,200
999,1657,200
999,1658,200
999,1659,200
999,1660,200
999,1661,200
999,1662,200
999,1663,200
999,1664,200
999,1665,200
999,1666,200
999,1667,200
999,1668,200
999,1669,200
999,1670,200
999,1671,200
999,1672,200
999,1673,200
999,1674,200
999,1675,200
999,1676,200
999,1677,200
999,1678,200
999,1679,200
999,1680,200
999,1681,200
999,1682,200
999,1683,200
999,1684,200
999,1685,200
999,1686,200
999,1687,200
999,1688,200
999,1689,200
999,1690,200
999,1691,200
999,1692,179
999,1693,200
999,1694,200
999,1695,200
999,1696,200
999,1697,200
999,1698,200
999,1699,200
999,1700,200
999,1701,200
999,1702,200
999,1703,200
999,1704,200
999,1705,200
999,1706,140
999,1707,200
999,1708,200
999,1709,200
999,1710,200
999,1711,200
999,1712,200
999,1713,200
999,1714,200
999,1715,200
999,1716,200
999,1717,200
999,1718,200
999,1719,200
999,1720,200
999,1721,200
999,1722,200
999,1723,200
999,1724,199
999,1725,200
999,1726,200
999,1727,200
999,1728,200
999,1729,200
999,1730,200
999,1731,200
999,1732,200
999,1733,200
999,1734,200
999,1735,200
999,1736,146
999,1737,200
999,1738,200
999,1739,200
999,1740,200
999,1741,200
999,1742,200
999,1743,200
999,1744,200
999,1745,200
999,1746,200
999,1747,200
999,1748,200
999,1749,200
999,1750,200
999,1751,200
999,1752,200
999,1753,200
999,1754,200
999,1755,200
999,1756,200
999,1757,200
999,1758,192
999,1759,200
999,1760,200
999,1761,200
999,1762,200
999,1763,200
999,1764,200
999,1765,200
999,1766,200
999,1767,200
999,1768,200
999,1769,200
999,1770,200
999,1771,200
999,1772,200
999,1773,200
999,1774,200
999,1775,200
999,1776,200
999,1777,200
999,1778,200
999,1779,200
999,1780,74
999,1781,200
999,1782,200
999,1783,200
999,1784,200
999,1785,200
999,1786,200
999,1787,200
999,1788,200
999,1789,200
999,1790,200
999,1791,200
999,1792,200
999,1793,200
999,1794,200
999,1795,200
999,1796,200
999,1797,200
999,1798,200
999,1799,200
999,1800,200
999,1801,200
999,1802,200
999,1803,200
999,1804,200
999,1805,200
999,1806,200
999,1807,200
999,1808,200
999,1809,200
999,1810,200
999,1811,200
999,1812,200
999,1813,200
999,1814,200
999,1815,200
999,1816,200
999,1817,200
999,1818,200
999,1819,200
999,1820,200
999,1821,200
999,1822,200
999,1823,200
999,1824,200
999,1825,200
999,1826,200
999,1827,200
999,1828,200
999,1829,200
999,1830,200
999,1831,200
999,1832,200
999,1833,200
999,1834,200
999,1835,200
999,1836,200
999,1837,200
999,1838,200
999,1839,200
999,1840,200
999,1841,200
999,1842,200
999,1843,200
999,1844,200
999,1845,200
999,1846,200
999,1847,200
999,1848,200
999,1849,200
999,1850,200
999,1851,200
999,1852,200
999,1853,200
999,1854,200
999,1855,200
999,1856,200
999,1857,200
999,1858,200
999,1859,200
999,1860,200
999,1861,200
999,1862,200
999,1863,200
999,1864,200
999,1865,200
999,1866,200
999,1867,200
999,1868,200
999,1869,200
999,1870,200
999,1871,200
999,1872,200
999,1873,200
999,1874,200
999,1875,200
999,1876,200
999,1877,200
999,1878,200
999,1879,200
999,1880,200
999,1881,200
999,1882,200
999,1883,200
999,1884,200
999,1885,200
999,1886,200
999,1887,200
999,1888,200
999,1889,200
999,1890,200
999,1891,200
999,1892,200
999,1893,200
999,1894,200
999,1895,200
999,1896,200
999,1897,200
999,1898,200
999,1899,200
999,1900,200
999,1901,200
999,1902,200
999,1903,200
999,1904,200
999,1905,200
999,1906,200
999,1907,200
999,1908,200
999,1909,200
999,1910,200
999,1911,200
999,1912,200
999,1913,200
999,1914,200
999,1915,200
999,1916,200
999,1917,200
999,1918,200
999,1919,200
999,1920,200
999,1921,200
999,1922,200
999,1923,200
999,1924,200
999,1925,200
999,1926,200
999,1927,200
999,1928,200
999,1929,200
999,1930,200
999,1931,200
999,1932,200
999,1933,200
999,1934,200
999,1935,200
999,1936,200
999,1937,200
999,1938,200
999,1939,200
999,1940,200
999,1941,200
999,1942,200
999,1943,200
999,1944,200
999,1945,200
999,1946,200
999,1947,200
999,1948,200
999,1949,200
999,1950,200
999,1951,200
999,1952,200
999,1953,200
999,1954,200
999,1955,200
999,1956,200
999,1957,200
999,1958,200
999,1959,200
999,1960,200
999,1961,200
999,1962,200
999,1963,200
999,1964,200
999,1965,200
999,1966,200
999,1967,200
999,1968,200
999,1969,200
999,1970,200
999,1971,200
999,1972,200
999,1973,200
999,1974,200
999,1975,200
999,1976,200
999,1977,200
999,1978,200
999,1979,200
999,1980,200
999,1981,200
999,1982,200
999,1983,200
999,1984,200
999,1985,160
999,1986,200
999,1987,200
999,1988,200
999,1989,200
999,1990,200
999,1991,200
999,1992,200
999,1993,200
999,1994,200
999,1995,200
999,1996,200
999,1997,200
999,1998,200
999,1999,200
999,2000,200
999,2001,200
999,2002,200
999,2003,200
999,2004,200
999,2005,200
999,2006,200
999,2007,200
999,2008,200
999,2009,200
999,2010,200
999,2011,200
999,2012,200
999,2013,200
999,2014,200
999,2015,200
999,2016,200
999,2017,200
999,2018,200
999,2019,200
999,2020,200
999,2021,200
999,2022,200
999,2023,200
999,2024,200
999,2025,200
999,2026,200
999,2027,200
999,2028,200
999,2029,200
999,2030,200
999,2031,200
999,2032,200
999,2033,200
999,2034,200
999,2035,200
999,2036,200
999,2037,200
999,2038,200
999,2039,200
999,2040,200
999,2041,200
999,2042,200
999,2043,200
999,2044,200
999,2045,200
999,2046,200
999,2047,200
999,2048,200
999,2049,200
999,2050,200
999,2051,200
999,2052,200
999,2053,200
999,2054,200
999,2055,200
999,2056,200
999,2057,200
999,2058,200
999,2059,200
999,2060,200
999,2061,200
999,2062,200
999,2063,200
999,2064,200
999,2065,200
999,2066,200
999,2067,200
999,2068,200
999,2069,200
999,2070,200
999,2071,200
999,2072,200
999,2073,200
999,2074,200
999,2075,200
999,2076,200
999,2077,200
999,2078,200
999,2079,200
999,2080,200
999,2081,200
999,2082,200
999,2083,200
999,2084,200
999,2085,200
999,2086,200
999,2087,200
999,2088,200
999,2089,200
999,2090,200
999,2091,200
999,2092,200
999,2093,200
999,2094,200
999,2095,200
999,2096,200
999,2097,200
999,2098,200
999,2099,200
999,2100,200
999,2101,200
999,2102,200
999,2103,200
999,2104,200
999,2105,200
999,2106,200
999,2107,200
999,2108,200
999,2109,200
999,2110,200
999,2111,200
999,2112,200
999,2113,200
999,2114,200
999,2115,200
999,2116,200
999,2117,200
999,2118,200
999,2119,200
999,2120,200
999,2121,200
999,2122,200
999,2123,200
999,2124,200
999,2125,200
999,2126,200
999,2127,200
999,2128,200
999,2129,200
999,2130,200
999,2131,200
999,2132,200
999,2133,200
999,2134,200
999,2135,200
999,2136,200
999,2137,200
999,2138,200
999,2139,200
999,2140,200
999,2141,200
999,2142,200
999,2143,200
999,2144,200
999,2145,200
999,2146,200
999,2147,200
999,2148,200
999,2149,200
999,2150,200
999,2151,200
999,2152,71
999,2153,200
999,2154,200
999,2155,200
999,2156,200
999,2157,200
999,2158,200
999,2159,200
999,2160,200
999,2161,200
999,2162,200
999,2163,200
999,2164,200
999,2165,200
999,2166,200
999,2167,200
999,2168,200
999,2169,200
999,2170,200
999,2171,200
999,2172,200
999,2173,200
999,2174,200
999,2175,200
999,2176,200
999,2177,200
999,2178,200
999,2179,200
999,2180,200
999,2181,200
999,2182,200
999,2183,200
999,2184,200
999,2185,200
999,2186,200
999,2187,200
999,2188,200
999,2189,200
999,2190,200
999,2191,200
999,2192,200
999,2193,200
999,2194,200
999,2195,200
999,2196,200
999,2197,200
999,2198,200
999,2199,200
999,2200,200
999,2201,200
999,2202,200
999,2203,200
999,2204,200
999,2205,200
999,2206,200
999,2207,200
999,2208,200
999,2209,200
999,2210,200
999,2211,200
999,2212,200
999,2213,200
999,2214,200
999,2215,200
999,2216,200
999,2217,200
999,2218,200
999,2219,200
999,2220,200
999,2221,200
999,2222,200
999,2223,200
999,2224,200
999,2225,200
999,2226,200
999,2227,200
999,2228,200
999,2229,200
999,2230,200
999,2231,200
999,2232,200
999,2233,200
999,2234,200
999,2235,200
999,2236,200
999,2237,200
999,2238,200
999,2239,200
999,2240,200
999,2241,200
999,2242,200
999,2243,200
999,2244,200
999,2245,200
999,2246,200
999,2247,200
999,2248,200
999,2249,200
999,2250,200
999,2251,200
999,2252,200
999,2253,200
999,2254,200
999,2255,200
999,2256,200
999,2257,200
999,2258,200
999,2259,200
999,2260,200
999,2261,200
999,2262,200
999,2263,200
999,2264,200
999,2265,200
999,2266,200
999,2267,200
999,2268,200
999,2269,200
999,2270,200
999,2271,200
999,2272,200
999,2273,200
999,2274,200
999,2275,200
999,2276,200
999,2277,200
999,2278,200
999,2279,200
999,2280,200
999,2281,200
999,2282,200
999,2283,200
999,2284,200
999,2285,200
999,2286,200
999,2287,200
999,2288,200
999,2289,200
999,2290,200
999,2291,200
999,2292,200
999,2293,200
999,2294,200
999,2295,200
999,2296,200
999,2297,200
999,2298,200
999,2299,200
999,2300,200
999,2301,200
999,2302,200
999,2303,200
999,2304,200
999,2305,200
999,2306,200
999,2307,200
999,2308,200
999,2309,200
999,2310,200
999,2311,200
999,2312,200
999,2313,200
999,2314,200
999,2315,200
999,2316,200
999,2317,200
999,2318,200
999,2319,200
999,2320,200
999,2321,200
999,2322,200
999,2323,200
999,2324,200
999,2325,200
999,2326,200
999,2327,200
999,2328,200
999,2329,200
999,2330,200
999,2331,200
999,2332,200
999,2333,200
999,2334,200
999,2335,200
999,2336,200
999,2337,200
999,2338,200
999,2339,200
999,2340,200
999,2341,200
999,2342,200
999,2343,200
999,2344,200
999,2345,200
999,2346,200
999,2347,200
999,2348,200
999,2349,200
999,2350,200
999,2351,200
999,2352,200
999,2353,200
999,2354,200
999,2355,200
999,2356,200
999,2357,200
999,2358,200
999,2359,200
999,2360,200
999,2361,200
999,2362,200
999,2363,200
999,2364,200
999,2365,200
999,2366,200
999,2367,200
999,2368,200
999,2369,200
999,2370,200
999,2371,200
999,2372,200
999,2373,200
999,2374,200
999,2375,200
999,2376,200
999,2377,200
999,2378,200
999,2379,200
999,2380,200
999,2381,200
999,2382,200
999,2383,200
999,2384,200
999,2385,200
999,2386,200
999,2387,200
999,2388,200
999,2389,200
999,2390,200
999,2391,200
999,2392,200
999,2393,200
999,2394,200
999,2395,200
999,2396,200
999,2397,200
999,2398,200
999,2399,200
999,2400,200
999,2401,200
999,2402,200
999,2403,200
999,2404,200
999,2405,200
999,2406,200
999,2407,200
999,2408,200
999,2409,200
999,2410,200
999,2411,200
999,2412,200
999,2413,200
999,2414,200
999,2415,200
999,2416,200
999,2417,200
999,2418,200
999,2419,179
999,2420,200
999,2421,200
999,2422,200
999,2423,200
999,2424,200
999,2425,200
999,2426,200
999,2427,200
999,2428,200
999,2429,200
999,2430,200
999,2431,200
999,2432,200
999,2433,200
999,2434,200
999,2435,200
999,2436,200
999,2437,200
999,2438,200
999,2439,200
999,2440,200
999,2441,200
999,2442,200
999,2443,200
999,2444,200
999,2445,200
999,2446,200
999,2447,200
999,2448,200
999,2449,200
999,2450,200
999,2451,200
999,2452,200
999,2453,200
999,2454,200
999,2455,200
999,2456,200
999,2457,200
999,2458,200
999,2459,200
999,2460,200
999,2461,200
999,2462,200
999,2463,200
999,2464,200
999,2465,200
999,2466,200
999,2467,200
999,2468,200
999,2469,200
999,2470,200
999,2471,200
999,2472,200
999,2473,200
999,2474,200
999,2475,200
999,2476,200
999,2477,200
999,2478,200
999,2479,96
999,2480,200
999,2481,175
999,2482,200
999,2483,200
999,2484,200
999,2485,200
999,2486,200
999,2487,200
999,2488,200
999,2489,200
999,2490,200
999,2491,200
999,2492,200
999,2493,200
999,2494,200
999,2495,200
999,2496,200
999,2497,200
999,2498,200
999,2499,200
999,2500,200
999,2501,200
999,2502,200
999,2503,200
999,2504,200
999,2505,200
999,2506,200
999,2507,200
999,2508,200
999,2509,200
999,2510,200
999,2511,200
999,2512,200
999,2513,200
999,2514,200
999,2515,200
999,2516,200
999,2517,200
999,2518,200
999,2519,200
999,2520,200
999,2521,200
999,2522,200
999,2523,200
999,2524,200
999,2525,200
999,2526,200
999,2527,200
999,2528,200
999,2529,200
999,2530,200
999,2531,200
999,2532,200
999,2533,200
999,2534,200
999,2535,200
999,2536,200
999,2537,200
999,2538,200
999,2539,200
999,2540,200
999,2541,200
999,2542,200
999,2543,200
999,2544,200
999,2545,200
999,2546,200
999,2547,200
999,2548,200
999,2549,200
999,2550,200
999,2551,200
999,2552,200
999,2553,200
999,2554,200
999,2555,200
999,2556,200
999,2557,200
999,2558,200
999,2559,200
999,2560,200
999,2561,200
999,2562,200
999,2563,200
999,2564,200
999,2565,200
999,2566,200
999,2567,200
999,2568,143
999,2569,200
999,2570,200
999,2571,200
999,2572,200
999,2573,200
999,2574,200
999,2575,200
999,2576,200
999,2577,200
999,2578,200
999,2579,200
999,2580,200
999,2581,200
999,2582,200
999,2583,200
999,2584,200
999,2585,200
999,2586,200
999,2587,200
999,2588,200
999,2589,200
999,2590,200
999,2591,200
999,2592,200
999,2593,200
999,2594,200
999,2595,200
999,2596,200
999,2597,200
999,2598,200
999,2599,200
999,2600,200
999,2601,200
999,2602,200
999,2603,200
999,2604,200
999,2605,200
999,2606,200
999,2607,200
999,2608,200
999,2609,200
999,2610,200
999,2611,200
999,2612,200
999,2613,200
999,2614,200
999,2615,200
999,2616,200
999,2617,200
999,2618,200
999,2619,200
999,2620,200
999,2621,200
999,2622,200
999,2623,200
999,2624,200
999,2625,200
999,2626,200
999,2627,200
999,2628,200
999,2629,200
999,2630,200
999,2631,200
999,2632,200
999,2633,200
999,2634,200
999,2635,200
999,2636,200
999,2637,200
999,2638,200
999,2639,200
999,2640,200
999,2641,200
999,2642,200
999,2643,200
999,2644,200
999,2645,200
999,2646,200
999,2647,200
999,2648,200
999,2649,200
999,2650,200
999,2651,200
999,2652,200
999,2653,200
999,2654,200
999,2655,200
999,2656,200
999,2657,200
999,2658,200
999,2659,200
999,2660,200
999,2661,200
999,2662,200
999,2663,200
999,2664,200
999,2665,200
999,2666,200
999,2667,200
999,2668,200
999,2669,200
999,2670,200
999,2671,200
999,2672,200
999,2673,200
999,2674,200
999,2675,200
999,2676,200
999,2677,94
999,2678,200
999,2679,200
999,2680,200
999,2681,200
999,2682,200
999,2683,200
999,2684,200
999,2685,200
999,2686,200
999,2687,200
999,2688,200
999,2689,200
999,2690,200
999,2691,200
999,2692,200
999,2693,200
999,2694,200
999,2695,200
999,2696,200
999,2697,200
999,2698,200
999,2699,157
999,2700,200
999,2701,200
999,2702,200
999,2703,200
999,2704,200
999,2705,200
999,2706,200
999,2707,200
999,2708,200
999,2709,200
999,2710,200
999,2711,200
999,2712,200
999,2713,200
999,2714,200
999,2715,200
999,2716,200
999,2717,200
999,2718,200
999,2719,200
999,2720,200
999,2721,200
999,2722,200
999,2723,200
999,2724,200
999,2725,200
999,2726,200
999,2727,200
999,2728,200
999,2729,200
999,2730,200
999,2731,200
999,2732,200
999,2733,200
999,2734,200
999,2735,200
999,2736,200
999,2737,200
999,2738,200
999,2739,200
999,2740,200
999,2741,200
999,2742,200
999,2743,200
999,2744,200
999,2745,200
999,2746,200
999,2747,200
999,2748,200
999,2749,200
999,2750,200
999,2751,200
999,2752,200
999,2753,200
999,2754,200
999,2755,200
999,2756,200
999,2757,200
999,2758,200
999,2759,200
999,2760,200
999,2761,200
999,2762,200
999,2763,200
999,2764,200
999,2765,200
999,2766,200
999,2767,200
999,2768,200
999,2769,200
999,2770,200
999,2771,200
999,2772,200
999,2773,200
999,2774,200
999,2775,200
999,2776,200
999,2777,200
999,2778,200
999,2779,200
999,2780,200
999,2781,200
999,2782,200
999,2783,200
999,2784,200
999,2785,200
999,2786,200
999,2787,200
999,2788,200
999,2789,200
999,2790,200
999,2791,200
999,2792,200
999,2793,200
999,2794,200
999,2795,200
999,2796,200
999,2797,200
999,2798,200
999,2799,200
999,2800,200
999,2801,200
999,2802,200
999,2803,200
999,2804,82
999,2805,200
999,2806,200
999,2807,200
999,2808,200
999,2809,200
999,2810,200
999,2811,200
999,2812,200
999,2813,200
999,2814,200
999,2815,200
999,2816,200
999,2817,200
999,2818,200
999,2819,200
999,2820,200
999,2821,200
999,2822,200
999,2823,200
999,2824,200
999,2825,200
999,2826,200
999,2827,200
999,2828,200
999,2829,200
999,2830,200
999,2831,200
999,2832,200
999,2833,200
999,2834,200
999,2835,200
999,2836,200
999,2837,200
999,2838,200
999,2839,200
999,2840,200
999,2841,200
999,2842,200
999,2843,200
999,2844,200
999,2845,200
999,2846,200
999,2847,200
999,2848,200
999,2849,200
999,2850,200
999,2851,200
999,2852,200
999,2853,200
999,2854,200
999,2855,200
999,2856,200
999,2857,200
999,2858,200
999,2859,200
999,2860,200
999,2861,200
999,2862,200
999,2863,200
999,2864,200
999,2865,200
999,2866,200
999,2867,200
999,2868,200
999,2869,200
999,2870,200
999,2871,200
999,2872,200
999,2873,200
999,2874,200
999,2875,200
999,2876,200
999,2877,200
999,2878,200
999,2879,200
999,2880,200
999,2881,200
999,2882,200
999,2883,200
999,2884,200
999,2885,200
999,2886,200
999,2887,200
999,2888,200
999,2889,200
999,2890,200
999,2891,200
999,2892,200
999,2893,200
999,2894,200
999,2895,200
999,2896,200
999,2897,200
999,2898,200
999,2899,200
999,2900,200
999,2901,200
999,2902,200
999,2903,200
999,2904,200
999,2905,200
999,2906,200
999,2907,200
999,2908,200
999,2909,200
999,2910,200
999,2911,200
999,2912,200
999,2913,200
999,2914,200
999,2915,200
999,2916,200
999,2917,200
999,2918,200
999,2919,200
999,2920,200
999,2921,200
999,2922,200
999,2923,200
999,2924,200
999,2925,200
999,2926,200
999,2927,200
999,2928,200
999,2929,200
999,2930,200
999,2931,200
999,2932,200
999,2933,200
999,2934,200
999,2935,200
999,2936,200
999,2937,200
999,2938,200
999,2939,200
999,2940,200
999,2941,200
999,2942,200
999,2943,200
999,2944,200
999,2945,200
999,2946,200
999,2947,200
999,2948,200
999,2949,200
999,2950,200
999,2951,200
999,2952,200
999,2953,200
999,2954,200
999,2955,200
999,2956,200
999,2957,200
999,2958,200
999,2959,200
999,2960,200
999,2961,200
999,2962,200
999,2963,200
999,2964,200
999,2965,200
999,2966,200
999,2967,200
999,2968,200
999,2969,200
999,2970,200
999,2971,200
999,2972,200
999,2973,200
999,2974,200
999,2975,200
999,2976,200
999,2977,200
999,2978,200
999,2979,200
999,2980,200
999,2981,200
999,2982,200
999,2983,200
999,2984,200
999,2985,200
999,2986,200
999,2987,200
999,2988,200
999,2989,200
999,2990,200
999,2991,200
999,2992,200
999,2993,200
999,2994,200
999,2995,200
999,2996,200
999,2997,200
999,2998,200
999,2999,200
2024,0,179
2024,1,10
2024,2,52
2024,3,200
2024,4,200
2024,5,200
2024,6,11
2024,7,200
2024,8,200
2024,9,200
2024,10,200
2024,11,200
2024,12,200
2024,13,26
2024,14,200
2024,15,40
2024,16,200
2024,17,9
2024,18,200
2024,19,200
2024,20,200
2024,21,12
2024,22,55
2024,23,200
2024,24,10
2024,25,200
2024,26,52
2024,27,24
2024,28,200
2024,29,22
2024,30,200
2024,31,200
2024,32,11
2024,33,7
2024,34,200
2024,35,200
2024,36,200
2024,37,200
2024,38,13
2024,39,200
2024,40,200
2024,41,200
2024,42,200
2024,43,200
2024,44,11
2024,45,200
2024,46,200
2024,47,14
2024,48,200
2024,49,200
2024,50,200
2024,51,116
2024,52,200
2024,53,12
2024,54,200
2024,55,15
2024,56,200
2024,57,200
2024,58,15
2024,59,200
2024,60,200
2024,61,12
2024,62,200
2024,63,20
2024,64,200
2024,65,200
2024,66,11
2024,67,200
2024,68,200
2024,69,200
2024,70,8
2024,71,13
2024,72,200
2024,73,200
2024,74,200
2024,75,12
2024,76,12
2024,77,200
2024,78,200
2024,79,200
2024,80,13
2024,81,200
2024,82,200
2024,83,10
2024,84,13
2024,85,200
2024,86,13
2024,87,200
2024,88,32
2024,89,200
2024,90,11
2024,91,200
2024,92,200
2024,93,11
2024,94,200
2024,95,14
2024,96,200
2024,97,200
2024,98,14
2024,99,200
2024,100,13
2024,101,11
2024,102,200
2024,103,200
2024,104,8
2024,105,200
2024,106,200
2024,107,7
2024,108,200
2024,109,200
2024,110,200
2024,111,12
2024,112,200
2024,113,200
2024,114,200
2024,115,200
2024,116,200
2024,117,30
2024,118,183
2024,119,200
2024,120,200
2024,121,200
2024,122,12
2024,123,10
2024,124,200
2024,125,9
2024,126,14
2024,127,200
2024,128,200
2024,129,200
2024,130,11
2024,131,200
2024,132,8
2024,133,10
2024,134,200
2024,135,200
2024,136,200
2024,137,200
2024,138,200
2024,139,200
2024,140,200
2024,141,200
2024,142,200
2024,143,200
2024,144,11
2024,145,200
2024,146,14
2024,147,200
2024,148,200
2024,149,200
2024,150,200
2024,151,200
2024,152,200
2024,153,200
2024,154,9
2024,155,200
2024,156,200
2024,157,200
2024,158,200
2024,159,200
2024,160,200
2024,161,200
2024,162,200
2024,163,200
2024,164,8
2024,165,200
2024,166,200
2024,167,200
2024,168,17
2024,169,200
2024,170,200
2024,171,200
2024,172,200
2024,173,200
2024,174,200
2024,175,200
2024,176,200
2024,177,200
2024,178,200
2024,179,200
2024,180,200
2024,181,200
2024,182,200
2024,183,200
2024,184,200
2024,185,200
2024,186,24
2024,187,200
2024,188,200
2024,189,200
2024,190,200
2024,191,200
2024,192,200
2024,193,9
2024,194,200
2024,195,200
2024,196,200
2024,197,200
2024,198,200
2024,199,200
2024,200,200
2024,201,200
2024,202,200
2024,203,11
2024,204,200
2024,205,200
2024,206,200
2024,207,200
2024,208,200
2024,209,200
2024,210,200
2024,211,15
2024,212,11
2024,213,200
2024,214,200
2024,215,11
2024,216,200
2024,217,200
2024,218,25
2024,219,200
2024,220,200
2024,221,200
2024,222,200
2024,223,200
2024,224,200
2024,225,200
2024,226,200
2024,227,12
2024,228,200
2024,229,200
2024,230,200
2024,231,19
2024,232,200
2024,233,200
2024,234,200
2024,235,200
2024,236,200
2024,237,13
2024,238,200
2024,239,200
2024,240,12
2024,241,200
2024,242,200
2024,243,200
2024,244,12
2024,245,200
2024,246,200
2024,247,15
2024,248,14
2024,249,200
2024,250,200
2024,251,200
2024,252,200
2024,253,200
2024,254,200
2024,255,9
2024,256,10
2024,257,200
2024,258,200
2024,259,200
2024,260,200
2024,261,200
2024,262,200
2024,263,200
2024,264,200
2024,265,200
2024,266,200
2024,267,200
2024,268,200
2024,269,9
2024,270,15
2024,271,15
2024,272,13
2024,273,200
2024,274,200
2024,275,200
2024,276,200
2024,277,12
2024,278,13
2024,279,200
2024,280,200
2024,281,200
2024,282,200
2024,283,200
2024,284,11
2024,285,200
2024,286,200
2024,287,200
2024,288,200
2024,289,200
2024,290,200
2024,291,168
2024,292,18
2024,293,200
2024,294,17
2024,295,200
2024,296,200
2024,297,15
2024,298,200
2024,299,153
2024,300,200
2024,301,200
2024,302,13
2024,303,169
2024,304,200
2024,305,11
2024,306,200
2024,307,200
2024,308,200
2024,309,200
2024,310,200
2024,311,26
2024,312,12
2024,313,200
2024,314,200
2024,315,200
2024,316,200
2024,317,200
2024,318,200
2024,319,200
2024,320,200
2024,321,200
2024,322,15
2024,323,200
2024,324,200
2024,325,200
2024,326,200
2024,327,200
2024,328,200
2024,329,9
2024,330,200
2024,331,200
2024,332,32
2024,333,200
2024,334,13
2024,335,200
2024,336,12
2024,337,200
2024,338,200
2024,339,200
2024,340,200
2024,341,200
2024,342,15
2024,343,200
2024,344,22
2024,345,19
2024,346,200
2024,347,200
2024,348,200
2024,349,200
2024,350,200
2024,351,200
2024,352,200
2024,353,200
2024,354,200
2024,355,200
2024,356,22
2024,357,200
2024,358,200
2024,359,200
2024,360,11
2024,361,200
2024,362,200
2024,363,200
2024,364,200
2024,365,200
2024,366,17
2024,367,200
2024,368,12
2024,369,18
2024,370,151
2024,371,200
2024,372,200
2024,373,8
2024,374,200
2024,375,200
2024,376,200
2024,377,200
2024,378,200
2024,379,200
2024,380,11
2024,381,200
2024,382,10
2024,383,200
2024,384,11
2024,385,200
2024,386,200
2024,387,14
2024,388,200
2024,389,17
2024,390,200
2024,391,200
2024,392,134
2024,393,15
2024,394,200
2024,395,38
2024,396,14
2024,397,200
2024,398,200
2024,399,200
2024,400,14
2024,401,200
2024,402,200
2024,403,200
2024,404,200
2024,405,9
2024,406,10
2024,407,200
2024,408,200
2024,409,200
2024,410,31
2024,411,13
2024,412,200
2024,413,200
2024,414,200
2024,415,200
2024,416,200
2024,417,200
2024,418,16
2024,419,17
2024,420,200
2024,421,200
2024,422,200
2024,423,12
2024,424,200
2024,425,10
2024,426,200
2024,427,200
2024,428,200
2024,429,200
2024,430,200
2024,431,200
2024,432,11
2024,433,200
2024,434,200
2024,435,200
2024,436,80
2024,437,200
2024,438,200
2024,439,200
2024,440,200
2024,441,200
2024,442,200
2024,443,200
2024,444,200
2024,445,200
2024,446,200
2024,447,200
2024,448,9
2024,449,106
2024,450,14
2024,451,200
2024,452,200
2024,453,200
2024,454,200
2024,455,13
2024,456,200
2024,457,13
2024,458,200
2024,459,200
2024,460,14
2024,461,200
2024,462,200
2024,463,200
2024,464,200
2024,465,200
2024,466,13
2024,467,18
2024,468,200
2024,469,200
2024,470,200
2024,471,200
2024,472,200
2024,473,11
2024,474,200
2024,475,14
2024,476,200
2024,477,200
2024,478,200
2024,479,200
2024,480,200
2024,481,200
2024,482,200
2024,483,200
2024,484,9
2024,485,200
2024,486,200
2024,487,200
2024,488,200
2024,489,200
2024,490,9
2024,491,200
2024,492,13
2024,493,200
2024,494,200
2024,495,12
2024,496,200
2024,497,200
2024,498,200
2024,499,11
2024,500,200
2024,501,12
2024,502,9
2024,503,200
2024,504,200
2024,505,200
2024,506,200
2024,507,200
2024,508,200
2024,509,200
2024,510,200
2024,511,200
2024,512,200
2024,513,12
2024,514,11
2024,515,200
2024,516,200
2024,517,200
2024,518,200
2024,519,200
2024,520,19
2024,521,200
2024,522,200
2024,523,200
2024,524,200
2024,525,200
2024,526,11
2024,527,200
2024,528,200
2024,529,200
2024,530,200
2024,531,200
2024,532,11
2024,533,8
2024,534,200
2024,535,10
2024,536,15
2024,537,200
2024,538,200
2024,539,200
2024,540,200
2024,541,200
2024,542,200
2024,543,200
2024,544,200
2024,545,13
2024,546,200
2024,547,200
2024,548,30
2024,549,200
2024,550,200
2024,551,200
2024,552,200
2024,553,200
2024,554,200
2024,555,200
2024,556,200
2024,557,200
2024,558,15
2024,559,200
2024,560,200
2024,561,200
2024,562,200
2024,563,200
2024,564,200
2024,565,200
2024,566,200
2024,567,200
2024,568,200
2024,569,200
2024,570,200
2024,571,200
2024,572,13
2024,573,200
2024,574,200
2024,575,17
2024,576,200
2024,577,16
2024,578,200
2024,579,10
2024,580,200
2024,581,200
2024,582,200
2024,583,200
2024,584,17
2024,585,200
2024,586,200
2024,587,10
2024,588,200
2024,589,10
2024,590,200
2024,591,200
2024,592,9
2024,593,200
2024,594,200
2024,595,200
2024,596,200
2024,597,200
2024,598,200
2024,599,14
2024,600,12
2024,601,200
2024,602,200
2024,603,200
2024,604,200
2024,605,143
2024,606,200
2024,607,200
2024,608,10
2024,609,200
2024,610,200
2024,611,200
2024,612,200
2024,613,200
2024,614,200
2024,615,200
2024,616,200
2024,617,13
2024,618,150
2024,619,10
2024,620,200
2024,621,200
2024,622,200
2024,623,200
2024,624,200
2024,625,132
2024,626,200
2024,627,200
2024,628,200
2024,629,200
2024,630,200
2024,631,200
2024,632,200
2024,633,200
2024,634,200
2024,635,200
2024,636,200
2024,637,200
2024,638,200
2024,639,15
2024,640,200
2024,641,200
2024,642,200
2024,643,11
2024,644,200
2024,645,11
2024,646,200
2024,647,200
2024,648,200
2024,649,200
2024,650,200
2024,651,10
2024,652,200
2024,653,200
2024,654,200
2024,655,200
2024,656,200
2024,657,14
2024,658,200
2024,659,200
2024,660,200
2024,661,200
2024,662,200
2024,663,200
2024,664,200
2024,665,200
2024,666,200
2024,667,11
2024,668,200
2024,669,200
2024,670,200
2024,671,200
2024,672,200
2024,673,200
2024,674,200
2024,675,200
2024,676,200
2024,677,200
2024,678,200
2024,679,200
2024,680,11
2024,681,15
2024,682,200
2024,683,200
2024,684,200
2024,685,200
2024,686,200
2024,687,200
2024,688,200
2024,689,200
2024,690,200
2024,691,200
2024,692,9
2024,693,13
2024,694,200
2024,695,16
2024,696,200
2024,697,200
2024,698,200
2024,699,200
2024,700,200
2024,701,200
2024,702,200
2024,703,200
2024,704,200
2024,705,200
2024,706,200
2024,707,200
2024,708,200
2024,709,200
2024,710,200
2024,711,13
2024,712,200
2024,713,200
2024,714,14
2024,715,200
2024,716,15
2024,717,200
2024,718,14
2024,719,200
2024,720,200
2024,721,200
2024,722,200
2024,723,200
2024,724,200
2024,725,200
2024,726,200
2024,727,200
2024,728,9
2024,729,200
2024,730,200
2024,731,200
2024,732,11
2024,733,200
2024,734,200
2024,735,200
2024,736,146
2024,737,200
2024,738,200
2024,739,27
2024,740,200
2024,741,200
2024,742,200
2024,743,55
2024,744,200
2024,745,200
2024,746,200
2024,747,15
2024,748,16
2024,749,14
2024,750,200
2024,751,200
2024,752,200
2024,753,200
2024,754,200
2024,755,200
2024,756,200
2024,757,200
2024,758,200
2024,759,200
2024,760,151
2024,761,200
2024,762,200
2024,763,200
2024,764,200
2024,765,200
2024,766,16
2024,767,200
2024,768,200
2024,769,200
2024,770,200
2024,771,12
2024,772,200
2024,773,200
2024,774,12
2024,775,200
2024,776,200
2024,777,17
2024,778,200
2024,779,81
2024,780,200
2024,781,200
2024,782,200
2024,783,143
2024,784,200
2024,785,200
2024,786,20
2024,787,12
2024,788,8
2024,789,200
2024,790,200
2024,791,200
2024,792,200
2024,793,200
2024,794,200
2024,795,200
2024,796,200
2024,797,200
2024,798,200
2024,799,200
2024,800,20
2024,801,200
2024,802,9
2024,803,200
2024,804,200
2024,805,200
2024,806,11
2024,807,8
2024,808,200
2024,809,10
2024,810,200
2024,811,13
2024,812,200
2024,813,200
2024,814,200
2024,815,200
2024,816,200
2024,817,200
2024,818,200
2024,819,200
2024,820,131
2024,821,200
2024,822,15
2024,823,200
2024,824,200
2024,825,200
2024,826,200
2024,827,46
2024,828,11
2024,829,200
2024,830,103
2024,831,200
2024,832,200
2024,833,200
2024,834,200
2024,835,17
2024,836,200
2024,837,200
2024,838,200
2024,839,200
2024,840,200
2024,841,200
2024,842,200
2024,843,200
2024,844,200
2024,845,11
2024,846,200
2024,847,200
2024,848,200
2024,849,200
2024,850,200
2024,851,200
2024,852,200
2024,853,14
2024,854,200
2024,855,200
2024,856,16
2024,857,200
2024,858,200
2024,859,200
2024,860,10
2024,861,177
2024,862,200
2024,863,200
2024,864,200
2024,865,18
2024,866,200
2024,867,19
2024,868,166
2024,869,200
2024,870,200
2024,871,200
2024,872,119
2024,873,200
2024,874,200
2024,875,12
2024,876,200
2024,877,200
2024,878,200
2024,879,11
2024,880,200
2024,881,200
2024,882,200
2024,883,200
2024,884,200
2024,885,11
2024,886,200
2024,887,200
2024,888,200
2024,889,200
2024,890,200
2024,891,200
2024,892,200
2024,893,200
2024,894,200
2024,895,200
2024,896,15
2024,897,200
2024,898,200
2024,899,200
2024,900,13
2024,901,164
2024,902,200
2024,903,9
2024,904,200
2024,905,153
2024,906,200
2024,907,200
2024,908,17
2024,909,200
2024,910,200
2024,911,200
2024,912,200
2024,913,18
2024,914,15
2024,915,15
2024,916,200
2024,917,200
2024,918,10
2024,919,200
2024,920,200
2024,921,200
2024,922,200
2024,923,200
2024,924,200
2024,925,200
2024,926,146
2024,927,14
2024,928,194
2024,929,200
2024,930,200
2024,931,200
2024,932,200
2024,933,200
2024,934,200
2024,935,200
2024,936,200
2024,937,200
2024,938,200
2024,939,14
2024,940,200
2024,941,12
2024,942,200
2024,943,200
2024,944,8
2024,945,200
2024,946,10
2024,947,200
2024,948,200
2024,949,200
2024,950,200
2024,951,11
2024,952,19
2024,953,200
2024,954,200
2024,955,200
2024,956,200
2024,957,200
2024,958,200
2024,959,200
2024,960,13
2024,961,11
2024,962,200
2024,963,16
2024,964,200
2024,965,200
2024,966,200
2024,967,200
2024,968,200
2024,969,200
2024,970,200
2024,971,200
2024,972,200
2024,973,200
2024,974,200
2024,975,200
2024,976,12
2024,977,200
2024,978,200
2024,979,200
2024,980,200
2024,981,200
2024,982,17
2024,983,200
2024,984,200
2024,985,200
2024,986,200
2024,987,200
2024,988,200
2024,989,200
2024,990,10
2024,991,200
2024,992,9
2024,993,200
2024,994,15
2024,995,200
2024,996,200
2024,997,200
2024,998,9
2024,999,16
2024,1000,200
2024,1001,200
2024,1002,200
2024,1003,200
2024,1004,200
2024,1005,200
2024,1006,12
2024,1007,200
2024,1008,10
2024,1009,200
2024,1010,200
2024,1011,200
2024,1012,200
2024,1013,200
2024,1014,16
2024,1015,12
2024,1016,200
2024,1017,200
2024,1018,200
2024,1019,200
2024,1020,200
2024,1021,200
2024,1022,200
2024,1023,200
2024,1024,200
2024,1025,12
2024,1026,200
2024,1027,18
2024,1028,200
2024,1029,200
2024,1030,12
2024,1031,200
2024,1032,200
2024,1033,200
2024,1034,12
2024,1035,200
2024,1036,200
2024,1037,200
2024,1038,200
2024,1039,200
2024,1040,200
2024,1041,200
2024,1042,200
2024,1043,200
2024,1044,200
2024,1045,200
2024,1046,200
2024,1047,200
2024,1048,200
2024,1049,200
2024,1050,200
2024,1051,200
2024,1052,200
2024,1053,200
2024,1054,200
2024,1055,200
2024,1056,13
2024,1057,200
2024,1058,13
2024,1059,12
2024,1060,200
2024,1061,200
2024,1062,9
2024,1063,200
2024,1064,93
2024,1065,200
2024,1066,200
2024,1067,200
2024,1068,200
2024,1069,200
2024,1070,200
2024,1071,200
2024,1072,200
2024,1073,200
2024,1074,200
2024,1075,200
2024,1076,200
2024,1077,200
2024,1078,200
2024,1079,200
2024,1080,12
2024,1081,200
2024,1082,200
2024,1083,200
2024,1084,200
2024,1085,200
2024,1086,200
2024,1087,200
2024,1088,200
2024,1089,200
2024,1090,200
2024,1091,200
2024,1092,200
2024,1093,200
2024,1094,200
2024,1095,200
2024,1096,200
2024,1097,18
2024,1098,200
2024,1099,200
2024,1100,200
2024,1101,13
2024,1102,12
2024,1103,200
2024,1104,200
2024,1105,200
2024,1106,13
2024,1107,200
2024,1108,200
2024,1109,16
2024,1110,200
2024,1111,200
2024,1112,200
2024,1113,200
2024,1114,200
2024,1115,200
2024,1116,17
2024,1117,200
2024,1118,200
2024,1119,200
2024,1120,200
2024,1121,200
2024,1122,200
2024,1123,19
2024,1124,200
2024,1125,200
2024,1126,200
2024,1127,200
2024,1128,200
2024,1129,15
2024,1130,200
2024,1131,200
2024,1132,200
2024,1133,200
2024,1134,200
2024,1135,200
2024,1136,200
2024,1137,200
2024,1138,200
2024,1139,200
2024,1140,200
2024,1141,200
2024,1142,200
2024,1143,200
2024,1144,17
2024,1145,200
2024,1146,200
2024,1147,200
2024,1148,200
2024,1149,200
2024,1150,200
2024,1151,200
2024,1152,200
2024,1153,200
2024,1154,200
2024,1155,200
2024,1156,40
2024,1157,200
2024,1158,17
2024,1159,200
2024,1160,200
2024,1161,13
2024,1162,200
2024,1163,200
2024,1164,13
2024,1165,200
2024,1166,200
2024,1167,200
2024,1168,200
2024,1169,8
2024,1170,200
2024,1171,13
2024,1172,200
2024,1173,200
2024,1174,200
2024,1175,200
2024,1176,200
2024,1177,15
2024,1178,13
2024,1179,200
2024,1180,200
2024,1181,13
2024,1182,200
2024,1183,200
2024,1184,200
2024,1185,17
2024,1186,200
2024,1187,16
2024,1188,200
2024,1189,200
2024,1190,9
2024,1191,200
2024,1192,200
2024,1193,200
2024,1194,200
2024,1195,200
2024,1196,200
2024,1197,200
2024,1198,200
2024,1199,200
2024,1200,200
2024,1201,200
2024,1202,200
2024,1203,200
2024,1204,200
2024,1205,200
2024,1206,200
2024,1207,200
2024,1208,200
2024,1209,200
2024,1210,200
2024,1211,13
2024,1212,131
2024,1213,200
2024,1214,200
2024,1215,200
2024,1216,200
2024,1217,200
2024,1218,11
2024,1219,200
2024,1220,200
2024,1221,15
2024,1222,200
2024,1223,200
2024,1224,200
2024,1225,12
2024,1226,200
2024,1227,200
2024,1228,200
2024,1229,13
2024,1230,11
2024,1231,200
2024,1232,200
2024,1233,200
2024,1234,200
2024,1235,200
2024,1236,200
2024,1237,200
2024,1238,200
2024,1239,9
2024,1240,200
2024,1241,200
2024,1242,200
2024,1243,13
2024,1244,200
2024,1245,200
2024,1246,200
2024,1247,200
2024,1248,200
2024,1249,200
2024,1250,200
2024,1251,200
2024,1252,200
2024,1253,200
2024,1254,200
2024,1255,200
2024,1256,200
2024,1257,200
2024,1258,14
2024,1259,200
2024,1260,200
2024,1261,200
2024,1262,200
2024,1263,200
2024,1264,200
2024,1265,200
2024,1266,200
2024,1267,200
2024,1268,200
2024,1269,200
2024,1270,200
2024,1271,200
2024,1272,200
2024,1273,200
2024,1274,200
2024,1275,13
2024,1276,200
2024,1277,15
2024,1278,200
2024,1279,200
2024,1280,200
2024,1281,200
2024,1282,200
2024,1283,200
2024,1284,200
2024,1285,200
2024,1286,200
2024,1287,200
2024,1288,200
2024,1289,82
2024,1290,14
2024,1291,200
2024,1292,200
2024,1293,200
2024,1294,19
2024,1295,200
2024,1296,14
2024,1297,200
2024,1298,200
2024,1299,13
2024,1300,200
2024,1301,12
2024,1302,200
2024,1303,200
2024,1304,200
2024,1305,200
2024,1306,200
2024,1307,159
2024,1308,200
2024,1309,200
2024,1310,200
2024,1311,200
2024,1312,10
2024,1313,200
2024,1314,200
2024,1315,200
2024,1316,12
2024,1317,200
2024,1318,200
2024,1319,200
2024,1320,200
2024,1321,12
2024,1322,200
2024,1323,7
2024,1324,200
2024,1325,200
2024,1326,200
2024,1327,200
2024,1328,200
2024,1329,200
2024,1330,200
2024,1331,200
2024,1332,200
2024,1333,200
2024,1334,200
2024,1335,200
2024,1336,13
2024,1337,12
2024,1338,13
2024,1339,200
2024,1340,13
2024,1341,18
2024,1342,200
2024,1343,200
2024,1344,200
2024,1345,200
2024,1346,200
2024,1347,200
2024,1348,200
2024,1349,200
2024,1350,200
2024,1351,200
2024,1352,200
2024,1353,200
2024,1354,200
2024,1355,200
2024,1356,17
2024,1357,200
2024,1358,200
2024,1359,200
2024,1360,200
2024,1361,200
2024,1362,200
2024,1363,200
2024,1364,200
2024,1365,16
2024,1366,200
2024,1367,200
2024,1368,200
2024,1369,71
2024,1370,200
2024,1371,200
2024,1372,200
2024,1373,200
2024,1374,200
2024,1375,200
2024,1376,10
2024,1377,200
2024,1378,200
2024,1379,200
2024,1380,13
2024,1381,10
2024,1382,200
2024,1383,200
2024,1384,200
2024,1385,200
2024,1386,200
2024,1387,200
2024,1388,200
2024,1389,200
2024,1390,200
2024,1391,200
2024,1392,11
2024,1393,15
2024,1394,12
2024,1395,20
2024,1396,200
2024,1397,188
2024,1398,200
2024,1399,200
2024,1400,200
2024,1401,200
2024,1402,200
2024,1403,200
2024,1404,12
2024,1405,200
2024,1406,189
2024,1407,200
2024,1408,200
2024,1409,200
2024,1410,200
2024,1411,15
2024,1412,200
2024,1413,200
2024,1414,15
2024,1415,200
2024,1416,14
2024,1417,200
2024,1418,200
2024,1419,200
2024,1420,13
2024,1421,200
2024,1422,200
2024,1423,200
2024,1424,200
2024,1425,200
2024,1426,200
2024,1427,200
2024,1428,200
2024,1429,200
2024,1430,200
2024,1431,200
2024,1432,200
2024,1433,200
2024,1434,200
2024,1435,200
2024,1436,200
2024,1437,200
2024,1438,200
2024,1439,200
2024,1440,200
2024,1441,200
2024,1442,16
2024,1443,200
2024,1444,200
2024,1445,200
2024,1446,200
2024,1447,200
2024,1448,200
2024,1449,200
2024,1450,200
2024,1451,200
2024,1452,200
2024,1453,200
2024,1454,200
2024,1455,200
2024,1456,200
2024,1457,200
2024,1458,200
2024,1459,200
2024,1460,200
2024,1461,200
2024,1462,200
2024,1463,200
2024,1464,200
2024,1465,200
2024,1466,7
2024,1467,16
2024,1468,200
2024,1469,200
2024,1470,200
2024,1471,200
2024,1472,200
2024,1473,200
2024,1474,200
2024,1475,9
2024,1476,200
2024,1477,200
2024,1478,200
2024,1479,200
2024,1480,14
2024,1481,13
2024,1482,9
2024,1483,200
2024,1484,200
2024,1485,200
2024,1486,8
2024,1487,200
2024,1488,200
2024,1489,200
2024,1490,200
2024,1491,200
2024,1492,200
2024,1493,200
2024,1494,200
2024,1495,200
2024,1496,200
2024,1497,200
2024,1498,200
2024,1499,13
2024,1500,200
2024,1501,200
2024,1502,14
2024,1503,200
2024,1504,200
2024,1505,200
2024,1506,27
2024,1507,200
2024,1508,200
2024,1509,200
2024,1510,200
2024,1511,200
2024,1512,200
2024,1513,200
2024,1514,200
2024,1515,200
2024,1516,200
2024,1517,200
2024,1518,200
2024,1519,200
2024,1520,200
2024,1521,200
2024,1522,200
2024,1523,14
2024,1524,200
2024,1525,200
2024,1526,200
2024,1527,200
2024,1528,200
2024,1529,176
2024,1530,200
2024,1531,12
2024,1532,200
2024,1533,200
2024,1534,11
2024,1535,200
2024,1536,200
2024,1537,200
2024,1538,169
2024,1539,200
2024,1540,200
2024,1541,200
2024,1542,200
2024,1543,14
2024,1544,200
2024,1545,200
2024,1546,200
2024,1547,12
2024,1548,13
2024,1549,200
2024,1550,200
2024,1551,200
2024,1552,200
2024,1553,128
2024,1554,200
2024,1555,200
2024,1556,200
2024,1557,111
2024,1558,200
2024,1559,11
2024,1560,200
2024,1561,8
2024,1562,200
2024,1563,122
2024,1564,200
2024,1565,200
2024,1566,200
2024,1567,200
2024,1568,200
2024,1569,45
2024,1570,200
2024,1571,200
2024,1572,200
2024,1573,200
2024,1574,200
2024,1575,200
2024,1576,200
2024,1577,200
2024,1578,200
2024,1579,200
2024,1580,200
2024,1581,200
2024,1582,10
2024,1583,200
2024,1584,200
2024,1585,200
2024,1586,200
2024,1587,200
2024,1588,200
2024,1589,13
2024,1590,61
2024,1591,200
2024,1592,200
2024,1593,200
2024,1594,200
2024,1595,200
2024,1596,200
2024,1597,200
2024,1598,200
2024,1599,200
2024,1600,200
2024,1601,200
2024,1602,200
2024,1603,200
2024,1604,200
2024,1605,200
2024,1606,200
2024,1607,200
2024,1608,200
2024,1609,200
2024,1610,200
2024,1611,63
2024,1612,200
2024,1613,200
2024,1614,200
2024,1615,200
2024,1616,200
2024,1617,200
2024,1618,200
2024,1619,200
2024,1620,200
2024,1621,200
2024,1622,200
2024,1623,200
2024,1624,200
2024,1625,200
2024,1626,200
2024,1627,200
2024,1628,200
2024,1629,200
2024,1630,133
2024,1631,200
2024,1632,200
2024,1633,137
2024,1634,164
2024,1635,200
2024,1636,200
2024,1637,200
2024,1638,200
2024,1639,200
2024,1640,200
2024,1641,200
2024,1642,200
2024,1643,200
2024,1644,200
2024,1645,200
2024,1646,200
2024,1647,200
2024,1648,200
2024,1649,200
2024,1650,200
2024,1651,200
2024,1652,200
2024,1653,200
2024,1654,200
2024,1655,200
2024,1656,200
2024,1657,200
2024,1658,200
2024,1659,200
2024,1660,200
2024,1661,200
2024,1662,200
2024,1663,200
2024,1664,200
2024,1665,200
2024,1666,200
2024,1667,200
2024,1668,200
2024,1669,200
2024,1670,200
2024,1671,200
2024,1672,200
2024,1673,200
2024,1674,200
2024,1675,200
2024,1676,200
2024,1677,200
2024,1678,200
2024,1679,200
2024,1680,200
2024,1681,200
2024,1682,200
2024,1683,200
2024,1684,200
2024,1685,200
2024,1686,200
2024,1687,200
2024,1688,200
2024,1689,200
2024,1690,200
2024,1691,200
2024,1692,200
2024,1693,200
2024,1694,200
2024,1695,200
2024,1696,200
2024,1697,200
2024,1698,200
2024,1699,200
2024,1700,200
2024,1701,200
2024,1702,200
2024,1703,200
2024,1704,200
2024,1705,200
2024,1706,200
2024,1707,200
2024,1708,200
2024,1709,200
2024,1710,200
2024,1711,200
2024,1712,200
2024,1713,200
2024,1714,200
2024,1715,200
2024,1716,200
2024,1717,200
2024,1718,200
2024,1719,200
2024,1720,200
2024,1721,200
2024,1722,200
2024,1723,200
2024,1724,200
2024,1725,200
2024,1726,200
2024,1727,200
2024,1728,200
2024,1729,200
2024,1730,200
2024,1731,200
2024,1732,200
2024,1733,200
2024,1734,200
2024,1735,200
2024,1736,200
2024,1737,200
2024,1738,200
2024,1739,200
2024,1740,200
2024,1741,200
2024,1742,200
2024,1743,200
2024,1744,200
2024,1745,200
2024,1746,200
2024,1747,200
2024,1748,200
2024,1749,200
2024,1750,200
2024,1751,200
2024,1752,200
2024,1753,200
2024,1754,200
2024,1755,200
2024,1756,200
2024,1757,200
2024,1758,200
2024,1759,200
2024,1760,200
2024,1761,200
2024,1762,200
2024,1763,200
2024,1764,200
2024,1765,200
2024,1766,200
2024,1767,200
2024,1768,200
2024,1769,200
2024,1770,200
2024,1771,200
2024,1772,200
2024,1773,200
2024,1774,200
2024,1775,200
2024,1776,200
2024,1777,200
2024,1778,200
2024,1779,200
2024,1780,200
2024,1781,200
2024,1782,200
2024,1783,200
2024,1784,200
2024,1785,200
2024,1786,200
2024,1787,200
2024,1788,200
2024,1789,200
2024,1790,200
2024,1791,200
2024,1792,200
2024,1793,200
2024,1794,200
2024,1795,200
2024,1796,200
2024,1797,200
2024,1798,200
2024,1799,200
2024,1800,200
2024,1801,200
2024,1802,200
2024,1803,200
2024,1804,200
2024,1805,200
2024,1806,200
2024,1807,200
2024,1808,200
2024,1809,200
2024,1810,200
2024,1811,200
2024,1812,200
2024,1813,200
2024,1814,200
2024,1815,200
2024,1816,200
2024,1817,200
2024,1818,200
2024,1819,200
2024,1820,200
2024,1821,200
2024,1822,200
2024,1823,200
2024,1824,200
2024,1825,200
2024,1826,200
2024,1827,200
2024,1828,200
2024,1829,200
2024,1830,200
2024,1831,200
2024,1832,200
2024,1833,200
2024,1834,200
2024,1835,200
2024,1836,200
2024,1837,200
2024,1838,200
2024,1839,200
2024,1840,200
2024,1841,200
2024,1842,200
2024,1843,200
2024,1844,200
2024,1845,200
2024,1846,200
2024,1847,200
2024,1848,200
2024,1849,200
2024,1850,200
2024,1851,200
2024,1852,200
2024,1853,200
2024,1854,200
2024,1855,200
2024,1856,200
2024,1857,200
2024,1858,200
2024,1859,200
2024,1860,200
2024,1861,200
2024,1862,200
2024,1863,200
2024,1864,200
2024,1865,200
2024,1866,200
2024,1867,200
2024,1868,200
2024,1869,200
2024,1870,200
2024,1871,200
2024,1872,200
2024,1873,200
2024,1874,200
2024,1875,200
2024,1876,200
2024,1877,200
2024,1878,200
2024,1879,200
2024,1880,200
2024,1881,200
2024,1882,200
2024,1883,200
2024,1884,200
2024,1885,200
2024,1886,200
2024,1887,200
2024,1888,200
2024,1889,200
2024,1890,200
2024,1891,200
2024,1892,200
2024,1893,200
2024,1894,200
2024,1895,200
2024,1896,200
2024,1897,200
2024,1898,200
2024,1899,200
2024,1900,200
2024,1901,200
2024,1902,200
2024,1903,200
2024,1904,200
2024,1905,200
2024,1906,200
2024,1907,200
2024,1908,200
2024,1909,200
2024,1910,200
2024,1911,200
2024,1912,200
2024,1913,200
2024,1914,200
2024,1915,200
2024,1916,200
2024,1917,200
2024,1918,200
2024,1919,200
2024,1920,200
2024,1921,149
2024,1922,200
2024,1923,200
2024,1924,200
2024,1925,200
2024,1926,200
2024,1927,200
2024,1928,200
2024,1929,200
2024,1930,200
2024,1931,200
2024,1932,200
2024,1933,200
2024,1934,200
2024,1935,200
2024,1936,200
2024,1937,200
2024,1938,200
2024,1939,200
2024,1940,200
2024,1941,200
2024,1942,200
2024,1943,200
2024,1944,200
2024,1945,200
2024,1946,200
2024,1947,200
2024,1948,200
2024,1949,200
2024,1950,200
2024,1951,126
2024,1952,200
2024,1953,200
2024,1954,200
2024,1955,200
2024,1956,200
2024,1957,200
2024,1958,200
2024,1959,200
2024,1960,200
2024,1961,200
2024,1962,200
2024,1963,200
2024,1964,200
2024,1965,200
2024,1966,200
2024,1967,200
2024,1968,200
2024,1969,200
2024,1970,200
2024,1971,200
2024,1972,200
2024,1973,200
2024,1974,200
2024,1975,200
2024,1976,200
2024,1977,200
2024,1978,200
2024,1979,200
2024,1980,200
2024,1981,200
2024,1982,200
2024,1983,200
2024,1984,200
2024,1985,200
2024,1986,200
2024,1987,200
2024,1988,200
2024,1989,200
2024,1990,200
2024,1991,200
2024,1992,200
2024,1993,200
2024,1994,200
2024,1995,200
2024,1996,200
2024,1997,200
2024,1998,200
2024,1999,200
2024,2000,200
2024,2001,200
2024,2002,200
2024,2003,200
2024,2004,200
2024,2005,200
2024,2006,200
2024,2007,200
2024,2008,200
2024,2009,200
2024,2010,200
2024,2011,200
2024,2012,200
2024,2013,200
2024,2014,200
2024,2015,200
2024,2016,200
2024,2017,200
2024,2018,200
2024,2019,200
2024,2020,200
2024,2021,200
2024,2022,200
2024,2023,200
2024,2024,200
2024,2025,200
2024,2026,200
2024,2027,200
2024,2028,200
2024,2029,200
2024,2030,200
2024,2031,200
2024,2032,200
2024,2033,200
2024,2034,200
2024,2035,200
2024,2036,200
2024,2037,200
2024,2038,200
2024,2039,200
2024,2040,200
2024,2041,200
2024,2042,200
2024,2043,200
2024,2044,200
2024,2045,200
2024,2046,200
2024,2047,200
2024,2048,200
2024,2049,200
2024,2050,200
2024,2051,200
2024,2052,200
2024,2053,200
2024,2054,200
2024,2055,200
2024,2056,200
2024,2057,200
2024,2058,200
2024,2059,200
2024,2060,200
2024,2061,200
2024,2062,200
2024,2063,200
2024,2064,200
2024,2065,200
2024,2066,200
2024,2067,200
2024,2068,200
2024,2069,200
2024,2070,200
2024,2071,200
2024,2072,200
2024,2073,200
2024,2074,200
2024,2075,200
2024,2076,200
2024,2077,200
2024,2078,200
2024,2079,200
2024,2080,200
2024,2081,200
2024,2082,200
2024,2083,200
2024,2084,200
2024,2085,200
2024,2086,200
2024,2087,200
2024,2088,200
2024,2089,200
2024,2090,200
2024,2091,200
2024,2092,200
2024,2093,200
2024,2094,200
2024,2095,200
2024,2096,200
2024,2097,200
2024,2098,200
2024,2099,200
2024,2100,200
2024,2101,200
2024,2102,200
2024,2103,200
2024,2104,200
2024,2105,200
2024,2106,200
2024,2107,200
2024,2108,200
2024,2109,200
2024,2110,200
2024,2111,200
2024,2112,200
2024,2113,200
2024,2114,200
2024,2115,200
2024,2116,200
2024,2117,200
2024,2118,200
2024,2119,200
2024,2120,200
2024,2121,200
2024,2122,200
2024,2123,200
2024,2124,200
2024,2125,200
2024,2126,200
2024,2127,200
2024,2128,200
2024,2129,200
2024,2130,200
2024,2131,200
2024,2132,200
2024,2133,200
2024,2134,200
2024,2135,200
2024,2136,200
2024,2137,200
2024,2138,200
2024,2139,200
2024,2140,200
2024,2141,200
2024,2142,200
2024,2143,200
2024,2144,200
2024,2145,200
2024,2146,200
2024,2147,200
2024,2148,200
2024,2149,200
2024,2150,200
2024,2151,200
2024,2152,200
2024,2153,200
2024,2154,200
2024,2155,200
2024,2156,200
2024,2157,200
2024,2158,200
2024,2159,200
2024,2160,200
2024,2161,200
2024,2162,200
2024,2163,200
2024,2164,200
2024,2165,200
2024,2166,200
2024,2167,200
2024,2168,200
2024,2169,200
2024,2170,200
2024,2171,200
2024,2172,200
2024,2173,200
2024,2174,200
2024,2175,200
2024,2176,200
2024,2177,200
2024,2178,200
2024,2179,200
2024,2180,200
2024,2181,200
2024,2182,200
2024,2183,200
2024,2184,200
2024,2185,200
2024,2186,200
2024,2187,200
2024,2188,200
2024,2189,200
2024,2190,200
2024,2191,200
2024,2192,200
2024,2193,200
2024,2194,200
2024,2195,200
2024,2196,200
2024,2197,200
2024,2198,200
2024,2199,200
2024,2200,200
2024,2201,200
2024,2202,200
2024,2203,200
2024,2204,200
2024,2205,200
2024,2206,200
2024,2207,200
2024,2208,200
2024,2209,200
2024,2210,200
2024,2211,200
2024,2212,200
2024,2213,200
2024,2214,200
2024,2215,200
2024,2216,200
2024,2217,200
2024,2218,200
2024,2219,200
2024,2220,200
2024,2221,200
2024,2222,200
2024,2223,200
2024,2224,200
2024,2225,200
2024,2226,200
2024,2227,200
2024,2228,200
2024,2229,200
2024,2230,200
2024,2231,200
2024,2232,200
2024,2233,200
2024,2234,57
2024,2235,200
2024,2236,200
2024,2237,200
2024,2238,200
2024,2239,200
2024,2240,200
2024,2241,200
2024,2242,200
2024,2243,200
2024,2244,200
2024,2245,200
2024,2246,200
2024,2247,200
2024,2248,200
2024,2249,200
2024,2250,200
2024,2251,200
2024,2252,200
2024,2253,200
2024,2254,200
2024,2255,200
2024,2256,200
2024,2257,200
2024,2258,200
2024,2259,200
2024,2260,200
2024,2261,200
2024,2262,200
2024,2263,200
2024,2264,200
2024,2265,200
2024,2266,200
2024,2267,200
2024,2268,200
2024,2269,200
2024,2270,200
2024,2271,200
2024,2272,200
2024,2273,200
2024,2274,200
2024,2275,200
2024,2276,200
2024,2277,200
2024,2278,200
2024,2279,200
2024,2280,200
2024,2281,200
2024,2282,200
2024,2283,200
2024,2284,200
2024,2285,200
2024,2286,200
2024,2287,200
2024,2288,200
2024,2289,200
2024,2290,200
2024,2291,200
2024,2292,200
2024,2293,200
2024,2294,200
2024,2295,200
2024,2296,200
2024,2297,200
2024,2298,200
2024,2299,200
2024,2300,200
2024,2301,200
2024,2302,200
2024,2303,200
2024,2304,200
2024,2305,200
2024,2306,200
2024,2307,200
2024,2308,200
2024,2309,200
2024,2310,200
2024,2311,200
2024,2312,200
2024,2313,200
2024,2314,200
2024,2315,200
2024,2316,200
2024,2317,200
2024,2318,200
2024,2319,200
2024,2320,200
2024,2321,200
2024,2322,200
2024,2323,200
2024,2324,200
2024,2325,200
2024,2326,200
2024,2327,200
2024,2328,200
2024,2329,200
2024,2330,200
2024,2331,200
2024,2332,200
2024,2333,200
2024,2334,200
2024,2335,200
2024,2336,200
2024,2337,200
2024,2338,200
2024,2339,200
2024,2340,200
2024,2341,200
2024,2342,200
2024,2343,200
2024,2344,200
2024,2345,200
2024,2346,200
2024,2347,200
2024,2348,200
2024,2349,200
2024,2350,200
2024,2351,200
2024,2352,200
2024,2353,200
2024,2354,200
2024,2355,200
2024,2356,200
2024,2357,200
2024,2358,200
2024,2359,200
2024,2360,200
2024,2361,200
2024,2362,200
2024,2363,200
2024,2364,200
2024,2365,200
2024,2366,200
2024,2367,200
2024,2368,200
2024,2369,200
2024,2370,200
2024,2371,200
2024,2372,200
2024,2373,200
2024,2374,200
2024,2375,200
2024,2376,200
2024,2377,200
2024,2378,200
2024,2379,200
2024,2380,200
2024,2381,200
2024,2382,200
2024,2383,200
2024,2384,200
2024,2385,200
2024,2386,200
2024,2387,200
2024,2388,200
2024,2389,200
2024,2390,200
2024,2391,200
2024,2392,200
2024,2393,200
2024,2394,200
2024,2395,200
2024,2396,200
2024,2397,200
2024,2398,200
2024,2399,200
2024,2400,200
2024,2401,200
2024,2402,200
2024,2403,200
2024,2404,118
2024,2405,200
2024,2406,200
2024,2407,200
2024,2408,200
2024,2409,200
2024,2410,200
2024,2411,200
2024,2412,123
2024,2413,200
2024,2414,200
2024,2415,200
2024,2416,200
2024,2417,200
2024,2418,200
2024,2419,200
2024,2420,200
2024,2421,200
2024,2422,200
2024,2423,200
2024,2424,200
2024,2425,200
2024,2426,200
2024,2427,200
2024,2428,200
2024,2429,200
2024,2430,200
2024,2431,200
2024,2432,200
2024,2433,200
2024,2434,200
2024,2435,200
2024,2436,200
2024,2437,200
2024,2438,200
2024,2439,200
2024,2440,200
2024,2441,200
2024,2442,200
2024,2443,200
2024,2444,200
2024,2445,200
2024,2446,200
2024,2447,200
2024,2448,200
2024,2449,200
2024,2450,200
2024,2451,200
2024,2452,200
2024,2453,200
2024,2454,200
2024,2455,200
2024,2456,200
2024,2457,200
2024,2458,200
2024,2459,200
2024,2460,200
2024,2461,200
2024,2462,200
2024,2463,200
2024,2464,200
2024,2465,200
2024,2466,200
2024,2467,200
2024,2468,200
2024,2469,200
2024,2470,200
2024,2471,200
2024,2472,200
2024,2473,200
2024,2474,200
2024,2475,200
2024,2476,200
2024,2477,200
2024,2478,200
2024,2479,200
2024,2480,200
2024,2481,200
2024,2482,200
2024,2483,200
2024,2484,200
2024,2485,200
2024,2486,200
2024,2487,200
2024,2488,200
2024,2489,200
2024,2490,200
2024,2491,200
2024,2492,200
2024,2493,200
2024,2494,200
2024,2495,200
2024,2496,200
2024,2497,200
2024,2498,200
2024,2499,200
2024,2500,200
2024,2501,200
2024,2502,200
2024,2503,200
2024,2504,200
2024,2505,200
2024,2506,200
2024,2507,200
2024,2508,200
2024,2509,200
2024,2510,200
2024,2511,200
2024,2512,200
2024,2513,200
2024,2514,200
2024,2515,200
2024,2516,200
2024,2517,200
2024,2518,200
2024,2519,200
2024,2520,200
2024,2521,200
2024,2522,200
2024,2523,200
2024,2524,200
2024,2525,200
2024,2526,200
2024,2527,200
2024,2528,200
2024,2529,200
2024,2530,200
2024,2531,200
2024,2532,200
2024,2533,200
2024,2534,200
2024,2535,200
2024,2536,200
2024,2537,200
2024,2538,200
2024,2539,200
2024,2540,200
2024,2541,200
2024,2542,200
2024,2543,200
2024,2544,200
2024,2545,200
2024,2546,200
2024,2547,200
2024,2548,200
2024,2549,200
2024,2550,200
2024,2551,200
2024,2552,200
2024,2553,200
2024,2554,200
2024,2555,200
2024,2556,200
2024,2557,200
2024,2558,200
2024,2559,200
2024,2560,200
2024,2561,200
2024,2562,200
2024,2563,200
2024,2564,200
2024,2565,200
2024,2566,200
2024,2567,200
2024,2568,200
2024,2569,200
2024,2570,200
2024,2571,200
2024,2572,200
2024,2573,200
2024,2574,200
2024,2575,200
2024,2576,200
2024,2577,200
2024,2578,200
2024,2579,200
2024,2580,200
2024,2581,200
2024,2582,200
2024,2583,200
2024,2584,200
2024,2585,200
2024,2586,200
2024,2587,200
2024,2588,200
2024,2589,200
2024,2590,200
2024,2591,200
2024,2592,200
2024,2593,200
2024,2594,200
2024,2595,200
2024,2596,200
2024,2597,200
2024,2598,200
2024,2599,200
2024,2600,200
2024,2601,200
2024,2602,200
2024,2603,200
2024,2604,200
2024,2605,200
2024,2606,200
2024,2607,200
2024,2608,200
2024,2609,200
2024,2610,200
2024,2611,200
2024,2612,200
2024,2613,200
2024,2614,200
2024,2615,200
2024,2616,200
2024,2617,200
2024,2618,200
2024,2619,200
2024,2620,200
2024,2621,200
2024,2622,200
2024,2623,200
2024,2624,200
2024,2625,200
2024,2626,200
2024,2627,200
2024,2628,200
2024,2629,200
2024,2630,200
2024,2631,200
2024,2632,200
2024,2633,200
2024,2634,200
2024,2635,200
2024,2636,200
2024,2637,200
2024,2638,200
2024,2639,200
2024,2640,200
2024,2641,200
2024,2642,200
2024,2643,200
2024,2644,200
2024,2645,200
2024,2646,200
2024,2647,200
2024,2648,200
2024,2649,200
2024,2650,200
2024,2651,200
2024,2652,200
2024,2653,200
2024,2654,200
2024,2655,200
2024,2656,200
2024,2657,200
2024,2658,200
2024,2659,200
2024,2660,200
2024,2661,200
2024,2662,174
2024,2663,200
2024,2664,200
2024,2665,200
2024,2666,200
2024,2667,200
2024,2668,200
2024,2669,200
2024,2670,200
2024,2671,200
2024,2672,200
2024,2673,200
2024,2674,200
2024,2675,200
2024,2676,200
2024,2677,200
2024,2678,200
2024,2679,200
2024,2680,200
2024,2681,200
2024,2682,200
2024,2683,200
2024,2684,200
2024,2685,200
2024,2686,200
2024,2687,200
2024,2688,200
2024,2689,200
2024,2690,200
2024,2691,200
2024,2692,200
2024,2693,200
2024,2694,200
2024,2695,200
2024,2696,200
2024,2697,200
2024,2698,200
2024,2699,200
2024,2700,200
2024,2701,200
2024,2702,200
2024,2703,200
2024,2704,200
2024,2705,200
2024,2706,200
2024,2707,200
2024,2708,200
2024,2709,200
2024,2710,200
2024,2711,200
2024,2712,200
2024,2713,200
2024,2714,200
2024,2715,200
2024,2716,200
2024,2717,200
2024,2718,200
2024,2719,200
2024,2720,200
2024,2721,200
2024,2722,200
2024,2723,200
2024,2724,200
2024,2725,200
2024,2726,200
2024,2727,200
2024,2728,200
2024,2729,200
2024,2730,200
2024,2731,200
2024,2732,200
2024,2733,200
2024,2734,200
2024,2735,200
2024,2736,200
2024,2737,200
2024,2738,200
2024,2739,200
2024,2740,200
2024,2741,200
2024,2742,200
2024,2743,200
2024,2744,200
2024,2745,200
2024,2746,200
2024,2747,200
2024,2748,200
2024,2749,200
2024,2750,200
2024,2751,200
2024,2752,200
2024,2753,200
2024,2754,200
2024,2755,200
2024,2756,200
2024,2757,200
2024,2758,200
2024,2759,200
2024,2760,200
2024,2761,200
2024,2762,200
2024,2763,200
2024,2764,200
2024,2765,200
2024,2766,200
2024,2767,200
2024,2768,200
2024,2769,200
2024,2770,200
2024,2771,200
2024,2772,200
2024,2773,200
2024,2774,200
2024,2775,200
2024,2776,200
2024,2777,200
2024,2778,200
2024,2779,200
2024,2780,200
2024,2781,200
2024,2782,200
2024,2783,200
2024,2784,200
2024,2785,200
2024,2786,200
2024,2787,200
2024,2788,200
2024,2789,200
2024,2790,200
2024,2791,200
2024,2792,200
2024,2793,200
2024,2794,200
2024,2795,200
2024,2796,200
2024,2797,200
2024,2798,200
2024,2799,200
2024,2800,200
2024,2801,200
2024,2802,200
2024,2803,200
2024,2804,200
2024,2805,200
2024,2806,200
2024,2807,200
2024,2808,200
2024,2809,200
2024,2810,200
2024,2811,200
2024,2812,200
2024,2813,200
2024,2814,200
2024,2815,200
2024,2816,200
2024,2817,200
2024,2818,200
2024,2819,200
2024,2820,200
2024,2821,200
2024,2822,200
2024,2823,200
2024,2824,200
2024,2825,200
2024,2826,200
2024,2827,200
2024,2828,200
2024,2829,200
2024,2830,200
2024,2831,200
2024,2832,200
2024,2833,200
2024,2834,200
2024,2835,200
2024,2836,200
2024,2837,200
2024,2838,200
2024,2839,200
2024,2840,200
2024,2841,200
2024,2842,200
2024,2843,200
2024,2844,200
2024,2845,200
2024,2846,200
2024,2847,200
2024,2848,200
2024,2849,200
2024,2850,200
2024,2851,200
2024,2852,200
2024,2853,200
2024,2854,200
2024,2855,200
2024,2856,200
2024,2857,200
2024,2858,200
2024,2859,200
2024,2860,200
2024,2861,200
2024,2862,200
2024,2863,200
2024,2864,200
2024,2865,200
2024,2866,200
2024,2867,200
2024,2868,200
2024,2869,200
2024,2870,200
2024,2871,200
2024,2872,200
2024,2873,200
2024,2874,200
2024,2875,200
2024,2876,200
2024,2877,200
2024,2878,200
2024,2879,200
2024,2880,200
2024,2881,200
2024,2882,200
2024,2883,200
2024,2884,200
2024,2885,200
2024,2886,200
2024,2887,200
2024,2888,200
2024,2889,200
2024,2890,200
2024,2891,200
2024,2892,200
2024,2893,200
2024,2894,200
2024,2895,200
2024,2896,200
2024,2897,200
2024,2898,200
2024,2899,200
2024,2900,200
2024,2901,200
2024,2902,200
2024,2903,200
2024,2904,200
2024,2905,200
2024,2906,200
2024,2907,200
2024,2908,200
2024,2909,200
2024,2910,200
2024,2911,200
2024,2912,200
2024,2913,200
2024,2914,200
2024,2915,200
2024,2916,200
2024,2917,200
2024,2918,200
2024,2919,200
2024,2920,200
2024,2921,200
2024,2922,200
2024,2923,200
2024,2924,200
2024,2925,200
2024,2926,200
2024,2927,200
2024,2928,200
2024,2929,200
2024,2930,200
2024,2931,200
2024,2932,200
2024,2933,200
2024,2934,200
2024,2935,200
2024,2936,200
2024,2937,200
2024,2938,200
2024,2939,200
2024,2940,200
2024,2941,200
2024,2942,200
2024,2943,200
2024,2944,200
2024,2945,200
2024,2946,200
2024,2947,200
2024,2948,200
2024,2949,200
2024,2950,200
2024,2951,200
2024,2952,200
2024,2953,200
2024,2954,200
2024,2955,200
2024,2956,200
2024,2957,200
2024,2958,200
2024,2959,200
2024,2960,200
2024,2961,200
2024,2962,200
2024,2963,200
2024,2964,200
2024,2965,200
2024,2966,200
2024,2967,200
2024,2968,200
2024,2969,200
2024,2970,200
2024,2971,200
2024,2972,200
2024,2973,200
2024,2974,200
2024,2975,200
2024,2976,200
2024,2977,200
2024,2978,200
2024,2979,200
2024,2980,200
2024,2981,200
2024,2982,200
2024,2983,200
2024,2984,200
2024,2985,200
2024,2986,200
2024,2987,200
2024,2988,200
2024,2989,200
2024,2990,200
2024,2991,200
2024,2992,200
2024,2993,200
2024,2994,200
2024,2995,200
2024,2996,200
2024,2997,91
2024,2998,200
2024,2999,200
