Seed,Episode,Reward,Steps,Errors,Algorithm
42,0,-623,200,47,SARSA
42,1,-758,200,62,SARSA
42,2,-704,200,56,SARSA
42,3,-551,200,39,SARSA
42,4,-749,200,61,SARSA
42,5,-704,200,56,SARSA
42,6,-704,200,56,SARSA
42,7,-506,200,34,SARSA
42,8,-479,200,31,SARSA
42,9,-587,200,43,SARSA
42,10,-704,200,56,SARSA
42,11,-488,200,32,SARSA
42,12,-560,200,40,SARSA
42,13,-749,200,61,SARSA
42,14,-677,200,53,SARSA
42,15,-578,200,42,SARSA
42,16,-353,200,17,SARSA
42,17,-452,200,28,SARSA
42,18,-362,200,18,SARSA
42,19,-254,200,6,SARSA
42,20,-659,200,51,SARSA
42,21,-488,200,32,SARSA
42,22,-407,200,23,SARSA
42,23,-614,200,46,SARSA
42,24,-443,200,27,SARSA
42,25,-389,200,21,SARSA
42,26,-354,177,22,SARSA
42,27,-299,200,11,SARSA
42,28,-254,200,6,SARSA
42,29,-272,200,8,SARSA
42,30,-839,200,71,SARSA
42,31,-263,200,7,SARSA
42,32,-263,200,7,SARSA
42,33,-371,200,19,SARSA
42,34,-290,200,10,SARSA
42,35,-407,200,23,SARSA
42,36,-695,200,55,SARSA
42,37,-551,200,39,SARSA
42,38,-281,200,9,SARSA
42,39,-677,200,53,SARSA
42,40,-254,200,6,SARSA
42,41,-695,200,55,SARSA
42,42,-362,200,18,SARSA
42,43,14,7,0,SARSA
42,44,-236,200,4,SARSA
42,45,-272,200,8,SARSA
42,46,-176,161,4,SARSA
42,47,-290,200,10,SARSA
42,48,-235,148,12,SARSA
42,49,-344,200,16,SARSA
42,50,-272,200,8,SARSA
42,51,-290,200,10,SARSA
42,52,-236,200,4,SARSA
42,53,-281,200,9,SARSA
42,54,-605,200,45,SARSA
42,55,-263,200,7,SARSA
42,56,-272,200,8,SARSA
42,57,-389,200,21,SARSA
42,58,-43,46,2,SARSA
42,59,-263,200,7,SARSA
42,60,-196,172,5,SARSA
42,61,-344,200,16,SARSA
42,62,-263,200,7,SARSA
42,63,-236,200,4,SARSA
42,64,-263,200,7,SARSA
42,65,-245,200,5,SARSA
42,66,-245,200,5,SARSA
42,67,-335,200,15,SARSA
42,68,-272,200,8,SARSA
42,69,-218,200,2,SARSA
42,70,-236,200,4,SARSA
42,71,-236,200,4,SARSA
42,72,-236,200,4,SARSA
42,73,-114,81,6,SARSA
42,74,-317,200,13,SARSA
42,75,-157,115,7,SARSA
42,76,-254,200,6,SARSA
42,77,-227,200,3,SARSA
42,78,-83,86,2,SARSA
42,79,-335,200,15,SARSA
42,80,-326,200,14,SARSA
42,81,-58,61,2,SARSA
42,82,-272,200,8,SARSA
42,83,-254,200,6,SARSA
42,84,-41,44,2,SARSA
42,85,0,21,0,SARSA
42,86,-686,200,54,SARSA
42,87,-144,129,4,SARSA
42,88,-253,184,10,SARSA
42,89,-281,200,9,SARSA
42,90,-178,136,7,SARSA
42,91,-236,200,4,SARSA
42,92,-227,200,3,SARSA
42,93,-263,200,7,SARSA
42,94,-290,200,10,SARSA
42,95,-245,200,5,SARSA
42,96,-272,200,8,SARSA
42,97,-263,200,7,SARSA
42,98,-254,200,6,SARSA
42,99,-243,174,10,SARSA
42,100,-308,200,12,SARSA
42,101,-252,165,12,SARSA
42,102,-281,200,9,SARSA
42,103,-299,200,11,SARSA
42,104,-229,196,6,SARSA
42,105,-335,200,15,SARSA
42,106,-272,200,8,SARSA
42,107,-281,200,9,SARSA
42,108,-80,65,4,SARSA
42,109,-274,196,11,SARSA
42,110,-263,200,7,SARSA
42,111,-353,200,17,SARSA
42,112,-254,200,6,SARSA
42,113,-299,200,11,SARSA
42,114,-310,196,15,SARSA
42,115,3,18,0,SARSA
42,116,-335,200,15,SARSA
42,117,-254,200,6,SARSA
42,118,-14,17,2,SARSA
42,119,-326,200,14,SARSA
42,120,-245,200,5,SARSA
42,121,-263,200,7,SARSA
42,122,-244,184,9,SARSA
42,123,-227,200,3,SARSA
42,124,-281,200,9,SARSA
42,125,-221,125,13,SARSA
42,126,-236,200,4,SARSA
42,127,-254,200,6,SARSA
42,128,-290,200,10,SARSA
42,129,-264,195,10,SARSA
42,130,-308,200,12,SARSA
42,131,-174,132,7,SARSA
42,132,-290,200,10,SARSA
42,133,-245,200,5,SARSA
42,134,-245,200,5,SARSA
42,135,-188,164,5,SARSA
42,136,-213,189,5,SARSA
42,137,-263,200,7,SARSA
42,138,-263,200,7,SARSA
42,139,-380,200,20,SARSA
42,140,-236,200,4,SARSA
42,141,-263,149,15,SARSA
42,142,-245,200,5,SARSA
42,143,-236,200,4,SARSA
42,144,-290,200,10,SARSA
42,145,-410,188,27,SARSA
42,146,-254,200,6,SARSA
42,147,-218,200,2,SARSA
42,148,-290,200,10,SARSA
42,149,-169,154,4,SARSA
42,150,-153,102,8,SARSA
42,151,-317,200,13,SARSA
42,152,-87,72,4,SARSA
42,153,-71,74,2,SARSA
42,154,-344,200,16,SARSA
42,155,-159,153,3,SARSA
42,156,-308,200,12,SARSA
42,157,-163,139,5,SARSA
42,158,-227,200,3,SARSA
42,159,-57,78,0,SARSA
42,160,-299,200,11,SARSA
42,161,-380,200,20,SARSA
42,162,-290,200,10,SARSA
42,163,-96,117,0,SARSA
42,164,-18,30,1,SARSA
42,165,-371,200,19,SARSA
42,166,-35,56,0,SARSA
42,167,-122,80,7,SARSA
42,168,-344,200,16,SARSA
42,169,-299,200,11,SARSA
42,170,-236,200,4,SARSA
42,171,-281,200,9,SARSA
42,172,-290,200,10,SARSA
42,173,-164,131,6,SARSA
42,174,-299,200,11,SARSA
42,175,-263,194,10,SARSA
42,176,-179,164,4,SARSA
42,177,-108,93,4,SARSA
42,178,-264,159,14,SARSA
42,179,-335,200,15,SARSA
42,180,-256,178,11,SARSA
42,181,-416,200,24,SARSA
42,182,-232,190,7,SARSA
42,183,-113,107,3,SARSA
42,184,-407,200,23,SARSA
42,185,-145,85,9,SARSA
42,186,-245,200,5,SARSA
42,187,-326,200,14,SARSA
42,188,-47,68,0,SARSA
42,189,-398,200,22,SARSA
42,190,-26,38,1,SARSA
42,191,-160,100,9,SARSA
42,192,-199,130,10,SARSA
42,193,-380,200,20,SARSA
42,194,-97,100,2,SARSA
42,195,-353,200,17,SARSA
42,196,-328,196,17,SARSA
42,197,-287,200,12,SARSA
42,198,-111,78,6,SARSA
42,199,-151,127,5,SARSA
42,200,-407,200,23,SARSA
42,201,-335,200,15,SARSA
42,202,-267,189,11,SARSA
42,203,-245,200,5,SARSA
42,204,-317,200,13,SARSA
42,205,-356,188,21,SARSA
42,206,-238,178,9,SARSA
42,207,-299,200,11,SARSA
42,208,-98,74,5,SARSA
42,209,-12,33,0,SARSA
42,210,-272,200,8,SARSA
42,211,-335,200,15,SARSA
42,212,-142,118,5,SARSA
42,213,-99,75,5,SARSA
42,214,-290,200,10,SARSA
42,215,-218,200,2,SARSA
42,216,-236,200,4,SARSA
42,217,-245,200,5,SARSA
42,218,-299,176,16,SARSA
42,219,-202,187,4,SARSA
42,220,-263,200,7,SARSA
42,221,-231,144,12,SARSA
42,222,-33,45,1,SARSA
42,223,1,20,0,SARSA
42,224,-86,62,5,SARSA
42,225,-107,83,5,SARSA
42,226,-341,200,18,SARSA
42,227,-272,200,8,SARSA
42,228,-290,200,10,SARSA
42,229,-235,130,14,SARSA
42,230,-80,92,1,SARSA
42,231,-212,161,8,SARSA
42,232,-63,57,3,SARSA
42,233,-281,200,9,SARSA
42,234,11,10,0,SARSA
42,235,-172,130,7,SARSA
42,236,-137,131,3,SARSA
42,237,-66,51,4,SARSA
42,238,-290,200,10,SARSA
42,239,-106,73,6,SARSA
42,240,-225,129,13,SARSA
42,241,-326,200,14,SARSA
42,242,-344,200,16,SARSA
42,243,-97,91,3,SARSA
42,244,-205,145,9,SARSA
42,245,-317,200,13,SARSA
42,246,-64,67,2,SARSA
42,247,-272,200,8,SARSA
42,248,-245,194,8,SARSA
42,249,-233,164,10,SARSA
42,250,-13,34,0,SARSA
42,251,-72,84,1,SARSA
42,252,-218,200,2,SARSA
42,253,-121,106,4,SARSA
42,254,-116,83,6,SARSA
42,255,-172,157,4,SARSA
42,256,-195,162,6,SARSA
42,257,-147,114,6,SARSA
42,258,-236,194,7,SARSA
42,259,-290,200,10,SARSA
42,260,-40,52,1,SARSA
42,261,-263,200,7,SARSA
42,262,-168,144,5,SARSA
42,263,-169,163,3,SARSA
42,264,-212,188,5,SARSA
42,265,-290,200,10,SARSA
42,266,-116,83,6,SARSA
42,267,-40,43,2,SARSA
42,268,-326,200,14,SARSA
42,269,-52,64,1,SARSA
42,270,-335,200,15,SARSA
42,271,-153,147,3,SARSA
42,272,-142,127,4,SARSA
42,273,-290,200,10,SARSA
42,274,-113,98,4,SARSA
42,275,-99,93,3,SARSA
42,276,-123,126,2,SARSA
42,277,-254,200,6,SARSA
42,278,-119,86,6,SARSA
42,279,-55,49,3,SARSA
42,280,-299,200,11,SARSA
42,281,-234,192,7,SARSA
42,282,-236,200,4,SARSA
42,283,-126,120,3,SARSA
42,284,-65,59,3,SARSA
42,285,-272,200,8,SARSA
42,286,-227,200,3,SARSA
42,287,-120,123,2,SARSA
42,288,-254,200,6,SARSA
42,289,-79,91,1,SARSA
42,290,-51,63,1,SARSA
42,291,-194,197,2,SARSA
42,292,-80,74,3,SARSA
42,293,-139,115,5,SARSA
42,294,-190,166,5,SARSA
42,295,-134,101,6,SARSA
42,296,-148,124,5,SARSA
42,297,-272,200,8,SARSA
42,298,-200,176,5,SARSA
42,299,-28,49,0,SARSA
42,300,-74,77,2,SARSA
42,301,-290,200,10,SARSA
42,302,-250,190,9,SARSA
42,303,-251,182,10,SARSA
42,304,-326,200,14,SARSA
42,305,-280,193,12,SARSA
42,306,-32,35,2,SARSA
42,307,-176,89,12,SARSA
42,308,-38,59,0,SARSA
42,309,-268,154,15,SARSA
42,310,-317,200,13,SARSA
42,311,-167,134,6,SARSA
42,312,-231,180,8,SARSA
42,313,-106,64,7,SARSA
42,314,-344,200,16,SARSA
42,315,-188,164,5,SARSA
42,316,-317,200,13,SARSA
42,317,-76,79,2,SARSA
42,318,-263,200,7,SARSA
42,319,-299,200,11,SARSA
42,320,-176,134,7,SARSA
42,321,-12,15,2,SARSA
42,322,-100,94,3,SARSA
42,323,-182,140,7,SARSA
42,324,-290,200,10,SARSA
42,325,-25,28,2,SARSA
42,326,-110,104,3,SARSA
42,327,-84,78,3,SARSA
42,328,-362,200,18,SARSA
42,329,-92,95,2,SARSA
42,330,-55,40,4,SARSA
42,331,-195,144,8,SARSA
42,332,-246,177,10,SARSA
42,333,-12,33,0,SARSA
42,334,-105,81,5,SARSA
42,335,-202,169,6,SARSA
42,336,-130,115,4,SARSA
42,337,-94,79,4,SARSA
42,338,-195,153,7,SARSA
42,339,-25,28,2,SARSA
42,340,-97,91,3,SARSA
42,341,-99,93,3,SARSA
42,342,-103,97,3,SARSA
42,343,-165,114,8,SARSA
42,344,-70,64,3,SARSA
42,345,-186,108,11,SARSA
42,346,-64,58,3,SARSA
42,347,8,13,0,SARSA
42,348,-62,83,0,SARSA
42,349,15,6,0,SARSA
42,350,-265,151,15,SARSA
42,351,-120,105,4,SARSA
42,352,-82,76,3,SARSA
42,353,-258,189,10,SARSA
42,354,-73,76,2,SARSA
42,355,-176,116,9,SARSA
42,356,-55,67,1,SARSA
42,357,-163,148,4,SARSA
42,358,-256,169,12,SARSA
42,359,-236,200,4,SARSA
42,360,-317,200,13,SARSA
42,361,8,13,0,SARSA
42,362,-46,49,2,SARSA
42,363,-299,200,11,SARSA
42,364,-142,118,5,SARSA
42,365,-185,143,7,SARSA
42,366,-141,90,8,SARSA
42,367,-72,84,1,SARSA
42,368,-51,54,2,SARSA
42,369,-151,109,7,SARSA
42,370,-216,156,9,SARSA
42,371,12,9,0,SARSA
42,372,12,9,0,SARSA
42,373,-290,200,10,SARSA
42,374,-45,48,2,SARSA
42,375,-6,18,1,SARSA
42,376,-18,30,1,SARSA
42,377,-52,55,2,SARSA
42,378,-19,31,1,SARSA
42,379,-77,89,1,SARSA
42,380,-202,142,9,SARSA
42,381,-127,112,4,SARSA
42,382,-212,125,12,SARSA
42,383,-317,200,13,SARSA
42,384,-46,58,1,SARSA
42,385,-257,179,11,SARSA
42,386,-189,174,4,SARSA
42,387,-148,106,7,SARSA
42,388,-398,200,22,SARSA
42,389,-71,56,4,SARSA
42,390,-103,88,4,SARSA
42,391,-181,94,12,SARSA
42,392,-288,183,14,SARSA
42,393,-253,112,18,SARSA
42,394,-130,124,3,SARSA
42,395,-58,52,3,SARSA
42,396,-72,57,4,SARSA
42,397,-15,36,0,SARSA
42,398,-98,56,7,SARSA
42,399,-42,45,2,SARSA
42,400,-47,59,1,SARSA
42,401,-235,166,10,SARSA
42,402,-176,143,6,SARSA
42,403,-68,53,4,SARSA
42,404,-124,118,3,SARSA
42,405,-245,200,5,SARSA
42,406,-140,143,2,SARSA
42,407,-132,117,4,SARSA
42,408,-142,100,7,SARSA
42,409,-13,34,0,SARSA
42,410,12,9,0,SARSA
42,411,-149,134,4,SARSA
42,412,-151,136,4,SARSA
42,413,-96,81,4,SARSA
42,414,-326,200,14,SARSA
42,415,-105,90,4,SARSA
42,416,-55,76,0,SARSA
42,417,-173,140,6,SARSA
42,418,-185,134,8,SARSA
42,419,-65,86,0,SARSA
42,420,-83,59,5,SARSA
42,421,-178,127,8,SARSA
42,422,-20,23,2,SARSA
42,423,-129,96,6,SARSA
42,424,-72,57,4,SARSA
42,425,-241,172,10,SARSA
42,426,-3,24,0,SARSA
42,427,-299,200,11,SARSA
42,428,-156,123,6,SARSA
42,429,0,21,0,SARSA
42,430,-3,15,1,SARSA
42,431,-61,55,3,SARSA
42,432,-12,24,1,SARSA
42,433,-25,37,1,SARSA
42,434,-290,200,10,SARSA
42,435,-71,74,2,SARSA
42,436,-188,164,5,SARSA
42,437,-121,97,5,SARSA
42,438,-163,94,10,SARSA
42,439,-317,200,13,SARSA
42,440,-193,106,12,SARSA
42,441,-126,93,6,SARSA
42,442,-232,145,12,SARSA
42,443,-185,134,8,SARSA
42,444,-46,49,2,SARSA
42,445,-19,40,0,SARSA
42,446,-200,122,11,SARSA
42,447,-97,100,2,SARSA
42,448,-27,39,1,SARSA
42,449,-190,148,7,SARSA
42,450,-263,200,7,SARSA
42,451,-185,143,7,SARSA
42,452,-150,99,8,SARSA
42,453,-145,112,6,SARSA
42,454,-107,119,1,SARSA
42,455,-45,39,3,SARSA
42,456,-78,90,1,SARSA
42,457,-99,75,5,SARSA
42,458,-145,112,6,SARSA
42,459,-2,14,1,SARSA
42,460,13,8,0,SARSA
42,461,-102,105,2,SARSA
42,462,-100,103,2,SARSA
42,463,-79,55,5,SARSA
42,464,-38,41,2,SARSA
42,465,-236,158,11,SARSA
42,466,-5,26,0,SARSA
42,467,3,9,1,SARSA
42,468,-77,80,2,SARSA
42,469,-299,200,11,SARSA
42,470,14,7,0,SARSA
42,471,-56,59,2,SARSA
42,472,-24,27,2,SARSA
42,473,0,21,0,SARSA
42,474,-117,93,5,SARSA
42,475,-100,67,6,SARSA
42,476,-102,78,5,SARSA
42,477,-150,135,4,SARSA
42,478,-147,123,5,SARSA
42,479,3,18,0,SARSA
42,480,-77,80,2,SARSA
42,481,0,12,1,SARSA
42,482,-42,45,2,SARSA
42,483,-36,39,2,SARSA
42,484,0,21,0,SARSA
42,485,-98,65,6,SARSA
42,486,-169,127,7,SARSA
42,487,-231,135,13,SARSA
42,488,-4,16,1,SARSA
42,489,-169,136,6,SARSA
42,490,-103,97,3,SARSA
42,491,-68,71,2,SARSA
42,492,-33,45,1,SARSA
42,493,-92,86,3,SARSA
42,494,14,7,0,SARSA
42,495,-29,41,1,SARSA
42,496,-6,27,0,SARSA
42,497,-130,97,6,SARSA
42,498,-99,75,5,SARSA
42,499,-50,44,3,SARSA
42,0,-578,200,42,SARSA + PS
42,1,-578,200,42,SARSA + PS
42,2,-767,200,63,SARSA + PS
42,3,-641,200,49,SARSA + PS
42,4,-659,200,51,SARSA + PS
42,5,-695,200,55,SARSA + PS
42,6,-704,200,56,SARSA + PS
42,7,-542,200,38,SARSA + PS
42,8,-668,200,52,SARSA + PS
42,9,-605,200,45,SARSA + PS
42,10,-677,200,53,SARSA + PS
42,11,-569,200,41,SARSA + PS
42,12,-272,200,8,SARSA + PS
42,13,-632,200,48,SARSA + PS
42,14,-722,200,58,SARSA + PS
42,15,-713,200,57,SARSA + PS
42,16,-245,200,5,SARSA + PS
42,17,-245,200,5,SARSA + PS
42,18,-389,200,21,SARSA + PS
42,19,-776,200,64,SARSA + PS
42,20,-758,200,62,SARSA + PS
42,21,-587,200,43,SARSA + PS
42,22,-596,200,44,SARSA + PS
42,23,-278,146,17,SARSA + PS
42,24,-281,200,9,SARSA + PS
42,25,-335,200,15,SARSA + PS
42,26,-185,62,16,SARSA + PS
42,27,-180,120,9,SARSA + PS
42,28,-218,200,2,SARSA + PS
42,29,-227,200,3,SARSA + PS
42,30,-659,200,51,SARSA + PS
42,31,-308,200,12,SARSA + PS
42,32,-50,53,2,SARSA + PS
42,33,-200,59,18,SARSA + PS
42,34,-12,24,1,SARSA + PS
42,35,-281,200,9,SARSA + PS
42,36,-587,200,43,SARSA + PS
42,37,-206,200,3,SARSA + PS
42,38,-131,125,3,SARSA + PS
42,39,-623,200,47,SARSA + PS
42,40,-31,43,1,SARSA + PS
42,41,-767,200,63,SARSA + PS
42,42,-142,100,7,SARSA + PS
42,43,10,11,0,SARSA + PS
42,44,-107,83,5,SARSA + PS
42,45,-85,79,3,SARSA + PS
42,46,14,7,0,SARSA + PS
42,47,-29,50,0,SARSA + PS
42,48,-263,200,7,SARSA + PS
42,49,-281,200,9,SARSA + PS
42,50,-245,200,5,SARSA + PS
42,51,-272,200,8,SARSA + PS
42,52,-272,200,8,SARSA + PS
42,53,-299,200,11,SARSA + PS
42,54,-596,200,44,SARSA + PS
42,55,-308,200,12,SARSA + PS
42,56,-308,200,12,SARSA + PS
42,57,-245,200,5,SARSA + PS
42,58,-236,200,4,SARSA + PS
42,59,-245,200,5,SARSA + PS
42,60,0,21,0,SARSA + PS
42,61,-490,133,42,SARSA + PS
42,62,-281,200,9,SARSA + PS
42,63,-95,98,2,SARSA + PS
42,64,-254,200,6,SARSA + PS
42,65,-236,200,4,SARSA + PS
42,66,-192,168,5,SARSA + PS
42,67,-281,200,9,SARSA + PS
42,68,-85,79,3,SARSA + PS
42,69,-236,200,4,SARSA + PS
42,70,-148,52,13,SARSA + PS
42,71,-335,200,15,SARSA + PS
42,72,-263,200,7,SARSA + PS
42,73,-36,48,1,SARSA + PS
42,74,9,12,0,SARSA + PS
42,75,-212,188,5,SARSA + PS
42,76,-175,142,6,SARSA + PS
42,77,-68,62,3,SARSA + PS
42,78,-22,43,0,SARSA + PS
42,79,-299,200,11,SARSA + PS
42,80,-176,179,2,SARSA + PS
42,81,-62,56,3,SARSA + PS
42,82,-88,82,3,SARSA + PS
42,83,-9,30,0,SARSA + PS
42,84,15,6,0,SARSA + PS
42,85,8,13,0,SARSA + PS
42,86,-256,106,19,SARSA + PS
42,87,-227,200,3,SARSA + PS
42,88,-53,65,1,SARSA + PS
42,89,11,10,0,SARSA + PS
42,90,-254,200,6,SARSA + PS
42,91,-33,27,3,SARSA + PS
42,92,-254,200,6,SARSA + PS
42,93,-236,200,4,SARSA + PS
42,94,-263,200,7,SARSA + PS
42,95,-445,142,36,SARSA + PS
42,96,-39,60,0,SARSA + PS
42,97,-187,154,6,SARSA + PS
42,98,-263,200,7,SARSA + PS
42,99,5,16,0,SARSA + PS
42,100,11,10,0,SARSA + PS
42,101,-101,95,3,SARSA + PS
42,102,4,17,0,SARSA + PS
42,103,-51,54,2,SARSA + PS
42,104,-10,31,0,SARSA + PS
42,105,-245,200,5,SARSA + PS
42,106,2,19,0,SARSA + PS
42,107,-236,200,4,SARSA + PS
42,108,15,6,0,SARSA + PS
42,109,-65,50,4,SARSA + PS
42,110,-108,111,2,SARSA + PS
42,111,-2,23,0,SARSA + PS
42,112,-208,184,5,SARSA + PS
42,113,-103,97,3,SARSA + PS
42,114,-28,40,1,SARSA + PS
42,115,0,12,1,SARSA + PS
42,116,-23,35,1,SARSA + PS
42,117,-53,65,1,SARSA + PS
42,118,9,12,0,SARSA + PS
42,119,-272,200,8,SARSA + PS
42,120,-166,151,4,SARSA + PS
42,121,10,11,0,SARSA + PS
42,122,-30,51,0,SARSA + PS
42,123,12,9,0,SARSA + PS
42,124,-10,22,1,SARSA + PS
42,125,-11,23,1,SARSA + PS
42,126,-133,127,3,SARSA + PS
42,127,-94,97,2,SARSA + PS
42,128,-107,83,5,SARSA + PS
42,129,-5,17,1,SARSA + PS
42,130,10,11,0,SARSA + PS
42,131,7,14,0,SARSA + PS
42,132,-162,156,3,SARSA + PS
42,133,-36,48,1,SARSA + PS
42,134,-157,133,5,SARSA + PS
42,135,10,11,0,SARSA + PS
42,136,-21,33,1,SARSA + PS
42,137,-51,45,3,SARSA + PS
42,138,9,12,0,SARSA + PS
42,139,-254,200,6,SARSA + PS
42,140,-147,132,4,SARSA + PS
42,141,10,11,0,SARSA + PS
42,142,-68,53,4,SARSA + PS
42,143,-51,63,1,SARSA + PS
42,144,-59,62,2,SARSA + PS
42,145,-245,200,5,SARSA + PS
42,146,-31,25,3,SARSA + PS
42,147,-52,46,3,SARSA + PS
42,148,-28,22,3,SARSA + PS
42,149,-37,49,1,SARSA + PS
42,150,-24,36,1,SARSA + PS
42,151,-80,74,3,SARSA + PS
42,152,-159,126,6,SARSA + PS
42,153,-37,49,1,SARSA + PS
42,154,-203,188,4,SARSA + PS
42,155,-1,22,0,SARSA + PS
42,156,7,14,0,SARSA + PS
42,157,-28,40,1,SARSA + PS
42,158,-109,94,4,SARSA + PS
42,159,9,12,0,SARSA + PS
42,160,-197,200,2,SARSA + PS
42,161,-9,21,1,SARSA + PS
42,162,8,13,0,SARSA + PS
42,163,-12,33,0,SARSA + PS
42,164,8,13,0,SARSA + PS
42,165,-1,13,1,SARSA + PS
42,166,14,7,0,SARSA + PS
42,167,8,13,0,SARSA + PS
42,168,-47,59,1,SARSA + PS
42,169,-7,28,0,SARSA + PS
42,170,-3,15,1,SARSA + PS
42,171,-15,27,1,SARSA + PS
42,172,9,12,0,SARSA + PS
42,173,-39,60,0,SARSA + PS
42,174,-18,21,2,SARSA + PS
42,175,-43,37,3,SARSA + PS
42,176,-8,20,1,SARSA + PS
42,177,-34,46,1,SARSA + PS
42,178,-45,57,1,SARSA + PS
42,179,-21,33,1,SARSA + PS
42,180,13,8,0,SARSA + PS
42,181,4,17,0,SARSA + PS
42,182,10,11,0,SARSA + PS
42,183,-24,45,0,SARSA + PS
42,184,-34,37,2,SARSA + PS
42,185,-109,85,5,SARSA + PS
42,186,9,12,0,SARSA + PS
42,187,-95,80,4,SARSA + PS
42,188,12,9,0,SARSA + PS
42,189,-104,89,4,SARSA + PS
42,190,12,9,0,SARSA + PS
42,191,-3,15,1,SARSA + PS
42,192,-46,58,1,SARSA + PS
42,193,7,14,0,SARSA + PS
42,194,12,9,0,SARSA + PS
42,195,-8,20,1,SARSA + PS
42,196,-155,140,4,SARSA + PS
42,197,-143,119,5,SARSA + PS
42,198,6,15,0,SARSA + PS
42,199,11,10,0,SARSA + PS
42,200,-136,121,4,SARSA + PS
42,201,-7,28,0,SARSA + PS
42,202,7,14,0,SARSA + PS
42,203,0,12,1,SARSA + PS
42,204,-254,200,6,SARSA + PS
42,205,11,10,0,SARSA + PS
42,206,-111,105,3,SARSA + PS
42,207,-190,175,4,SARSA + PS
42,208,14,7,0,SARSA + PS
42,209,0,12,1,SARSA + PS
42,210,-108,102,3,SARSA + PS
42,211,5,16,0,SARSA + PS
42,212,1,11,1,SARSA + PS
42,213,3,18,0,SARSA + PS
42,214,-8,20,1,SARSA + PS
42,215,-83,95,1,SARSA + PS
42,216,-20,41,0,SARSA + PS
42,217,-3,15,1,SARSA + PS
42,218,1,20,0,SARSA + PS
42,219,-27,39,1,SARSA + PS
42,220,0,21,0,SARSA + PS
42,221,11,10,0,SARSA + PS
42,222,13,8,0,SARSA + PS
42,223,-14,26,1,SARSA + PS
42,224,13,8,0,SARSA + PS
42,225,0,12,1,SARSA + PS
42,226,-43,46,2,SARSA + PS
42,227,-12,24,1,SARSA + PS
42,228,-228,177,8,SARSA + PS
42,229,-15,18,2,SARSA + PS
42,230,-29,32,2,SARSA + PS
42,231,-3,15,1,SARSA + PS
42,232,-5,17,1,SARSA + PS
42,233,-9,30,0,SARSA + PS
42,234,14,7,0,SARSA + PS
42,235,11,10,0,SARSA + PS
42,236,3,18,0,SARSA + PS
42,237,-281,200,9,SARSA + PS
42,238,1,11,1,SARSA + PS
42,239,10,11,0,SARSA + PS
42,240,10,11,0,SARSA + PS
42,241,-91,85,3,SARSA + PS
42,242,-75,69,3,SARSA + PS
42,243,7,14,0,SARSA + PS
42,244,10,11,0,SARSA + PS
42,245,-263,200,7,SARSA + PS
42,246,-2,23,0,SARSA + PS
42,247,-70,55,4,SARSA + PS
42,248,4,17,0,SARSA + PS
42,249,6,15,0,SARSA + PS
42,250,-6,27,0,SARSA + PS
42,251,4,17,0,SARSA + PS
42,252,-45,48,2,SARSA + PS
42,253,8,13,0,SARSA + PS
42,254,-116,101,4,SARSA + PS
42,255,-74,86,1,SARSA + PS
42,256,8,13,0,SARSA + PS
42,257,-16,19,2,SARSA + PS
42,258,-49,43,3,SARSA + PS
42,259,7,14,0,SARSA + PS
42,260,-1,13,1,SARSA + PS
42,261,-67,43,5,SARSA + PS
42,262,-211,178,6,SARSA + PS
42,263,9,12,0,SARSA + PS
42,264,-23,26,2,SARSA + PS
42,265,-11,23,1,SARSA + PS
42,266,-3,15,1,SARSA + PS
42,267,-22,43,0,SARSA + PS
42,268,-2,14,1,SARSA + PS
42,269,-6,18,1,SARSA + PS
42,270,-114,126,1,SARSA + PS
42,271,-92,77,4,SARSA + PS
42,272,-123,90,6,SARSA + PS
42,273,-172,139,6,SARSA + PS
42,274,2,10,1,SARSA + PS
42,275,-12,24,1,SARSA + PS
42,276,8,13,0,SARSA + PS
42,277,-4,25,0,SARSA + PS
42,278,-216,192,5,SARSA + PS
42,279,-215,182,6,SARSA + PS
42,280,5,16,0,SARSA + PS
42,281,-44,38,3,SARSA + PS
42,282,11,10,0,SARSA + PS
42,283,9,12,0,SARSA + PS
42,284,11,10,0,SARSA + PS
42,285,6,15,0,SARSA + PS
42,286,-93,105,1,SARSA + PS
42,287,-12,24,1,SARSA + PS
42,288,-88,82,3,SARSA + PS
42,289,10,11,0,SARSA + PS
42,290,8,13,0,SARSA + PS
42,291,5,16,0,SARSA + PS
42,292,12,9,0,SARSA + PS
42,293,-40,43,2,SARSA + PS
42,294,-93,87,3,SARSA + PS
42,295,-6,18,1,SARSA + PS
42,296,0,12,1,SARSA + PS
42,297,8,13,0,SARSA + PS
42,298,12,9,0,SARSA + PS
42,299,0,21,0,SARSA + PS
42,300,3,18,0,SARSA + PS
42,301,-28,49,0,SARSA + PS
42,302,-22,34,1,SARSA + PS
42,303,-20,41,0,SARSA + PS
42,304,-17,38,0,SARSA + PS
42,305,6,15,0,SARSA + PS
42,306,0,21,0,SARSA + PS
42,307,9,12,0,SARSA + PS
42,308,-2,23,0,SARSA + PS
42,309,11,10,0,SARSA + PS
42,310,1,20,0,SARSA + PS
42,311,-107,83,5,SARSA + PS
42,312,-9,21,1,SARSA + PS
42,313,11,10,0,SARSA + PS
42,314,-7,19,1,SARSA + PS
42,315,3,18,0,SARSA + PS
42,316,5,16,0,SARSA + PS
42,317,10,11,0,SARSA + PS
42,318,2,19,0,SARSA + PS
42,319,7,14,0,SARSA + PS
42,320,8,13,0,SARSA + PS
42,321,12,9,0,SARSA + PS
42,322,-26,38,1,SARSA + PS
42,323,-9,12,2,SARSA + PS
42,324,6,15,0,SARSA + PS
42,325,10,11,0,SARSA + PS
42,326,-1,13,1,SARSA + PS
42,327,0,12,1,SARSA + PS
42,328,-3,24,0,SARSA + PS
42,329,-12,15,2,SARSA + PS
42,330,10,11,0,SARSA + PS
42,331,-4,16,1,SARSA + PS
42,332,-46,49,2,SARSA + PS
42,333,-4,16,1,SARSA + PS
42,334,0,12,1,SARSA + PS
42,335,10,11,0,SARSA + PS
42,336,5,16,0,SARSA + PS
42,337,-13,25,1,SARSA + PS
42,338,-272,200,8,SARSA + PS
42,339,-22,25,2,SARSA + PS
42,340,-29,23,3,SARSA + PS
42,341,-9,30,0,SARSA + PS
42,342,9,12,0,SARSA + PS
42,343,-41,44,2,SARSA + PS
42,344,-4,16,1,SARSA + PS
42,345,9,12,0,SARSA + PS
42,346,-5,17,1,SARSA + PS
42,347,0,12,1,SARSA + PS
42,348,-2,14,1,SARSA + PS
42,349,12,9,0,SARSA + PS
42,350,-13,34,0,SARSA + PS
42,351,5,16,0,SARSA + PS
42,352,12,9,0,SARSA + PS
42,353,0,21,0,SARSA + PS
42,354,-3,15,1,SARSA + PS
42,355,0,12,1,SARSA + PS
42,356,7,14,0,SARSA + PS
42,357,1,20,0,SARSA + PS
42,358,5,16,0,SARSA + PS
42,359,-50,62,1,SARSA + PS
42,360,6,15,0,SARSA + PS
42,361,14,7,0,SARSA + PS
42,362,0,12,1,SARSA + PS
42,363,-25,37,1,SARSA + PS
42,364,-12,15,2,SARSA + PS
42,365,-6,18,1,SARSA + PS
42,366,9,12,0,SARSA + PS
42,367,7,14,0,SARSA + PS
42,368,-30,51,0,SARSA + PS
42,369,7,14,0,SARSA + PS
42,370,-2,14,1,SARSA + PS
42,371,4,8,1,SARSA + PS
42,372,12,9,0,SARSA + PS
42,373,-12,33,0,SARSA + PS
42,374,9,12,0,SARSA + PS
42,375,0,12,1,SARSA + PS
42,376,6,15,0,SARSA + PS
42,377,-31,25,3,SARSA + PS
42,378,0,12,1,SARSA + PS
42,379,-3,15,1,SARSA + PS
42,380,-6,27,0,SARSA + PS
42,381,-3,15,1,SARSA + PS
42,382,-104,98,3,SARSA + PS
42,383,-24,36,1,SARSA + PS
42,384,-2,14,1,SARSA + PS
42,385,-16,37,0,SARSA + PS
42,386,-14,17,2,SARSA + PS
42,387,10,11,0,SARSA + PS
42,388,-30,42,1,SARSA + PS
42,389,-3,24,0,SARSA + PS
42,390,8,13,0,SARSA + PS
42,391,-33,36,2,SARSA + PS
42,392,-22,34,1,SARSA + PS
42,393,8,13,0,SARSA + PS
42,394,-24,45,0,SARSA + PS
42,395,9,12,0,SARSA + PS
42,396,2,19,0,SARSA + PS
42,397,-7,28,0,SARSA + PS
42,398,6,15,0,SARSA + PS
42,399,4,8,1,SARSA + PS
42,400,9,12,0,SARSA + PS
42,401,4,17,0,SARSA + PS
42,402,11,10,0,SARSA + PS
42,403,-10,13,2,SARSA + PS
42,404,-74,68,3,SARSA + PS
42,405,4,17,0,SARSA + PS
42,406,-45,30,4,SARSA + PS
42,407,4,17,0,SARSA + PS
42,408,7,14,0,SARSA + PS
42,409,9,12,0,SARSA + PS
42,410,1,11,1,SARSA + PS
42,411,-53,65,1,SARSA + PS
42,412,3,18,0,SARSA + PS
42,413,10,11,0,SARSA + PS
42,414,-1,13,1,SARSA + PS
42,415,-4,16,1,SARSA + PS
42,416,-55,58,2,SARSA + PS
42,417,-5,17,1,SARSA + PS
42,418,-23,35,1,SARSA + PS
42,419,-9,30,0,SARSA + PS
42,420,-4,16,1,SARSA + PS
42,421,-9,21,1,SARSA + PS
42,422,10,11,0,SARSA + PS
42,423,-33,36,2,SARSA + PS
42,424,7,14,0,SARSA + PS
42,425,-3,15,1,SARSA + PS
42,426,12,9,0,SARSA + PS
42,427,-18,21,2,SARSA + PS
42,428,12,9,0,SARSA + PS
42,429,6,15,0,SARSA + PS
42,430,9,12,0,SARSA + PS
42,431,6,15,0,SARSA + PS
42,432,0,12,1,SARSA + PS
42,433,-30,33,2,SARSA + PS
42,434,-5,26,0,SARSA + PS
42,435,-32,35,2,SARSA + PS
42,436,8,13,0,SARSA + PS
42,437,-12,24,1,SARSA + PS
42,438,8,13,0,SARSA + PS
42,439,-35,29,3,SARSA + PS
42,440,-5,17,1,SARSA + PS
42,441,-8,20,1,SARSA + PS
42,442,-63,75,1,SARSA + PS
42,443,7,14,0,SARSA + PS
42,444,7,14,0,SARSA + PS
42,445,3,18,0,SARSA + PS
42,446,-5,26,0,SARSA + PS
42,447,4,17,0,SARSA + PS
42,448,6,15,0,SARSA + PS
42,449,8,13,0,SARSA + PS
42,450,-54,57,2,SARSA + PS
42,451,-78,72,3,SARSA + PS
42,452,-3,24,0,SARSA + PS
42,453,-30,42,1,SARSA + PS
42,454,8,13,0,SARSA + PS
42,455,-3,15,1,SARSA + PS
42,456,-1,13,1,SARSA + PS
42,457,8,13,0,SARSA + PS
42,458,-51,54,2,SARSA + PS
42,459,13,8,0,SARSA + PS
42,460,13,8,0,SARSA + PS
42,461,1,20,0,SARSA + PS
42,462,-19,31,1,SARSA + PS
42,463,-42,54,1,SARSA + PS
42,464,10,11,0,SARSA + PS
42,465,7,14,0,SARSA + PS
42,466,8,13,0,SARSA + PS
42,467,13,8,0,SARSA + PS
42,468,-11,14,2,SARSA + PS
42,469,-61,55,3,SARSA + PS
42,470,3,9,1,SARSA + PS
42,471,7,14,0,SARSA + PS
42,472,5,16,0,SARSA + PS
42,473,6,15,0,SARSA + PS
42,474,6,15,0,SARSA + PS
42,475,4,17,0,SARSA + PS
42,476,-14,26,1,SARSA + PS
42,477,-11,23,1,SARSA + PS
42,478,9,12,0,SARSA + PS
42,479,-5,17,1,SARSA + PS
42,480,-23,35,1,SARSA + PS
42,481,10,11,0,SARSA + PS
42,482,-1,13,1,SARSA + PS
42,483,8,13,0,SARSA + PS
42,484,12,9,0,SARSA + PS
42,485,-1,13,1,SARSA + PS
42,486,-30,42,1,SARSA + PS
42,487,-136,139,2,SARSA + PS
42,488,-5,17,1,SARSA + PS
42,489,7,14,0,SARSA + PS
42,490,7,14,0,SARSA + PS
42,491,-1,13,1,SARSA + PS
42,492,11,10,0,SARSA + PS
42,493,-8,29,0,SARSA + PS
42,494,10,11,0,SARSA + PS
42,495,6,15,0,SARSA + PS
42,496,0,12,1,SARSA + PS
42,497,-11,23,1,SARSA + PS
42,498,-26,29,2,SARSA + PS
42,499,3,18,0,SARSA + PS
123,0,-713,200,57,SARSA
123,1,-659,200,51,SARSA
123,2,-704,200,56,SARSA
123,3,-578,200,42,SARSA
123,4,-704,200,56,SARSA
123,5,-749,200,61,SARSA
123,6,-614,200,46,SARSA
123,7,-623,200,47,SARSA
123,8,-713,200,57,SARSA
123,9,-587,200,43,SARSA
123,10,-695,200,55,SARSA
123,11,-641,200,49,SARSA
123,12,-641,200,49,SARSA
123,13,-623,200,47,SARSA
123,14,-587,200,43,SARSA
123,15,-434,200,26,SARSA
123,16,-254,200,6,SARSA
123,17,-596,200,44,SARSA
123,18,-587,200,43,SARSA
123,19,-245,200,5,SARSA
123,20,-425,200,25,SARSA
123,21,-641,200,49,SARSA
123,22,-569,200,41,SARSA
123,23,-542,200,38,SARSA
123,24,-326,200,14,SARSA
123,25,-740,200,60,SARSA
123,26,-263,200,7,SARSA
123,27,-286,109,22,SARSA
123,28,-410,188,27,SARSA
123,29,-677,200,53,SARSA
123,30,-308,200,12,SARSA
123,31,-263,200,7,SARSA
123,32,-614,200,46,SARSA
123,33,-325,112,26,SARSA
123,34,-145,103,7,SARSA
123,35,-281,200,9,SARSA
123,36,-272,200,8,SARSA
123,37,-749,200,61,SARSA
123,38,-290,200,10,SARSA
123,39,-272,200,8,SARSA
123,40,-416,200,24,SARSA
123,41,-245,200,5,SARSA
123,42,-272,200,8,SARSA
123,43,-569,200,41,SARSA
123,44,-308,200,12,SARSA
123,45,-227,200,3,SARSA
123,46,-335,200,15,SARSA
123,47,-281,200,9,SARSA
123,48,-227,200,3,SARSA
123,49,-281,200,9,SARSA
123,50,-281,200,9,SARSA
123,51,-236,200,4,SARSA
123,52,-353,200,17,SARSA
123,53,-281,200,9,SARSA
123,54,-281,200,9,SARSA
123,55,-272,200,8,SARSA
123,56,-524,200,36,SARSA
123,57,-299,200,11,SARSA
123,58,-236,200,4,SARSA
123,59,-326,200,14,SARSA
123,60,-254,200,6,SARSA
123,61,-236,200,4,SARSA
123,62,-215,173,7,SARSA
123,63,-290,200,10,SARSA
123,64,-263,200,7,SARSA
123,65,-245,200,5,SARSA
123,66,-64,67,2,SARSA
123,67,-227,200,3,SARSA
123,68,-215,155,9,SARSA
123,69,-308,200,12,SARSA
123,70,-156,105,8,SARSA
123,71,-254,200,6,SARSA
123,72,-254,200,6,SARSA
123,73,-263,200,7,SARSA
123,74,-299,200,11,SARSA
123,75,-160,82,11,SARSA
123,76,-129,96,6,SARSA
123,77,-245,200,5,SARSA
123,78,-245,200,5,SARSA
123,79,-263,200,7,SARSA
123,80,-326,200,14,SARSA
123,81,-308,200,12,SARSA
123,82,-272,200,8,SARSA
123,83,-308,200,12,SARSA
123,84,-281,200,9,SARSA
123,85,-210,150,9,SARSA
123,86,-272,200,8,SARSA
123,87,-272,200,8,SARSA
123,88,-236,200,4,SARSA
123,89,-290,200,10,SARSA
123,90,-199,157,7,SARSA
123,91,-245,200,5,SARSA
123,92,-335,200,15,SARSA
123,93,-209,200,1,SARSA
123,94,-178,136,7,SARSA
123,95,-203,170,6,SARSA
123,96,-156,123,6,SARSA
123,97,-227,200,3,SARSA
123,98,-218,200,2,SARSA
123,99,-254,200,6,SARSA
123,100,-281,200,9,SARSA
123,101,-236,200,4,SARSA
123,102,-263,200,7,SARSA
123,103,-272,200,8,SARSA
123,104,-23,26,2,SARSA
123,105,-308,200,12,SARSA
123,106,-201,177,5,SARSA
123,107,-281,200,9,SARSA
123,108,-254,200,6,SARSA
123,109,-139,142,2,SARSA
123,110,-37,58,0,SARSA
123,111,-147,150,2,SARSA
123,112,-263,200,7,SARSA
123,113,-199,166,6,SARSA
123,114,-227,200,3,SARSA
123,115,-169,136,6,SARSA
123,116,-263,200,7,SARSA
123,117,-11,32,0,SARSA
123,118,-22,34,1,SARSA
123,119,-236,200,4,SARSA
123,120,-263,200,7,SARSA
123,121,-281,200,9,SARSA
123,122,-9,30,0,SARSA
123,123,-143,119,5,SARSA
123,124,-254,200,6,SARSA
123,125,-236,200,4,SARSA
123,126,-299,200,11,SARSA
123,127,-1,13,1,SARSA
123,128,-245,200,5,SARSA
123,129,-308,200,12,SARSA
123,130,-282,168,15,SARSA
123,131,-223,190,6,SARSA
123,132,-245,200,5,SARSA
123,133,-308,200,12,SARSA
123,134,-425,200,25,SARSA
123,135,-272,200,8,SARSA
123,136,-245,200,5,SARSA
123,137,-234,156,11,SARSA
123,138,-254,200,6,SARSA
123,139,-283,160,16,SARSA
123,140,-122,107,4,SARSA
123,141,-90,93,2,SARSA
123,142,-165,159,3,SARSA
123,143,-91,94,2,SARSA
123,144,-203,125,11,SARSA
123,145,-344,200,16,SARSA
123,146,-443,200,27,SARSA
123,147,-263,200,7,SARSA
123,148,-344,200,16,SARSA
123,149,-272,200,8,SARSA
123,150,-60,72,1,SARSA
123,151,-323,200,16,SARSA
123,152,-254,200,6,SARSA
123,153,-138,96,7,SARSA
123,154,-12,33,0,SARSA
123,155,-344,200,16,SARSA
123,156,-296,191,14,SARSA
123,157,-231,162,10,SARSA
123,158,-30,33,2,SARSA
123,159,-218,200,2,SARSA
123,160,-254,200,6,SARSA
123,161,-335,200,15,SARSA
123,162,-7,28,0,SARSA
123,163,-72,84,1,SARSA
123,164,-290,200,10,SARSA
123,165,-308,200,12,SARSA
123,166,-163,130,6,SARSA
123,167,-272,200,8,SARSA
123,168,-112,97,4,SARSA
123,169,-272,200,8,SARSA
123,170,-88,91,2,SARSA
123,171,-99,111,1,SARSA
123,172,-230,197,6,SARSA
123,173,-281,200,9,SARSA
123,174,-303,189,15,SARSA
123,175,-335,200,15,SARSA
123,176,-56,59,2,SARSA
123,177,-263,200,7,SARSA
123,178,-257,170,12,SARSA
123,179,-281,200,9,SARSA
123,180,-263,200,7,SARSA
123,181,-299,200,11,SARSA
123,182,-154,148,3,SARSA
123,183,-83,86,2,SARSA
123,184,-362,200,18,SARSA
123,185,-174,159,4,SARSA
123,186,-335,200,15,SARSA
123,187,-236,200,4,SARSA
123,188,-182,122,9,SARSA
123,189,-281,200,9,SARSA
123,190,-389,200,21,SARSA
123,191,-245,200,5,SARSA
123,192,-479,200,31,SARSA
123,193,-34,37,2,SARSA
123,194,-48,69,0,SARSA
123,195,-89,74,4,SARSA
123,196,-158,143,4,SARSA
123,197,-236,200,4,SARSA
123,198,-240,171,10,SARSA
123,199,-163,157,3,SARSA
123,200,-227,200,3,SARSA
123,201,-88,91,2,SARSA
123,202,-236,200,4,SARSA
123,203,-227,200,3,SARSA
123,204,-232,190,7,SARSA
123,205,-70,91,0,SARSA
123,206,-362,200,18,SARSA
123,207,-281,200,9,SARSA
123,208,-3,24,0,SARSA
123,209,-326,200,14,SARSA
123,210,-353,200,17,SARSA
123,211,-150,117,6,SARSA
123,212,-443,200,27,SARSA
123,213,-389,200,21,SARSA
123,214,-55,49,3,SARSA
123,215,-68,44,5,SARSA
123,216,-55,76,0,SARSA
123,217,-41,35,3,SARSA
123,218,-335,200,15,SARSA
123,219,-290,200,10,SARSA
123,220,-353,200,17,SARSA
123,221,-179,128,8,SARSA
123,222,-333,192,18,SARSA
123,223,-156,159,2,SARSA
123,224,-344,200,16,SARSA
123,225,-150,117,6,SARSA
123,226,-191,149,7,SARSA
123,227,-163,157,3,SARSA
123,228,-443,200,27,SARSA
123,229,-407,200,23,SARSA
123,230,-146,122,5,SARSA
123,231,-250,172,11,SARSA
123,232,-254,200,6,SARSA
123,233,-308,200,12,SARSA
123,234,-53,38,4,SARSA
123,235,-20,32,1,SARSA
123,236,-14,35,0,SARSA
123,237,-254,200,6,SARSA
123,238,-256,196,9,SARSA
123,239,-207,174,6,SARSA
123,240,-281,200,9,SARSA
123,241,-123,90,6,SARSA
123,242,-197,128,10,SARSA
123,243,-299,200,11,SARSA
123,244,-128,86,7,SARSA
123,245,-53,47,3,SARSA
123,246,-290,200,10,SARSA
123,247,-188,173,4,SARSA
123,248,-252,174,11,SARSA
123,249,-27,39,1,SARSA
123,250,-263,149,15,SARSA
123,251,-308,200,12,SARSA
123,252,-72,48,5,SARSA
123,253,-182,158,5,SARSA
123,254,-206,146,9,SARSA
123,255,-139,142,2,SARSA
123,256,-142,136,3,SARSA
123,257,-215,164,8,SARSA
123,258,-31,43,1,SARSA
123,259,-290,200,10,SARSA
123,260,-131,107,5,SARSA
123,261,-281,200,9,SARSA
123,262,-263,200,7,SARSA
123,263,-205,172,6,SARSA
123,264,-35,29,3,SARSA
123,265,-290,200,10,SARSA
123,266,-14,35,0,SARSA
123,267,-263,200,7,SARSA
123,268,-3,15,1,SARSA
123,269,-86,89,2,SARSA
123,270,-51,54,2,SARSA
123,271,6,15,0,SARSA
123,272,-204,162,7,SARSA
123,273,-254,200,6,SARSA
123,274,-254,200,6,SARSA
123,275,-92,86,3,SARSA
123,276,-65,86,0,SARSA
123,277,-55,40,4,SARSA
123,278,-322,190,17,SARSA
123,279,-64,67,2,SARSA
123,280,-6,18,1,SARSA
123,281,-100,94,3,SARSA
123,282,-46,49,2,SARSA
123,283,-135,75,9,SARSA
123,284,-254,200,6,SARSA
123,285,-11,32,0,SARSA
123,286,-99,84,4,SARSA
123,287,-308,200,12,SARSA
123,288,-335,200,15,SARSA
123,289,-69,72,2,SARSA
123,290,6,15,0,SARSA
123,291,-28,40,1,SARSA
123,292,-353,200,17,SARSA
123,293,-11,23,1,SARSA
123,294,-97,82,4,SARSA
123,295,-48,42,3,SARSA
123,296,-116,65,8,SARSA
123,297,-11,32,0,SARSA
123,298,-215,173,7,SARSA
123,299,-168,135,6,SARSA
123,300,-34,55,0,SARSA
123,301,-254,200,6,SARSA
123,302,-326,200,14,SARSA
123,303,-262,139,16,SARSA
123,304,-335,200,15,SARSA
123,305,-231,135,13,SARSA
123,306,-266,161,14,SARSA
123,307,-245,200,5,SARSA
123,308,-123,90,6,SARSA
123,309,-73,58,4,SARSA
123,310,-281,200,9,SARSA
123,311,-257,152,14,SARSA
123,312,-198,111,12,SARSA
123,313,-246,168,11,SARSA
123,314,-101,86,4,SARSA
123,315,-23,44,0,SARSA
123,316,-209,167,7,SARSA
123,317,3,18,0,SARSA
123,318,6,15,0,SARSA
123,319,-154,94,9,SARSA
123,320,-215,119,13,SARSA
123,321,-201,168,6,SARSA
123,322,-206,155,8,SARSA
123,323,-204,171,6,SARSA
123,324,-272,200,8,SARSA
123,325,-163,148,4,SARSA
123,326,-14,26,1,SARSA
123,327,-148,160,1,SARSA
123,328,-36,48,1,SARSA
123,329,-2,23,0,SARSA
123,330,-272,200,8,SARSA
123,331,-99,75,5,SARSA
123,332,-141,135,3,SARSA
123,333,-64,67,2,SARSA
123,334,-132,126,3,SARSA
123,335,-206,173,6,SARSA
123,336,-128,122,3,SARSA
123,337,-162,93,10,SARSA
123,338,-335,200,15,SARSA
123,339,-98,92,3,SARSA
123,340,-126,102,5,SARSA
123,341,-90,84,3,SARSA
123,342,-148,133,4,SARSA
123,343,-29,50,0,SARSA
123,344,-146,104,7,SARSA
123,345,-4,16,1,SARSA
123,346,-154,130,5,SARSA
123,347,-24,27,2,SARSA
123,348,-100,85,4,SARSA
123,349,-4,25,0,SARSA
123,350,-35,47,1,SARSA
123,351,-28,40,1,SARSA
123,352,-71,65,3,SARSA
123,353,-98,74,5,SARSA
123,354,-254,176,11,SARSA
123,355,-107,92,4,SARSA
123,356,-168,126,7,SARSA
123,357,-135,111,5,SARSA
123,358,-263,200,7,SARSA
123,359,-114,108,3,SARSA
123,360,-155,149,3,SARSA
123,361,-118,139,0,SARSA
123,362,-203,152,8,SARSA
123,363,-107,110,2,SARSA
123,364,-118,103,4,SARSA
123,365,-81,75,3,SARSA
123,366,-128,68,9,SARSA
123,367,-131,98,6,SARSA
123,368,-87,90,2,SARSA
123,369,-335,200,15,SARSA
123,370,-16,28,1,SARSA
123,371,-132,108,5,SARSA
123,372,-309,177,17,SARSA
123,373,-146,122,5,SARSA
123,374,-236,200,4,SARSA
123,375,-10,31,0,SARSA
123,376,-82,76,3,SARSA
123,377,-75,78,2,SARSA
123,378,-74,77,2,SARSA
123,379,-13,16,2,SARSA
123,380,-244,193,8,SARSA
123,381,-162,120,7,SARSA
123,382,-175,124,8,SARSA
123,383,-65,50,4,SARSA
123,384,-71,56,4,SARSA
123,385,-28,40,1,SARSA
123,386,11,10,0,SARSA
123,387,-63,57,3,SARSA
123,388,-230,143,12,SARSA
123,389,12,9,0,SARSA
123,390,-36,48,1,SARSA
123,391,-107,83,5,SARSA
123,392,-145,85,9,SARSA
123,393,-272,200,8,SARSA
123,394,-224,146,11,SARSA
123,395,-298,184,15,SARSA
123,396,-146,104,7,SARSA
123,397,-137,113,5,SARSA
123,398,-35,38,2,SARSA
123,399,-113,98,4,SARSA
123,400,12,9,0,SARSA
123,401,-40,43,2,SARSA
123,402,-104,89,4,SARSA
123,403,12,9,0,SARSA
123,404,-106,100,3,SARSA
123,405,-146,113,6,SARSA
123,406,-443,200,27,SARSA
123,407,-39,24,4,SARSA
123,408,-88,82,3,SARSA
123,409,-120,87,6,SARSA
123,410,-87,99,1,SARSA
123,411,-10,13,2,SARSA
123,412,-317,200,13,SARSA
123,413,14,7,0,SARSA
123,414,-19,31,1,SARSA
123,415,-162,129,6,SARSA
123,416,-154,103,8,SARSA
123,417,-12,24,1,SARSA
123,418,-214,172,7,SARSA
123,419,6,15,0,SARSA
123,420,-77,53,5,SARSA
123,421,-86,62,5,SARSA
123,422,-27,30,2,SARSA
123,423,-84,69,4,SARSA
123,424,-107,101,3,SARSA
123,425,-97,73,5,SARSA
123,426,-176,143,6,SARSA
123,427,-117,84,6,SARSA
123,428,-94,70,5,SARSA
123,429,-299,200,11,SARSA
123,430,-46,67,0,SARSA
123,431,-167,143,5,SARSA
123,432,-138,123,4,SARSA
123,433,-247,178,10,SARSA
123,434,-126,138,1,SARSA
123,435,-58,43,4,SARSA
123,436,-281,200,9,SARSA
123,437,-263,200,7,SARSA
123,438,-24,45,0,SARSA
123,439,-68,62,3,SARSA
123,440,-26,38,1,SARSA
123,441,1,20,0,SARSA
123,442,-28,40,1,SARSA
123,443,-37,40,2,SARSA
123,444,-159,108,8,SARSA
123,445,5,16,0,SARSA
123,446,-165,105,9,SARSA
123,447,-272,200,8,SARSA
123,448,-198,165,6,SARSA
123,449,4,17,0,SARSA
123,450,-22,34,1,SARSA
123,451,-87,63,5,SARSA
123,452,-133,118,4,SARSA
123,453,-202,133,10,SARSA
123,454,-180,120,9,SARSA
123,455,-30,42,1,SARSA
123,456,-112,106,3,SARSA
123,457,14,7,0,SARSA
123,458,-232,163,10,SARSA
123,459,-207,138,10,SARSA
123,460,-107,92,4,SARSA
123,461,-299,200,11,SARSA
123,462,-31,52,0,SARSA
123,463,-51,36,4,SARSA
123,464,-30,42,1,SARSA
123,465,5,16,0,SARSA
123,466,-142,118,5,SARSA
123,467,7,14,0,SARSA
123,468,-58,79,0,SARSA
123,469,-216,183,6,SARSA
123,470,-245,167,11,SARSA
123,471,8,13,0,SARSA
123,472,-151,136,4,SARSA
123,473,-58,61,2,SARSA
123,474,-28,31,2,SARSA
123,475,-52,46,3,SARSA
123,476,-281,200,9,SARSA
123,477,-213,171,7,SARSA
123,478,1,20,0,SARSA
123,479,-101,86,4,SARSA
123,480,-21,24,2,SARSA
123,481,-125,110,4,SARSA
123,482,-52,64,1,SARSA
123,483,-41,35,3,SARSA
123,484,7,14,0,SARSA
123,485,-65,68,2,SARSA
123,486,-83,77,3,SARSA
123,487,-249,198,8,SARSA
123,488,-39,42,2,SARSA
123,489,-129,105,5,SARSA
123,490,-59,62,2,SARSA
123,491,-90,75,4,SARSA
123,492,3,18,0,SARSA
123,493,-68,62,3,SARSA
123,494,-41,62,0,SARSA
123,495,-52,46,3,SARSA
123,496,-67,70,2,SARSA
123,497,-107,101,3,SARSA
123,498,-8,29,0,SARSA
123,499,-308,200,12,SARSA
123,0,-713,200,57,SARSA + PS
123,1,-749,200,61,SARSA + PS
123,2,-740,200,60,SARSA + PS
123,3,-623,200,47,SARSA + PS
123,4,-506,200,34,SARSA + PS
123,5,-677,200,53,SARSA + PS
123,6,-461,200,29,SARSA + PS
123,7,-569,200,41,SARSA + PS
123,8,-268,91,22,SARSA + PS
123,9,-812,200,68,SARSA + PS
123,10,-740,200,60,SARSA + PS
123,11,-767,200,63,SARSA + PS
123,12,-749,200,61,SARSA + PS
123,13,-452,200,28,SARSA + PS
123,14,-623,200,47,SARSA + PS
123,15,-629,173,53,SARSA + PS
123,16,-317,200,13,SARSA + PS
123,17,-849,195,75,SARSA + PS
123,18,-659,200,51,SARSA + PS
123,19,-61,73,1,SARSA + PS
123,20,-398,200,22,SARSA + PS
123,21,-785,200,65,SARSA + PS
123,22,-755,200,64,SARSA + PS
123,23,-335,200,15,SARSA + PS
123,24,-245,200,5,SARSA + PS
123,25,-686,200,54,SARSA + PS
123,26,-204,126,11,SARSA + PS
123,27,-713,200,57,SARSA + PS
123,28,-272,200,8,SARSA + PS
123,29,-198,174,5,SARSA + PS
123,30,-281,200,9,SARSA + PS
123,31,-362,200,18,SARSA + PS
123,32,-196,55,18,SARSA + PS
123,33,-296,200,13,SARSA + PS
123,34,-18,30,1,SARSA + PS
123,35,-461,200,29,SARSA + PS
123,36,-263,200,7,SARSA + PS
123,37,-313,91,27,SARSA + PS
123,38,-227,200,3,SARSA + PS
123,39,-416,200,24,SARSA + PS
123,40,-15,27,1,SARSA + PS
123,41,-202,151,8,SARSA + PS
123,42,-39,51,1,SARSA + PS
123,43,-565,181,45,SARSA + PS
123,44,-497,200,33,SARSA + PS
123,45,-192,177,4,SARSA + PS
123,46,-36,48,1,SARSA + PS
123,47,-290,200,10,SARSA + PS
123,48,-17,38,0,SARSA + PS
123,49,-88,91,2,SARSA + PS
123,50,-198,156,7,SARSA + PS
123,51,-281,200,9,SARSA + PS
123,52,-43,55,1,SARSA + PS
123,53,-254,200,6,SARSA + PS
123,54,-425,200,25,SARSA + PS
123,55,-99,93,3,SARSA + PS
123,56,-587,200,43,SARSA + PS
123,57,-107,92,4,SARSA + PS
123,58,-281,200,9,SARSA + PS
123,59,-152,110,7,SARSA + PS
123,60,12,9,0,SARSA + PS
123,61,-263,200,7,SARSA + PS
123,62,-227,200,3,SARSA + PS
123,63,-3,24,0,SARSA + PS
123,64,-254,200,6,SARSA + PS
123,65,-15,18,2,SARSA + PS
123,66,-308,200,12,SARSA + PS
123,67,2,19,0,SARSA + PS
123,68,-46,58,1,SARSA + PS
123,69,-254,200,6,SARSA + PS
123,70,-43,64,0,SARSA + PS
123,71,-263,200,7,SARSA + PS
123,72,-252,192,9,SARSA + PS
123,73,-78,54,5,SARSA + PS
123,74,-263,200,7,SARSA + PS
123,75,-17,29,1,SARSA + PS
123,76,-8,29,0,SARSA + PS
123,77,-42,63,0,SARSA + PS
123,78,9,12,0,SARSA + PS
123,79,-227,200,3,SARSA + PS
123,80,-113,98,4,SARSA + PS
123,81,-94,79,4,SARSA + PS
123,82,-236,185,8,SARSA + PS
123,83,-31,43,1,SARSA + PS
123,84,-153,120,6,SARSA + PS
123,85,14,7,0,SARSA + PS
123,86,-20,41,0,SARSA + PS
123,87,-79,82,2,SARSA + PS
123,88,-201,177,5,SARSA + PS
123,89,-166,115,8,SARSA + PS
123,90,3,18,0,SARSA + PS
123,91,-17,38,0,SARSA + PS
123,92,-14,35,0,SARSA + PS
123,93,-353,200,17,SARSA + PS
123,94,-15,36,0,SARSA + PS
123,95,-45,48,2,SARSA + PS
123,96,-35,56,0,SARSA + PS
123,97,-18,30,1,SARSA + PS
123,98,-245,200,5,SARSA + PS
123,99,13,8,0,SARSA + PS
123,100,-46,49,2,SARSA + PS
123,101,-16,37,0,SARSA + PS
123,102,-53,56,2,SARSA + PS
123,103,-49,70,0,SARSA + PS
123,104,-75,60,4,SARSA + PS
123,105,-21,24,2,SARSA + PS
123,106,0,21,0,SARSA + PS
123,107,2,10,1,SARSA + PS
123,108,-151,127,5,SARSA + PS
123,109,-1,13,1,SARSA + PS
123,110,-152,137,4,SARSA + PS
123,111,-73,67,3,SARSA + PS
123,112,-12,33,0,SARSA + PS
123,113,12,9,0,SARSA + PS
123,114,-236,200,4,SARSA + PS
123,115,-61,64,2,SARSA + PS
123,116,-103,70,6,SARSA + PS
123,117,6,15,0,SARSA + PS
123,118,12,9,0,SARSA + PS
123,119,-109,94,4,SARSA + PS
123,120,-168,162,3,SARSA + PS
123,121,9,12,0,SARSA + PS
123,122,4,17,0,SARSA + PS
123,123,-9,21,1,SARSA + PS
123,124,-12,33,0,SARSA + PS
123,125,-206,164,7,SARSA + PS
123,126,-236,200,4,SARSA + PS
123,127,14,7,0,SARSA + PS
123,128,2,19,0,SARSA + PS
123,129,-272,200,8,SARSA + PS
123,130,-35,56,0,SARSA + PS
123,131,-4,16,1,SARSA + PS
123,132,-18,30,1,SARSA + PS
123,133,-21,42,0,SARSA + PS
123,134,-32,44,1,SARSA + PS
123,135,-106,91,4,SARSA + PS
123,136,-67,79,1,SARSA + PS
123,137,-23,35,1,SARSA + PS
123,138,-281,200,9,SARSA + PS
123,139,-93,114,0,SARSA + PS
123,140,10,11,0,SARSA + PS
123,141,13,8,0,SARSA + PS
123,142,-28,40,1,SARSA + PS
123,143,14,7,0,SARSA + PS
123,144,2,10,1,SARSA + PS
123,145,-281,200,9,SARSA + PS
123,146,-204,171,6,SARSA + PS
123,147,-197,155,7,SARSA + PS
123,148,0,21,0,SARSA + PS
123,149,-47,68,0,SARSA + PS
123,150,2,19,0,SARSA + PS
123,151,-35,38,2,SARSA + PS
123,152,-30,33,2,SARSA + PS
123,153,11,10,0,SARSA + PS
123,154,-46,58,1,SARSA + PS
123,155,-25,37,1,SARSA + PS
123,156,-35,56,0,SARSA + PS
123,157,-281,200,9,SARSA + PS
123,158,12,9,0,SARSA + PS
123,159,-20,32,1,SARSA + PS
123,160,-135,129,3,SARSA + PS
123,161,-125,92,6,SARSA + PS
123,162,10,11,0,SARSA + PS
123,163,8,13,0,SARSA + PS
123,164,-16,37,0,SARSA + PS
123,165,-18,39,0,SARSA + PS
123,166,-12,33,0,SARSA + PS
123,167,-43,37,3,SARSA + PS
123,168,-13,25,1,SARSA + PS
123,169,-51,45,3,SARSA + PS
123,170,-20,32,1,SARSA + PS
123,171,-2,23,0,SARSA + PS
123,172,8,13,0,SARSA + PS
123,173,-14,26,1,SARSA + PS
123,174,-22,43,0,SARSA + PS
123,175,-91,103,1,SARSA + PS
123,176,-7,28,0,SARSA + PS
123,177,-17,29,1,SARSA + PS
123,178,-32,26,3,SARSA + PS
123,179,1,11,1,SARSA + PS
123,180,-88,73,4,SARSA + PS
123,181,-36,48,1,SARSA + PS
123,182,10,11,0,SARSA + PS
123,183,-18,21,2,SARSA + PS
123,184,-8,29,0,SARSA + PS
123,185,8,13,0,SARSA + PS
123,186,-42,54,1,SARSA + PS
123,187,-33,45,1,SARSA + PS
123,188,-5,26,0,SARSA + PS
123,189,-78,81,2,SARSA + PS
123,190,-46,49,2,SARSA + PS
123,191,-218,200,2,SARSA + PS
123,192,-121,106,4,SARSA + PS
123,193,13,8,0,SARSA + PS
123,194,4,17,0,SARSA + PS
123,195,12,9,0,SARSA + PS
123,196,-10,22,1,SARSA + PS
123,197,-33,36,2,SARSA + PS
123,198,8,13,0,SARSA + PS
123,199,-67,61,3,SARSA + PS
123,200,-31,43,1,SARSA + PS
123,201,3,9,1,SARSA + PS
123,202,6,15,0,SARSA + PS
123,203,1,11,1,SARSA + PS
123,204,-42,63,0,SARSA + PS
123,205,-9,30,0,SARSA + PS
123,206,-15,36,0,SARSA + PS
123,207,-33,54,0,SARSA + PS
123,208,12,9,0,SARSA + PS
123,209,-2,14,1,SARSA + PS
123,210,-28,40,1,SARSA + PS
123,211,12,9,0,SARSA + PS
123,212,-43,37,3,SARSA + PS
123,213,-80,74,3,SARSA + PS
123,214,3,18,0,SARSA + PS
123,215,10,11,0,SARSA + PS
123,216,-22,34,1,SARSA + PS
123,217,0,12,1,SARSA + PS
123,218,-50,62,1,SARSA + PS
123,219,9,12,0,SARSA + PS
123,220,-70,64,3,SARSA + PS
123,221,9,12,0,SARSA + PS
123,222,8,13,0,SARSA + PS
123,223,-30,51,0,SARSA + PS
123,224,-272,200,8,SARSA + PS
123,225,-22,34,1,SARSA + PS
123,226,-3,15,1,SARSA + PS
123,227,-16,28,1,SARSA + PS
123,228,9,12,0,SARSA + PS
123,229,-25,37,1,SARSA + PS
123,230,-24,45,0,SARSA + PS
123,231,-9,21,1,SARSA + PS
123,232,10,11,0,SARSA + PS
123,233,-19,31,1,SARSA + PS
123,234,-208,175,6,SARSA + PS
123,235,9,12,0,SARSA + PS
123,236,12,9,0,SARSA + PS
123,237,-2,14,1,SARSA + PS
123,238,-2,23,0,SARSA + PS
123,239,8,13,0,SARSA + PS
123,240,12,9,0,SARSA + PS
123,241,-50,44,3,SARSA + PS
123,242,11,10,0,SARSA + PS
123,243,-5,26,0,SARSA + PS
123,244,8,13,0,SARSA + PS
123,245,9,12,0,SARSA + PS
123,246,6,15,0,SARSA + PS
123,247,-21,33,1,SARSA + PS
123,248,9,12,0,SARSA + PS
123,249,10,11,0,SARSA + PS
123,250,-18,21,2,SARSA + PS
123,251,-95,89,3,SARSA + PS
123,252,-44,47,2,SARSA + PS
123,253,10,11,0,SARSA + PS
123,254,-2,14,1,SARSA + PS
123,255,4,17,0,SARSA + PS
123,256,3,18,0,SARSA + PS
123,257,-4,25,0,SARSA + PS
123,258,-2,14,1,SARSA + PS
123,259,-16,28,1,SARSA + PS
123,260,-11,32,0,SARSA + PS
123,261,7,14,0,SARSA + PS
123,262,-57,51,3,SARSA + PS
123,263,0,21,0,SARSA + PS
123,264,8,13,0,SARSA + PS
123,265,-12,24,1,SARSA + PS
123,266,12,9,0,SARSA + PS
123,267,-39,51,1,SARSA + PS
123,268,15,6,0,SARSA + PS
123,269,-43,46,2,SARSA + PS
123,270,-10,22,1,SARSA + PS
123,271,12,9,0,SARSA + PS
123,272,3,18,0,SARSA + PS
123,273,-9,21,1,SARSA + PS
123,274,0,12,1,SARSA + PS
123,275,1,11,1,SARSA + PS
123,276,-110,104,3,SARSA + PS
123,277,-39,42,2,SARSA + PS
123,278,0,21,0,SARSA + PS
123,279,7,14,0,SARSA + PS
123,280,13,8,0,SARSA + PS
123,281,0,12,1,SARSA + PS
123,282,-45,39,3,SARSA + PS
123,283,-4,16,1,SARSA + PS
123,284,4,17,0,SARSA + PS
123,285,6,15,0,SARSA + PS
123,286,8,13,0,SARSA + PS
123,287,-13,25,1,SARSA + PS
123,288,-11,23,1,SARSA + PS
123,289,0,12,1,SARSA + PS
123,290,14,7,0,SARSA + PS
123,291,12,9,0,SARSA + PS
123,292,-47,32,4,SARSA + PS
123,293,9,12,0,SARSA + PS
123,294,12,9,0,SARSA + PS
123,295,-12,15,2,SARSA + PS
123,296,7,14,0,SARSA + PS
123,297,9,12,0,SARSA + PS
123,298,-4,16,1,SARSA + PS
123,299,3,18,0,SARSA + PS
123,300,8,13,0,SARSA + PS
123,301,-48,51,2,SARSA + PS
123,302,-5,26,0,SARSA + PS
123,303,9,12,0,SARSA + PS
123,304,-119,104,4,SARSA + PS
123,305,2,19,0,SARSA + PS
123,306,0,12,1,SARSA + PS
123,307,-13,34,0,SARSA + PS
123,308,-3,24,0,SARSA + PS
123,309,8,13,0,SARSA + PS
123,310,-33,45,1,SARSA + PS
123,311,-33,36,2,SARSA + PS
123,312,-22,25,2,SARSA + PS
123,313,-20,32,1,SARSA + PS
123,314,0,12,1,SARSA + PS
123,315,7,14,0,SARSA + PS
123,316,-19,31,1,SARSA + PS
123,317,-5,17,1,SARSA + PS
123,318,12,9,0,SARSA + PS
123,319,10,11,0,SARSA + PS
123,320,-88,91,2,SARSA + PS
123,321,11,10,0,SARSA + PS
123,322,10,11,0,SARSA + PS
123,323,-54,66,1,SARSA + PS
123,324,0,21,0,SARSA + PS
123,325,-45,30,4,SARSA + PS
123,326,-1,22,0,SARSA + PS
123,327,3,18,0,SARSA + PS
123,328,-7,19,1,SARSA + PS
123,329,12,9,0,SARSA + PS
123,330,-37,49,1,SARSA + PS
123,331,3,18,0,SARSA + PS
123,332,9,12,0,SARSA + PS
123,333,9,12,0,SARSA + PS
123,334,7,14,0,SARSA + PS
123,335,-33,36,2,SARSA + PS
123,336,-14,26,1,SARSA + PS
123,337,-6,18,1,SARSA + PS
123,338,5,16,0,SARSA + PS
123,339,-17,38,0,SARSA + PS
123,340,-11,23,1,SARSA + PS
123,341,8,13,0,SARSA + PS
123,342,-35,56,0,SARSA + PS
123,343,-7,28,0,SARSA + PS
123,344,-77,80,2,SARSA + PS
123,345,11,10,0,SARSA + PS
123,346,-12,33,0,SARSA + PS
123,347,11,10,0,SARSA + PS
123,348,-20,23,2,SARSA + PS
123,349,11,10,0,SARSA + PS
123,350,8,13,0,SARSA + PS
123,351,0,12,1,SARSA + PS
123,352,1,20,0,SARSA + PS
123,353,-7,28,0,SARSA + PS
123,354,-41,26,4,SARSA + PS
123,355,-26,20,3,SARSA + PS
123,356,-2,14,1,SARSA + PS
123,357,-10,31,0,SARSA + PS
123,358,-67,52,4,SARSA + PS
123,359,5,16,0,SARSA + PS
123,360,-16,37,0,SARSA + PS
123,361,-86,80,3,SARSA + PS
123,362,9,12,0,SARSA + PS
123,363,-14,26,1,SARSA + PS
123,364,7,14,0,SARSA + PS
123,365,-16,37,0,SARSA + PS
123,366,-4,16,1,SARSA + PS
123,367,5,16,0,SARSA + PS
123,368,-4,16,1,SARSA + PS
123,369,-49,52,2,SARSA + PS
123,370,-72,75,2,SARSA + PS
123,371,-83,86,2,SARSA + PS
123,372,-43,46,2,SARSA + PS
123,373,8,13,0,SARSA + PS
123,374,-4,25,0,SARSA + PS
123,375,6,15,0,SARSA + PS
123,376,-24,18,3,SARSA + PS
123,377,-57,60,2,SARSA + PS
123,378,13,8,0,SARSA + PS
123,379,9,12,0,SARSA + PS
123,380,-15,27,1,SARSA + PS
123,381,-34,46,1,SARSA + PS
123,382,-65,68,2,SARSA + PS
123,383,10,11,0,SARSA + PS
123,384,8,13,0,SARSA + PS
123,385,8,13,0,SARSA + PS
123,386,13,8,0,SARSA + PS
123,387,8,13,0,SARSA + PS
123,388,-67,79,1,SARSA + PS
123,389,14,7,0,SARSA + PS
123,390,8,13,0,SARSA + PS
123,391,7,14,0,SARSA + PS
123,392,6,15,0,SARSA + PS
123,393,-12,24,1,SARSA + PS
123,394,-8,20,1,SARSA + PS
123,395,-9,30,0,SARSA + PS
123,396,-75,96,0,SARSA + PS
123,397,-5,17,1,SARSA + PS
123,398,10,11,0,SARSA + PS
123,399,-20,32,1,SARSA + PS
123,400,10,11,0,SARSA + PS
123,401,9,12,0,SARSA + PS
123,402,3,18,0,SARSA + PS
123,403,1,11,1,SARSA + PS
123,404,9,12,0,SARSA + PS
123,405,-23,44,0,SARSA + PS
123,406,-58,61,2,SARSA + PS
123,407,11,10,0,SARSA + PS
123,408,-39,51,1,SARSA + PS
123,409,-22,25,2,SARSA + PS
123,410,9,12,0,SARSA + PS
123,411,1,11,1,SARSA + PS
123,412,-144,138,3,SARSA + PS
123,413,14,7,0,SARSA + PS
123,414,-5,17,1,SARSA + PS
123,415,9,12,0,SARSA + PS
123,416,3,18,0,SARSA + PS
123,417,6,15,0,SARSA + PS
123,418,5,16,0,SARSA + PS
123,419,10,11,0,SARSA + PS
123,420,6,15,0,SARSA + PS
123,421,-9,30,0,SARSA + PS
123,422,10,11,0,SARSA + PS
123,423,8,13,0,SARSA + PS
123,424,-5,26,0,SARSA + PS
123,425,10,11,0,SARSA + PS
123,426,8,13,0,SARSA + PS
123,427,-69,72,2,SARSA + PS
123,428,-9,21,1,SARSA + PS
123,429,-219,177,7,SARSA + PS
123,430,3,18,0,SARSA + PS
123,431,-13,16,2,SARSA + PS
123,432,-21,24,2,SARSA + PS
123,433,7,14,0,SARSA + PS
123,434,-20,32,1,SARSA + PS
123,435,-1,22,0,SARSA + PS
123,436,12,9,0,SARSA + PS
123,437,10,11,0,SARSA + PS
123,438,7,14,0,SARSA + PS
123,439,8,13,0,SARSA + PS
123,440,7,14,0,SARSA + PS
123,441,9,12,0,SARSA + PS
123,442,10,11,0,SARSA + PS
123,443,-3,15,1,SARSA + PS
123,444,-13,34,0,SARSA + PS
123,445,9,12,0,SARSA + PS
123,446,-40,43,2,SARSA + PS
123,447,-167,143,5,SARSA + PS
123,448,0,21,0,SARSA + PS
123,449,12,9,0,SARSA + PS
123,450,-10,31,0,SARSA + PS
123,451,8,13,0,SARSA + PS
123,452,8,13,0,SARSA + PS
123,453,-30,42,1,SARSA + PS
123,454,3,18,0,SARSA + PS
123,455,7,14,0,SARSA + PS
123,456,-160,118,7,SARSA + PS
123,457,4,8,1,SARSA + PS
123,458,-45,39,3,SARSA + PS
123,459,-2,23,0,SARSA + PS
123,460,-24,27,2,SARSA + PS
123,461,-84,87,2,SARSA + PS
123,462,6,15,0,SARSA + PS
123,463,2,10,1,SARSA + PS
123,464,9,12,0,SARSA + PS
123,465,9,12,0,SARSA + PS
123,466,5,16,0,SARSA + PS
123,467,10,11,0,SARSA + PS
123,468,6,15,0,SARSA + PS
123,469,-44,38,3,SARSA + PS
123,470,-9,21,1,SARSA + PS
123,471,-2,14,1,SARSA + PS
123,472,-5,26,0,SARSA + PS
123,473,7,14,0,SARSA + PS
123,474,13,8,0,SARSA + PS
123,475,5,16,0,SARSA + PS
123,476,2,19,0,SARSA + PS
123,477,-45,39,3,SARSA + PS
123,478,9,12,0,SARSA + PS
123,479,-3,24,0,SARSA + PS
123,480,-9,21,1,SARSA + PS
123,481,-26,20,3,SARSA + PS
123,482,-3,15,1,SARSA + PS
123,483,6,15,0,SARSA + PS
123,484,9,12,0,SARSA + PS
123,485,1,11,1,SARSA + PS
123,486,4,17,0,SARSA + PS
123,487,-20,32,1,SARSA + PS
123,488,10,11,0,SARSA + PS
123,489,-5,17,1,SARSA + PS
123,490,-43,46,2,SARSA + PS
123,491,0,21,0,SARSA + PS
123,492,11,10,0,SARSA + PS
123,493,8,13,0,SARSA + PS
123,494,-32,35,2,SARSA + PS
123,495,8,13,0,SARSA + PS
123,496,-5,17,1,SARSA + PS
123,497,5,16,0,SARSA + PS
123,498,8,13,0,SARSA + PS
123,499,-53,65,1,SARSA + PS
777,0,-722,200,58,SARSA
777,1,-650,200,50,SARSA
777,2,-650,200,50,SARSA
777,3,-695,200,55,SARSA
777,4,-713,200,57,SARSA
777,5,-623,200,47,SARSA
777,6,-740,200,60,SARSA
777,7,-578,200,42,SARSA
777,8,-785,200,65,SARSA
777,9,-605,200,45,SARSA
777,10,-650,200,50,SARSA
777,11,-704,200,56,SARSA
777,12,-254,200,6,SARSA
777,13,-749,200,61,SARSA
777,14,-749,200,61,SARSA
777,15,-605,200,45,SARSA
777,16,-587,200,43,SARSA
777,17,-551,200,39,SARSA
777,18,-326,200,14,SARSA
777,19,-533,200,37,SARSA
777,20,-677,200,53,SARSA
777,21,-272,200,8,SARSA
777,22,-641,200,49,SARSA
777,23,-326,200,14,SARSA
777,24,-542,200,38,SARSA
777,25,-650,200,50,SARSA
777,26,-236,200,4,SARSA
777,27,-126,48,11,SARSA
777,28,-376,199,22,SARSA
777,29,-632,200,48,SARSA
777,30,-614,194,49,SARSA
777,31,-650,200,50,SARSA
777,32,-272,200,8,SARSA
777,33,-398,200,22,SARSA
777,34,-596,200,44,SARSA
777,35,-272,200,8,SARSA
777,36,-272,200,8,SARSA
777,37,-281,200,9,SARSA
777,38,-263,200,7,SARSA
777,39,-425,200,25,SARSA
777,40,-511,199,37,SARSA
777,41,-416,200,24,SARSA
777,42,-317,200,13,SARSA
777,43,-425,200,25,SARSA
777,44,-299,200,11,SARSA
777,45,-362,200,18,SARSA
777,46,-218,200,2,SARSA
777,47,-245,200,5,SARSA
777,48,-362,200,18,SARSA
777,49,-263,200,7,SARSA
777,50,-51,45,3,SARSA
777,51,-91,67,5,SARSA
777,52,-371,200,19,SARSA
777,53,-263,200,7,SARSA
777,54,-227,200,3,SARSA
777,55,-35,47,1,SARSA
777,56,-281,200,9,SARSA
777,57,-272,200,8,SARSA
777,58,-209,200,1,SARSA
777,59,-236,200,4,SARSA
777,60,-196,190,3,SARSA
777,61,-299,200,11,SARSA
777,62,-236,200,4,SARSA
777,63,-245,200,5,SARSA
777,64,-29,50,0,SARSA
777,65,-263,200,7,SARSA
777,66,-245,200,5,SARSA
777,67,-299,200,11,SARSA
777,68,-132,117,4,SARSA
777,69,-290,200,10,SARSA
777,70,-272,200,8,SARSA
777,71,-263,200,7,SARSA
777,72,-281,200,9,SARSA
777,73,-308,200,12,SARSA
777,74,-124,127,2,SARSA
777,75,-290,200,10,SARSA
777,76,-272,200,8,SARSA
777,77,-158,134,5,SARSA
777,78,-281,200,9,SARSA
777,79,13,8,0,SARSA
777,80,-245,200,5,SARSA
777,81,-290,200,10,SARSA
777,82,-245,200,5,SARSA
777,83,-227,200,3,SARSA
777,84,-272,200,8,SARSA
777,85,-281,200,9,SARSA
777,86,-281,200,9,SARSA
777,87,-219,186,6,SARSA
777,88,-326,200,14,SARSA
777,89,-281,200,9,SARSA
777,90,-236,200,4,SARSA
777,91,-200,167,6,SARSA
777,92,-236,200,4,SARSA
777,93,-263,194,10,SARSA
777,94,-143,119,5,SARSA
777,95,-254,200,6,SARSA
777,96,-272,200,8,SARSA
777,97,-272,200,8,SARSA
777,98,-154,148,3,SARSA
777,99,-299,200,11,SARSA
777,100,-272,200,8,SARSA
777,101,-263,200,7,SARSA
777,102,-245,200,5,SARSA
777,103,-77,71,3,SARSA
777,104,-209,185,5,SARSA
777,105,-136,121,4,SARSA
777,106,-227,200,3,SARSA
777,107,-263,200,7,SARSA
777,108,-290,200,10,SARSA
777,109,-299,200,11,SARSA
777,110,-184,178,3,SARSA
777,111,-284,152,17,SARSA
777,112,-281,200,9,SARSA
777,113,-178,163,4,SARSA
777,114,-326,200,14,SARSA
777,115,-47,59,1,SARSA
777,116,-272,200,8,SARSA
777,117,-281,200,9,SARSA
777,118,-123,117,3,SARSA
777,119,-272,200,8,SARSA
777,120,-263,200,7,SARSA
777,121,-281,200,9,SARSA
777,122,-317,200,13,SARSA
777,123,12,9,0,SARSA
777,124,-254,200,6,SARSA
777,125,-371,200,19,SARSA
777,126,-236,200,4,SARSA
777,127,-281,200,9,SARSA
777,128,-272,200,8,SARSA
777,129,-135,120,4,SARSA
777,130,-335,200,15,SARSA
777,131,-353,200,17,SARSA
777,132,-154,112,7,SARSA
777,133,-122,89,6,SARSA
777,134,-371,200,19,SARSA
777,135,-290,200,10,SARSA
777,136,-145,94,8,SARSA
777,137,-93,87,3,SARSA
777,138,-30,51,0,SARSA
777,139,-254,200,6,SARSA
777,140,-335,200,15,SARSA
777,141,-254,200,6,SARSA
777,142,7,14,0,SARSA
777,143,-371,200,19,SARSA
777,144,-308,200,12,SARSA
777,145,-150,108,7,SARSA
777,146,-154,139,4,SARSA
777,147,-49,61,1,SARSA
777,148,-285,171,15,SARSA
777,149,-204,153,8,SARSA
777,150,-245,200,5,SARSA
777,151,-185,152,6,SARSA
777,152,-218,200,2,SARSA
777,153,-389,200,21,SARSA
777,154,-344,200,16,SARSA
777,155,-254,200,6,SARSA
777,156,-224,155,10,SARSA
777,157,-362,200,18,SARSA
777,158,-263,200,7,SARSA
777,159,-299,200,11,SARSA
777,160,-143,92,8,SARSA
777,161,-263,200,7,SARSA
777,162,-84,69,4,SARSA
777,163,-241,199,7,SARSA
777,164,-71,74,2,SARSA
777,165,-308,200,12,SARSA
777,166,-317,200,13,SARSA
777,167,-245,200,5,SARSA
777,168,-362,200,18,SARSA
777,169,-215,173,7,SARSA
777,170,-98,65,6,SARSA
777,171,-96,63,6,SARSA
777,172,-232,163,10,SARSA
777,173,-236,200,4,SARSA
777,174,-96,81,4,SARSA
777,175,-245,200,5,SARSA
777,176,-76,79,2,SARSA
777,177,-149,107,7,SARSA
777,178,-7,19,1,SARSA
777,179,-158,143,4,SARSA
777,180,-130,88,7,SARSA
777,181,-353,200,17,SARSA
777,182,-398,200,22,SARSA
777,183,-176,161,4,SARSA
777,184,-254,200,6,SARSA
777,185,-254,200,6,SARSA
777,186,-232,163,10,SARSA
777,187,-14,17,2,SARSA
777,188,-254,200,6,SARSA
777,189,-81,39,7,SARSA
777,190,-317,200,13,SARSA
777,191,-19,31,1,SARSA
777,192,-416,200,24,SARSA
777,193,-189,183,3,SARSA
777,194,-276,198,11,SARSA
777,195,-272,200,8,SARSA
777,196,-308,200,12,SARSA
777,197,-254,200,6,SARSA
777,198,-24,36,1,SARSA
777,199,-290,200,10,SARSA
777,200,-40,43,2,SARSA
777,201,-192,132,9,SARSA
777,202,-130,124,3,SARSA
777,203,-389,200,21,SARSA
777,204,-184,97,12,SARSA
777,205,-233,200,6,SARSA
777,206,-281,200,9,SARSA
777,207,-299,200,11,SARSA
777,208,-68,62,3,SARSA
777,209,-81,84,2,SARSA
777,210,-161,128,6,SARSA
777,211,-151,127,5,SARSA
777,212,-24,45,0,SARSA
777,213,-263,200,7,SARSA
777,214,-47,50,2,SARSA
777,215,-269,164,14,SARSA
777,216,-47,50,2,SARSA
777,217,-245,200,5,SARSA
777,218,-371,200,19,SARSA
777,219,-254,200,6,SARSA
777,220,-290,200,10,SARSA
777,221,-214,172,7,SARSA
777,222,-77,89,1,SARSA
777,223,-254,200,6,SARSA
777,224,-126,93,6,SARSA
777,225,-162,138,5,SARSA
777,226,-281,200,9,SARSA
777,227,-10,31,0,SARSA
777,228,-219,177,7,SARSA
777,229,-2,14,1,SARSA
777,230,-253,193,9,SARSA
777,231,-245,200,5,SARSA
777,232,-335,200,15,SARSA
777,233,-241,190,8,SARSA
777,234,-114,63,8,SARSA
777,235,-335,200,15,SARSA
777,236,-86,71,4,SARSA
777,237,-244,166,11,SARSA
777,238,-263,200,7,SARSA
777,239,-277,172,14,SARSA
777,240,-142,136,3,SARSA
777,241,-160,109,8,SARSA
777,242,-256,160,13,SARSA
777,243,-94,79,4,SARSA
777,244,-4,25,0,SARSA
777,245,-29,32,2,SARSA
777,246,-68,53,4,SARSA
777,247,-169,127,7,SARSA
777,248,4,17,0,SARSA
777,249,-308,200,12,SARSA
777,250,-254,200,6,SARSA
777,251,-290,200,10,SARSA
777,252,-281,200,9,SARSA
777,253,-214,145,10,SARSA
777,254,-202,187,4,SARSA
777,255,-255,186,10,SARSA
777,256,-32,44,1,SARSA
777,257,-254,200,6,SARSA
777,258,-177,144,6,SARSA
777,259,-42,54,1,SARSA
777,260,-317,200,13,SARSA
777,261,-132,135,2,SARSA
777,262,-290,200,10,SARSA
777,263,-223,172,8,SARSA
777,264,-46,49,2,SARSA
777,265,-88,73,4,SARSA
777,266,-452,200,28,SARSA
777,267,-222,153,10,SARSA
777,268,-101,77,5,SARSA
777,269,-178,118,9,SARSA
777,270,0,21,0,SARSA
777,271,-263,200,7,SARSA
777,272,-176,143,6,SARSA
777,273,-182,149,6,SARSA
777,274,-299,200,11,SARSA
777,275,-227,200,3,SARSA
777,276,-189,156,6,SARSA
777,277,-115,91,5,SARSA
777,278,-290,200,10,SARSA
777,279,-104,116,1,SARSA
777,280,-78,99,0,SARSA
777,281,-85,79,3,SARSA
777,282,-75,87,1,SARSA
777,283,-299,200,11,SARSA
777,284,-206,173,6,SARSA
777,285,-170,155,4,SARSA
777,286,-82,76,3,SARSA
777,287,-16,37,0,SARSA
777,288,-45,30,4,SARSA
777,289,-230,188,7,SARSA
777,290,-272,185,12,SARSA
777,291,-344,200,16,SARSA
777,292,-13,16,2,SARSA
777,293,-181,139,7,SARSA
777,294,-317,200,13,SARSA
777,295,-199,157,7,SARSA
777,296,-108,75,6,SARSA
777,297,-62,65,2,SARSA
777,298,-145,157,1,SARSA
777,299,-137,104,6,SARSA
777,300,-232,163,10,SARSA
777,301,-113,80,6,SARSA
777,302,-84,87,2,SARSA
777,303,-206,173,6,SARSA
777,304,-7,28,0,SARSA
777,305,-263,200,7,SARSA
777,306,-263,158,14,SARSA
777,307,-119,104,4,SARSA
777,308,-281,167,15,SARSA
777,309,-278,182,13,SARSA
777,310,-176,116,9,SARSA
777,311,-128,113,4,SARSA
777,312,4,17,0,SARSA
777,313,-228,123,14,SARSA
777,314,-308,200,12,SARSA
777,315,-75,78,2,SARSA
777,316,-245,200,5,SARSA
777,317,-183,168,4,SARSA
777,318,-292,196,13,SARSA
777,319,-261,174,12,SARSA
777,320,-104,80,5,SARSA
777,321,-36,48,1,SARSA
777,322,-105,81,5,SARSA
777,323,-98,92,3,SARSA
777,324,-105,72,6,SARSA
777,325,-47,59,1,SARSA
777,326,-9,30,0,SARSA
777,327,-178,154,5,SARSA
777,328,-60,63,2,SARSA
777,329,-326,200,14,SARSA
777,330,-125,137,1,SARSA
777,331,-210,177,6,SARSA
777,332,-72,93,0,SARSA
777,333,-281,200,9,SARSA
777,334,-138,114,5,SARSA
777,335,-280,184,13,SARSA
777,336,-2,23,0,SARSA
777,337,-247,169,11,SARSA
777,338,-155,122,6,SARSA
777,339,-193,142,8,SARSA
777,340,-344,200,16,SARSA
777,341,0,12,1,SARSA
777,342,-161,119,7,SARSA
777,343,-58,70,1,SARSA
777,344,-38,59,0,SARSA
777,345,-20,23,2,SARSA
777,346,-112,97,4,SARSA
777,347,-209,176,6,SARSA
777,348,-51,54,2,SARSA
777,349,-13,34,0,SARSA
777,350,-7,28,0,SARSA
777,351,-166,115,8,SARSA
777,352,-31,34,2,SARSA
777,353,-407,200,23,SARSA
777,354,-158,134,5,SARSA
777,355,-216,174,7,SARSA
777,356,-123,99,5,SARSA
777,357,-148,106,7,SARSA
777,358,-307,193,15,SARSA
777,359,-60,63,2,SARSA
777,360,-112,88,5,SARSA
777,361,-77,80,2,SARSA
777,362,-78,90,1,SARSA
777,363,-157,142,4,SARSA
777,364,14,7,0,SARSA
777,365,5,16,0,SARSA
777,366,-326,200,14,SARSA
777,367,-292,169,16,SARSA
777,368,-286,172,15,SARSA
777,369,-126,111,4,SARSA
777,370,-175,133,7,SARSA
777,371,10,11,0,SARSA
777,372,-19,31,1,SARSA
777,373,-260,182,11,SARSA
777,374,-243,147,13,SARSA
777,375,-100,112,1,SARSA
777,376,14,7,0,SARSA
777,377,-34,46,1,SARSA
777,378,12,9,0,SARSA
777,379,-243,156,12,SARSA
777,380,-205,163,7,SARSA
777,381,-281,194,12,SARSA
777,382,-150,126,5,SARSA
777,383,-63,66,2,SARSA
777,384,-94,79,4,SARSA
777,385,-116,92,5,SARSA
777,386,-56,59,2,SARSA
777,387,-192,168,5,SARSA
777,388,-196,172,5,SARSA
777,389,-211,160,8,SARSA
777,390,-133,136,2,SARSA
777,391,-13,25,1,SARSA
777,392,-25,37,1,SARSA
777,393,-49,52,2,SARSA
777,394,-49,70,0,SARSA
777,395,-252,165,12,SARSA
777,396,-18,30,1,SARSA
777,397,-63,57,3,SARSA
777,398,-124,109,4,SARSA
777,399,-93,87,3,SARSA
777,400,-344,200,16,SARSA
777,401,-228,150,11,SARSA
777,402,-7,28,0,SARSA
777,403,-4,25,0,SARSA
777,404,-124,91,6,SARSA
777,405,-117,111,3,SARSA
777,406,-1,13,1,SARSA
777,407,-188,137,8,SARSA
777,408,-127,112,4,SARSA
777,409,-61,55,3,SARSA
777,410,-58,61,2,SARSA
777,411,-27,39,1,SARSA
777,412,-168,144,5,SARSA
777,413,-262,175,12,SARSA
777,414,-174,114,9,SARSA
777,415,-80,65,4,SARSA
777,416,-25,28,2,SARSA
777,417,-10,22,1,SARSA
777,418,10,11,0,SARSA
777,419,-181,94,12,SARSA
777,420,-176,116,9,SARSA
777,421,-14,26,1,SARSA
777,422,-37,40,2,SARSA
777,423,0,12,1,SARSA
777,424,-15,18,2,SARSA
777,425,12,9,0,SARSA
777,426,-31,43,1,SARSA
777,427,-80,74,3,SARSA
777,428,-54,39,4,SARSA
777,429,11,10,0,SARSA
777,430,14,7,0,SARSA
777,431,-175,133,7,SARSA
777,432,-224,173,8,SARSA
777,433,-1,22,0,SARSA
777,434,-178,136,7,SARSA
777,435,-36,39,2,SARSA
777,436,-94,106,1,SARSA
777,437,-238,178,9,SARSA
777,438,-98,101,2,SARSA
777,439,-85,97,1,SARSA
777,440,-54,48,3,SARSA
777,441,-26,38,1,SARSA
777,442,-275,197,11,SARSA
777,443,7,14,0,SARSA
777,444,-78,81,2,SARSA
777,445,-9,30,0,SARSA
777,446,-299,200,11,SARSA
777,447,-13,25,1,SARSA
777,448,-98,65,6,SARSA
777,449,-96,90,3,SARSA
777,450,3,18,0,SARSA
777,451,-109,85,5,SARSA
777,452,-158,116,7,SARSA
777,453,-98,74,5,SARSA
777,454,9,12,0,SARSA
777,455,-201,141,9,SARSA
777,456,8,13,0,SARSA
777,457,-51,72,0,SARSA
777,458,14,7,0,SARSA
777,459,14,7,0,SARSA
777,460,-318,186,17,SARSA
777,461,-31,43,1,SARSA
777,462,-151,127,5,SARSA
777,463,-126,93,6,SARSA
777,464,-73,49,5,SARSA
777,465,14,7,0,SARSA
777,466,-64,58,3,SARSA
777,467,-9,30,0,SARSA
777,468,-157,142,4,SARSA
777,469,-6,9,2,SARSA
777,470,-16,28,1,SARSA
777,471,-74,77,2,SARSA
777,472,11,10,0,SARSA
777,473,-200,131,10,SARSA
777,474,-14,26,1,SARSA
777,475,-136,112,5,SARSA
777,476,-29,41,1,SARSA
777,477,-136,112,5,SARSA
777,478,14,7,0,SARSA
777,479,-44,38,3,SARSA
777,480,-116,110,3,SARSA
777,481,-111,114,2,SARSA
777,482,15,6,0,SARSA
777,483,-152,146,3,SARSA
777,484,-106,118,1,SARSA
777,485,-239,179,9,SARSA
777,486,-27,39,1,SARSA
777,487,-42,45,2,SARSA
777,488,-104,107,2,SARSA
777,489,-65,68,2,SARSA
777,490,-140,125,4,SARSA
777,491,-213,144,10,SARSA
777,492,-49,25,5,SARSA
777,493,14,7,0,SARSA
777,494,-170,128,7,SARSA
777,495,-12,33,0,SARSA
777,496,-68,62,3,SARSA
777,497,-127,112,4,SARSA
777,498,-13,25,1,SARSA
777,499,8,13,0,SARSA
777,0,-578,200,42,SARSA + PS
777,1,-785,200,65,SARSA + PS
777,2,-659,200,51,SARSA + PS
777,3,-767,200,63,SARSA + PS
777,4,-686,200,54,SARSA + PS
777,5,-749,200,61,SARSA + PS
777,6,-758,200,62,SARSA + PS
777,7,-794,200,66,SARSA + PS
777,8,-704,200,56,SARSA + PS
777,9,-650,200,50,SARSA + PS
777,10,-461,140,38,SARSA + PS
777,11,-686,200,54,SARSA + PS
777,12,-749,200,61,SARSA + PS
777,13,-740,200,60,SARSA + PS
777,14,-497,200,33,SARSA + PS
777,15,-398,200,22,SARSA + PS
777,16,-677,200,53,SARSA + PS
777,17,-668,200,52,SARSA + PS
777,18,-371,200,19,SARSA + PS
777,19,-560,200,40,SARSA + PS
777,20,-641,200,49,SARSA + PS
777,21,-245,200,5,SARSA + PS
777,22,-488,200,32,SARSA + PS
777,23,-134,83,8,SARSA + PS
777,24,-623,200,47,SARSA + PS
777,25,-524,200,36,SARSA + PS
777,26,-281,200,9,SARSA + PS
777,27,-201,69,17,SARSA + PS
777,28,-461,200,29,SARSA + PS
777,29,-839,200,71,SARSA + PS
777,30,-506,200,34,SARSA + PS
777,31,-362,200,18,SARSA + PS
777,32,-67,79,1,SARSA + PS
777,33,-254,200,6,SARSA + PS
777,34,-803,200,67,SARSA + PS
777,35,-94,106,1,SARSA + PS
777,36,-201,177,5,SARSA + PS
777,37,-236,200,4,SARSA + PS
777,38,-245,200,5,SARSA + PS
777,39,-353,200,17,SARSA + PS
777,40,-398,200,22,SARSA + PS
777,41,-227,200,3,SARSA + PS
777,42,-254,200,6,SARSA + PS
777,43,-389,200,21,SARSA + PS
777,44,-99,93,3,SARSA + PS
777,45,-237,177,9,SARSA + PS
777,46,-263,200,7,SARSA + PS
777,47,-236,200,4,SARSA + PS
777,48,-120,96,5,SARSA + PS
777,49,-272,200,8,SARSA + PS
777,50,-245,200,5,SARSA + PS
777,51,-245,200,5,SARSA + PS
777,52,-254,200,6,SARSA + PS
777,53,-218,200,2,SARSA + PS
777,54,2,10,1,SARSA + PS
777,55,-5,17,1,SARSA + PS
777,56,-263,200,7,SARSA + PS
777,57,-245,200,5,SARSA + PS
777,58,-245,200,5,SARSA + PS
777,59,-160,118,7,SARSA + PS
777,60,-60,63,2,SARSA + PS
777,61,-139,142,2,SARSA + PS
777,62,-209,200,1,SARSA + PS
777,63,-168,153,4,SARSA + PS
777,64,-22,34,1,SARSA + PS
777,65,-178,136,7,SARSA + PS
777,66,-129,114,4,SARSA + PS
777,67,-254,200,6,SARSA + PS
777,68,-236,200,4,SARSA + PS
777,69,-113,116,2,SARSA + PS
777,70,-263,200,7,SARSA + PS
777,71,-389,200,21,SARSA + PS
777,72,-28,40,1,SARSA + PS
777,73,-102,87,4,SARSA + PS
777,74,-92,86,3,SARSA + PS
777,75,-236,200,4,SARSA + PS
777,76,-57,69,1,SARSA + PS
777,77,-29,50,0,SARSA + PS
777,78,-233,173,9,SARSA + PS
777,79,13,8,0,SARSA + PS
777,80,-245,200,5,SARSA + PS
777,81,-236,200,4,SARSA + PS
777,82,-97,82,4,SARSA + PS
777,83,-55,49,3,SARSA + PS
777,84,-90,93,2,SARSA + PS
777,85,-240,162,11,SARSA + PS
777,86,-22,34,1,SARSA + PS
777,87,-56,59,2,SARSA + PS
777,88,-30,51,0,SARSA + PS
777,89,-43,55,1,SARSA + PS
777,90,-54,66,1,SARSA + PS
777,91,-154,130,5,SARSA + PS
777,92,-123,108,4,SARSA + PS
777,93,-9,30,0,SARSA + PS
777,94,-201,141,9,SARSA + PS
777,95,9,12,0,SARSA + PS
777,96,-156,132,5,SARSA + PS
777,97,-281,200,9,SARSA + PS
777,98,4,17,0,SARSA + PS
777,99,-9,21,1,SARSA + PS
777,100,-200,176,5,SARSA + PS
777,101,-33,27,3,SARSA + PS
777,102,-245,200,5,SARSA + PS
777,103,1,11,1,SARSA + PS
777,104,-173,131,7,SARSA + PS
777,105,-137,104,6,SARSA + PS
777,106,-79,73,3,SARSA + PS
777,107,6,15,0,SARSA + PS
777,108,-50,62,1,SARSA + PS
777,109,-79,82,2,SARSA + PS
777,110,-159,153,3,SARSA + PS
777,111,2,19,0,SARSA + PS
777,112,12,9,0,SARSA + PS
777,113,-126,129,2,SARSA + PS
777,114,-102,87,4,SARSA + PS
777,115,4,8,1,SARSA + PS
777,116,-23,26,2,SARSA + PS
777,117,-236,200,4,SARSA + PS
777,118,-21,42,0,SARSA + PS
777,119,-100,85,4,SARSA + PS
777,120,-39,51,1,SARSA + PS
777,121,-41,44,2,SARSA + PS
777,122,-85,88,2,SARSA + PS
777,123,15,6,0,SARSA + PS
777,124,-92,104,1,SARSA + PS
777,125,6,15,0,SARSA + PS
777,126,-127,130,2,SARSA + PS
777,127,-67,79,1,SARSA + PS
777,128,12,9,0,SARSA + PS
777,129,-7,28,0,SARSA + PS
777,130,-281,200,9,SARSA + PS
777,131,-7,28,0,SARSA + PS
777,132,-48,60,1,SARSA + PS
777,133,-4,25,0,SARSA + PS
777,134,-79,64,4,SARSA + PS
777,135,1,11,1,SARSA + PS
777,136,-1,13,1,SARSA + PS
777,137,-290,200,10,SARSA + PS
777,138,-1,13,1,SARSA + PS
777,139,-263,200,7,SARSA + PS
777,140,-96,108,1,SARSA + PS
777,141,-5,26,0,SARSA + PS
777,142,12,9,0,SARSA + PS
777,143,-97,100,2,SARSA + PS
777,144,-254,200,6,SARSA + PS
777,145,-222,180,7,SARSA + PS
777,146,-263,200,7,SARSA + PS
777,147,-11,23,1,SARSA + PS
777,148,-18,39,0,SARSA + PS
777,149,-11,32,0,SARSA + PS
777,150,-115,118,2,SARSA + PS
777,151,-122,116,3,SARSA + PS
777,152,-74,86,1,SARSA + PS
777,153,-72,93,0,SARSA + PS
777,154,-58,61,2,SARSA + PS
777,155,-52,46,3,SARSA + PS
777,156,-281,200,9,SARSA + PS
777,157,-88,82,3,SARSA + PS
777,158,-53,56,2,SARSA + PS
777,159,-263,200,7,SARSA + PS
777,160,10,11,0,SARSA + PS
777,161,-60,81,0,SARSA + PS
777,162,14,7,0,SARSA + PS
777,163,10,11,0,SARSA + PS
777,164,-35,56,0,SARSA + PS
777,165,-290,200,10,SARSA + PS
777,166,-159,171,1,SARSA + PS
777,167,-26,47,0,SARSA + PS
777,168,-263,200,7,SARSA + PS
777,169,-13,25,1,SARSA + PS
777,170,13,8,0,SARSA + PS
777,171,-11,23,1,SARSA + PS
777,172,11,10,0,SARSA + PS
777,173,-122,125,2,SARSA + PS
777,174,11,10,0,SARSA + PS
777,175,-2,23,0,SARSA + PS
777,176,10,11,0,SARSA + PS
777,177,-32,35,2,SARSA + PS
777,178,13,8,0,SARSA + PS
777,179,-3,24,0,SARSA + PS
777,180,-73,76,2,SARSA + PS
777,181,-80,101,0,SARSA + PS
777,182,-92,104,1,SARSA + PS
777,183,-24,45,0,SARSA + PS
777,184,5,16,0,SARSA + PS
777,185,-4,16,1,SARSA + PS
777,186,-30,51,0,SARSA + PS
777,187,13,8,0,SARSA + PS
777,188,-109,130,0,SARSA + PS
777,189,9,12,0,SARSA + PS
777,190,0,12,1,SARSA + PS
777,191,1,11,1,SARSA + PS
777,192,-65,68,2,SARSA + PS
777,193,-52,55,2,SARSA + PS
777,194,-15,27,1,SARSA + PS
777,195,-70,82,1,SARSA + PS
777,196,11,10,0,SARSA + PS
777,197,-20,41,0,SARSA + PS
777,198,11,10,0,SARSA + PS
777,199,-39,51,1,SARSA + PS
777,200,-164,131,6,SARSA + PS
777,201,0,12,1,SARSA + PS
777,202,9,12,0,SARSA + PS
777,203,-47,50,2,SARSA + PS
777,204,5,16,0,SARSA + PS
777,205,-9,21,1,SARSA + PS
777,206,-27,39,1,SARSA + PS
777,207,-13,16,2,SARSA + PS
777,208,8,13,0,SARSA + PS
777,209,4,17,0,SARSA + PS
777,210,12,9,0,SARSA + PS
777,211,10,11,0,SARSA + PS
777,212,-80,74,3,SARSA + PS
777,213,-19,31,1,SARSA + PS
777,214,-108,102,3,SARSA + PS
777,215,-51,72,0,SARSA + PS
777,216,3,18,0,SARSA + PS
777,217,-38,59,0,SARSA + PS
777,218,9,12,0,SARSA + PS
777,219,-164,122,7,SARSA + PS
777,220,-43,55,1,SARSA + PS
777,221,8,13,0,SARSA + PS
777,222,11,10,0,SARSA + PS
777,223,-54,39,4,SARSA + PS
777,224,-78,72,3,SARSA + PS
777,225,-18,30,1,SARSA + PS
777,226,-56,41,4,SARSA + PS
777,227,11,10,0,SARSA + PS
777,228,-42,45,2,SARSA + PS
777,229,12,9,0,SARSA + PS
777,230,-25,46,0,SARSA + PS
777,231,-120,123,2,SARSA + PS
777,232,-1,22,0,SARSA + PS
777,233,-1,13,1,SARSA + PS
777,234,-1,13,1,SARSA + PS
777,235,-15,27,1,SARSA + PS
777,236,12,9,0,SARSA + PS
777,237,-10,22,1,SARSA + PS
777,238,-5,17,1,SARSA + PS
777,239,-13,16,2,SARSA + PS
777,240,-32,35,2,SARSA + PS
777,241,1,11,1,SARSA + PS
777,242,-21,42,0,SARSA + PS
777,243,0,12,1,SARSA + PS
777,244,7,14,0,SARSA + PS
777,245,1,11,1,SARSA + PS
777,246,2,10,1,SARSA + PS
777,247,-43,46,2,SARSA + PS
777,248,15,6,0,SARSA + PS
777,249,-9,12,2,SARSA + PS
777,250,3,18,0,SARSA + PS
777,251,-85,70,4,SARSA + PS
777,252,-43,46,2,SARSA + PS
777,253,-16,28,1,SARSA + PS
777,254,-245,200,5,SARSA + PS
777,255,4,17,0,SARSA + PS
777,256,2,10,1,SARSA + PS
777,257,-28,31,2,SARSA + PS
777,258,-9,21,1,SARSA + PS
777,259,8,13,0,SARSA + PS
777,260,-31,34,2,SARSA + PS
777,261,-32,44,1,SARSA + PS
777,262,-9,30,0,SARSA + PS
777,263,-14,26,1,SARSA + PS
777,264,-12,24,1,SARSA + PS
777,265,2,19,0,SARSA + PS
777,266,-48,60,1,SARSA + PS
777,267,-272,200,8,SARSA + PS
777,268,-4,25,0,SARSA + PS
777,269,-6,27,0,SARSA + PS
777,270,12,9,0,SARSA + PS
777,271,-62,56,3,SARSA + PS
777,272,-34,28,3,SARSA + PS
777,273,-6,18,1,SARSA + PS
777,274,-22,25,2,SARSA + PS
777,275,-70,55,4,SARSA + PS
777,276,8,13,0,SARSA + PS
777,277,1,20,0,SARSA + PS
777,278,-10,13,2,SARSA + PS
777,279,-12,33,0,SARSA + PS
777,280,8,13,0,SARSA + PS
777,281,14,7,0,SARSA + PS
777,282,-16,28,1,SARSA + PS
777,283,-84,78,3,SARSA + PS
777,284,-30,51,0,SARSA + PS
777,285,-37,49,1,SARSA + PS
777,286,-25,28,2,SARSA + PS
777,287,3,18,0,SARSA + PS
777,288,9,12,0,SARSA + PS
777,289,-61,64,2,SARSA + PS
777,290,-97,91,3,SARSA + PS
777,291,-104,98,3,SARSA + PS
777,292,13,8,0,SARSA + PS
777,293,8,13,0,SARSA + PS
777,294,8,13,0,SARSA + PS
777,295,5,16,0,SARSA + PS
777,296,-17,29,1,SARSA + PS
777,297,8,13,0,SARSA + PS
777,298,-110,68,7,SARSA + PS
777,299,-30,42,1,SARSA + PS
777,300,-33,45,1,SARSA + PS
777,301,-26,38,1,SARSA + PS
777,302,-19,31,1,SARSA + PS
777,303,-14,17,2,SARSA + PS
777,304,12,9,0,SARSA + PS
777,305,-64,76,1,SARSA + PS
777,306,11,10,0,SARSA + PS
777,307,-1,22,0,SARSA + PS
777,308,-47,50,2,SARSA + PS
777,309,-27,39,1,SARSA + PS
777,310,-1,13,1,SARSA + PS
777,311,-65,77,1,SARSA + PS
777,312,12,9,0,SARSA + PS
777,313,1,20,0,SARSA + PS
777,314,-6,27,0,SARSA + PS
777,315,9,12,0,SARSA + PS
777,316,-16,37,0,SARSA + PS
777,317,-34,55,0,SARSA + PS
777,318,11,10,0,SARSA + PS
777,319,-58,52,3,SARSA + PS
777,320,12,9,0,SARSA + PS
777,321,7,14,0,SARSA + PS
777,322,-26,38,1,SARSA + PS
777,323,9,12,0,SARSA + PS
777,324,0,21,0,SARSA + PS
777,325,-70,64,3,SARSA + PS
777,326,9,12,0,SARSA + PS
777,327,-74,77,2,SARSA + PS
777,328,-36,39,2,SARSA + PS
777,329,-110,95,4,SARSA + PS
777,330,-23,35,1,SARSA + PS
777,331,-1,22,0,SARSA + PS
777,332,3,18,0,SARSA + PS
777,333,6,15,0,SARSA + PS
777,334,4,17,0,SARSA + PS
777,335,-48,33,4,SARSA + PS
777,336,-7,28,0,SARSA + PS
777,337,-47,41,3,SARSA + PS
777,338,-18,30,1,SARSA + PS
777,339,-16,28,1,SARSA + PS
777,340,11,10,0,SARSA + PS
777,341,3,9,1,SARSA + PS
777,342,-2,14,1,SARSA + PS
777,343,-3,24,0,SARSA + PS
777,344,1,20,0,SARSA + PS
777,345,-9,12,2,SARSA + PS
777,346,7,14,0,SARSA + PS
777,347,-19,22,2,SARSA + PS
777,348,-33,36,2,SARSA + PS
777,349,10,11,0,SARSA + PS
777,350,9,12,0,SARSA + PS
777,351,-9,30,0,SARSA + PS
777,352,-1,13,1,SARSA + PS
777,353,-3,15,1,SARSA + PS
777,354,11,10,0,SARSA + PS
777,355,-4,25,0,SARSA + PS
777,356,8,13,0,SARSA + PS
777,357,6,15,0,SARSA + PS
777,358,8,13,0,SARSA + PS
777,359,-21,24,2,SARSA + PS
777,360,-3,24,0,SARSA + PS
777,361,-6,18,1,SARSA + PS
777,362,11,10,0,SARSA + PS
777,363,10,11,0,SARSA + PS
777,364,14,7,0,SARSA + PS
777,365,11,10,0,SARSA + PS
777,366,-24,45,0,SARSA + PS
777,367,-171,129,7,SARSA + PS
777,368,-38,50,1,SARSA + PS
777,369,-12,33,0,SARSA + PS
777,370,-37,40,2,SARSA + PS
777,371,14,7,0,SARSA + PS
777,372,6,15,0,SARSA + PS
777,373,7,14,0,SARSA + PS
777,374,9,12,0,SARSA + PS
777,375,-35,38,2,SARSA + PS
777,376,12,9,0,SARSA + PS
777,377,9,12,0,SARSA + PS
777,378,1,11,1,SARSA + PS
777,379,-21,33,1,SARSA + PS
777,380,-71,65,3,SARSA + PS
777,381,-12,24,1,SARSA + PS
777,382,-34,37,2,SARSA + PS
777,383,-11,23,1,SARSA + PS
777,384,8,13,0,SARSA + PS
777,385,10,11,0,SARSA + PS
777,386,8,13,0,SARSA + PS
777,387,2,19,0,SARSA + PS
777,388,-33,36,2,SARSA + PS
777,389,-20,32,1,SARSA + PS
777,390,-6,27,0,SARSA + PS
777,391,9,12,0,SARSA + PS
777,392,9,12,0,SARSA + PS
777,393,-15,27,1,SARSA + PS
777,394,7,14,0,SARSA + PS
777,395,-11,23,1,SARSA + PS
777,396,14,7,0,SARSA + PS
777,397,7,14,0,SARSA + PS
777,398,10,11,0,SARSA + PS
777,399,11,10,0,SARSA + PS
777,400,-40,52,1,SARSA + PS
777,401,-10,22,1,SARSA + PS
777,402,9,12,0,SARSA + PS
777,403,10,11,0,SARSA + PS
777,404,3,18,0,SARSA + PS
777,405,10,11,0,SARSA + PS
777,406,-2,14,1,SARSA + PS
777,407,-1,13,1,SARSA + PS
777,408,-2,14,1,SARSA + PS
777,409,9,12,0,SARSA + PS
777,410,7,14,0,SARSA + PS
777,411,-14,17,2,SARSA + PS
777,412,1,20,0,SARSA + PS
777,413,-4,16,1,SARSA + PS
777,414,-12,33,0,SARSA + PS
777,415,-26,29,2,SARSA + PS
777,416,-14,17,2,SARSA + PS
777,417,10,11,0,SARSA + PS
777,418,10,11,0,SARSA + PS
777,419,3,18,0,SARSA + PS
777,420,-14,26,1,SARSA + PS
777,421,10,11,0,SARSA + PS
777,422,-17,29,1,SARSA + PS
777,423,12,9,0,SARSA + PS
777,424,12,9,0,SARSA + PS
777,425,12,9,0,SARSA + PS
777,426,8,13,0,SARSA + PS
777,427,6,15,0,SARSA + PS
777,428,-27,21,3,SARSA + PS
777,429,11,10,0,SARSA + PS
777,430,4,8,1,SARSA + PS
777,431,3,18,0,SARSA + PS
777,432,-6,18,1,SARSA + PS
777,433,9,12,0,SARSA + PS
777,434,12,9,0,SARSA + PS
777,435,-3,15,1,SARSA + PS
777,436,-8,20,1,SARSA + PS
777,437,-10,31,0,SARSA + PS
777,438,-7,28,0,SARSA + PS
777,439,-2,14,1,SARSA + PS
777,440,-96,72,5,SARSA + PS
777,441,-3,15,1,SARSA + PS
777,442,1,11,1,SARSA + PS
777,443,-5,17,1,SARSA + PS
777,444,-7,19,1,SARSA + PS
777,445,-1,13,1,SARSA + PS
777,446,-10,13,2,SARSA + PS
777,447,-3,15,1,SARSA + PS
777,448,5,16,0,SARSA + PS
777,449,-32,17,4,SARSA + PS
777,450,9,12,0,SARSA + PS
777,451,-13,34,0,SARSA + PS
777,452,-1,22,0,SARSA + PS
777,453,-1,13,1,SARSA + PS
777,454,11,10,0,SARSA + PS
777,455,-9,30,0,SARSA + PS
777,456,10,11,0,SARSA + PS
777,457,10,11,0,SARSA + PS
777,458,12,9,0,SARSA + PS
777,459,14,7,0,SARSA + PS
777,460,-2,14,1,SARSA + PS
777,461,6,15,0,SARSA + PS
777,462,-42,54,1,SARSA + PS
777,463,-2,23,0,SARSA + PS
777,464,7,14,0,SARSA + PS
777,465,13,8,0,SARSA + PS
777,466,0,12,1,SARSA + PS
777,467,5,16,0,SARSA + PS
777,468,-70,73,2,SARSA + PS
777,469,13,8,0,SARSA + PS
777,470,7,14,0,SARSA + PS
777,471,5,16,0,SARSA + PS
777,472,-1,13,1,SARSA + PS
777,473,9,12,0,SARSA + PS
777,474,-4,16,1,SARSA + PS
777,475,3,18,0,SARSA + PS
777,476,-1,13,1,SARSA + PS
777,477,5,16,0,SARSA + PS
777,478,14,7,0,SARSA + PS
777,479,-2,14,1,SARSA + PS
777,480,-7,19,1,SARSA + PS
777,481,8,13,0,SARSA + PS
777,482,14,7,0,SARSA + PS
777,483,-8,29,0,SARSA + PS
777,484,-16,19,2,SARSA + PS
777,485,-33,36,2,SARSA + PS
777,486,7,14,0,SARSA + PS
777,487,5,16,0,SARSA + PS
777,488,9,12,0,SARSA + PS
777,489,0,12,1,SARSA + PS
777,490,-22,25,2,SARSA + PS
777,491,-34,37,2,SARSA + PS
777,492,6,15,0,SARSA + PS
777,493,12,9,0,SARSA + PS
777,494,-25,37,1,SARSA + PS
777,495,-2,14,1,SARSA + PS
777,496,-35,29,3,SARSA + PS
777,497,-1,13,1,SARSA + PS
777,498,-1,13,1,SARSA + PS
777,499,2,10,1,SARSA + PS
999,0,-677,200,53,SARSA
999,1,-713,200,57,SARSA
999,2,-641,200,49,SARSA
999,3,-632,200,48,SARSA
999,4,-668,200,52,SARSA
999,5,-578,200,42,SARSA
999,6,-434,200,26,SARSA
999,7,-287,119,21,SARSA
999,8,-713,200,57,SARSA
999,9,-722,200,58,SARSA
999,10,-722,200,58,SARSA
999,11,-533,200,37,SARSA
999,12,-650,200,50,SARSA
999,13,-740,200,60,SARSA
999,14,-668,200,52,SARSA
999,15,-605,200,45,SARSA
999,16,-713,200,57,SARSA
999,17,-632,200,48,SARSA
999,18,-587,200,43,SARSA
999,19,-290,200,10,SARSA
999,20,-542,200,38,SARSA
999,21,-104,53,8,SARSA
999,22,-731,200,59,SARSA
999,23,-443,200,27,SARSA
999,24,-407,200,23,SARSA
999,25,-254,200,6,SARSA
999,26,-704,200,56,SARSA
999,27,-740,200,60,SARSA
999,28,-470,200,30,SARSA
999,29,-342,192,19,SARSA
999,30,-254,200,6,SARSA
999,31,-245,200,5,SARSA
999,32,-704,200,56,SARSA
999,33,-254,200,6,SARSA
999,34,-272,200,8,SARSA
999,35,-299,200,11,SARSA
999,36,-371,200,19,SARSA
999,37,-317,200,13,SARSA
999,38,-569,200,41,SARSA
999,39,-587,200,43,SARSA
999,40,-317,200,13,SARSA
999,41,-254,200,6,SARSA
999,42,-272,200,8,SARSA
999,43,-254,200,6,SARSA
999,44,-206,191,4,SARSA
999,45,-263,200,7,SARSA
999,46,-281,200,9,SARSA
999,47,-126,111,4,SARSA
999,48,-183,132,8,SARSA
999,49,-209,200,1,SARSA
999,50,-281,200,9,SARSA
999,51,-254,200,6,SARSA
999,52,-416,200,24,SARSA
999,53,-263,200,7,SARSA
999,54,-533,200,37,SARSA
999,55,-533,200,37,SARSA
999,56,-281,200,9,SARSA
999,57,-237,186,8,SARSA
999,58,-135,129,3,SARSA
999,59,-254,200,6,SARSA
999,60,-263,200,7,SARSA
999,61,-272,200,8,SARSA
999,62,-263,200,7,SARSA
999,63,-267,144,16,SARSA
999,64,-245,200,5,SARSA
999,65,-290,200,10,SARSA
999,66,-58,70,1,SARSA
999,67,-290,200,10,SARSA
999,68,-221,188,6,SARSA
999,69,-308,200,12,SARSA
999,70,-134,119,4,SARSA
999,71,-163,139,5,SARSA
999,72,-290,200,10,SARSA
999,73,-263,200,7,SARSA
999,74,-180,183,2,SARSA
999,75,-290,200,10,SARSA
999,76,-254,200,6,SARSA
999,77,-263,200,7,SARSA
999,78,-221,188,6,SARSA
999,79,-290,200,10,SARSA
999,80,-227,200,3,SARSA
999,81,-275,197,11,SARSA
999,82,-139,106,6,SARSA
999,83,-245,200,5,SARSA
999,84,-253,184,10,SARSA
999,85,-317,200,13,SARSA
999,86,-254,200,6,SARSA
999,87,-263,200,7,SARSA
999,88,-272,200,8,SARSA
999,89,-290,200,10,SARSA
999,90,-214,181,6,SARSA
999,91,-281,200,9,SARSA
999,92,-119,131,1,SARSA
999,93,-135,111,5,SARSA
999,94,-326,200,14,SARSA
999,95,-290,200,10,SARSA
999,96,-281,200,9,SARSA
999,97,-299,200,11,SARSA
999,98,-183,150,6,SARSA
999,99,-434,200,26,SARSA
999,100,-189,165,5,SARSA
999,101,-272,200,8,SARSA
999,102,-203,152,8,SARSA
999,103,-263,200,7,SARSA
999,104,-221,170,8,SARSA
999,105,-263,200,7,SARSA
999,106,-308,200,12,SARSA
999,107,-335,200,15,SARSA
999,108,-245,200,5,SARSA
999,109,-281,200,9,SARSA
999,110,-272,200,8,SARSA
999,111,-236,200,4,SARSA
999,112,-155,167,1,SARSA
999,113,-245,200,5,SARSA
999,114,-308,200,12,SARSA
999,115,-175,160,4,SARSA
999,116,-227,200,3,SARSA
999,117,-317,200,13,SARSA
999,118,-272,200,8,SARSA
999,119,-17,29,1,SARSA
999,120,-254,200,6,SARSA
999,121,-229,187,7,SARSA
999,122,-185,134,8,SARSA
999,123,-245,200,5,SARSA
999,124,-254,200,6,SARSA
999,125,-263,200,7,SARSA
999,126,-28,49,0,SARSA
999,127,-54,57,2,SARSA
999,128,-263,200,7,SARSA
999,129,-299,200,11,SARSA
999,130,-281,200,9,SARSA
999,131,-245,200,5,SARSA
999,132,-245,200,5,SARSA
999,133,-187,154,6,SARSA
999,134,-24,45,0,SARSA
999,135,-236,200,4,SARSA
999,136,-272,200,8,SARSA
999,137,-329,188,18,SARSA
999,138,-55,58,2,SARSA
999,139,-272,200,8,SARSA
999,140,-380,200,20,SARSA
999,141,-84,87,2,SARSA
999,142,-156,132,5,SARSA
999,143,-218,200,2,SARSA
999,144,-121,133,1,SARSA
999,145,-281,200,9,SARSA
999,146,-344,200,16,SARSA
999,147,-272,200,8,SARSA
999,148,-202,187,4,SARSA
999,149,-134,101,6,SARSA
999,150,-245,200,5,SARSA
999,151,-227,200,3,SARSA
999,152,-127,103,5,SARSA
999,153,-281,200,9,SARSA
999,154,-272,200,8,SARSA
999,155,-226,148,11,SARSA
999,156,-3,15,1,SARSA
999,157,-156,150,3,SARSA
999,158,-197,164,6,SARSA
999,159,-45,48,2,SARSA
999,160,-389,200,21,SARSA
999,161,-197,146,8,SARSA
999,162,-227,200,3,SARSA
999,163,-66,78,1,SARSA
999,164,-371,200,19,SARSA
999,165,-290,200,10,SARSA
999,166,-236,200,4,SARSA
999,167,-166,88,11,SARSA
999,168,-254,200,6,SARSA
999,169,-263,200,7,SARSA
999,170,-91,67,5,SARSA
999,171,-189,156,6,SARSA
999,172,-153,138,4,SARSA
999,173,-299,200,11,SARSA
999,174,-27,48,0,SARSA
999,175,-100,76,5,SARSA
999,176,-109,103,3,SARSA
999,177,-263,200,7,SARSA
999,178,-228,150,11,SARSA
999,179,-148,133,4,SARSA
999,180,-17,38,0,SARSA
999,181,-103,88,4,SARSA
999,182,-407,200,23,SARSA
999,183,-344,200,16,SARSA
999,184,-162,147,4,SARSA
999,185,-195,90,14,SARSA
999,186,-217,148,10,SARSA
999,187,-281,200,9,SARSA
999,188,-314,182,17,SARSA
999,189,-207,174,6,SARSA
999,190,-290,200,10,SARSA
999,191,-204,153,8,SARSA
999,192,-416,200,24,SARSA
999,193,-197,173,5,SARSA
999,194,-166,106,9,SARSA
999,195,-21,42,0,SARSA
999,196,-281,200,9,SARSA
999,197,1,20,0,SARSA
999,198,-299,200,11,SARSA
999,199,-57,51,3,SARSA
999,200,-371,200,19,SARSA
999,201,-191,131,9,SARSA
999,202,-291,186,14,SARSA
999,203,-10,13,2,SARSA
999,204,-33,45,1,SARSA
999,205,-236,200,4,SARSA
999,206,-231,180,8,SARSA
999,207,-36,30,3,SARSA
999,208,12,9,0,SARSA
999,209,-353,200,17,SARSA
999,210,-299,200,11,SARSA
999,211,-124,109,4,SARSA
999,212,-98,92,3,SARSA
999,213,-166,106,9,SARSA
999,214,-208,139,10,SARSA
999,215,-326,200,14,SARSA
999,216,-263,200,7,SARSA
999,217,-238,187,8,SARSA
999,218,-308,200,12,SARSA
999,219,-367,190,22,SARSA
999,220,-123,99,5,SARSA
999,221,-353,200,17,SARSA
999,222,-44,47,2,SARSA
999,223,-24,45,0,SARSA
999,224,-56,41,4,SARSA
999,225,-142,100,7,SARSA
999,226,-371,200,19,SARSA
999,227,-281,200,9,SARSA
999,228,1,20,0,SARSA
999,229,-371,200,19,SARSA
999,230,-161,128,6,SARSA
999,231,-9,21,1,SARSA
999,232,-103,79,5,SARSA
999,233,-326,200,14,SARSA
999,234,-106,127,0,SARSA
999,235,-96,108,1,SARSA
999,236,-5,17,1,SARSA
999,237,10,11,0,SARSA
999,238,-174,150,5,SARSA
999,239,-191,140,8,SARSA
999,240,-281,200,9,SARSA
999,241,-88,82,3,SARSA
999,242,-200,200,0,SARSA
999,243,8,13,0,SARSA
999,244,-13,34,0,SARSA
999,245,-216,165,8,SARSA
999,246,-188,119,10,SARSA
999,247,-121,115,3,SARSA
999,248,-210,132,11,SARSA
999,249,-52,64,1,SARSA
999,250,-27,39,1,SARSA
999,251,-82,58,5,SARSA
999,252,-264,195,10,SARSA
999,253,-113,71,7,SARSA
999,254,-123,108,4,SARSA
999,255,-231,171,9,SARSA
999,256,2,19,0,SARSA
999,257,-163,157,3,SARSA
999,258,-272,200,8,SARSA
999,259,-308,200,12,SARSA
999,260,4,8,1,SARSA
999,261,-126,129,2,SARSA
999,262,-281,200,9,SARSA
999,263,-140,116,5,SARSA
999,264,-161,155,3,SARSA
999,265,-41,35,3,SARSA
999,266,-214,190,5,SARSA
999,267,-192,159,6,SARSA
999,268,-133,118,4,SARSA
999,269,-158,116,7,SARSA
999,270,-38,32,3,SARSA
999,271,14,7,0,SARSA
999,272,-362,200,18,SARSA
999,273,-117,84,6,SARSA
999,274,-148,142,3,SARSA
999,275,-308,200,12,SARSA
999,276,-89,83,3,SARSA
999,277,-213,144,10,SARSA
999,278,8,13,0,SARSA
999,279,-88,100,1,SARSA
999,280,-156,114,7,SARSA
999,281,-27,30,2,SARSA
999,282,-243,192,8,SARSA
999,283,-50,71,0,SARSA
999,284,-188,137,8,SARSA
999,285,-290,200,10,SARSA
999,286,-183,114,10,SARSA
999,287,-308,200,12,SARSA
999,288,-272,200,8,SARSA
999,289,-132,135,2,SARSA
999,290,-308,200,12,SARSA
999,291,-281,200,9,SARSA
999,292,-344,200,16,SARSA
999,293,-116,101,4,SARSA
999,294,-317,200,13,SARSA
999,295,15,6,0,SARSA
999,296,-161,128,6,SARSA
999,297,-232,172,9,SARSA
999,298,-106,91,4,SARSA
999,299,-37,58,0,SARSA
999,300,-132,99,6,SARSA
999,301,-165,141,5,SARSA
999,302,-331,181,19,SARSA
999,303,-110,113,2,SARSA
999,304,-215,155,9,SARSA
999,305,-62,47,4,SARSA
999,306,-179,119,9,SARSA
999,307,-299,200,11,SARSA
999,308,-23,44,0,SARSA
999,309,-57,42,4,SARSA
999,310,-290,200,10,SARSA
999,311,-74,77,2,SARSA
999,312,-190,130,9,SARSA
999,313,-272,200,8,SARSA
999,314,-182,131,8,SARSA
999,315,-177,135,7,SARSA
999,316,-127,103,5,SARSA
999,317,-187,145,7,SARSA
999,318,-236,200,4,SARSA
999,319,-58,61,2,SARSA
999,320,-416,200,24,SARSA
999,321,-92,86,3,SARSA
999,322,-41,44,2,SARSA
999,323,-189,120,10,SARSA
999,324,-52,55,2,SARSA
999,325,-70,37,6,SARSA
999,326,-33,45,1,SARSA
999,327,-100,76,5,SARSA
999,328,-110,104,3,SARSA
999,329,12,9,0,SARSA
999,330,-156,123,6,SARSA
999,331,-30,51,0,SARSA
999,332,-87,63,5,SARSA
999,333,-283,187,13,SARSA
999,334,-6,27,0,SARSA
999,335,-51,72,0,SARSA
999,336,-123,90,6,SARSA
999,337,-268,181,12,SARSA
999,338,-261,183,11,SARSA
999,339,-98,110,1,SARSA
999,340,-299,200,11,SARSA
999,341,-101,95,3,SARSA
999,342,-3,24,0,SARSA
999,343,1,20,0,SARSA
999,344,-290,200,10,SARSA
999,345,-95,89,3,SARSA
999,346,-49,52,2,SARSA
999,347,-77,71,3,SARSA
999,348,-125,56,10,SARSA
999,349,-259,172,12,SARSA
999,350,-257,143,15,SARSA
999,351,-263,200,7,SARSA
999,352,-185,134,8,SARSA
999,353,-270,183,12,SARSA
999,354,-202,115,12,SARSA
999,355,-188,146,7,SARSA
999,356,-172,112,9,SARSA
999,357,-64,58,3,SARSA
999,358,-221,197,5,SARSA
999,359,-181,121,9,SARSA
999,360,-63,66,2,SARSA
999,361,-181,166,4,SARSA
999,362,-38,59,0,SARSA
999,363,-172,148,5,SARSA
999,364,-371,200,19,SARSA
999,365,-78,81,2,SARSA
999,366,12,9,0,SARSA
999,367,-158,152,3,SARSA
999,368,13,8,0,SARSA
999,369,-153,129,5,SARSA
999,370,-101,104,2,SARSA
999,371,-14,17,2,SARSA
999,372,-32,44,1,SARSA
999,373,-344,200,16,SARSA
999,374,-4,16,1,SARSA
999,375,-71,74,2,SARSA
999,376,-37,49,1,SARSA
999,377,-157,115,7,SARSA
999,378,-80,74,3,SARSA
999,379,-62,74,1,SARSA
999,380,-177,108,10,SARSA
999,381,-196,136,9,SARSA
999,382,-214,190,5,SARSA
999,383,-15,36,0,SARSA
999,384,-133,109,5,SARSA
999,385,6,15,0,SARSA
999,386,-115,82,6,SARSA
999,387,-104,89,4,SARSA
999,388,-177,180,2,SARSA
999,389,-121,106,4,SARSA
999,390,-61,55,3,SARSA
999,391,-72,66,3,SARSA
999,392,-55,67,1,SARSA
999,393,-37,40,2,SARSA
999,394,-109,85,5,SARSA
999,395,-84,87,2,SARSA
999,396,-380,200,20,SARSA
999,397,-112,97,4,SARSA
999,398,-153,111,7,SARSA
999,399,-272,200,8,SARSA
999,400,-6,18,1,SARSA
999,401,-107,83,5,SARSA
999,402,-97,82,4,SARSA
999,403,-193,124,10,SARSA
999,404,-189,129,9,SARSA
999,405,-92,95,2,SARSA
999,406,-281,200,9,SARSA
999,407,-4,25,0,SARSA
999,408,-3,24,0,SARSA
999,409,-127,112,4,SARSA
999,410,-290,200,10,SARSA
999,411,-96,108,1,SARSA
999,412,-245,200,5,SARSA
999,413,-14,17,2,SARSA
999,414,-335,200,15,SARSA
999,415,-7,28,0,SARSA
999,416,-5,26,0,SARSA
999,417,-144,111,6,SARSA
999,418,-97,82,4,SARSA
999,419,-85,97,1,SARSA
999,420,-40,43,2,SARSA
999,421,-6,18,1,SARSA
999,422,-105,108,2,SARSA
999,423,-5,26,0,SARSA
999,424,-272,200,8,SARSA
999,425,-268,190,11,SARSA
999,426,-209,149,9,SARSA
999,427,-49,70,0,SARSA
999,428,-9,30,0,SARSA
999,429,-221,179,7,SARSA
999,430,-1,22,0,SARSA
999,431,-234,138,13,SARSA
999,432,5,16,0,SARSA
999,433,-32,35,2,SARSA
999,434,-79,64,4,SARSA
999,435,7,14,0,SARSA
999,436,-250,154,13,SARSA
999,437,-179,119,9,SARSA
999,438,3,18,0,SARSA
999,439,-59,53,3,SARSA
999,440,9,12,0,SARSA
999,441,-6,18,1,SARSA
999,442,-227,200,3,SARSA
999,443,11,10,0,SARSA
999,444,-139,124,4,SARSA
999,445,1,11,1,SARSA
999,446,11,10,0,SARSA
999,447,-85,70,4,SARSA
999,448,-263,200,7,SARSA
999,449,-34,37,2,SARSA
999,450,-73,67,3,SARSA
999,451,10,11,0,SARSA
999,452,0,12,1,SARSA
999,453,-187,136,8,SARSA
999,454,-32,35,2,SARSA
999,455,-56,59,2,SARSA
999,456,-130,124,3,SARSA
999,457,-5,26,0,SARSA
999,458,-140,134,3,SARSA
999,459,-36,39,2,SARSA
999,460,5,16,0,SARSA
999,461,-87,72,4,SARSA
999,462,-59,62,2,SARSA
999,463,-290,176,15,SARSA
999,464,-233,155,11,SARSA
999,465,-6,27,0,SARSA
999,466,-262,166,13,SARSA
999,467,6,15,0,SARSA
999,468,-191,149,7,SARSA
999,469,-168,153,4,SARSA
999,470,-181,148,6,SARSA
999,471,-102,96,3,SARSA
999,472,-281,200,9,SARSA
999,473,-88,73,4,SARSA
999,474,-174,114,9,SARSA
999,475,9,12,0,SARSA
999,476,-207,147,9,SARSA
999,477,-90,84,3,SARSA
999,478,-70,46,5,SARSA
999,479,-23,44,0,SARSA
999,480,-18,30,1,SARSA
999,481,-160,127,6,SARSA
999,482,14,7,0,SARSA
999,483,-308,200,12,SARSA
999,484,-148,133,4,SARSA
999,485,-206,155,8,SARSA
999,486,-96,90,3,SARSA
999,487,-61,46,4,SARSA
999,488,-6,18,1,SARSA
999,489,-86,80,3,SARSA
999,490,-48,60,1,SARSA
999,491,-35,56,0,SARSA
999,492,-19,22,2,SARSA
999,493,-78,63,4,SARSA
999,494,-198,147,8,SARSA
999,495,-16,28,1,SARSA
999,496,13,8,0,SARSA
999,497,-166,142,5,SARSA
999,498,-1,22,0,SARSA
999,499,-222,171,8,SARSA
999,0,-695,200,55,SARSA + PS
999,1,-785,200,65,SARSA + PS
999,2,-731,200,59,SARSA + PS
999,3,-758,200,62,SARSA + PS
999,4,-785,200,65,SARSA + PS
999,5,-506,200,34,SARSA + PS
999,6,-515,200,35,SARSA + PS
999,7,-214,64,19,SARSA + PS
999,8,-686,200,54,SARSA + PS
999,9,-731,200,59,SARSA + PS
999,10,-749,200,61,SARSA + PS
999,11,-605,200,45,SARSA + PS
999,12,-749,200,61,SARSA + PS
999,13,-641,200,49,SARSA + PS
999,14,-803,200,67,SARSA + PS
999,15,-677,200,53,SARSA + PS
999,16,-623,200,47,SARSA + PS
999,17,-821,200,69,SARSA + PS
999,18,-758,200,62,SARSA + PS
999,19,-398,200,22,SARSA + PS
999,20,-506,200,34,SARSA + PS
999,21,-452,200,28,SARSA + PS
999,22,-452,200,28,SARSA + PS
999,23,-495,156,40,SARSA + PS
999,24,-299,200,11,SARSA + PS
999,25,-308,200,12,SARSA + PS
999,26,-713,200,57,SARSA + PS
999,27,-902,200,78,SARSA + PS
999,28,-281,200,9,SARSA + PS
999,29,-263,200,7,SARSA + PS
999,30,-263,200,7,SARSA + PS
999,31,-236,200,4,SARSA + PS
999,32,-308,200,12,SARSA + PS
999,33,-272,200,8,SARSA + PS
999,34,-272,200,8,SARSA + PS
999,35,-461,200,29,SARSA + PS
999,36,-245,200,5,SARSA + PS
999,37,-218,200,2,SARSA + PS
999,38,-317,200,13,SARSA + PS
999,39,-290,200,10,SARSA + PS
999,40,-117,111,3,SARSA + PS
999,41,-470,200,30,SARSA + PS
999,42,-245,200,5,SARSA + PS
999,43,-353,122,28,SARSA + PS
999,44,-272,200,8,SARSA + PS
999,45,-270,165,14,SARSA + PS
999,46,-263,200,7,SARSA + PS
999,47,-218,200,2,SARSA + PS
999,48,-18,21,2,SARSA + PS
999,49,-281,200,9,SARSA + PS
999,50,-263,200,7,SARSA + PS
999,51,-52,73,0,SARSA + PS
999,52,-290,200,10,SARSA + PS
999,53,-263,200,7,SARSA + PS
999,54,-533,200,37,SARSA + PS
999,55,-371,200,19,SARSA + PS
999,56,-58,61,2,SARSA + PS
999,57,-245,200,5,SARSA + PS
999,58,-263,200,7,SARSA + PS
999,59,14,7,0,SARSA + PS
999,60,-122,116,3,SARSA + PS
999,61,-272,200,8,SARSA + PS
999,62,-272,200,8,SARSA + PS
999,63,-236,200,4,SARSA + PS
999,64,-281,200,9,SARSA + PS
999,65,-18,30,1,SARSA + PS
999,66,-32,35,2,SARSA + PS
999,67,-32,44,1,SARSA + PS
999,68,-21,42,0,SARSA + PS
999,69,-69,72,2,SARSA + PS
999,70,-10,22,1,SARSA + PS
999,71,-93,105,1,SARSA + PS
999,72,-13,25,1,SARSA + PS
999,73,-12,24,1,SARSA + PS
999,74,-330,180,19,SARSA + PS
999,75,-281,200,9,SARSA + PS
999,76,-236,200,4,SARSA + PS
999,77,-176,170,3,SARSA + PS
999,78,-62,65,2,SARSA + PS
999,79,-18,30,1,SARSA + PS
999,80,-54,57,2,SARSA + PS
999,81,-149,152,2,SARSA + PS
999,82,4,17,0,SARSA + PS
999,83,-94,97,2,SARSA + PS
999,84,3,18,0,SARSA + PS
999,85,-33,36,2,SARSA + PS
999,86,-290,200,10,SARSA + PS
999,87,-263,200,7,SARSA + PS
999,88,-281,200,9,SARSA + PS
999,89,-147,96,8,SARSA + PS
999,90,-21,24,2,SARSA + PS
999,91,-1,22,0,SARSA + PS
999,92,-92,104,1,SARSA + PS
999,93,-92,86,3,SARSA + PS
999,94,-102,105,2,SARSA + PS
999,95,-227,200,3,SARSA + PS
999,96,-26,29,2,SARSA + PS
999,97,-29,41,1,SARSA + PS
999,98,-19,22,2,SARSA + PS
999,99,-151,145,3,SARSA + PS
999,100,-263,140,16,SARSA + PS
999,101,4,17,0,SARSA + PS
999,102,-112,124,1,SARSA + PS
999,103,-183,141,7,SARSA + PS
999,104,-137,122,4,SARSA + PS
999,105,-122,125,2,SARSA + PS
999,106,-50,53,2,SARSA + PS
999,107,-236,200,4,SARSA + PS
999,108,-59,62,2,SARSA + PS
999,109,-156,150,3,SARSA + PS
999,110,-189,156,6,SARSA + PS
999,111,-77,80,2,SARSA + PS
999,112,3,18,0,SARSA + PS
999,113,-245,200,5,SARSA + PS
999,114,-64,58,3,SARSA + PS
999,115,-42,45,2,SARSA + PS
999,116,-150,144,3,SARSA + PS
999,117,-4,25,0,SARSA + PS
999,118,-5,26,0,SARSA + PS
999,119,13,8,0,SARSA + PS
999,120,-169,154,4,SARSA + PS
999,121,-114,117,2,SARSA + PS
999,122,-157,115,7,SARSA + PS
999,123,4,17,0,SARSA + PS
999,124,-33,45,1,SARSA + PS
999,125,-127,121,3,SARSA + PS
999,126,-21,33,1,SARSA + PS
999,127,-2,14,1,SARSA + PS
999,128,-263,200,7,SARSA + PS
999,129,-245,200,5,SARSA + PS
999,130,11,10,0,SARSA + PS
999,131,-254,200,6,SARSA + PS
999,132,11,10,0,SARSA + PS
999,133,-248,179,10,SARSA + PS
999,134,-52,46,3,SARSA + PS
999,135,-201,195,3,SARSA + PS
999,136,-102,96,3,SARSA + PS
999,137,-10,31,0,SARSA + PS
999,138,-148,124,5,SARSA + PS
999,139,4,17,0,SARSA + PS
999,140,5,16,0,SARSA + PS
999,141,-36,48,1,SARSA + PS
999,142,14,7,0,SARSA + PS
999,143,11,10,0,SARSA + PS
999,144,-245,200,5,SARSA + PS
999,145,-281,200,9,SARSA + PS
999,146,-64,58,3,SARSA + PS
999,147,-60,72,1,SARSA + PS
999,148,-165,168,2,SARSA + PS
999,149,14,7,0,SARSA + PS
999,150,-263,200,7,SARSA + PS
999,151,-14,35,0,SARSA + PS
999,152,7,14,0,SARSA + PS
999,153,-80,83,2,SARSA + PS
999,154,14,7,0,SARSA + PS
999,155,-12,33,0,SARSA + PS
999,156,13,8,0,SARSA + PS
999,157,-34,46,1,SARSA + PS
999,158,-27,30,2,SARSA + PS
999,159,-125,119,3,SARSA + PS
999,160,-135,120,4,SARSA + PS
999,161,-10,22,1,SARSA + PS
999,162,-37,58,0,SARSA + PS
999,163,0,21,0,SARSA + PS
999,164,-17,38,0,SARSA + PS
999,165,-57,42,4,SARSA + PS
999,166,-290,200,10,SARSA + PS
999,167,-48,51,2,SARSA + PS
999,168,-61,64,2,SARSA + PS
999,169,-19,31,1,SARSA + PS
999,170,11,10,0,SARSA + PS
999,171,-1,22,0,SARSA + PS
999,172,-7,28,0,SARSA + PS
999,173,-7,28,0,SARSA + PS
999,174,2,10,1,SARSA + PS
999,175,7,14,0,SARSA + PS
999,176,-118,103,4,SARSA + PS
999,177,-10,13,2,SARSA + PS
999,178,-299,200,11,SARSA + PS
999,179,-72,75,2,SARSA + PS
999,180,11,10,0,SARSA + PS
999,181,12,9,0,SARSA + PS
999,182,-10,22,1,SARSA + PS
999,183,11,10,0,SARSA + PS
999,184,11,10,0,SARSA + PS
999,185,9,12,0,SARSA + PS
999,186,-214,190,5,SARSA + PS
999,187,4,17,0,SARSA + PS
999,188,8,13,0,SARSA + PS
999,189,-14,26,1,SARSA + PS
999,190,-125,128,2,SARSA + PS
999,191,-20,32,1,SARSA + PS
999,192,-104,71,6,SARSA + PS
999,193,-101,86,4,SARSA + PS
999,194,4,17,0,SARSA + PS
999,195,10,11,0,SARSA + PS
999,196,12,9,0,SARSA + PS
999,197,4,17,0,SARSA + PS
999,198,-281,200,9,SARSA + PS
999,199,10,11,0,SARSA + PS
999,200,-152,155,2,SARSA + PS
999,201,10,11,0,SARSA + PS
999,202,12,9,0,SARSA + PS
999,203,14,7,0,SARSA + PS
999,204,-14,17,2,SARSA + PS
999,205,10,11,0,SARSA + PS
999,206,-28,40,1,SARSA + PS
999,207,1,11,1,SARSA + PS
999,208,14,7,0,SARSA + PS
999,209,-20,32,1,SARSA + PS
999,210,-54,66,1,SARSA + PS
999,211,9,12,0,SARSA + PS
999,212,2,10,1,SARSA + PS
999,213,8,13,0,SARSA + PS
999,214,-69,81,1,SARSA + PS
999,215,-81,75,3,SARSA + PS
999,216,-53,47,3,SARSA + PS
999,217,7,14,0,SARSA + PS
999,218,-290,200,10,SARSA + PS
999,219,8,13,0,SARSA + PS
999,220,11,10,0,SARSA + PS
999,221,11,10,0,SARSA + PS
999,222,1,20,0,SARSA + PS
999,223,10,11,0,SARSA + PS
999,224,8,13,0,SARSA + PS
999,225,8,13,0,SARSA + PS
999,226,7,14,0,SARSA + PS
999,227,10,11,0,SARSA + PS
999,228,9,12,0,SARSA + PS
999,229,-142,118,5,SARSA + PS
999,230,-80,83,2,SARSA + PS
999,231,7,14,0,SARSA + PS
999,232,11,10,0,SARSA + PS
999,233,-17,38,0,SARSA + PS
999,234,10,11,0,SARSA + PS
999,235,8,13,0,SARSA + PS
999,236,14,7,0,SARSA + PS
999,237,4,8,1,SARSA + PS
999,238,11,10,0,SARSA + PS
999,239,-21,42,0,SARSA + PS
999,240,-27,39,1,SARSA + PS
999,241,-25,28,2,SARSA + PS
999,242,-5,26,0,SARSA + PS
999,243,14,7,0,SARSA + PS
999,244,-4,16,1,SARSA + PS
999,245,3,18,0,SARSA + PS
999,246,-6,27,0,SARSA + PS
999,247,14,7,0,SARSA + PS
999,248,-20,32,1,SARSA + PS
999,249,-37,31,3,SARSA + PS
999,250,7,14,0,SARSA + PS
999,251,-13,25,1,SARSA + PS
999,252,6,15,0,SARSA + PS
999,253,-90,93,2,SARSA + PS
999,254,-33,36,2,SARSA + PS
999,255,1,20,0,SARSA + PS
999,256,14,7,0,SARSA + PS
999,257,5,16,0,SARSA + PS
999,258,-102,105,2,SARSA + PS
999,259,0,21,0,SARSA + PS
999,260,5,7,1,SARSA + PS
999,261,0,21,0,SARSA + PS
999,262,-47,59,1,SARSA + PS
999,263,-50,35,4,SARSA + PS
999,264,-246,195,8,SARSA + PS
999,265,-3,15,1,SARSA + PS
999,266,-42,45,2,SARSA + PS
999,267,-8,20,1,SARSA + PS
999,268,-159,144,4,SARSA + PS
999,269,-85,79,3,SARSA + PS
999,270,3,18,0,SARSA + PS
999,271,14,7,0,SARSA + PS
999,272,-72,84,1,SARSA + PS
999,273,-32,35,2,SARSA + PS
999,274,-233,200,6,SARSA + PS
999,275,5,16,0,SARSA + PS
999,276,8,13,0,SARSA + PS
999,277,2,10,1,SARSA + PS
999,278,3,9,1,SARSA + PS
999,279,-56,50,3,SARSA + PS
999,280,-25,19,3,SARSA + PS
999,281,12,9,0,SARSA + PS
999,282,5,16,0,SARSA + PS
999,283,-11,14,2,SARSA + PS
999,284,7,14,0,SARSA + PS
999,285,-95,80,4,SARSA + PS
999,286,-35,47,1,SARSA + PS
999,287,-1,13,1,SARSA + PS
999,288,-75,69,3,SARSA + PS
999,289,11,10,0,SARSA + PS
999,290,-79,73,3,SARSA + PS
999,291,-263,200,7,SARSA + PS
999,292,-64,67,2,SARSA + PS
999,293,9,12,0,SARSA + PS
999,294,11,10,0,SARSA + PS
999,295,15,6,0,SARSA + PS
999,296,-216,183,6,SARSA + PS
999,297,-7,28,0,SARSA + PS
999,298,8,13,0,SARSA + PS
999,299,6,15,0,SARSA + PS
999,300,7,14,0,SARSA + PS
999,301,-20,23,2,SARSA + PS
999,302,-84,69,4,SARSA + PS
999,303,-6,18,1,SARSA + PS
999,304,11,10,0,SARSA + PS
999,305,-146,113,6,SARSA + PS
999,306,13,8,0,SARSA + PS
999,307,-67,61,3,SARSA + PS
999,308,-39,33,3,SARSA + PS
999,309,-123,117,3,SARSA + PS
999,310,-94,70,5,SARSA + PS
999,311,7,14,0,SARSA + PS
999,312,9,12,0,SARSA + PS
999,313,-49,52,2,SARSA + PS
999,314,6,15,0,SARSA + PS
999,315,-76,88,1,SARSA + PS
999,316,-23,35,1,SARSA + PS
999,317,7,14,0,SARSA + PS
999,318,-245,200,5,SARSA + PS
999,319,6,15,0,SARSA + PS
999,320,5,16,0,SARSA + PS
999,321,8,13,0,SARSA + PS
999,322,-28,31,2,SARSA + PS
999,323,-41,44,2,SARSA + PS
999,324,2,19,0,SARSA + PS
999,325,12,9,0,SARSA + PS
999,326,11,10,0,SARSA + PS
999,327,-1,13,1,SARSA + PS
999,328,-28,40,1,SARSA + PS
999,329,12,9,0,SARSA + PS
999,330,11,10,0,SARSA + PS
999,331,6,15,0,SARSA + PS
999,332,0,21,0,SARSA + PS
999,333,-24,36,1,SARSA + PS
999,334,8,13,0,SARSA + PS
999,335,-64,67,2,SARSA + PS
999,336,0,12,1,SARSA + PS
999,337,8,13,0,SARSA + PS
999,338,-6,27,0,SARSA + PS
999,339,1,20,0,SARSA + PS
999,340,-23,35,1,SARSA + PS
999,341,9,12,0,SARSA + PS
999,342,-5,17,1,SARSA + PS
999,343,-9,12,2,SARSA + PS
999,344,-23,26,2,SARSA + PS
999,345,-38,59,0,SARSA + PS
999,346,-43,46,2,SARSA + PS
999,347,-3,15,1,SARSA + PS
999,348,-5,17,1,SARSA + PS
999,349,0,21,0,SARSA + PS
999,350,-10,31,0,SARSA + PS
999,351,-272,200,8,SARSA + PS
999,352,4,17,0,SARSA + PS
999,353,-53,47,3,SARSA + PS
999,354,-3,15,1,SARSA + PS
999,355,-9,30,0,SARSA + PS
999,356,-55,58,2,SARSA + PS
999,357,9,12,0,SARSA + PS
999,358,-221,170,8,SARSA + PS
999,359,6,15,0,SARSA + PS
999,360,3,18,0,SARSA + PS
999,361,-4,16,1,SARSA + PS
999,362,-6,18,1,SARSA + PS
999,363,5,16,0,SARSA + PS
999,364,5,16,0,SARSA + PS
999,365,11,10,0,SARSA + PS
999,366,14,7,0,SARSA + PS
999,367,-32,53,0,SARSA + PS
999,368,11,10,0,SARSA + PS
999,369,-4,16,1,SARSA + PS
999,370,7,14,0,SARSA + PS
999,371,11,10,0,SARSA + PS
999,372,11,10,0,SARSA + PS
999,373,-236,200,4,SARSA + PS
999,374,3,9,1,SARSA + PS
999,375,-39,60,0,SARSA + PS
999,376,0,12,1,SARSA + PS
999,377,11,10,0,SARSA + PS
999,378,-1,13,1,SARSA + PS
999,379,4,17,0,SARSA + PS
999,380,12,9,0,SARSA + PS
999,381,-5,26,0,SARSA + PS
999,382,-44,47,2,SARSA + PS
999,383,-3,15,1,SARSA + PS
999,384,8,13,0,SARSA + PS
999,385,2,10,1,SARSA + PS
999,386,6,15,0,SARSA + PS
999,387,8,13,0,SARSA + PS
999,388,-4,25,0,SARSA + PS
999,389,-48,51,2,SARSA + PS
999,390,4,17,0,SARSA + PS
999,391,6,15,0,SARSA + PS
999,392,-33,45,1,SARSA + PS
999,393,8,13,0,SARSA + PS
999,394,-3,24,0,SARSA + PS
999,395,-62,56,3,SARSA + PS
999,396,-281,200,9,SARSA + PS
999,397,-11,14,2,SARSA + PS
999,398,-6,27,0,SARSA + PS
999,399,4,17,0,SARSA + PS
999,400,9,12,0,SARSA + PS
999,401,-13,16,2,SARSA + PS
999,402,1,11,1,SARSA + PS
999,403,-26,29,2,SARSA + PS
999,404,6,15,0,SARSA + PS
999,405,-10,22,1,SARSA + PS
999,406,-5,26,0,SARSA + PS
999,407,11,10,0,SARSA + PS
999,408,12,9,0,SARSA + PS
999,409,8,13,0,SARSA + PS
999,410,-7,28,0,SARSA + PS
999,411,8,13,0,SARSA + PS
999,412,-111,87,5,SARSA + PS
999,413,2,10,1,SARSA + PS
999,414,-80,56,5,SARSA + PS
999,415,12,9,0,SARSA + PS
999,416,-13,16,2,SARSA + PS
999,417,9,12,0,SARSA + PS
999,418,-29,32,2,SARSA + PS
999,419,9,12,0,SARSA + PS
999,420,0,21,0,SARSA + PS
999,421,2,10,1,SARSA + PS
999,422,-21,33,1,SARSA + PS
999,423,6,15,0,SARSA + PS
999,424,11,10,0,SARSA + PS
999,425,-6,18,1,SARSA + PS
999,426,-22,34,1,SARSA + PS
999,427,9,12,0,SARSA + PS
999,428,-10,13,2,SARSA + PS
999,429,3,18,0,SARSA + PS
999,430,3,18,0,SARSA + PS
999,431,-38,50,1,SARSA + PS
999,432,10,11,0,SARSA + PS
999,433,-10,22,1,SARSA + PS
999,434,6,15,0,SARSA + PS
999,435,14,7,0,SARSA + PS
999,436,9,12,0,SARSA + PS
999,437,2,19,0,SARSA + PS
999,438,10,11,0,SARSA + PS
999,439,7,14,0,SARSA + PS
999,440,12,9,0,SARSA + PS
999,441,-1,13,1,SARSA + PS
999,442,-10,13,2,SARSA + PS
999,443,14,7,0,SARSA + PS
999,444,-12,24,1,SARSA + PS
999,445,10,11,0,SARSA + PS
999,446,8,13,0,SARSA + PS
999,447,1,11,1,SARSA + PS
999,448,-17,29,1,SARSA + PS
999,449,9,12,0,SARSA + PS
999,450,7,14,0,SARSA + PS
999,451,10,11,0,SARSA + PS
999,452,13,8,0,SARSA + PS
999,453,-13,25,1,SARSA + PS
999,454,-20,32,1,SARSA + PS
999,455,-27,21,3,SARSA + PS
999,456,10,11,0,SARSA + PS
999,457,-254,200,6,SARSA + PS
999,458,-2,14,1,SARSA + PS
999,459,4,17,0,SARSA + PS
999,460,11,10,0,SARSA + PS
999,461,-6,18,1,SARSA + PS
999,462,2,19,0,SARSA + PS
999,463,-50,44,3,SARSA + PS
999,464,-5,17,1,SARSA + PS
999,465,10,11,0,SARSA + PS
999,466,-94,88,3,SARSA + PS
999,467,0,12,1,SARSA + PS
999,468,-34,46,1,SARSA + PS
999,469,6,15,0,SARSA + PS
999,470,-15,27,1,SARSA + PS
999,471,6,15,0,SARSA + PS
999,472,-49,61,1,SARSA + PS
999,473,-14,26,1,SARSA + PS
999,474,-21,24,2,SARSA + PS
999,475,7,14,0,SARSA + PS
999,476,5,16,0,SARSA + PS
999,477,2,19,0,SARSA + PS
999,478,-12,15,2,SARSA + PS
999,479,-1,13,1,SARSA + PS
999,480,10,11,0,SARSA + PS
999,481,-5,17,1,SARSA + PS
999,482,13,8,0,SARSA + PS
999,483,-21,24,2,SARSA + PS
999,484,6,15,0,SARSA + PS
999,485,-7,28,0,SARSA + PS
999,486,-61,64,2,SARSA + PS
999,487,8,13,0,SARSA + PS
999,488,12,9,0,SARSA + PS
999,489,9,12,0,SARSA + PS
999,490,-1,13,1,SARSA + PS
999,491,-2,23,0,SARSA + PS
999,492,11,10,0,SARSA + PS
999,493,-5,17,1,SARSA + PS
999,494,-37,49,1,SARSA + PS
999,495,0,12,1,SARSA + PS
999,496,13,8,0,SARSA + PS
999,497,-40,43,2,SARSA + PS
999,498,-3,15,1,SARSA + PS
999,499,-26,29,2,SARSA + PS
2024,0,-722,200,58,SARSA
2024,1,-587,200,43,SARSA
2024,2,-650,200,50,SARSA
2024,3,-623,200,47,SARSA
2024,4,-650,200,50,SARSA
2024,5,-578,200,42,SARSA
2024,6,-389,200,21,SARSA
2024,7,-641,200,49,SARSA
2024,8,-695,200,55,SARSA
2024,9,-695,200,55,SARSA
2024,10,-641,200,49,SARSA
2024,11,-677,200,53,SARSA
2024,12,-686,200,54,SARSA
2024,13,-722,200,58,SARSA
2024,14,-373,196,22,SARSA
2024,15,-272,200,8,SARSA
2024,16,-749,200,61,SARSA
2024,17,-308,113,24,SARSA
2024,18,-434,200,26,SARSA
2024,19,-452,200,28,SARSA
2024,20,-272,200,8,SARSA
2024,21,-263,200,7,SARSA
2024,22,-677,200,53,SARSA
2024,23,-245,200,5,SARSA
2024,24,-380,200,20,SARSA
2024,25,-758,200,62,SARSA
2024,26,-551,200,39,SARSA
2024,27,-290,200,10,SARSA
2024,28,-308,200,12,SARSA
2024,29,-272,131,18,SARSA
2024,30,-533,200,37,SARSA
2024,31,-623,200,47,SARSA
2024,32,-308,200,12,SARSA
2024,33,-159,135,5,SARSA
2024,34,-587,200,43,SARSA
2024,35,-263,200,7,SARSA
2024,36,-596,200,44,SARSA
2024,37,-461,200,29,SARSA
2024,38,-254,200,6,SARSA
2024,39,-290,200,10,SARSA
2024,40,-713,200,57,SARSA
2024,41,-488,200,32,SARSA
2024,42,-236,200,4,SARSA
2024,43,-290,200,10,SARSA
2024,44,-236,200,4,SARSA
2024,45,-100,58,7,SARSA
2024,46,-299,200,11,SARSA
2024,47,-245,200,5,SARSA
2024,48,-245,200,5,SARSA
2024,49,-281,200,9,SARSA
2024,50,-290,200,10,SARSA
2024,51,-173,113,9,SARSA
2024,52,-272,200,8,SARSA
2024,53,-49,43,3,SARSA
2024,54,-326,200,14,SARSA
2024,55,-100,94,3,SARSA
2024,56,-236,200,4,SARSA
2024,57,-263,200,7,SARSA
2024,58,-236,200,4,SARSA
2024,59,-281,200,9,SARSA
2024,60,-623,200,47,SARSA
2024,61,-140,125,4,SARSA
2024,62,-686,200,54,SARSA
2024,63,-317,200,13,SARSA
2024,64,-326,200,14,SARSA
2024,65,-199,148,8,SARSA
2024,66,-23,26,2,SARSA
2024,67,-227,200,3,SARSA
2024,68,-254,200,6,SARSA
2024,69,-317,200,13,SARSA
2024,70,-252,138,15,SARSA
2024,71,-263,200,7,SARSA
2024,72,-290,200,10,SARSA
2024,73,-263,200,7,SARSA
2024,74,-290,200,10,SARSA
2024,75,-90,84,3,SARSA
2024,76,-254,200,6,SARSA
2024,77,-245,200,5,SARSA
2024,78,-236,200,4,SARSA
2024,79,-227,200,3,SARSA
2024,80,-263,200,7,SARSA
2024,81,-236,200,4,SARSA
2024,82,-122,98,5,SARSA
2024,83,-197,191,3,SARSA
2024,84,-155,149,3,SARSA
2024,85,-108,93,4,SARSA
2024,86,-110,77,6,SARSA
2024,87,-263,200,7,SARSA
2024,88,-290,200,10,SARSA
2024,89,-326,200,14,SARSA
2024,90,-242,164,11,SARSA
2024,91,-236,200,4,SARSA
2024,92,-308,200,12,SARSA
2024,93,-407,200,23,SARSA
2024,94,-281,200,9,SARSA
2024,95,-121,133,1,SARSA
2024,96,-254,200,6,SARSA
2024,97,-281,200,9,SARSA
2024,98,-245,200,5,SARSA
2024,99,-245,200,5,SARSA
2024,100,-113,107,3,SARSA
2024,101,-272,200,8,SARSA
2024,102,-263,200,7,SARSA
2024,103,-272,200,8,SARSA
2024,104,-542,200,38,SARSA
2024,105,-308,200,12,SARSA
2024,106,-232,190,7,SARSA
2024,107,-7,28,0,SARSA
2024,108,-227,200,3,SARSA
2024,109,-281,200,9,SARSA
2024,110,-263,200,7,SARSA
2024,111,-84,51,6,SARSA
2024,112,-102,114,1,SARSA
2024,113,-272,200,8,SARSA
2024,114,-272,200,8,SARSA
2024,115,-281,200,9,SARSA
2024,116,-344,200,16,SARSA
2024,117,-254,200,6,SARSA
2024,118,-24,36,1,SARSA
2024,119,-335,200,15,SARSA
2024,120,-281,200,9,SARSA
2024,121,-127,112,4,SARSA
2024,122,-193,124,10,SARSA
2024,123,-173,149,5,SARSA
2024,124,-245,200,5,SARSA
2024,125,-107,101,3,SARSA
2024,126,-411,189,27,SARSA
2024,127,-208,184,5,SARSA
2024,128,-231,189,7,SARSA
2024,129,-236,200,4,SARSA
2024,130,-236,200,4,SARSA
2024,131,-133,145,1,SARSA
2024,132,-65,59,3,SARSA
2024,133,-26,38,1,SARSA
2024,134,-263,200,7,SARSA
2024,135,-245,200,5,SARSA
2024,136,-254,200,6,SARSA
2024,137,-254,200,6,SARSA
2024,138,-272,200,8,SARSA
2024,139,-151,145,3,SARSA
2024,140,-272,200,8,SARSA
2024,141,-371,200,19,SARSA
2024,142,-290,200,10,SARSA
2024,143,-294,144,19,SARSA
2024,144,-308,200,12,SARSA
2024,145,-183,150,6,SARSA
2024,146,-156,123,6,SARSA
2024,147,-272,200,8,SARSA
2024,148,-218,200,2,SARSA
2024,149,-245,200,5,SARSA
2024,150,-254,200,6,SARSA
2024,151,-344,200,16,SARSA
2024,152,-93,78,4,SARSA
2024,153,-228,168,9,SARSA
2024,154,-136,130,3,SARSA
2024,155,-189,129,9,SARSA
2024,156,-254,200,6,SARSA
2024,157,-148,115,6,SARSA
2024,158,-389,200,21,SARSA
2024,159,-145,121,5,SARSA
2024,160,-188,155,6,SARSA
2024,161,-236,200,4,SARSA
2024,162,-272,200,8,SARSA
2024,163,-164,158,3,SARSA
2024,164,7,14,0,SARSA
2024,165,-88,100,1,SARSA
2024,166,-165,159,3,SARSA
2024,167,-165,159,3,SARSA
2024,168,-236,200,4,SARSA
2024,169,-416,200,24,SARSA
2024,170,-344,200,16,SARSA
2024,171,-144,138,3,SARSA
2024,172,-281,200,9,SARSA
2024,173,-290,200,10,SARSA
2024,174,-308,200,12,SARSA
2024,175,-362,200,18,SARSA
2024,176,-196,172,5,SARSA
2024,177,-263,200,7,SARSA
2024,178,-380,200,20,SARSA
2024,179,-335,200,15,SARSA
2024,180,-245,200,5,SARSA
2024,181,-196,154,7,SARSA
2024,182,-267,162,14,SARSA
2024,183,-362,200,18,SARSA
2024,184,0,21,0,SARSA
2024,185,-335,200,15,SARSA
2024,186,-344,200,16,SARSA
2024,187,-98,92,3,SARSA
2024,188,-79,73,3,SARSA
2024,189,-371,200,19,SARSA
2024,190,-152,101,8,SARSA
2024,191,-160,154,3,SARSA
2024,192,-272,200,8,SARSA
2024,193,-10,22,1,SARSA
2024,194,-335,200,15,SARSA
2024,195,-45,48,2,SARSA
2024,196,-173,122,8,SARSA
2024,197,-389,200,21,SARSA
2024,198,-290,200,10,SARSA
2024,199,-425,200,25,SARSA
2024,200,-283,178,14,SARSA
2024,201,-129,105,5,SARSA
2024,202,-236,200,4,SARSA
2024,203,7,14,0,SARSA
2024,204,-142,136,3,SARSA
2024,205,-39,60,0,SARSA
2024,206,-9,30,0,SARSA
2024,207,-184,151,6,SARSA
2024,208,-254,200,6,SARSA
2024,209,-75,78,2,SARSA
2024,210,-308,200,12,SARSA
2024,211,-174,78,13,SARSA
2024,212,-46,49,2,SARSA
2024,213,-398,200,22,SARSA
2024,214,-272,200,8,SARSA
2024,215,-145,112,6,SARSA
2024,216,-281,200,9,SARSA
2024,217,-290,200,10,SARSA
2024,218,-222,171,8,SARSA
2024,219,-197,146,8,SARSA
2024,220,-156,96,9,SARSA
2024,221,-248,197,8,SARSA
2024,222,-263,200,7,SARSA
2024,223,-308,200,12,SARSA
2024,224,-124,91,6,SARSA
2024,225,-161,155,3,SARSA
2024,226,-103,79,5,SARSA
2024,227,-165,123,7,SARSA
2024,228,-202,160,7,SARSA
2024,229,-145,121,5,SARSA
2024,230,-154,103,8,SARSA
2024,231,-194,152,7,SARSA
2024,232,-163,157,3,SARSA
2024,233,-5,26,0,SARSA
2024,234,-326,200,14,SARSA
2024,235,-53,65,1,SARSA
2024,236,-8,20,1,SARSA
2024,237,-205,118,12,SARSA
2024,238,-263,200,7,SARSA
2024,239,-299,200,11,SARSA
2024,240,-44,56,1,SARSA
2024,241,-281,200,9,SARSA
2024,242,7,14,0,SARSA
2024,243,-281,200,9,SARSA
2024,244,-247,187,9,SARSA
2024,245,-147,141,3,SARSA
2024,246,-245,200,5,SARSA
2024,247,-263,200,7,SARSA
2024,248,-88,100,1,SARSA
2024,249,-65,77,1,SARSA
2024,250,-200,167,6,SARSA
2024,251,-272,200,8,SARSA
2024,252,-200,131,10,SARSA
2024,253,-272,200,8,SARSA
2024,254,-272,200,8,SARSA
2024,255,-8,29,0,SARSA
2024,256,-22,34,1,SARSA
2024,257,-479,200,31,SARSA
2024,258,-129,105,5,SARSA
2024,259,-299,200,11,SARSA
2024,260,-219,159,9,SARSA
2024,261,-179,128,8,SARSA
2024,262,-48,60,1,SARSA
2024,263,-216,174,7,SARSA
2024,264,-253,193,9,SARSA
2024,265,-79,73,3,SARSA
2024,266,-389,200,21,SARSA
2024,267,-168,108,9,SARSA
2024,268,-191,185,3,SARSA
2024,269,-97,100,2,SARSA
2024,270,-70,73,2,SARSA
2024,271,-181,157,5,SARSA
2024,272,-159,126,6,SARSA
2024,273,-272,200,8,SARSA
2024,274,-210,159,8,SARSA
2024,275,-165,132,6,SARSA
2024,276,-196,154,7,SARSA
2024,277,-187,118,10,SARSA
2024,278,-51,54,2,SARSA
2024,279,-110,95,4,SARSA
2024,280,-84,87,2,SARSA
2024,281,-254,200,6,SARSA
2024,282,-263,200,7,SARSA
2024,283,-317,200,13,SARSA
2024,284,-63,57,3,SARSA
2024,285,-179,155,5,SARSA
2024,286,-74,50,5,SARSA
2024,287,-281,200,9,SARSA
2024,288,-135,138,2,SARSA
2024,289,-111,78,6,SARSA
2024,290,-50,71,0,SARSA
2024,291,-102,78,5,SARSA
2024,292,-285,198,12,SARSA
2024,293,-109,85,5,SARSA
2024,294,-132,108,5,SARSA
2024,295,-362,200,18,SARSA
2024,296,-371,200,19,SARSA
2024,297,-118,103,4,SARSA
2024,298,-200,158,7,SARSA
2024,299,-57,60,2,SARSA
2024,300,-154,103,8,SARSA
2024,301,-60,63,2,SARSA
2024,302,-92,86,3,SARSA
2024,303,-139,88,8,SARSA
2024,304,-133,118,4,SARSA
2024,305,-129,105,5,SARSA
2024,306,-353,200,17,SARSA
2024,307,-121,106,4,SARSA
2024,308,-38,50,1,SARSA
2024,309,-254,200,6,SARSA
2024,310,-276,144,17,SARSA
2024,311,-158,116,7,SARSA
2024,312,-84,69,4,SARSA
2024,313,-105,117,1,SARSA
2024,314,-353,200,17,SARSA
2024,315,-371,200,19,SARSA
2024,316,-245,200,5,SARSA
2024,317,-152,119,6,SARSA
2024,318,-173,104,10,SARSA
2024,319,-167,134,6,SARSA
2024,320,-263,200,7,SARSA
2024,321,-25,37,1,SARSA
2024,322,-87,81,3,SARSA
2024,323,-91,58,6,SARSA
2024,324,-103,88,4,SARSA
2024,325,-60,54,3,SARSA
2024,326,-172,148,5,SARSA
2024,327,-161,146,4,SARSA
2024,328,-353,200,17,SARSA
2024,329,-5,26,0,SARSA
2024,330,-220,160,9,SARSA
2024,331,-122,116,3,SARSA
2024,332,-104,98,3,SARSA
2024,333,-55,49,3,SARSA
2024,334,-335,200,15,SARSA
2024,335,-92,77,4,SARSA
2024,336,-55,58,2,SARSA
2024,337,-77,53,5,SARSA
2024,338,-117,102,4,SARSA
2024,339,-218,158,9,SARSA
2024,340,-126,84,7,SARSA
2024,341,-23,35,1,SARSA
2024,342,-164,122,7,SARSA
2024,343,-27,39,1,SARSA
2024,344,-116,110,3,SARSA
2024,345,-77,53,5,SARSA
2024,346,-254,200,6,SARSA
2024,347,-26,38,1,SARSA
2024,348,-96,81,4,SARSA
2024,349,6,15,0,SARSA
2024,350,-240,171,10,SARSA
2024,351,-1,22,0,SARSA
2024,352,-157,133,5,SARSA
2024,353,-281,200,9,SARSA
2024,354,-66,42,5,SARSA
2024,355,-75,78,2,SARSA
2024,356,-15,36,0,SARSA
2024,357,12,9,0,SARSA
2024,358,-245,200,5,SARSA
2024,359,13,8,0,SARSA
2024,360,-7,28,0,SARSA
2024,361,-238,169,10,SARSA
2024,362,-32,44,1,SARSA
2024,363,-25,46,0,SARSA
2024,364,-86,80,3,SARSA
2024,365,-72,75,2,SARSA
2024,366,-134,110,5,SARSA
2024,367,-155,86,10,SARSA
2024,368,-93,87,3,SARSA
2024,369,-170,110,9,SARSA
2024,370,-272,200,8,SARSA
2024,371,-263,200,7,SARSA
2024,372,-234,174,9,SARSA
2024,373,-111,78,6,SARSA
2024,374,-72,66,3,SARSA
2024,375,-50,35,4,SARSA
2024,376,-108,75,6,SARSA
2024,377,-106,109,2,SARSA
2024,378,-272,200,8,SARSA
2024,379,-97,91,3,SARSA
2024,380,-46,49,2,SARSA
2024,381,-275,197,11,SARSA
2024,382,-13,25,1,SARSA
2024,383,-70,91,0,SARSA
2024,384,-108,84,5,SARSA
2024,385,-308,200,12,SARSA
2024,386,-99,111,1,SARSA
2024,387,-106,82,5,SARSA
2024,388,-47,59,1,SARSA
2024,389,-136,103,6,SARSA
2024,390,-52,46,3,SARSA
2024,391,-138,114,5,SARSA
2024,392,-142,127,4,SARSA
2024,393,-167,107,9,SARSA
2024,394,-17,29,1,SARSA
2024,395,-66,87,0,SARSA
2024,396,-26,20,3,SARSA
2024,397,-256,196,9,SARSA
2024,398,-61,64,2,SARSA
2024,399,-114,108,3,SARSA
2024,400,-79,55,5,SARSA
2024,401,-31,43,1,SARSA
2024,402,-312,198,15,SARSA
2024,403,-19,31,1,SARSA
2024,404,-272,200,8,SARSA
2024,405,11,10,0,SARSA
2024,406,-15,36,0,SARSA
2024,407,14,7,0,SARSA
2024,408,-281,200,9,SARSA
2024,409,-31,34,2,SARSA
2024,410,-190,139,8,SARSA
2024,411,-81,48,6,SARSA
2024,412,-174,114,9,SARSA
2024,413,-128,77,8,SARSA
2024,414,-125,101,5,SARSA
2024,415,-117,102,4,SARSA
2024,416,-83,77,3,SARSA
2024,417,-15,27,1,SARSA
2024,418,-55,67,1,SARSA
2024,419,-123,99,5,SARSA
2024,420,-10,22,1,SARSA
2024,421,-231,171,9,SARSA
2024,422,-317,200,13,SARSA
2024,423,-44,47,2,SARSA
2024,424,-59,71,1,SARSA
2024,425,-146,77,10,SARSA
2024,426,-30,33,2,SARSA
2024,427,-6,18,1,SARSA
2024,428,-272,200,8,SARSA
2024,429,15,6,0,SARSA
2024,430,9,12,0,SARSA
2024,431,-99,75,5,SARSA
2024,432,-39,60,0,SARSA
2024,433,-32,53,0,SARSA
2024,434,-344,200,16,SARSA
2024,435,-146,122,5,SARSA
2024,436,-48,42,3,SARSA
2024,437,-192,132,9,SARSA
2024,438,-114,99,4,SARSA
2024,439,-54,57,2,SARSA
2024,440,1,20,0,SARSA
2024,441,-14,26,1,SARSA
2024,442,-102,96,3,SARSA
2024,443,-263,200,7,SARSA
2024,444,-47,41,3,SARSA
2024,445,-263,200,7,SARSA
2024,446,-73,76,2,SARSA
2024,447,-13,34,0,SARSA
2024,448,-4,16,1,SARSA
2024,449,-125,101,5,SARSA
2024,450,-31,43,1,SARSA
2024,451,-126,93,6,SARSA
2024,452,-155,104,8,SARSA
2024,453,-161,128,6,SARSA
2024,454,-335,200,15,SARSA
2024,455,4,17,0,SARSA
2024,456,-144,102,7,SARSA
2024,457,-14,17,2,SARSA
2024,458,-169,136,6,SARSA
2024,459,-113,125,1,SARSA
2024,460,-166,79,12,SARSA
2024,461,-195,144,8,SARSA
2024,462,-144,93,8,SARSA
2024,463,-221,170,8,SARSA
2024,464,-84,60,5,SARSA
2024,465,5,16,0,SARSA
2024,466,-51,72,0,SARSA
2024,467,-133,127,3,SARSA
2024,468,-4,16,1,SARSA
2024,469,-248,188,9,SARSA
2024,470,5,16,0,SARSA
2024,471,-182,158,5,SARSA
2024,472,-32,35,2,SARSA
2024,473,-162,120,7,SARSA
2024,474,-251,164,12,SARSA
2024,475,-92,86,3,SARSA
2024,476,-79,73,3,SARSA
2024,477,-115,100,4,SARSA
2024,478,11,10,0,SARSA
2024,479,-124,73,8,SARSA
2024,480,-190,157,6,SARSA
2024,481,-16,28,1,SARSA
2024,482,-182,122,9,SARSA
2024,483,-119,95,5,SARSA
2024,484,-21,24,2,SARSA
2024,485,-94,97,2,SARSA
2024,486,-58,52,3,SARSA
2024,487,-9,30,0,SARSA
2024,488,7,14,0,SARSA
2024,489,-125,110,4,SARSA
2024,490,11,10,0,SARSA
2024,491,-217,148,10,SARSA
2024,492,-61,55,3,SARSA
2024,493,-142,127,4,SARSA
2024,494,-75,78,2,SARSA
2024,495,-45,57,1,SARSA
2024,496,-43,37,3,SARSA
2024,497,-16,19,2,SARSA
2024,498,-23,44,0,SARSA
2024,499,-64,40,5,SARSA
2024,0,-677,200,53,SARSA + PS
2024,1,-423,147,33,SARSA + PS
2024,2,-596,200,44,SARSA + PS
2024,3,-641,200,49,SARSA + PS
2024,4,-767,200,63,SARSA + PS
2024,5,-695,200,55,SARSA + PS
2024,6,-113,80,6,SARSA + PS
2024,7,-821,200,69,SARSA + PS
2024,8,-812,200,68,SARSA + PS
2024,9,-686,200,54,SARSA + PS
2024,10,-722,200,58,SARSA + PS
2024,11,-596,200,44,SARSA + PS
2024,12,-767,200,63,SARSA + PS
2024,13,-848,200,72,SARSA + PS
2024,14,-522,183,40,SARSA + PS
2024,15,-263,200,7,SARSA + PS
2024,16,-722,200,58,SARSA + PS
2024,17,-161,56,14,SARSA + PS
2024,18,-185,71,15,SARSA + PS
2024,19,-317,200,13,SARSA + PS
2024,20,-371,167,25,SARSA + PS
2024,21,-533,200,37,SARSA + PS
2024,22,-551,200,39,SARSA + PS
2024,23,-290,200,10,SARSA + PS
2024,24,-76,70,3,SARSA + PS
2024,25,-758,200,62,SARSA + PS
2024,26,-435,105,39,SARSA + PS
2024,27,-344,200,16,SARSA + PS
2024,28,-58,52,3,SARSA + PS
2024,29,-245,200,5,SARSA + PS
2024,30,-407,200,23,SARSA + PS
2024,31,-461,200,29,SARSA + PS
2024,32,-25,37,1,SARSA + PS
2024,33,-290,200,10,SARSA + PS
2024,34,-812,200,68,SARSA + PS
2024,35,-125,110,4,SARSA + PS
2024,36,-884,200,76,SARSA + PS
2024,37,-398,200,22,SARSA + PS
2024,38,-6,27,0,SARSA + PS
2024,39,-125,119,3,SARSA + PS
2024,40,-479,200,31,SARSA + PS
2024,41,-407,200,23,SARSA + PS
2024,42,-41,53,1,SARSA + PS
2024,43,-281,200,9,SARSA + PS
2024,44,8,13,0,SARSA + PS
2024,45,-272,200,8,SARSA + PS
2024,46,-218,200,2,SARSA + PS
2024,47,-63,66,2,SARSA + PS
2024,48,-44,56,1,SARSA + PS
2024,49,-380,200,20,SARSA + PS
2024,50,-245,200,5,SARSA + PS
2024,51,-143,128,4,SARSA + PS
2024,52,-133,109,5,SARSA + PS
2024,53,-145,130,4,SARSA + PS
2024,54,-236,200,4,SARSA + PS
2024,55,-20,23,2,SARSA + PS
2024,56,-316,184,17,SARSA + PS
2024,57,-263,200,7,SARSA + PS
2024,58,-263,200,7,SARSA + PS
2024,59,-106,64,7,SARSA + PS
2024,60,-167,71,13,SARSA + PS
2024,61,-5,17,1,SARSA + PS
2024,62,-632,200,48,SARSA + PS
2024,63,-307,193,15,SARSA + PS
2024,64,-16,19,2,SARSA + PS
2024,65,-142,127,4,SARSA + PS
2024,66,-56,59,2,SARSA + PS
2024,67,-281,200,9,SARSA + PS
2024,68,-228,195,6,SARSA + PS
2024,69,-76,70,3,SARSA + PS
2024,70,10,11,0,SARSA + PS
2024,71,-245,200,5,SARSA + PS
2024,72,-272,200,8,SARSA + PS
2024,73,-245,200,5,SARSA + PS
2024,74,-92,86,3,SARSA + PS
2024,75,7,14,0,SARSA + PS
2024,76,-4,25,0,SARSA + PS
2024,77,-272,200,8,SARSA + PS
2024,78,-254,200,6,SARSA + PS
2024,79,-64,76,1,SARSA + PS
2024,80,-130,133,2,SARSA + PS
2024,81,-281,200,9,SARSA + PS
2024,82,-32,35,2,SARSA + PS
2024,83,-202,169,6,SARSA + PS
2024,84,1,20,0,SARSA + PS
2024,85,-33,45,1,SARSA + PS
2024,86,-35,38,2,SARSA + PS
2024,87,-201,195,3,SARSA + PS
2024,88,2,19,0,SARSA + PS
2024,89,-111,114,2,SARSA + PS
2024,90,12,9,0,SARSA + PS
2024,91,-77,62,4,SARSA + PS
2024,92,-55,58,2,SARSA + PS
2024,93,2,10,1,SARSA + PS
2024,94,-77,89,1,SARSA + PS
2024,95,-51,45,3,SARSA + PS
2024,96,-272,200,8,SARSA + PS
2024,97,-272,200,8,SARSA + PS
2024,98,-5,17,1,SARSA + PS
2024,99,-72,75,2,SARSA + PS
2024,100,8,13,0,SARSA + PS
2024,101,8,13,0,SARSA + PS
2024,102,-233,200,6,SARSA + PS
2024,103,-193,151,7,SARSA + PS
2024,104,13,8,0,SARSA + PS
2024,105,9,12,0,SARSA + PS
2024,106,-236,200,4,SARSA + PS
2024,107,14,7,0,SARSA + PS
2024,108,-31,34,2,SARSA + PS
2024,109,-227,200,3,SARSA + PS
2024,110,-176,170,3,SARSA + PS
2024,111,-11,14,2,SARSA + PS
2024,112,-70,82,1,SARSA + PS
2024,113,10,11,0,SARSA + PS
2024,114,9,12,0,SARSA + PS
2024,115,-1,22,0,SARSA + PS
2024,116,-57,69,1,SARSA + PS
2024,117,-32,35,2,SARSA + PS
2024,118,0,21,0,SARSA + PS
2024,119,-120,51,10,SARSA + PS
2024,120,-92,95,2,SARSA + PS
2024,121,-22,43,0,SARSA + PS
2024,122,-5,17,1,SARSA + PS
2024,123,9,12,0,SARSA + PS
2024,124,-73,76,2,SARSA + PS
2024,125,11,10,0,SARSA + PS
2024,126,-2,14,1,SARSA + PS
2024,127,-68,71,2,SARSA + PS
2024,128,-272,200,8,SARSA + PS
2024,129,-179,155,5,SARSA + PS
2024,130,6,15,0,SARSA + PS
2024,131,-11,32,0,SARSA + PS
2024,132,12,9,0,SARSA + PS
2024,133,12,9,0,SARSA + PS
2024,134,4,17,0,SARSA + PS
2024,135,-67,61,3,SARSA + PS
2024,136,-263,200,7,SARSA + PS
2024,137,-57,69,1,SARSA + PS
2024,138,-112,115,2,SARSA + PS
2024,139,-24,27,2,SARSA + PS
2024,140,-147,114,6,SARSA + PS
2024,141,-103,79,5,SARSA + PS
2024,142,-109,121,1,SARSA + PS
2024,143,-69,63,3,SARSA + PS
2024,144,9,12,0,SARSA + PS
2024,145,9,12,0,SARSA + PS
2024,146,-9,30,0,SARSA + PS
2024,147,-22,43,0,SARSA + PS
2024,148,-6,27,0,SARSA + PS
2024,149,-78,81,2,SARSA + PS
2024,150,-61,55,3,SARSA + PS
2024,151,-42,45,2,SARSA + PS
2024,152,12,9,0,SARSA + PS
2024,153,11,10,0,SARSA + PS
2024,154,-14,17,2,SARSA + PS
2024,155,4,17,0,SARSA + PS
2024,156,-2,23,0,SARSA + PS
2024,157,-8,20,1,SARSA + PS
2024,158,1,11,1,SARSA + PS
2024,159,-2,14,1,SARSA + PS
2024,160,-55,58,2,SARSA + PS
2024,161,-61,73,1,SARSA + PS
2024,162,-55,58,2,SARSA + PS
2024,163,-8,20,1,SARSA + PS
2024,164,13,8,0,SARSA + PS
2024,165,-4,25,0,SARSA + PS
2024,166,4,17,0,SARSA + PS
2024,167,-272,200,8,SARSA + PS
2024,168,-76,88,1,SARSA + PS
2024,169,-222,189,6,SARSA + PS
2024,170,-19,31,1,SARSA + PS
2024,171,9,12,0,SARSA + PS
2024,172,-584,182,47,SARSA + PS
2024,173,-272,200,8,SARSA + PS
2024,174,-236,200,4,SARSA + PS
2024,175,-11,32,0,SARSA + PS
2024,176,-42,54,1,SARSA + PS
2024,177,-1,22,0,SARSA + PS
2024,178,-36,48,1,SARSA + PS
2024,179,-52,55,2,SARSA + PS
2024,180,-299,200,11,SARSA + PS
2024,181,0,21,0,SARSA + PS
2024,182,-3,15,1,SARSA + PS
2024,183,-27,39,1,SARSA + PS
2024,184,15,6,0,SARSA + PS
2024,185,4,17,0,SARSA + PS
2024,186,-7,28,0,SARSA + PS
2024,187,-24,27,2,SARSA + PS
2024,188,-20,32,1,SARSA + PS
2024,189,-60,72,1,SARSA + PS
2024,190,-99,93,3,SARSA + PS
2024,191,-129,123,3,SARSA + PS
2024,192,-179,155,5,SARSA + PS
2024,193,10,11,0,SARSA + PS
2024,194,-8,29,0,SARSA + PS
2024,195,-32,35,2,SARSA + PS
2024,196,4,17,0,SARSA + PS
2024,197,-53,47,3,SARSA + PS
2024,198,-61,55,3,SARSA + PS
2024,199,12,9,0,SARSA + PS
2024,200,2,19,0,SARSA + PS
2024,201,10,11,0,SARSA + PS
2024,202,-42,36,3,SARSA + PS
2024,203,3,9,1,SARSA + PS
2024,204,-254,200,6,SARSA + PS
2024,205,10,11,0,SARSA + PS
2024,206,12,9,0,SARSA + PS
2024,207,-173,149,5,SARSA + PS
2024,208,-8,29,0,SARSA + PS
2024,209,-60,72,1,SARSA + PS
2024,210,-96,90,3,SARSA + PS
2024,211,0,21,0,SARSA + PS
2024,212,8,13,0,SARSA + PS
2024,213,-48,60,1,SARSA + PS
2024,214,10,11,0,SARSA + PS
2024,215,-3,15,1,SARSA + PS
2024,216,-84,87,2,SARSA + PS
2024,217,-74,86,1,SARSA + PS
2024,218,-12,24,1,SARSA + PS
2024,219,-13,25,1,SARSA + PS
2024,220,-100,94,3,SARSA + PS
2024,221,-64,76,1,SARSA + PS
2024,222,-227,200,3,SARSA + PS
2024,223,-89,110,0,SARSA + PS
2024,224,-52,73,0,SARSA + PS
2024,225,-5,17,1,SARSA + PS
2024,226,-35,38,2,SARSA + PS
2024,227,8,13,0,SARSA + PS
2024,228,-36,48,1,SARSA + PS
2024,229,8,13,0,SARSA + PS
2024,230,-9,21,1,SARSA + PS
2024,231,-49,43,3,SARSA + PS
2024,232,-85,79,3,SARSA + PS
2024,233,7,14,0,SARSA + PS
2024,234,-83,95,1,SARSA + PS
2024,235,-141,99,7,SARSA + PS
2024,236,9,12,0,SARSA + PS
2024,237,-9,21,1,SARSA + PS
2024,238,-141,117,5,SARSA + PS
2024,239,8,13,0,SARSA + PS
2024,240,11,10,0,SARSA + PS
2024,241,-5,26,0,SARSA + PS
2024,242,15,6,0,SARSA + PS
2024,243,-61,55,3,SARSA + PS
2024,244,-2,23,0,SARSA + PS
2024,245,-10,31,0,SARSA + PS
2024,246,-114,99,4,SARSA + PS
2024,247,-2,14,1,SARSA + PS
2024,248,9,12,0,SARSA + PS
2024,249,-12,33,0,SARSA + PS
2024,250,-56,59,2,SARSA + PS
2024,251,-13,34,0,SARSA + PS
2024,252,2,19,0,SARSA + PS
2024,253,-211,196,4,SARSA + PS
2024,254,-29,41,1,SARSA + PS
2024,255,10,11,0,SARSA + PS
2024,256,0,12,1,SARSA + PS
2024,257,-11,14,2,SARSA + PS
2024,258,-116,119,2,SARSA + PS
2024,259,-128,131,2,SARSA + PS
2024,260,3,18,0,SARSA + PS
2024,261,-2,14,1,SARSA + PS
2024,262,10,11,0,SARSA + PS
2024,263,-116,119,2,SARSA + PS
2024,264,-18,30,1,SARSA + PS
2024,265,-24,27,2,SARSA + PS
2024,266,1,20,0,SARSA + PS
2024,267,-117,111,3,SARSA + PS
2024,268,-34,46,1,SARSA + PS
2024,269,14,7,0,SARSA + PS
2024,270,3,18,0,SARSA + PS
2024,271,11,10,0,SARSA + PS
2024,272,7,14,0,SARSA + PS
2024,273,7,14,0,SARSA + PS
2024,274,-10,13,2,SARSA + PS
2024,275,-263,200,7,SARSA + PS
2024,276,-21,33,1,SARSA + PS
2024,277,10,11,0,SARSA + PS
2024,278,1,11,1,SARSA + PS
2024,279,-5,26,0,SARSA + PS
2024,280,-1,22,0,SARSA + PS
2024,281,-54,57,2,SARSA + PS
2024,282,-28,31,2,SARSA + PS
2024,283,-71,83,1,SARSA + PS
2024,284,6,15,0,SARSA + PS
2024,285,-11,32,0,SARSA + PS
2024,286,0,12,1,SARSA + PS
2024,287,-23,26,2,SARSA + PS
2024,288,-32,35,2,SARSA + PS
2024,289,5,16,0,SARSA + PS
2024,290,-58,52,3,SARSA + PS
2024,291,-12,15,2,SARSA + PS
2024,292,7,14,0,SARSA + PS
2024,293,-22,34,1,SARSA + PS
2024,294,7,14,0,SARSA + PS
2024,295,-88,100,1,SARSA + PS
2024,296,-29,50,0,SARSA + PS
2024,297,-11,23,1,SARSA + PS
2024,298,-98,74,5,SARSA + PS
2024,299,0,12,1,SARSA + PS
2024,300,-1,22,0,SARSA + PS
2024,301,-6,18,1,SARSA + PS
2024,302,-1,13,1,SARSA + PS
2024,303,10,11,0,SARSA + PS
2024,304,10,11,0,SARSA + PS
2024,305,0,12,1,SARSA + PS
2024,306,9,12,0,SARSA + PS
2024,307,4,17,0,SARSA + PS
2024,308,6,15,0,SARSA + PS
2024,309,5,16,0,SARSA + PS
2024,310,-13,25,1,SARSA + PS
2024,311,0,21,0,SARSA + PS
2024,312,0,12,1,SARSA + PS
2024,313,-28,31,2,SARSA + PS
2024,314,-12,33,0,SARSA + PS
2024,315,-47,32,4,SARSA + PS
2024,316,-15,36,0,SARSA + PS
2024,317,-4,25,0,SARSA + PS
2024,318,-3,24,0,SARSA + PS
2024,319,-33,36,2,SARSA + PS
2024,320,-77,62,4,SARSA + PS
2024,321,-15,36,0,SARSA + PS
2024,322,-20,41,0,SARSA + PS
2024,323,-48,60,1,SARSA + PS
2024,324,6,15,0,SARSA + PS
2024,325,8,13,0,SARSA + PS
2024,326,-20,32,1,SARSA + PS
2024,327,6,15,0,SARSA + PS
2024,328,-13,34,0,SARSA + PS
2024,329,12,9,0,SARSA + PS
2024,330,7,14,0,SARSA + PS
2024,331,-1,22,0,SARSA + PS
2024,332,2,19,0,SARSA + PS
2024,333,7,14,0,SARSA + PS
2024,334,-4,16,1,SARSA + PS
2024,335,8,13,0,SARSA + PS
2024,336,9,12,0,SARSA + PS
2024,337,10,11,0,SARSA + PS
2024,338,12,9,0,SARSA + PS
2024,339,-82,94,1,SARSA + PS
2024,340,1,11,1,SARSA + PS
2024,341,1,11,1,SARSA + PS
2024,342,6,15,0,SARSA + PS
2024,343,12,9,0,SARSA + PS
2024,344,-17,20,2,SARSA + PS
2024,345,-17,20,2,SARSA + PS
2024,346,-67,70,2,SARSA + PS
2024,347,10,11,0,SARSA + PS
2024,348,0,21,0,SARSA + PS
2024,349,-12,15,2,SARSA + PS
2024,350,-19,40,0,SARSA + PS
2024,351,11,10,0,SARSA + PS
2024,352,-24,18,3,SARSA + PS
2024,353,-30,33,2,SARSA + PS
2024,354,10,11,0,SARSA + PS
2024,355,8,13,0,SARSA + PS
2024,356,0,21,0,SARSA + PS
2024,357,14,7,0,SARSA + PS
2024,358,4,17,0,SARSA + PS
2024,359,13,8,0,SARSA + PS
2024,360,-11,14,2,SARSA + PS
2024,361,-110,113,2,SARSA + PS
2024,362,-5,17,1,SARSA + PS
2024,363,8,13,0,SARSA + PS
2024,364,-3,15,1,SARSA + PS
2024,365,9,12,0,SARSA + PS
2024,366,-5,17,1,SARSA + PS
2024,367,-26,38,1,SARSA + PS
2024,368,10,11,0,SARSA + PS
2024,369,-8,20,1,SARSA + PS
2024,370,-6,27,0,SARSA + PS
2024,371,9,12,0,SARSA + PS
2024,372,-17,20,2,SARSA + PS
2024,373,13,8,0,SARSA + PS
2024,374,0,21,0,SARSA + PS
2024,375,0,21,0,SARSA + PS
2024,376,-1,22,0,SARSA + PS
2024,377,-13,25,1,SARSA + PS
2024,378,-2,23,0,SARSA + PS
2024,379,-36,30,3,SARSA + PS
2024,380,9,12,0,SARSA + PS
2024,381,-29,32,2,SARSA + PS
2024,382,9,12,0,SARSA + PS
2024,383,-28,31,2,SARSA + PS
2024,384,10,11,0,SARSA + PS
2024,385,-68,62,3,SARSA + PS
2024,386,-40,52,1,SARSA + PS
2024,387,0,12,1,SARSA + PS
2024,388,-6,27,0,SARSA + PS
2024,389,5,16,0,SARSA + PS
2024,390,-13,34,0,SARSA + PS
2024,391,7,14,0,SARSA + PS
2024,392,11,10,0,SARSA + PS
2024,393,-1,13,1,SARSA + PS
2024,394,-1,13,1,SARSA + PS
2024,395,1,20,0,SARSA + PS
2024,396,8,13,0,SARSA + PS
2024,397,-25,37,1,SARSA + PS
2024,398,-15,36,0,SARSA + PS
2024,399,6,15,0,SARSA + PS
2024,400,6,15,0,SARSA + PS
2024,401,9,12,0,SARSA + PS
2024,402,-6,18,1,SARSA + PS
2024,403,0,12,1,SARSA + PS
2024,404,-47,59,1,SARSA + PS
2024,405,13,8,0,SARSA + PS
2024,406,-4,16,1,SARSA + PS
2024,407,14,7,0,SARSA + PS
2024,408,-40,52,1,SARSA + PS
2024,409,-7,19,1,SARSA + PS
2024,410,7,14,0,SARSA + PS
2024,411,8,13,0,SARSA + PS
2024,412,-1,13,1,SARSA + PS
2024,413,11,10,0,SARSA + PS
2024,414,-4,25,0,SARSA + PS
2024,415,-29,41,1,SARSA + PS
2024,416,-102,114,1,SARSA + PS
2024,417,7,14,0,SARSA + PS
2024,418,9,12,0,SARSA + PS
2024,419,2,19,0,SARSA + PS
2024,420,10,11,0,SARSA + PS
2024,421,5,16,0,SARSA + PS
2024,422,-15,27,1,SARSA + PS
2024,423,-13,16,2,SARSA + PS
2024,424,-12,15,2,SARSA + PS
2024,425,9,12,0,SARSA + PS
2024,426,8,13,0,SARSA + PS
2024,427,9,12,0,SARSA + PS
2024,428,6,15,0,SARSA + PS
2024,429,15,6,0,SARSA + PS
2024,430,1,11,1,SARSA + PS
2024,431,-6,27,0,SARSA + PS
2024,432,10,11,0,SARSA + PS
2024,433,-12,33,0,SARSA + PS
2024,434,-27,30,2,SARSA + PS
2024,435,-5,17,1,SARSA + PS
2024,436,-11,23,1,SARSA + PS
2024,437,-4,16,1,SARSA + PS
2024,438,-37,49,1,SARSA + PS
2024,439,-9,21,1,SARSA + PS
2024,440,0,12,1,SARSA + PS
2024,441,-3,15,1,SARSA + PS
2024,442,5,16,0,SARSA + PS
2024,443,-10,31,0,SARSA + PS
2024,444,-11,23,1,SARSA + PS
2024,445,-24,36,1,SARSA + PS
2024,446,-3,15,1,SARSA + PS
2024,447,5,16,0,SARSA + PS
2024,448,12,9,0,SARSA + PS
2024,449,-18,39,0,SARSA + PS
2024,450,3,18,0,SARSA + PS
2024,451,-12,24,1,SARSA + PS
2024,452,8,13,0,SARSA + PS
2024,453,-34,37,2,SARSA + PS
2024,454,9,12,0,SARSA + PS
2024,455,10,11,0,SARSA + PS
2024,456,-15,27,1,SARSA + PS
2024,457,-2,14,1,SARSA + PS
2024,458,-3,24,0,SARSA + PS
2024,459,-4,16,1,SARSA + PS
2024,460,10,11,0,SARSA + PS
2024,461,-11,32,0,SARSA + PS
2024,462,-12,24,1,SARSA + PS
2024,463,-5,17,1,SARSA + PS
2024,464,5,16,0,SARSA + PS
2024,465,-12,15,2,SARSA + PS
2024,466,10,11,0,SARSA + PS
2024,467,-16,19,2,SARSA + PS
2024,468,11,10,0,SARSA + PS
2024,469,-13,25,1,SARSA + PS
2024,470,11,10,0,SARSA + PS
2024,471,2,19,0,SARSA + PS
2024,472,6,15,0,SARSA + PS
2024,473,11,10,0,SARSA + PS
2024,474,-52,64,1,SARSA + PS
2024,475,-3,15,1,SARSA + PS
2024,476,5,16,0,SARSA + PS
2024,477,-4,16,1,SARSA + PS
2024,478,1,11,1,SARSA + PS
2024,479,2,19,0,SARSA + PS
2024,480,-2,14,1,SARSA + PS
2024,481,10,11,0,SARSA + PS
2024,482,-109,94,4,SARSA + PS
2024,483,-4,25,0,SARSA + PS
2024,484,2,10,1,SARSA + PS
2024,485,10,11,0,SARSA + PS
2024,486,8,13,0,SARSA + PS
2024,487,1,11,1,SARSA + PS
2024,488,9,12,0,SARSA + PS
2024,489,3,18,0,SARSA + PS
2024,490,2,10,1,SARSA + PS
2024,491,-89,83,3,SARSA + PS
2024,492,5,16,0,SARSA + PS
2024,493,-13,25,1,SARSA + PS
2024,494,-4,16,1,SARSA + PS
2024,495,8,13,0,SARSA + PS
2024,496,-9,21,1,SARSA + PS
2024,497,10,11,0,SARSA + PS
2024,498,6,15,0,SARSA + PS
2024,499,10,11,0,SARSA + PS
